prefill_chunk,kv_prefill,n_decode,kv_decode,time_us
0,0,1,16,6.33567
0,0,1,64,7.99967
0,0,1,256,11.1043
0,0,1,1024,12.0643
0,0,1,4096,20.7367
0,0,1,16384,42.0483
0,0,2,32,10.1227
0,0,2,128,13.5683
0,0,2,512,15.115
0,0,2,2048,25.1527
0,0,2,8192,55.467
0,0,4,16,10.037
0,0,4,64,11.5417
0,0,4,256,14.6347
0,0,4,1024,23.7767
0,0,4,4096,54.262
0,0,4,16384,177.217
0,0,8,32,10.7847
0,0,8,128,14.5927
0,0,8,512,23.4987
0,0,8,2048,53.6427
0,0,8,8192,175.49
0,0,16,16,10.539
0,0,16,64,12.971
0,0,16,256,24.1493
0,0,16,1024,54.7313
0,0,16,4096,180.855
0,0,16,16384,653.341
0,0,32,32,13.2587
0,0,32,128,21.527
0,0,32,512,55.2447
0,0,32,2048,179.521
0,0,32,8192,660.52
0,0,64,16,16.7573
0,0,64,64,23.68
0,0,64,256,55.1687
0,0,64,1024,178.829
0,0,64,4096,660.925
0,0,64,16384,2586.9
0,0,128,32,24.3093
0,0,128,128,55.5633
0,0,128,512,186.733
0,0,128,2048,699.262
0,0,128,8192,2715.36
16,0,0,0,8.12767
16,0,1,32,8.16033
16,0,1,128,10.7947
16,0,1,512,21.2587
16,0,1,2048,63.2967
16,0,1,8192,231.747
16,0,2,16,8.02133
16,0,2,64,8.04267
16,0,2,256,14.2297
16,0,2,1024,35.147
16,0,2,4096,119.617
16,0,2,16384,473.488
16,0,4,32,8.09667
16,0,4,128,10.8793
16,0,4,512,21.3977
16,0,4,2048,64.1177
16,0,4,8192,240.078
16,0,8,16,12.992
16,0,8,64,13.3017
16,0,8,256,26.2193
16,0,8,1024,68.7367
16,0,8,4096,240.184
16,0,8,16384,949.495
16,0,16,32,22.5497
16,0,16,128,35.19
16,0,16,512,77.3557
16,0,16,2048,245.848
16,0,16,8192,939.499
16,0,32,16,36.4493
16,0,32,64,37.3873
16,0,32,256,84.7903
16,0,32,1024,232.376
16,0,32,4096,833.866
16,0,32,16384,3261.97
16,0,64,32,65.0567
16,0,64,128,109.121
16,0,64,512,247.085
16,0,64,2048,812.512
16,0,64,8192,3372.75
16,16,0,0,8.416
16,16,1,32,8.427
16,16,1,128,10.8053
16,16,1,512,21.2163
16,16,1,2048,63.1683
16,16,1,8192,231.555
16,16,2,16,8.28867
16,16,2,64,8.29867
16,16,2,256,14.1977
16,16,2,1024,35.2213
16,16,2,4096,119.575
16,16,2,16384,472.465
16,16,4,32,8.33133
16,16,4,128,10.8483
16,16,4,512,21.376
16,16,4,2048,64.0437
16,16,4,8192,240.931
16,16,8,16,13.2163
16,16,8,64,13.6107
16,16,8,256,26.2297
16,16,8,1024,68.875
16,16,8,4096,240.472
16,16,8,16384,951.169
16,16,16,32,22.8163
16,16,16,128,35.1583
16,16,16,512,77.5263
16,16,16,2048,245.731
16,16,16,8192,932.439
16,16,32,16,36.576
16,16,32,64,37.4513
16,16,32,256,84.737
16,16,32,1024,232.696
16,16,32,4096,833.973
16,16,32,16384,3262.57
16,16,64,32,65.217
16,16,64,128,109.026
16,16,64,512,247.214
16,16,64,2048,813.387
16,16,64,8192,3371.42
16,32,0,0,8.39467
16,32,1,32,8.44833
16,32,1,128,10.7843
16,32,1,512,21.216
16,32,1,2048,63.0837
16,32,1,8192,231.779
16,32,2,16,8.24567
16,32,2,64,8.36267
16,32,2,256,14.2513
16,32,2,1024,35.211
16,32,2,4096,119.777
16,32,2,16384,473.926
16,32,4,32,8.352
16,32,4,128,10.912
16,32,4,512,21.1957
16,32,4,2048,64.0753
16,32,4,8192,240.835
16,32,8,16,13.291
16,32,8,64,13.4503
16,32,8,256,26.2727
16,32,8,1024,68.7793
16,32,8,4096,240.483
16,32,8,16384,952.428
16,32,16,32,22.8587
16,32,16,128,35.083
16,32,16,512,77.665
16,32,16,2048,245.465
16,32,16,8192,931.052
16,32,32,16,36.6197
16,32,32,64,37.483
16,32,32,256,84.865
16,32,32,1024,232.717
16,32,32,4096,835.583
16,32,32,16384,3255.56
16,32,64,32,65.334
16,32,64,128,109.068
16,32,64,512,247.097
16,32,64,2048,812.714
16,32,64,8192,3369.12
16,64,0,0,8.45867
16,64,1,32,8.45867
16,64,1,128,10.7623
16,64,1,512,21.1413
16,64,1,2048,63.2643
16,64,1,8192,231.747
16,64,2,16,8.27733
16,64,2,64,8.37367
16,64,2,256,14.2193
16,64,2,1024,35.1257
16,64,2,4096,119.512
16,64,2,16384,473.894
16,64,4,32,8.555
16,64,4,128,10.8587
16,64,4,512,21.1737
16,64,4,2048,64.1073
16,64,4,8192,240.515
16,64,8,16,13.3013
16,64,8,64,13.675
16,64,8,256,26.3683
16,64,8,1024,68.9077
16,64,8,4096,240.142
16,64,8,16384,950.806
16,64,16,32,22.891
16,64,16,128,34.987
16,64,16,512,77.132
16,64,16,2048,245.912
16,64,16,8192,938.199
16,64,32,16,36.6507
16,64,32,64,37.622
16,64,32,256,84.7693
16,64,32,1024,232.419
16,64,32,4096,835.754
16,64,32,16384,3255.01
16,64,64,32,65.3883
16,64,64,128,109.132
16,64,64,512,247.044
16,64,64,2048,813.386
16,64,64,8192,3373.83
16,128,0,0,11.8293
16,128,1,32,10.848
16,128,1,128,11.6803
16,128,1,512,21.2267
16,128,1,2048,63.1367
16,128,1,8192,231.511
16,128,2,16,10.8163
16,128,2,64,10.7627
16,128,2,256,14.2617
16,128,2,1024,35.179
16,128,2,4096,119.393
16,128,2,16384,471.046
16,128,4,32,10.816
16,128,4,128,11.5733
16,128,4,512,21.2587
16,128,4,2048,63.9907
16,128,4,8192,240.718
16,128,8,16,16.6933
16,128,8,64,17.0133
16,128,8,256,26.2827
16,128,8,1024,68.833
16,128,8,4096,240.483
16,128,8,16384,950.627
16,128,16,32,26.24
16,128,16,128,36.32
16,128,16,512,77.6863
16,128,16,2048,246.168
16,128,16,8192,940.524
16,128,32,16,40.0863
16,128,32,64,40.8003
16,128,32,256,84.791
16,128,32,1024,232.387
16,128,32,4096,835.167
16,128,32,16384,3257.45
16,128,64,32,68.7477
16,128,64,128,110.402
16,128,64,512,247.16
16,128,64,2048,813.27
16,128,64,8192,3375.03
16,256,0,0,14.944
16,256,1,32,14.3467
16,256,1,128,14.315
16,256,1,512,21.227
16,256,1,2048,63.2003
16,256,1,8192,231.715
16,256,2,16,14.2507
16,256,2,64,14.2613
16,256,2,256,14.795
16,256,2,1024,35.2857
16,256,2,4096,119.66
16,256,2,16384,473.84
16,256,4,32,14.432
16,256,4,128,14.3153
16,256,4,512,21.2267
16,256,4,2048,64.0223
16,256,4,8192,243.172
16,256,8,16,20.2137
16,256,8,64,20.4693
16,256,8,256,27.1893
16,256,8,1024,68.8973
16,256,8,4096,240.909
16,256,8,16384,951.511
16,256,16,32,29.9953
16,256,16,128,39.8403
16,256,16,512,77.3227
16,256,16,2048,245.528
16,256,16,8192,935.372
16,256,32,16,43.627
16,256,32,64,44.7573
16,256,32,256,86.1343
16,256,32,1024,232.494
16,256,32,4096,834.56
16,256,32,16384,3264.52
16,256,64,32,72.6623
16,256,64,128,114.124
16,256,64,512,247.267
16,256,64,2048,812.341
16,256,64,8192,3378.94
16,512,0,0,21.8663
16,512,1,32,21.2693
16,512,1,128,21.2057
16,512,1,512,21.76
16,512,1,2048,63.1047
16,512,1,8192,231.918
16,512,2,16,21.1957
16,512,2,64,21.216
16,512,2,256,21.227
16,512,2,1024,35.2
16,512,2,4096,119.607
16,512,2,16384,473.244
16,512,4,32,21.227
16,512,4,128,21.2167
16,512,4,512,21.6637
16,512,4,2048,64.246
16,512,4,8192,241.464
16,512,8,16,27.1047
16,512,8,64,27.4667
16,512,8,256,34.09
16,512,8,1024,68.8003
16,512,8,4096,241.123
16,512,8,16384,950.679
16,512,16,32,36.9603
16,512,16,128,47.0397
16,512,16,512,78.924
16,512,16,2048,246.051
16,512,16,8192,936.172
16,512,32,16,50.6787
16,512,32,64,51.6813
16,512,32,256,93.3453
16,512,32,1024,232.535
16,512,32,4096,833.515
16,512,32,16384,3258.37
16,512,64,32,79.8623
16,512,64,128,121.314
16,512,64,512,249.016
16,512,64,2048,812.448
16,512,64,8192,3376.18
16,1024,0,0,35.808
16,1024,1,32,35.2537
16,1024,1,128,35.147
16,1024,1,512,35.307
16,1024,1,2048,63.4037
16,1024,1,8192,231.523
16,1024,2,16,35.1683
16,1024,2,64,35.168
16,1024,2,256,35.1793
16,1024,2,1024,35.4983
16,1024,2,4096,119.553
16,1024,2,16384,475.399
16,1024,4,32,35.1477
16,1024,4,128,35.222
16,1024,4,512,35.4883
16,1024,4,2048,64.4587
16,1024,4,8192,241.838
16,1024,8,16,41.0143
16,1024,8,64,41.313
16,1024,8,256,48.2463
16,1024,8,1024,69.868
16,1024,8,4096,241.4
16,1024,8,16384,949.634
16,1024,16,32,50.8697
16,1024,16,128,61.142
16,1024,16,512,93.1423
16,1024,16,2048,245.987
16,1024,16,8192,933.613
16,1024,32,16,64.8227
16,1024,32,64,65.857
16,1024,32,256,107.564
16,1024,32,1024,234.349
16,1024,32,4096,831.969
16,1024,32,16384,3257.13
16,1024,64,32,97.623
16,1024,64,128,136.045
16,1024,64,512,263.022
16,1024,64,2048,809.035
16,1024,64,8192,3371.24
16,2048,0,0,63.478
16,2048,1,32,63.307
16,2048,1,128,63.2657
16,2048,1,512,63.211
16,2048,1,2048,63.51
16,2048,1,8192,231.107
16,2048,2,16,63.2113
16,2048,2,64,63.297
16,2048,2,256,63.0727
16,2048,2,1024,63.1793
16,2048,2,4096,119.638
16,2048,2,16384,473.478
16,2048,4,32,63.3073
16,2048,4,128,63.3607
16,2048,4,512,63.2543
16,2048,4,2048,64.684
16,2048,4,8192,242.808
16,2048,8,16,69.185
16,2048,8,64,69.0353
16,2048,8,256,75.9473
16,2048,8,1024,97.943
16,2048,8,4096,241.038
16,2048,8,16384,948.333
16,2048,16,32,78.6357
16,2048,16,128,88.78
16,2048,16,512,121.324
16,2048,16,2048,248.227
16,2048,16,8192,937.111
16,2048,32,16,92.8113
16,2048,32,64,93.6863
16,2048,32,256,135.97
16,2048,32,1024,262.115
16,2048,32,4096,833.462
16,2048,32,16384,3253.15
16,2048,64,32,126.093
16,2048,64,128,170.253
16,2048,64,512,292.057
16,2048,64,2048,814.624
16,2048,64,8192,3434.75
16,4096,0,0,119.383
16,4096,1,32,119.415
16,4096,1,128,119.767
16,4096,1,512,119.318
16,4096,1,2048,119.639
16,4096,1,8192,231.16
16,4096,2,16,119.063
16,4096,2,64,119.053
16,4096,2,256,119.511
16,4096,2,1024,119.277
16,4096,2,4096,119.692
16,4096,2,16384,476.081
16,4096,4,32,119.468
16,4096,4,128,119.244
16,4096,4,512,119.35
16,4096,4,2048,120.972
16,4096,4,8192,242.766
16,4096,8,16,124.812
16,4096,8,64,124.972
16,4096,8,256,131.746
16,4096,8,1024,153.559
16,4096,8,4096,243.396
16,4096,8,16384,949.228
16,4096,16,32,134.732
16,4096,16,128,144.844
16,4096,16,512,177.026
16,4096,16,2048,304.1
16,4096,16,8192,925.1
16,4096,32,16,148.184
16,4096,32,64,149.367
16,4096,32,256,191.619
16,4096,32,1024,318.511
16,4096,32,4096,841.931
16,4096,32,16384,3273.49
16,4096,64,32,181.581
16,4096,64,128,227.203
16,4096,64,512,348.996
16,4096,64,2048,865.963
16,4096,64,8192,3486.97
16,8192,0,0,231.075
16,8192,1,32,231.309
16,8192,1,128,231.63
16,8192,1,512,231.512
16,8192,1,2048,231.298
16,8192,1,8192,235.47
16,8192,2,16,231.502
16,8192,2,64,231.587
16,8192,2,256,231.288
16,8192,2,1024,231.011
16,8192,2,4096,238.03
16,8192,2,16384,479.772
16,8192,4,32,231.108
16,8192,4,128,231.011
16,8192,4,512,231.032
16,8192,4,2048,239.47
16,8192,4,8192,242.062
16,8192,8,16,236.686
16,8192,8,64,236.664
16,8192,8,256,243.406
16,8192,8,1024,265.305
16,8192,8,4096,352.932
16,8192,8,16384,948.439
16,8192,16,32,246.883
16,8192,16,128,256.281
16,8192,16,512,288.708
16,8192,16,2048,416.016
16,8192,16,8192,946.966
16,8192,32,16,259.481
16,8192,32,64,261.166
16,8192,32,256,303.14
16,8192,32,1024,430.704
16,8192,32,4096,952.172
16,8192,32,16384,3274.84
16,8192,64,32,293.444
16,8192,64,128,338.266
16,8192,64,512,477.19
16,8192,64,2048,984.578
16,8192,64,8192,3376.87
16,16384,0,0,461.542
16,16384,1,32,462.587
16,16384,1,128,461.083
16,16384,1,512,463.526
16,16384,1,2048,466.907
16,16384,1,8192,472.272
16,16384,2,16,459.941
16,16384,2,64,461.403
16,16384,2,256,462.15
16,16384,2,1024,464.218
16,16384,2,4096,477.926
16,16384,2,16384,476.358
16,16384,4,32,459.269
16,16384,4,128,461.531
16,16384,4,512,462.416
16,16384,4,2048,480.187
16,16384,4,8192,478.48
16,16384,8,16,461.638
16,16384,8,64,460.432
16,16384,8,256,466.459
16,16384,8,1024,489.136
16,16384,8,4096,578.973
16,16384,8,16384,951.427
16,16384,16,32,469.595
16,16384,16,128,479.75
16,16384,16,512,510.363
16,16384,16,2048,638.535
16,16384,16,8192,1164.62
16,16384,32,16,483.121
16,16384,32,64,483.633
16,16384,32,256,526.258
16,16384,32,1024,654.034
16,16384,32,4096,1178.06
16,16384,32,16384,3278
16,16384,64,32,516.113
16,16384,64,128,561.031
16,16384,64,512,699.55
16,16384,64,2048,1267.91
16,16384,64,8192,3553.96
32,0,0,0,8.65133
32,0,1,32,8.437
32,0,1,128,11.061
32,0,1,512,21.4507
32,0,1,2048,63.4243
32,0,1,8192,231.694
32,0,2,16,8.37333
32,0,2,64,8.38367
32,0,2,256,14.4853
32,0,2,1024,35.4777
32,0,2,4096,119.99
32,0,2,16384,472.006
32,0,4,32,8.32033
32,0,4,128,11.0187
32,0,4,512,21.5473
32,0,4,2048,64.1607
32,0,4,8192,240.611
32,0,8,16,13.3557
32,0,8,64,13.505
32,0,8,256,26.4003
32,0,8,1024,69.0357
32,0,8,4096,240.836
32,0,8,16384,953.74
32,0,16,32,22.4213
32,0,16,128,34.9127
32,0,16,512,77.3873
32,0,16,2048,245.315
32,0,16,8192,928.897
32,0,32,16,36.3633
32,0,32,64,37.569
32,0,32,256,84.8113
32,0,32,1024,232.952
32,0,32,4096,835.2
32,0,32,16384,3265.62
32,0,64,32,65.1427
32,0,64,128,109.152
32,0,64,512,247.011
32,0,64,2048,812.266
32,0,64,8192,3371.33
32,16,0,0,8.78933
32,16,1,32,8.75733
32,16,1,128,11.0183
32,16,1,512,21.3553
32,16,1,2048,63.5737
32,16,1,8192,231.565
32,16,2,16,8.52267
32,16,2,64,8.66167
32,16,2,256,14.4537
32,16,2,1024,35.3497
32,16,2,4096,119.873
32,16,2,16384,472.902
32,16,4,32,8.51233
32,16,4,128,11.04
32,16,4,512,21.5043
32,16,4,2048,64.363
32,16,4,8192,240.387
32,16,8,16,13.5687
32,16,8,64,13.878
32,16,8,256,26.4533
32,16,8,1024,69.11
32,16,8,4096,240.942
32,16,8,16384,952.8
32,16,16,32,22.6457
32,16,16,128,34.9127
32,16,16,512,77.3553
32,16,16,2048,245.272
32,16,16,8192,933.323
32,16,32,16,36.6193
32,16,32,64,37.451
32,16,32,256,84.7583
32,16,32,1024,233.273
32,16,32,4096,833.685
32,16,32,16384,3249.94
32,16,64,32,65.515
32,16,64,128,108.972
32,16,64,512,247.576
32,16,64,2048,813.056
32,16,64,8192,3369.13
32,32,0,0,8.832
32,32,1,32,8.71467
32,32,1,128,11.0403
32,32,1,512,21.4077
32,32,1,2048,63.5097
32,32,1,8192,231.939
32,32,2,16,8.608
32,32,2,64,8.70433
32,32,2,256,14.5173
32,32,2,1024,35.4357
32,32,2,4096,119.894
32,32,2,16384,473.382
32,32,4,32,8.53367
32,32,4,128,11.0193
32,32,4,512,21.664
32,32,4,2048,64.2677
32,32,4,8192,240.44
32,32,8,16,13.5683
32,32,8,64,13.8243
32,32,8,256,26.507
32,32,8,1024,69.1743
32,32,8,4096,240.942
32,32,8,16384,952.365
32,32,16,32,22.7097
32,32,16,128,34.8297
32,32,16,512,77.573
32,32,16,2048,245.334
32,32,16,8192,939.201
32,32,32,16,36.6323
32,32,32,64,37.677
32,32,32,256,84.8137
32,32,32,1024,232.857
32,32,32,4096,833.806
32,32,32,16384,3249.04
32,32,64,32,65.32
32,32,64,128,109.022
32,32,64,512,247.265
32,32,64,2048,812.573
32,32,64,8192,3371.08
32,64,0,0,8.87267
32,64,1,32,8.81967
32,64,1,128,11.0053
32,64,1,512,21.329
32,64,1,2048,63.4
32,64,1,8192,231.737
32,64,2,16,8.607
32,64,2,64,8.79867
32,64,2,256,14.4497
32,64,2,1024,35.2987
32,64,2,4096,119.633
32,64,2,16384,473.905
32,64,4,32,8.53133
32,64,4,128,11.0167
32,64,4,512,21.3507
32,64,4,2048,64.3063
32,64,4,8192,239.895
32,64,8,16,13.597
32,64,8,64,13.9493
32,64,8,256,26.459
32,64,8,1024,69.0833
32,64,8,4096,240.771
32,64,8,16384,951.874
32,64,16,32,22.843
32,64,16,128,34.9477
32,64,16,512,77.52
32,64,16,2048,245.612
32,64,16,8192,932.593
32,64,32,16,36.6863
32,64,32,64,37.7093
32,64,32,256,84.921
32,64,32,1024,233.071
32,64,32,4096,834.213
32,64,32,16384,3256.83
32,64,64,32,65.5967
32,64,64,128,108.883
32,64,64,512,247.223
32,64,64,2048,814.005
32,64,64,8192,3368.79
32,128,0,0,12.1047
32,128,1,32,11.2087
32,128,1,128,11.9337
32,128,1,512,21.3813
32,128,1,2048,63.5703
32,128,1,8192,231.365
32,128,2,16,11.1443
32,128,2,64,11.123
32,128,2,256,14.5033
32,128,2,1024,35.459
32,128,2,4096,119.836
32,128,2,16384,472.53
32,128,4,32,11.059
32,128,4,128,11.795
32,128,4,512,21.4567
32,128,4,2048,64.413
32,128,4,8192,240.452
32,128,8,16,17.1267
32,128,8,64,17.287
32,128,8,256,26.5647
32,128,8,1024,69.0843
32,128,8,4096,241.593
32,128,8,16384,949.754
32,128,16,32,26.2343
32,128,16,128,36.2807
32,128,16,512,77.392
32,128,16,2048,245.517
32,128,16,8192,940.029
32,128,32,16,40.1303
32,128,32,64,41.0687
32,128,32,256,84.8683
32,128,32,1024,233.029
32,128,32,4096,835.209
32,128,32,16384,3266.1
32,128,64,32,68.8497
32,128,64,128,110.516
32,128,64,512,247.33
32,128,64,2048,810.947
32,128,64,8192,3373.51
32,256,0,0,15.5273
32,256,1,32,14.61
32,256,1,128,14.6527
32,256,1,512,21.4033
32,256,1,2048,63.347
32,256,1,8192,231.836
32,256,2,16,14.578
32,256,2,64,14.5357
32,256,2,256,15.058
32,256,2,1024,35.4163
32,256,2,4096,119.613
32,256,2,16384,473.427
32,256,4,32,14.5677
32,256,4,128,14.621
32,256,4,512,21.3387
32,256,4,2048,64.2963
32,256,4,8192,242.328
32,256,8,16,20.55
32,256,8,64,20.8487
32,256,8,256,27.525
32,256,8,1024,69.0847
32,256,8,4096,241.039
32,256,8,16384,951.059
32,256,16,32,29.85
32,256,16,128,39.8323
32,256,16,512,77.371
32,256,16,2048,245.657
32,256,16,8192,928.941
32,256,32,16,43.7033
32,256,32,64,44.727
32,256,32,256,86.1483
32,256,32,1024,232.892
32,256,32,4096,833.943
32,256,32,16384,3258.55
32,256,64,32,72.6997
32,256,64,128,114.163
32,256,64,512,247.225
32,256,64,2048,812.241
32,256,64,8192,3372.75
32,512,0,0,22.2143
32,512,1,32,21.606
32,512,1,128,21.4673
32,512,1,512,22.054
32,512,1,2048,63.593
32,512,1,8192,231.26
32,512,2,16,21.521
32,512,2,64,21.5633
32,512,2,256,21.4567
32,512,2,1024,35.406
32,512,2,4096,119.752
32,512,2,16384,471.575
32,512,4,32,21.468
32,512,4,128,21.4677
32,512,4,512,21.905
32,512,4,2048,64.5207
32,512,4,8192,242.255
32,512,8,16,27.472
32,512,8,64,27.738
32,512,8,256,34.5107
32,512,8,1024,69.0953
32,512,8,4096,241.392
32,512,8,16384,951.254
32,512,16,32,36.771
32,512,16,128,47.0413
32,512,16,512,78.8857
32,512,16,2048,245.892
32,512,16,8192,937.392
32,512,32,16,50.9873
32,512,32,64,51.8833
32,512,32,256,93.3687
32,512,32,1024,233.053
32,512,32,4096,834.521
32,512,32,16384,3261.52
32,512,64,32,80.069
32,512,64,128,121.672
32,512,64,512,248.985
32,512,64,2048,811.412
32,512,64,8192,3374.18
32,1024,0,0,36.0573
32,1024,1,32,35.5453
32,1024,1,128,35.4597
32,1024,1,512,35.502
32,1024,1,2048,63.5067
32,1024,1,8192,231.729
32,1024,2,16,35.4807
32,1024,2,64,35.449
32,1024,2,256,35.5017
32,1024,2,1024,35.747
32,1024,2,4096,119.976
32,1024,2,16384,474.733
32,1024,4,32,35.5127
32,1024,4,128,35.459
32,1024,4,512,35.8007
32,1024,4,2048,64.393
32,1024,4,8192,241.029
32,1024,8,16,41.5273
32,1024,8,64,41.6447
32,1024,8,256,48.46
32,1024,8,1024,69.9697
32,1024,8,4096,241.499
32,1024,8,16384,949.349
32,1024,16,32,50.9663
32,1024,16,128,61.0973
32,1024,16,512,93.0373
32,1024,16,2048,246.105
32,1024,16,8192,933.48
32,1024,32,16,65.118
32,1024,32,64,66.0027
32,1024,32,256,107.883
32,1024,32,1024,234.61
32,1024,32,4096,831.517
32,1024,32,16384,3262.4
32,1024,64,32,97.7837
32,1024,64,128,135.93
32,1024,64,512,263.074
32,1024,64,2048,809.015
32,1024,64,8192,3372.41
32,2048,0,0,64.1153
32,2048,1,32,63.4863
32,2048,1,128,63.4647
32,2048,1,512,63.55
32,2048,1,2048,63.849
32,2048,1,8192,231.539
32,2048,2,16,63.593
32,2048,2,64,63.4227
32,2048,2,256,63.518
32,2048,2,1024,63.465
32,2048,2,4096,119.89
32,2048,2,16384,473.913
32,2048,4,32,63.5397
32,2048,4,128,63.5287
32,2048,4,512,63.913
32,2048,4,2048,65.139
32,2048,4,8192,243.195
32,2048,8,16,69.2027
32,2048,8,64,69.5653
32,2048,8,256,76.3903
32,2048,8,1024,98.1683
32,2048,8,4096,241.116
32,2048,8,16384,951.848
32,2048,16,32,78.523
32,2048,16,128,88.879
32,2048,16,512,121.224
32,2048,16,2048,248.07
32,2048,16,8192,936.629
32,2048,32,16,92.761
32,2048,32,64,93.859
32,2048,32,256,135.995
32,2048,32,1024,262.371
32,2048,32,4096,831.551
32,2048,32,16384,3267.39
32,2048,64,32,126.035
32,2048,64,128,170.559
32,2048,64,512,292.157
32,2048,64,2048,816.066
32,2048,64,8192,3449.62
32,4096,0,0,119.529
32,4096,1,32,119.614
32,4096,1,128,119.657
32,4096,1,512,119.731
32,4096,1,2048,119.721
32,4096,1,8192,231.882
32,4096,2,16,119.411
32,4096,2,64,119.604
32,4096,2,256,119.711
32,4096,2,1024,119.603
32,4096,2,4096,120.179
32,4096,2,16384,476.314
32,4096,4,32,119.657
32,4096,4,128,119.625
32,4096,4,512,119.444
32,4096,4,2048,121.481
32,4096,4,8192,243.111
32,4096,8,16,125.256
32,4096,8,64,125.149
32,4096,8,256,132.124
32,4096,8,1024,153.827
32,4096,8,4096,243.527
32,4096,8,16384,950.262
32,4096,16,32,134.769
32,4096,16,128,144.911
32,4096,16,512,177.331
32,4096,16,2048,304.155
32,4096,16,8192,930.277
32,4096,32,16,148.483
32,4096,32,64,149.806
32,4096,32,256,191.825
32,4096,32,1024,318.809
32,4096,32,4096,841.004
32,4096,32,16384,3268.89
32,4096,64,32,181.769
32,4096,64,128,226.965
32,4096,64,512,349.363
32,4096,64,2048,866.952
32,4096,64,8192,3489.82
32,8192,0,0,231.753
32,8192,1,32,231.648
32,8192,1,128,231.477
32,8192,1,512,231.753
32,8192,1,2048,231.818
32,8192,1,8192,235.421
32,8192,2,16,231.722
32,8192,2,64,231.178
32,8192,2,256,231.477
32,8192,2,1024,231.562
32,8192,2,4096,237.757
32,8192,2,16384,481.488
32,8192,4,32,231.241
32,8192,4,128,231.604
32,8192,4,512,231.338
32,8192,4,2048,240.734
32,8192,4,8192,243.154
32,8192,8,16,237.225
32,8192,8,64,237.001
32,8192,8,256,243.591
32,8192,8,1024,265.742
32,8192,8,4096,353.299
32,8192,8,16384,948.729
32,8192,16,32,246.471
32,8192,16,128,256.464
32,8192,16,512,288.565
32,8192,16,2048,416.701
32,8192,16,8192,944.506
32,8192,32,16,259.642
32,8192,32,64,260.57
32,8192,32,256,303.09
32,8192,32,1024,431.109
32,8192,32,4096,954.009
32,8192,32,16384,3283.76
32,8192,64,32,293.524
32,8192,64,128,339.222
32,8192,64,512,477.404
32,8192,64,2048,985.939
32,8192,64,8192,3372.33
32,16384,0,0,462.207
32,16384,1,32,460.831
32,16384,1,128,461.567
32,16384,1,512,463.253
32,16384,1,2048,468.393
32,16384,1,8192,473.032
32,16384,2,16,460.128
32,16384,2,64,459.883
32,16384,2,256,461.898
32,16384,2,1024,467.807
32,16384,2,4096,478.215
32,16384,2,16384,476.988
32,16384,4,32,460.278
32,16384,4,128,462.656
32,16384,4,512,466.836
32,16384,4,2048,479.665
32,16384,4,8192,480.518
32,16384,8,16,460.981
32,16384,8,64,461.6
32,16384,8,256,466.944
32,16384,8,1024,488.764
32,16384,8,4096,579.787
32,16384,8,16384,953.798
32,16384,16,32,469.876
32,16384,16,128,478.013
32,16384,16,512,511.426
32,16384,16,2048,639.04
32,16384,16,8192,1162.99
32,16384,32,16,482.483
32,16384,32,64,483.56
32,16384,32,256,527.317
32,16384,32,1024,654.153
32,16384,32,4096,1178.22
32,16384,32,16384,3280.36
32,16384,64,32,515.703
32,16384,64,128,560.868
32,16384,64,512,700.086
32,16384,64,2048,1268.87
32,16384,64,8192,3553.7
64,0,0,0,8.79833
64,0,1,32,8.63833
64,0,1,128,11.1237
64,0,1,512,21.4787
64,0,1,2048,63.8707
64,0,1,8192,231.862
64,0,2,16,8.60533
64,0,2,64,8.63867
64,0,2,256,14.5457
64,0,2,1024,35.5137
64,0,2,4096,119.723
64,0,2,16384,474.783
64,0,4,32,8.66
64,0,4,128,11.0907
64,0,4,512,21.6813
64,0,4,2048,64.511
64,0,4,8192,242.623
64,0,8,16,13.6507
64,0,8,64,13.939
64,0,8,256,26.5337
64,0,8,1024,68.98
64,0,8,4096,240.682
64,0,8,16384,951.348
64,0,16,32,22.897
64,0,16,128,34.7993
64,0,16,512,77.2233
64,0,16,2048,245.908
64,0,16,8192,939.053
64,0,32,16,36.836
64,0,32,64,37.6673
64,0,32,256,84.8483
64,0,32,1024,232.737
64,0,32,4096,832.874
64,0,32,16384,3260.73
64,0,64,32,65.3433
64,0,64,128,108.898
64,0,64,512,247.358
64,0,64,2048,813.412
64,0,64,8192,3372.79
64,16,0,0,8.883
64,16,1,32,8.63833
64,16,1,128,11.0387
64,16,1,512,21.5007
64,16,1,2048,63.519
64,16,1,8192,231.489
64,16,2,16,8.54233
64,16,2,64,8.68133
64,16,2,256,14.558
64,16,2,1024,35.6207
64,16,2,4096,119.904
64,16,2,16384,473.995
64,16,4,32,8.628
64,16,4,128,11.1443
64,16,4,512,21.809
64,16,4,2048,64.4687
64,16,4,8192,242.463
64,16,8,16,13.7153
64,16,8,64,13.896
64,16,8,256,26.4383
64,16,8,1024,68.9797
64,16,8,4096,241.024
64,16,8,16384,951.756
64,16,16,32,22.8337
64,16,16,128,35.034
64,16,16,512,77.4587
64,16,16,2048,245.844
64,16,16,8192,940.997
64,16,32,16,36.836
64,16,32,64,37.7853
64,16,32,256,84.763
64,16,32,1024,233.089
64,16,32,4096,836.278
64,16,32,16384,3264.99
64,16,64,32,65.4607
64,16,64,128,108.952
64,16,64,512,247.061
64,16,64,2048,814.353
64,16,64,8192,3373.44
64,32,0,0,8.94733
64,32,1,32,8.75633
64,32,1,128,11.0163
64,32,1,512,21.383
64,32,1,2048,63.456
64,32,1,8192,231.362
64,32,2,16,8.532
64,32,2,64,8.692
64,32,2,256,14.536
64,32,2,1024,35.5247
64,32,2,4096,120.128
64,32,2,16384,475.042
64,32,4,32,8.68133
64,32,4,128,11.1447
64,32,4,512,21.9373
64,32,4,2048,64.5117
64,32,4,8192,240.651
64,32,8,16,13.7257
64,32,8,64,14.0127
64,32,8,256,26.3313
64,32,8,1024,68.9263
64,32,8,4096,241.248
64,32,8,16384,953.178
64,32,16,32,22.9077
64,32,16,128,34.98
64,32,16,512,77.3307
64,32,16,2048,245.823
64,32,16,8192,935.847
64,32,32,16,36.911
64,32,32,64,37.668
64,32,32,256,84.7957
64,32,32,1024,232.577
64,32,32,4096,835.204
64,32,32,16384,3255.49
64,32,64,32,65.407
64,32,64,128,108.834
64,32,64,512,246.944
64,32,64,2048,812.926
64,32,64,8192,3372.79
64,64,0,0,8.84133
64,64,1,32,8.66
64,64,1,128,11.2193
64,64,1,512,21.4903
64,64,1,2048,63.4133
64,64,1,8192,231.789
64,64,2,16,8.57433
64,64,2,64,8.61667
64,64,2,256,14.5467
64,64,2,1024,35.493
64,64,2,4096,119.98
64,64,2,16384,473.411
64,64,4,32,8.62767
64,64,4,128,11.1553
64,64,4,512,21.7457
64,64,4,2048,64.5963
64,64,4,8192,241.27
64,64,8,16,13.8647
64,64,8,64,14.0777
64,64,8,256,26.3953
64,64,8,1024,69.076
64,64,8,4096,240.844
64,64,8,16384,951.879
64,64,16,32,22.9617
64,64,16,128,34.8847
64,64,16,512,77.4907
64,64,16,2048,245.74
64,64,16,8192,931.148
64,64,32,16,36.9963
64,64,32,64,37.7957
64,64,32,256,84.8277
64,64,32,1024,232.973
64,64,32,4096,832.423
64,64,32,16384,3257.43
64,64,64,32,65.6103
64,64,64,128,108.792
64,64,64,512,247.297
64,64,64,2048,814.55
64,64,64,8192,3368.69
64,128,0,0,12.361
64,128,1,32,11.4753
64,128,1,128,11.955
64,128,1,512,21.436
64,128,1,2048,63.5523
64,128,1,8192,231.534
64,128,2,16,11.3363
64,128,2,64,11.3367
64,128,2,256,14.5253
64,128,2,1024,35.4707
64,128,2,4096,119.669
64,128,2,16384,471.781
64,128,4,32,11.4117
64,128,4,128,11.8277
64,128,4,512,21.607
64,128,4,2048,64.4473
64,128,4,8192,242.86
64,128,8,16,17.234
64,128,8,64,17.682
64,128,8,256,26.3957
64,128,8,1024,68.938
64,128,8,4096,240.845
64,128,8,16384,952.745
64,128,16,32,26.5337
64,128,16,128,36.3673
64,128,16,512,77.3093
64,128,16,2048,245.335
64,128,16,8192,940.055
64,128,32,16,40.3983
64,128,32,64,41.2943
64,128,32,256,84.9673
64,128,32,1024,232.921
64,128,32,4096,833.033
64,128,32,16384,3262.38
64,128,64,32,68.8203
64,128,64,128,110.84
64,128,64,512,247.126
64,128,64,2048,813.901
64,128,64,8192,3369.76
64,256,0,0,15.7093
64,256,1,32,14.9513
64,256,1,128,14.9097
64,256,1,512,21.458
64,256,1,2048,63.605
64,256,1,8192,231.514
64,256,2,16,14.8553
64,256,2,64,14.8663
64,256,2,256,15.1117
64,256,2,1024,35.493
64,256,2,4096,119.873
64,256,2,16384,475.546
64,256,4,32,14.9623
64,256,4,128,15.0907
64,256,4,512,21.9167
64,256,4,2048,64.6507
64,256,4,8192,243.234
64,256,8,16,20.8173
64,256,8,64,21.1273
64,256,8,256,27.8037
64,256,8,1024,69.0447
64,256,8,4096,241.442
64,256,8,16384,951.01
64,256,16,32,30.1813
64,256,16,128,39.8867
64,256,16,512,77.2877
64,256,16,2048,245.325
64,256,16,8192,934.202
64,256,32,16,43.982
64,256,32,64,45.2297
64,256,32,256,86.4393
64,256,32,1024,233.114
64,256,32,4096,833.323
64,256,32,16384,3253.54
64,256,64,32,72.8413
64,256,64,128,114.38
64,256,64,512,247.426
64,256,64,2048,813.136
64,256,64,8192,3370.08
64,512,0,0,22.5463
64,512,1,32,21.9153
64,512,1,128,21.8207
64,512,1,512,22.0767
64,512,1,2048,63.5523
64,512,1,8192,231.386
64,512,2,16,21.7887
64,512,2,64,21.7567
64,512,2,256,21.831
64,512,2,1024,35.557
64,512,2,4096,119.767
64,512,2,16384,475.815
64,512,4,32,21.8423
64,512,4,128,22.194
64,512,4,512,22.2257
64,512,4,2048,64.4693
64,512,4,8192,242.052
64,512,8,16,27.697
64,512,8,64,27.9523
64,512,8,256,34.65
64,512,8,1024,68.9913
64,512,8,4096,241.209
64,512,8,16384,950.351
64,512,16,32,37.135
64,512,16,128,47.149
64,512,16,512,79.2293
64,512,16,2048,246.232
64,512,16,8192,931.997
64,512,32,16,51.3093
64,512,32,64,52.173
64,512,32,256,93.5847
64,512,32,1024,233.05
64,512,32,4096,834.051
64,512,32,16384,3269.24
64,512,64,32,80.4137
64,512,64,128,121.58
64,512,64,512,249.069
64,512,64,2048,811.527
64,512,64,8192,3375.93
64,1024,0,0,36.4957
64,1024,1,32,35.7913
64,1024,1,128,35.824
64,1024,1,512,35.824
64,1024,1,2048,63.6267
64,1024,1,8192,231.995
64,1024,2,16,35.748
64,1024,2,64,35.7597
64,1024,2,256,35.802
64,1024,2,1024,36.0043
64,1024,2,4096,119.928
64,1024,2,16384,474.09
64,1024,4,32,35.824
64,1024,4,128,36.1223
64,1024,4,512,36.5483
64,1024,4,2048,64.6407
64,1024,4,8192,242.159
64,1024,8,16,41.9763
64,1024,8,64,42.0093
64,1024,8,256,48.8347
64,1024,8,1024,70.089
64,1024,8,4096,241.379
64,1024,8,16384,949.97
64,1024,16,32,50.9567
64,1024,16,128,61.1847
64,1024,16,512,93.361
64,1024,16,2048,246.073
64,1024,16,8192,921.793
64,1024,32,16,65.4087
64,1024,32,64,66.3143
64,1024,32,256,107.854
64,1024,32,1024,234.81
64,1024,32,4096,835.568
64,1024,32,16384,3275.29
64,1024,64,32,97.7977
64,1024,64,128,136.224
64,1024,64,512,263.606
64,1024,64,2048,811.092
64,1024,64,8192,3376.08
64,2048,0,0,64.4697
64,2048,1,32,63.798
64,2048,1,128,63.8617
64,2048,1,512,63.862
64,2048,1,2048,63.9257
64,2048,1,8192,231.729
64,2048,2,16,63.798
64,2048,2,64,63.6167
64,2048,2,256,63.8293
64,2048,2,1024,63.9473
64,2048,2,4096,119.735
64,2048,2,16384,475.551
64,2048,4,32,63.925
64,2048,4,128,64.1283
64,2048,4,512,64.3203
64,2048,4,2048,65.11
64,2048,4,8192,243.161
64,2048,8,16,69.5143
64,2048,8,64,69.8873
64,2048,8,256,76.5533
64,2048,8,1024,97.958
64,2048,8,4096,241.455
64,2048,8,16384,951.285
64,2048,16,32,78.9317
64,2048,16,128,89.0207
64,2048,16,512,121.549
64,2048,16,2048,248.985
64,2048,16,8192,935.33
64,2048,32,16,93.255
64,2048,32,64,93.958
64,2048,32,256,136.235
64,2048,32,1024,262.786
64,2048,32,4096,833.725
64,2048,32,16384,3263.63
64,2048,64,32,126.412
64,2048,64,128,170.47
64,2048,64,512,292.509
64,2048,64,2048,815.648
64,2048,64,8192,3458.68
64,4096,0,0,119.884
64,4096,1,32,119.779
64,4096,1,128,120.034
64,4096,1,512,120.088
64,4096,1,2048,119.8
64,4096,1,8192,231.964
64,4096,2,16,119.758
64,4096,2,64,119.896
64,4096,2,256,119.79
64,4096,2,1024,119.726
64,4096,2,4096,120.269
64,4096,2,16384,476.64
64,4096,4,32,119.832
64,4096,4,128,120.11
64,4096,4,512,120.269
64,4096,4,2048,121.592
64,4096,4,8192,242.202
64,4096,8,16,125.282
64,4096,8,64,125.719
64,4096,8,256,132.203
64,4096,8,1024,153.693
64,4096,8,4096,243.396
64,4096,8,16384,949.357
64,4096,16,32,134.742
64,4096,16,128,144.65
64,4096,16,512,177.179
64,4096,16,2048,304.667
64,4096,16,8192,930.812
64,4096,32,16,148.937
64,4096,32,64,149.982
64,4096,32,256,191.863
64,4096,32,1024,318.98
64,4096,32,4096,843.444
64,4096,32,16384,3285.37
64,4096,64,32,181.956
64,4096,64,128,227.474
64,4096,64,512,349.726
64,4096,64,2048,868.698
64,4096,64,8192,3491.59
64,8192,0,0,232.135
64,8192,1,32,232.135
64,8192,1,128,231.335
64,8192,1,512,231.943
64,8192,1,2048,231.857
64,8192,1,8192,235.761
64,8192,2,16,231.623
64,8192,2,64,231.441
64,8192,2,256,232.168
64,8192,2,1024,232.114
64,8192,2,4096,239.121
64,8192,2,16384,479.915
64,8192,4,32,231.794
64,8192,4,128,231.656
64,8192,4,512,231.74
64,8192,4,2048,240.262
64,8192,4,8192,242.63
64,8192,8,16,237.02
64,8192,8,64,237.627
64,8192,8,256,243.781
64,8192,8,1024,265.517
64,8192,8,4096,353.535
64,8192,8,16384,949.562
64,8192,16,32,246.331
64,8192,16,128,256.878
64,8192,16,512,289.023
64,8192,16,2048,416.726
64,8192,16,8192,945.573
64,8192,32,16,260.323
64,8192,32,64,261.336
64,8192,32,256,303.794
64,8192,32,1024,431.23
64,8192,32,4096,956.932
64,8192,32,16384,3281.17
64,8192,64,32,293.31
64,8192,64,128,338.615
64,8192,64,512,477.528
64,8192,64,2048,989.77
64,8192,64,8192,3374.39
64,16384,0,0,462.97
64,16384,1,32,462.361
64,16384,1,128,461.413
64,16384,1,512,463.738
64,16384,1,2048,466.787
64,16384,1,8192,472.91
64,16384,2,16,460.901
64,16384,2,64,460.912
64,16384,2,256,463.813
64,16384,2,1024,464.442
64,16384,2,4096,480.109
64,16384,2,16384,476.269
64,16384,4,32,463.365
64,16384,4,128,462.97
64,16384,4,512,466.874
64,16384,4,2048,478.819
64,16384,4,8192,481.805
64,16384,8,16,460.196
64,16384,8,64,463.023
64,16384,8,256,467.183
64,16384,8,1024,489.334
64,16384,8,4096,578.857
64,16384,8,16384,953.371
64,16384,16,32,467.877
64,16384,16,128,479.139
64,16384,16,512,511.283
64,16384,16,2048,639.434
64,16384,16,8192,1163.46
64,16384,32,16,482.36
64,16384,32,64,484.877
64,16384,32,256,527.676
64,16384,32,1024,655.465
64,16384,32,4096,1179.4
64,16384,32,16384,3286.11
64,16384,64,32,517.714
64,16384,64,128,562.327
64,16384,64,512,700.536
64,16384,64,2048,1268.06
64,16384,64,8192,3552.6
128,0,0,0,8.564
128,0,1,32,8.479
128,0,1,128,11.1337
128,0,1,512,21.4047
128,0,1,2048,63.3933
128,0,1,8192,231.518
128,0,2,16,8.436
128,0,2,64,8.43633
128,0,2,256,14.6
128,0,2,1024,35.4293
128,0,2,4096,119.918
128,0,2,16384,473.593
128,0,4,32,13.556
128,0,4,128,16.8617
128,0,4,512,27.5157
128,0,4,2048,69.9843
128,0,4,8192,241.213
128,0,8,16,14.4827
128,0,8,64,14.6323
128,0,8,256,26.9403
128,0,8,1024,69.5363
128,0,8,4096,241.682
128,0,8,16384,951.625
128,0,16,32,23.8153
128,0,16,128,35.5577
128,0,16,512,77.78
128,0,16,2048,247.025
128,0,16,8192,942.646
128,0,32,16,38.352
128,0,32,64,39.2587
128,0,32,256,85.9277
128,0,32,1024,235.027
128,0,32,4096,836.496
128,0,32,16384,3261.32
128,0,64,32,69.0673
128,0,64,128,112.261
128,0,64,512,250.31
128,0,64,2048,815.401
128,0,64,8192,3376.92
128,16,0,0,11.2417
128,16,1,32,11.2733
128,16,1,128,11.2627
128,16,1,512,21.4583
128,16,1,2048,63.6493
128,16,1,8192,232.584
128,16,2,16,11.401
128,16,2,64,11.358
128,16,2,256,14.814
128,16,2,1024,35.8563
128,16,2,4096,120.239
128,16,2,16384,475.323
128,16,4,32,16.9577
128,16,4,128,17.1923
128,16,4,512,27.6763
128,16,4,2048,70.2723
128,16,4,8192,241.159
128,16,8,16,18.0137
128,16,8,64,18.0663
128,16,8,256,26.9183
128,16,8,1024,69.6
128,16,8,4096,241.853
128,16,8,16384,952.096
128,16,16,32,26.962
128,16,16,128,36.1763
128,16,16,512,78.101
128,16,16,2048,247.036
128,16,16,8192,939.865
128,16,32,16,41.626
128,16,32,64,42.4367
128,16,32,256,85.961
128,16,32,1024,234.399
128,16,32,4096,838.097
128,16,32,16384,3272.6
128,16,64,32,72.63
128,16,64,128,112.88
128,16,64,512,251.132
128,16,64,2048,817.089
128,16,64,8192,3378.46
128,32,0,0,11.2413
128,32,1,32,11.2087
128,32,1,128,11.2097
128,32,1,512,21.4583
128,32,1,2048,63.4893
128,32,1,8192,232.126
128,32,2,16,11.4123
128,32,2,64,11.401
128,32,2,256,14.5363
128,32,2,1024,35.568
128,32,2,4096,120.026
128,32,2,16384,474.054
128,32,4,32,16.8513
128,32,4,128,17.2563
128,32,4,512,27.5587
128,32,4,2048,70.0377
128,32,4,8192,241.15
128,32,8,16,17.9177
128,32,8,64,18.3437
128,32,8,256,26.7477
128,32,8,1024,69.451
128,32,8,4096,241.683
128,32,8,16384,950.947
128,32,16,32,27.0793
128,32,16,128,36.3787
128,32,16,512,77.8667
128,32,16,2048,246.642
128,32,16,8192,940.357
128,32,32,16,41.818
128,32,32,64,42.5753
128,32,32,256,85.8757
128,32,32,1024,234.25
128,32,32,4096,837.226
128,32,32,16384,3268.97
128,32,64,32,72.875
128,32,64,128,113.189
128,32,64,512,250.547
128,32,64,2048,819.106
128,32,64,8192,3384.81
128,64,0,0,11.3903
128,64,1,32,11.273
128,64,1,128,11.3587
128,64,1,512,21.554
128,64,1,2048,63.7783
128,64,1,8192,232.372
128,64,2,16,11.5607
128,64,2,64,11.4003
128,64,2,256,14.526
128,64,2,1024,35.6
128,64,2,4096,120.494
128,64,2,16384,475.016
128,64,4,32,17
128,64,4,128,17.3843
128,64,4,512,27.7083
128,64,4,2048,70.326
128,64,4,8192,241.289
128,64,8,16,18.195
128,64,8,64,18.5573
128,64,8,256,26.9507
128,64,8,1024,69.526
128,64,8,4096,241.492
128,64,8,16384,950.63
128,64,16,32,27.2173
128,64,16,128,36.4857
128,64,16,512,78.005
128,64,16,2048,247.347
128,64,16,8192,935.123
128,64,32,16,42.1377
128,64,32,64,42.6283
128,64,32,256,86.1003
128,64,32,1024,234.751
128,64,32,4096,836.364
128,64,32,16384,3269.98
128,64,64,32,73.2483
128,64,64,128,113.296
128,64,64,512,250.632
128,64,64,2048,817.337
128,64,64,8192,3384.89
128,128,0,0,11.977
128,128,1,32,11.5183
128,128,1,128,11.8177
128,128,1,512,21.437
128,128,1,2048,63.2973
128,128,1,8192,231.179
128,128,2,16,11.828
128,128,2,64,11.763
128,128,2,256,14.568
128,128,2,1024,35.494
128,128,2,4096,119.994
128,128,2,16384,479.102
128,128,4,32,17.256
128,128,4,128,20.424
128,128,4,512,31.0573
128,128,4,2048,73.6533
128,128,4,8192,242.964
128,128,8,16,20.1037
128,128,8,64,20.211
128,128,8,256,27.0257
128,128,8,1024,69.5373
128,128,8,4096,242.452
128,128,8,16384,949.821
128,128,16,32,27.655
128,128,16,128,37.5737
128,128,16,512,78.496
128,128,16,2048,246.92
128,128,16,8192,942.729
128,128,32,16,42.6077
128,128,32,64,43.642
128,128,32,256,86.5483
128,128,32,1024,235.124
128,128,32,4096,840.162
128,128,32,16384,3269.31
128,128,64,32,73.6967
128,128,64,128,114.545
128,128,64,512,250.888
128,128,64,2048,815.9
128,128,64,8192,3376.33
128,256,0,0,15.2937
128,256,1,32,14.931
128,256,1,128,14.921
128,256,1,512,21.4263
128,256,1,2048,63.458
128,256,1,8192,231.658
128,256,2,16,15.2087
128,256,2,64,15.3047
128,256,2,256,15.326
128,256,2,1024,35.8243
128,256,2,4096,120.304
128,256,2,16384,476.564
128,256,4,32,20.6693
128,256,4,128,23.965
128,256,4,512,34.5873
128,256,4,2048,77.6853
128,256,4,8192,246.824
128,256,8,16,25.3513
128,256,8,64,25.6817
128,256,8,256,28.3373
128,256,8,1024,69.7393
128,256,8,4096,242.09
128,256,8,16384,950.325
128,256,16,32,31.8783
128,256,16,128,41.1997
128,256,16,512,78.453
128,256,16,2048,247.316
128,256,16,8192,941.729
128,256,32,16,47.0337
128,256,32,64,47.812
128,256,32,256,88.3717
128,256,32,1024,234.454
128,256,32,4096,840.879
128,256,32,16384,3253.31
128,256,64,32,78.3677
128,256,64,128,119.387
128,256,64,512,251.721
128,256,64,2048,818.716
128,256,64,8192,3382.19
128,512,0,0,22.3007
128,512,1,32,21.8423
128,512,1,128,21.8957
128,512,1,512,22.2583
128,512,1,2048,63.7777
128,512,1,8192,232.31
128,512,2,16,22.3007
128,512,2,64,22.3327
128,512,2,256,22.4393
128,512,2,1024,35.685
128,512,2,4096,120.549
128,512,2,16384,476.534
128,512,4,32,27.5267
128,512,4,128,30.8653
128,512,4,512,41.8077
128,512,4,2048,84.9277
128,512,4,8192,254.237
128,512,8,16,32.369
128,512,8,64,32.6673
128,512,8,256,41.2427
128,512,8,1024,70.1883
128,512,8,4096,243.306
128,512,8,16384,954.764
128,512,16,32,40.0477
128,512,16,128,49.0283
128,512,16,512,80.8
128,512,16,2048,248.404
128,512,16,8192,930.873
128,512,32,16,56.4933
128,512,32,64,57.7097
128,512,32,256,96.3073
128,512,32,1024,235.99
128,512,32,4096,836.85
128,512,32,16384,3277.55
128,512,64,32,88.138
128,512,64,128,127.727
128,512,64,512,253.663
128,512,64,2048,812.331
128,512,64,8192,3387.95
128,1024,0,0,36.2733
128,1024,1,32,35.985
128,1024,1,128,36.134
128,1024,1,512,36.273
128,1024,1,2048,63.9063
128,1024,1,8192,232.268
128,1024,2,16,36.4967
128,1024,2,64,36.4117
128,1024,2,256,36.5607
128,1024,2,1024,36.6887
128,1024,2,4096,120.699
128,1024,2,16384,477.196
128,1024,4,32,41.8723
128,1024,4,128,45.1037
128,1024,4,512,55.769
128,1024,4,2048,99.112
128,1024,4,8192,268.871
128,1024,8,16,46.5437
128,1024,8,64,46.8417
128,1024,8,256,60.419
128,1024,8,1024,71.0523
128,1024,8,4096,243.616
128,1024,8,16384,954.232
128,1024,16,32,54.1153
128,1024,16,128,64.5143
128,1024,16,512,95.4437
128,1024,16,2048,249.599
128,1024,16,8192,941.958
128,1024,32,16,72.545
128,1024,32,64,73.8147
128,1024,32,256,112.838
128,1024,32,1024,238.262
128,1024,32,4096,837.79
128,1024,32,16384,3277.68
128,1024,64,32,105.768
128,1024,64,128,147.96
128,1024,64,512,269.693
128,1024,64,2048,812.353
128,1024,64,8192,3395.52
128,2048,0,0,64.034
128,2048,1,32,64.0027
128,2048,1,128,64.0663
128,2048,1,512,64.3223
128,2048,1,2048,64.5567
128,2048,1,8192,232.845
128,2048,2,16,64.5993
128,2048,2,64,64.6203
128,2048,2,256,64.6097
128,2048,2,1024,65.048
128,2048,2,4096,121.339
128,2048,2,16384,479.212
128,2048,4,32,69.73
128,2048,4,128,73.079
128,2048,4,512,83.8507
128,2048,4,2048,127.109
128,2048,4,8192,298.02
128,2048,8,16,74.3053
128,2048,8,64,74.6353
128,2048,8,256,88.3827
128,2048,8,1024,125.648
128,2048,8,4096,243.883
128,2048,8,16384,954.203
128,2048,16,32,81.9413
128,2048,16,128,92.7567
128,2048,16,512,125.626
128,2048,16,2048,252.117
128,2048,16,8192,939.986
128,2048,32,16,100.894
128,2048,32,64,101.598
128,2048,32,256,149.9
128,2048,32,1024,266.366
128,2048,32,4096,834.357
128,2048,32,16384,3280.17
128,2048,64,32,138.872
128,2048,64,128,182.974
128,2048,64,512,314.008
128,2048,64,2048,818.978
128,2048,64,8192,3515.14
128,4096,0,0,120.881
128,4096,1,32,120.347
128,4096,1,128,120.614
128,4096,1,512,120.497
128,4096,1,2048,120.508
128,4096,1,8192,232.803
128,4096,2,16,120.614
128,4096,2,64,120.582
128,4096,2,256,120.688
128,4096,2,1024,120.976
128,4096,2,4096,121.701
128,4096,2,16384,480.003
128,4096,4,32,125.851
128,4096,4,128,129.008
128,4096,4,512,139.748
128,4096,4,2048,183.028
128,4096,4,8192,354.92
128,4096,8,16,130.373
128,4096,8,64,130.362
128,4096,8,256,143.992
128,4096,8,1024,187.016
128,4096,8,4096,244.759
128,4096,8,16384,953.383
128,4096,16,32,138.148
128,4096,16,128,148.727
128,4096,16,512,181.823
128,4096,16,2048,308.696
128,4096,16,8192,939.679
128,4096,32,16,156.609
128,4096,32,64,157.378
128,4096,32,256,206.993
128,4096,32,1024,340.447
128,4096,32,4096,849.674
128,4096,32,16384,3399.83
128,4096,64,32,195.634
128,4096,64,128,247.66
128,4096,64,512,372.827
128,4096,64,2048,882.119
128,4096,64,8192,3518.77
128,8192,0,0,233.08
128,8192,1,32,232.675
128,8192,1,128,232.878
128,8192,1,512,232.61
128,8192,1,2048,233.143
128,8192,1,8192,237.624
128,8192,2,16,232.973
128,8192,2,64,232.995
128,8192,2,256,233.037
128,8192,2,1024,233.133
128,8192,2,4096,240.375
128,8192,2,16384,480.931
128,8192,4,32,237.666
128,8192,4,128,241.367
128,8192,4,512,252.106
128,8192,4,2048,295.483
128,8192,4,8192,479.129
128,8192,8,16,242.433
128,8192,8,64,242.433
128,8192,8,256,256.245
128,8192,8,1024,298.81
128,8192,8,4096,470.244
128,8192,8,16384,950.837
128,8192,16,32,250.827
128,8192,16,128,261.151
128,8192,16,512,293.5
128,8192,16,2048,423.009
128,8192,16,8192,952.181
128,8192,32,16,268.607
128,8192,32,64,269.343
128,8192,32,256,319.192
128,8192,32,1024,468.571
128,8192,32,4096,957.791
128,8192,32,16384,3382.37
128,8192,64,32,307.471
128,8192,64,128,358.847
128,8192,64,512,506.252
128,8192,64,2048,1045.08
128,8192,64,8192,3338.84
128,16384,0,0,467.484
128,16384,1,32,464.839
128,16384,1,128,468.07
128,16384,1,512,468.017
128,16384,1,2048,470.321
128,16384,1,8192,474.427
128,16384,2,16,466.225
128,16384,2,64,469.755
128,16384,2,256,470.246
128,16384,2,1024,473.681
128,16384,2,4096,480.346
128,16384,2,16384,481.498
128,16384,4,32,466.717
128,16384,4,128,467.441
128,16384,4,512,477.252
128,16384,4,2048,519.318
128,16384,4,8192,703.636
128,16384,8,16,466.811
128,16384,8,64,467.398
128,16384,8,256,481.349
128,16384,8,1024,523.765
128,16384,8,4096,694.762
128,16384,8,16384,956.864
128,16384,16,32,473.318
128,16384,16,128,484.719
128,16384,16,512,517.643
128,16384,16,2048,648.614
128,16384,16,8192,1177.61
128,16384,32,16,493.006
128,16384,32,64,493.423
128,16384,32,256,542.526
128,16384,32,1024,692.161
128,16384,32,4096,1300
128,16384,32,16384,3301.5
128,16384,64,32,531.604
128,16384,64,128,582.884
128,16384,64,512,745.254
128,16384,64,2048,1338.13
128,16384,64,8192,3608.26
256,0,0,0,12.0303
256,0,1,32,12.5103
256,0,1,128,12.479
256,0,1,512,22.2057
256,0,1,2048,64.0673
256,0,1,8192,232.761
256,0,2,16,17.353
256,0,2,64,17.3523
256,0,2,256,20.563
256,0,2,1024,41.4243
256,0,2,4096,125.617
256,0,2,16384,478.63
256,0,4,32,18.0567
256,0,4,128,20.4027
256,0,4,512,32.6353
256,0,4,2048,75.4473
256,0,4,8192,245.123
256,0,8,16,22.8663
256,0,8,64,23.2087
256,0,8,256,33.5533
256,0,8,1024,75.809
256,0,8,4096,247.639
256,0,8,16384,954.659
256,0,16,32,31.825
256,0,16,128,39.8033
256,0,16,512,80.278
256,0,16,2048,249.623
256,0,16,8192,944.218
256,0,32,16,48.57
256,0,32,64,49.199
256,0,32,256,91.0823
256,0,32,1024,237.742
256,0,32,4096,843.526
256,0,32,16384,3272.46
256,0,64,32,82.7213
256,0,64,128,123.58
256,0,64,512,258.604
256,0,64,2048,822.676
256,0,64,8192,3392.47
256,16,0,0,15.2943
256,16,1,32,15.7313
256,16,1,128,15.6353
256,16,1,512,22.334
256,16,1,2048,64.3017
256,16,1,8192,232.804
256,16,2,16,20.638
256,16,2,64,20.6697
256,16,2,256,21.064
256,16,2,1024,41.7553
256,16,2,4096,126.235
256,16,2,16384,477.352
256,16,4,32,21.3947
256,16,4,128,23.859
256,16,4,512,34.9187
256,16,4,2048,77.6653
256,16,4,8192,247.085
256,16,8,16,26.6103
256,16,8,64,26.674
256,16,8,256,35.996
256,16,8,1024,77.4093
256,16,8,4096,248.781
256,16,8,16384,954.736
256,16,16,32,36.092
256,16,16,128,43.8667
256,16,16,512,80.556
256,16,16,2048,249.773
256,16,16,8192,944.582
256,16,32,16,52.8793
256,16,32,64,53.423
256,16,32,256,92.1703
256,16,32,1024,238.265
256,16,32,4096,841.768
256,16,32,16384,3284.5
256,16,64,32,87.2007
256,16,64,128,128.177
256,16,64,512,259.403
256,16,64,2048,824.543
256,16,64,8192,3394.6
256,32,0,0,15.3367
256,32,1,32,15.6993
256,32,1,128,15.6993
256,32,1,512,22.2053
256,32,1,2048,64.2597
256,32,1,8192,232.826
256,32,2,16,20.7767
256,32,2,64,20.6593
256,32,2,256,21.1283
256,32,2,1024,41.638
256,32,2,4096,125.895
256,32,2,16384,479.282
256,32,4,32,21.3093
256,32,4,128,23.784
256,32,4,512,34.9293
256,32,4,2048,77.8577
256,32,4,8192,247.608
256,32,8,16,26.5993
256,32,8,64,26.8877
256,32,8,256,36.209
256,32,8,1024,77.303
256,32,8,4096,248.942
256,32,8,16384,956.219
256,32,16,32,35.804
256,32,16,128,44.1123
256,32,16,512,80.8543
256,32,16,2048,249.912
256,32,16,8192,938.921
256,32,32,16,52.3247
256,32,32,64,53.3803
256,32,32,256,92.2237
256,32,32,1024,238.18
256,32,32,4096,844.403
256,32,32,16384,3285.16
256,32,64,32,87.1683
256,32,64,128,128.081
256,32,64,512,259.682
256,32,64,2048,824.599
256,32,64,8192,3395.62
256,64,0,0,15.4327
256,64,1,32,15.7203
256,64,1,128,15.7847
256,64,1,512,22.291
256,64,1,2048,64.2913
256,64,1,8192,232.485
256,64,2,16,20.7443
256,64,2,64,20.8503
256,64,2,256,21.288
256,64,2,1024,41.99
256,64,2,4096,125.937
256,64,2,16384,477.79
256,64,4,32,21.427
256,64,4,128,23.8803
256,64,4,512,35.0143
256,64,4,2048,77.815
256,64,4,8192,247.652
256,64,8,16,26.813
256,64,8,64,27.0267
256,64,8,256,36.2843
256,64,8,1024,77.5273
256,64,8,4096,248.942
256,64,8,16384,955.421
256,64,16,32,35.996
256,64,16,128,44.1763
256,64,16,512,80.7693
256,64,16,2048,249.732
256,64,16,8192,945.418
256,64,32,16,52.7937
256,64,32,64,53.4123
256,64,32,256,92.3313
256,64,32,1024,238.554
256,64,32,4096,842.784
256,64,32,16384,3290.08
256,64,64,32,87.243
256,64,64,128,128.145
256,64,64,512,259.608
256,64,64,2048,823.683
256,64,64,8192,3392.66
256,128,0,0,15.4973
256,128,1,32,16.1053
256,128,1,128,16.1157
256,128,1,512,22.2267
256,128,1,2048,64.3023
256,128,1,8192,232.347
256,128,2,16,20.9787
256,128,2,64,21.0753
256,128,2,256,24.4237
256,128,2,1024,45.0617
256,128,2,4096,129.02
256,128,2,16384,477.471
256,128,4,32,23.0487
256,128,4,128,24.8723
256,128,4,512,36.1877
256,128,4,2048,78.9667
256,128,4,8192,248.356
256,128,8,16,27.8367
256,128,8,64,27.933
256,128,8,256,38.492
256,128,8,1024,79.7453
256,128,8,4096,251.108
256,128,8,16384,954.388
256,128,16,32,37.4147
256,128,16,128,45.8617
256,128,16,512,80.8873
256,128,16,2048,250.03
256,128,16,8192,944.235
256,128,32,16,54.4367
256,128,32,64,55.098
256,128,32,256,93.088
256,128,32,1024,238.992
256,128,32,4096,841.709
256,128,32,16384,3287.54
256,128,64,32,88.971
256,128,64,128,129.863
256,128,64,512,260.312
256,128,64,2048,823.641
256,128,64,8192,3396.48
256,256,0,0,18.9847
256,256,1,32,19.561
256,256,1,128,19.4647
256,256,1,512,22.3437
256,256,1,2048,64.3447
256,256,1,8192,232.518
256,256,2,16,24.402
256,256,2,64,24.7013
256,256,2,256,31.2707
256,256,2,1024,48.73
256,256,2,4096,133.158
256,256,2,16384,477.653
256,256,4,32,26.61
256,256,4,128,29.895
256,256,4,512,39.569
256,256,4,2048,82.8707
256,256,4,8192,252.26
256,256,8,16,32.914
256,256,8,64,33.0413
256,256,8,256,44.1443
256,256,8,1024,83.617
256,256,8,4096,254.873
256,256,8,16384,952.737
256,256,16,32,42.3207
256,256,16,128,53.0607
256,256,16,512,81.655
256,256,16,2048,249.306
256,256,16,8192,941.4
256,256,32,16,59.9297
256,256,32,64,60.537
256,256,32,256,99.85
256,256,32,1024,239.696
256,256,32,4096,842.115
256,256,32,16384,3286.7
256,256,64,32,94.688
256,256,64,128,135.675
256,256,64,512,261.454
256,256,64,2048,819.676
256,256,64,8192,3398.23
256,512,0,0,26.1203
256,512,1,32,26.5043
256,512,1,128,26.6527
256,512,1,512,26.6963
256,512,1,2048,64.8463
256,512,1,8192,232.892
256,512,2,16,31.666
256,512,2,64,31.623
256,512,2,256,38.684
256,512,2,1024,55.9513
256,512,2,4096,140.261
256,512,2,16384,477.654
256,512,4,32,33.5853
256,512,4,128,37.1483
256,512,4,512,45.936
256,512,4,2048,90.1447
256,512,4,8192,259.662
256,512,8,16,42.2567
256,512,8,64,42.6407
256,512,8,256,51.7167
256,512,8,1024,91.19
256,512,8,4096,262.051
256,512,8,16384,954.915
256,512,16,32,52.6773
256,512,16,128,62.6593
256,512,16,512,88.919
256,512,16,2048,251.215
256,512,16,8192,943.14
256,512,32,16,70.7233
256,512,32,64,71.6833
256,512,32,256,113.545
256,512,32,1024,241.382
256,512,32,4096,841.882
256,512,32,16384,3284.41
256,512,64,32,106.08
256,512,64,128,147.536
256,512,64,512,270.541
256,512,64,2048,817.427
256,512,64,8192,3400.82
256,1024,0,0,40.4007
256,1024,1,32,40.7213
256,1024,1,128,40.6563
256,1024,1,512,40.7533
256,1024,1,2048,65.3583
256,1024,1,8192,234.289
256,1024,2,16,45.905
256,1024,2,64,45.8297
256,1024,2,256,52.8793
256,1024,2,1024,73.933
256,1024,2,4096,155.067
256,1024,2,16384,492.256
256,1024,4,32,47.8347
256,1024,4,128,51.5257
256,1024,4,512,62.2443
256,1024,4,2048,104.725
256,1024,4,8192,274.296
256,1024,8,16,56.3883
256,1024,8,64,56.8153
256,1024,8,256,74.4127
256,1024,8,1024,108.799
256,1024,8,4096,276.717
256,1024,8,16384,952.891
256,1024,16,32,72.0137
256,1024,16,128,84.631
256,1024,16,512,117.427
256,1024,16,2048,253.551
256,1024,16,8192,943.441
256,1024,32,16,91.2323
256,1024,32,64,92.4917
256,1024,32,256,135.367
256,1024,32,1024,248.848
256,1024,32,4096,839.036
256,1024,32,16384,3284.43
256,1024,64,32,128.189
256,1024,64,128,169.87
256,1024,64,512,297.099
256,1024,64,2048,819.039
256,1024,64,8192,3429.59
256,2048,0,0,69.0277
256,2048,1,32,69.369
256,2048,1,128,69.4223
256,2048,1,512,69.6033
256,2048,1,2048,69.806
256,2048,1,8192,235.42
256,2048,2,16,74.6267
256,2048,2,64,74.5307
256,2048,2,256,81.442
256,2048,2,1024,102.922
256,2048,2,4096,183.938
256,2048,2,16384,521.748
256,2048,4,32,76.376
256,2048,4,128,79.9813
256,2048,4,512,91.2003
256,2048,4,2048,132.52
256,2048,4,8192,303.552
256,2048,8,16,84.823
256,2048,8,64,85.6867
256,2048,8,256,106.922
256,2048,8,1024,137.756
256,2048,8,4096,305.707
256,2048,8,16384,981.828
256,2048,16,32,100.768
256,2048,16,128,121.502
256,2048,16,512,153.381
256,2048,16,2048,260.89
256,2048,16,8192,939.527
256,2048,32,16,130.141
256,2048,32,64,131.111
256,2048,32,256,176.311
256,2048,32,1024,305.451
256,2048,32,4096,841.213
256,2048,32,16384,3342.67
256,2048,64,32,169.156
256,2048,64,128,213.364
256,2048,64,512,344.135
256,2048,64,2048,840.509
256,2048,64,8192,3684.62
256,4096,0,0,125.555
256,4096,1,32,125.8
256,4096,1,128,125.929
256,4096,1,512,126.024
256,4096,1,2048,126.76
256,4096,1,8192,236.168
256,4096,2,16,130.664
256,4096,2,64,131.069
256,4096,2,256,137.735
256,4096,2,1024,159.397
256,4096,2,4096,244.924
256,4096,2,16384,578.244
256,4096,4,32,132.701
256,4096,4,128,136.401
256,4096,4,512,147.494
256,4096,4,2048,191.329
256,4096,4,8192,364.731
256,4096,8,16,140.945
256,4096,8,64,141.393
256,4096,8,256,162.447
256,4096,8,1024,226.866
256,4096,8,4096,364.773
256,4096,8,16384,1059.57
256,4096,16,32,156.986
256,4096,16,128,176.952
256,4096,16,512,240.957
256,4096,16,2048,372.004
256,4096,16,8192,947.699
256,4096,32,16,185.837
256,4096,32,64,187.554
256,4096,32,256,256.23
256,4096,32,1024,392.269
256,4096,32,4096,854.055
256,4096,32,16384,3562.96
256,4096,64,32,247.324
256,4096,64,128,296.258
256,4096,64,512,425.737
256,4096,64,2048,943.647
256,4096,64,8192,3728.9
256,8192,0,0,237.874
256,8192,1,32,237.917
256,8192,1,128,237.863
256,8192,1,512,238.226
256,8192,1,2048,239.164
256,8192,1,8192,241.65
256,8192,2,16,243.228
256,8192,2,64,242.695
256,8192,2,256,249.563
256,8192,2,1024,271.374
256,8192,2,4096,357.755
256,8192,2,16384,696.803
256,8192,4,32,244.519
256,8192,4,128,248.274
256,8192,4,512,259.547
256,8192,4,2048,303.99
256,8192,4,8192,478.927
256,8192,8,16,252.923
256,8192,8,64,252.988
256,8192,8,256,274.115
256,8192,8,1024,338.781
256,8192,8,4096,477.839
256,8192,8,16384,1181.89
256,8192,16,32,269.114
256,8192,16,128,289.41
256,8192,16,512,353.98
256,8192,16,2048,530.836
256,8192,16,8192,957.502
256,8192,32,16,297.537
256,8192,32,64,298.956
256,8192,32,256,376.495
256,8192,32,1024,544.873
256,8192,32,4096,1081.67
256,8192,32,16384,3387.44
256,8192,64,32,359.729
256,8192,64,128,436.66
256,8192,64,512,591.695
256,8192,64,2048,1118.67
256,8192,64,8192,3394.26
256,16384,0,0,471.536
256,16384,1,32,469.712
256,16384,1,128,468.442
256,16384,1,512,469.904
256,16384,1,2048,472.582
256,16384,1,8192,479.109
256,16384,2,16,472.048
256,16384,2,64,470.757
256,16384,2,256,478.17
256,16384,2,1024,500.556
256,16384,2,4096,589.091
256,16384,2,16384,947.734
256,16384,4,32,471.142
256,16384,4,128,474.342
256,16384,4,512,484.731
256,16384,4,2048,532.938
256,16384,4,8192,706.883
256,16384,8,16,478.756
256,16384,8,64,479.034
256,16384,8,256,500.516
256,16384,8,1024,564.327
256,16384,8,4096,817.187
256,16384,8,16384,1409.81
256,16384,16,32,492.985
256,16384,16,128,514.231
256,16384,16,512,579.013
256,16384,16,2048,830.253
256,16384,16,8192,1409.87
256,16384,32,16,522.795
256,16384,32,64,525.846
256,16384,32,256,601.828
256,16384,32,1024,835.757
256,16384,32,4096,1416.07
256,16384,32,16384,3299.11
256,16384,64,32,585.093
256,16384,64,128,661.8
256,16384,64,512,894.514
256,16384,64,2048,1472.46
256,16384,64,8192,3799.47
512,0,0,0,29.448
512,0,1,32,31.805
512,0,1,128,32.114
512,0,1,512,35.6023
512,0,1,2048,77.635
512,0,1,8192,245.746
512,0,2,16,32.754
512,0,2,64,32.6263
512,0,2,256,34.8973
512,0,2,1024,53.499
512,0,2,4096,138.365
512,0,2,16384,476.411
512,0,4,32,35.623
512,0,4,128,37.661
512,0,4,512,45.6277
512,0,4,2048,99.158
512,0,4,8192,268.826
512,0,8,16,41.4997
512,0,8,64,41.393
512,0,8,256,50.416
512,0,8,1024,91.191
512,0,8,4096,261.947
512,0,8,16384,956.589
512,0,16,32,52.2827
512,0,16,128,62.1693
512,0,16,512,94.124
512,0,16,2048,254.833
512,0,16,8192,944.579
512,0,32,16,73.2407
512,0,32,64,74.2227
512,0,32,256,114.581
512,0,32,1024,251.175
512,0,32,4096,851.672
512,0,32,16384,3297.35
512,0,64,32,115.274
512,0,64,128,156.421
512,0,64,512,284.794
512,0,64,2048,832.815
512,0,64,8192,3413.35
512,16,0,0,35.4733
512,16,1,32,36.0397
512,16,1,128,36.7857
512,16,1,512,38.3537
512,16,1,2048,80.3867
512,16,1,8192,248.636
512,16,2,16,38.1083
512,16,2,64,37.8957
512,16,2,256,39.153
512,16,2,1024,56.5493
512,16,2,4096,140.669
512,16,2,16384,477.725
512,16,4,32,40.284
512,16,4,128,42.4387
512,16,4,512,48.817
512,16,4,2048,104.075
512,16,4,8192,274.128
512,16,8,16,45.9683
512,16,8,64,46.4483
512,16,8,256,55.984
512,16,8,1024,94.8927
512,16,8,4096,264.486
512,16,8,16384,957.017
512,16,16,32,57.5193
512,16,16,128,67.5243
512,16,16,512,97.3667
512,16,16,2048,255.207
512,16,16,8192,950.479
512,16,32,16,78.4673
512,16,32,64,79.2557
512,16,32,256,120.106
512,16,32,1024,253.874
512,16,32,4096,848.248
512,16,32,16384,3291.28
512,16,64,32,120.618
512,16,64,128,161.766
512,16,64,512,287.375
512,16,64,2048,833.68
512,16,64,8192,3421.38
512,32,0,0,35.7513
512,32,1,32,36.007
512,32,1,128,36.3593
512,32,1,512,38.3863
512,32,1,2048,80.227
512,32,1,8192,247.987
512,32,2,16,38.023
512,32,2,64,38.0333
512,32,2,256,39.1537
512,32,2,1024,56.24
512,32,2,4096,140.851
512,32,2,16384,477.287
512,32,4,32,40.3373
512,32,4,128,42.289
512,32,4,512,48.7847
512,32,4,2048,104.31
512,32,4,8192,273.382
512,32,8,16,46.2787
512,32,8,64,46.5233
512,32,8,256,56.027
512,32,8,1024,95.2553
512,32,8,4096,264.252
512,32,8,16384,957.84
512,32,16,32,57.5947
512,32,16,128,67.471
512,32,16,512,97.5367
512,32,16,2048,255.496
512,32,16,8192,949.019
512,32,32,16,78.414
512,32,32,64,79.555
512,32,32,256,120.245
512,32,32,1024,253.885
512,32,32,4096,851.099
512,32,32,16384,3291.59
512,32,64,32,120.554
512,32,64,128,161.585
512,32,64,512,287.599
512,32,64,2048,833.436
512,32,64,8192,3412.7
512,64,0,0,35.6877
512,64,1,32,36.1037
512,64,1,128,36.615
512,64,1,512,38.7377
512,64,1,2048,80.1733
512,64,1,8192,248.222
512,64,2,16,38.044
512,64,2,64,37.9803
512,64,2,256,39.3347
512,64,2,1024,56.5277
512,64,2,4096,140.84
512,64,2,16384,478.131
512,64,4,32,40.306
512,64,4,128,42.3747
512,64,4,512,48.9873
512,64,4,2048,104.118
512,64,4,8192,273.552
512,64,8,16,46.4067
512,64,8,64,46.6193
512,64,8,256,56.0483
512,64,8,1024,94.8177
512,64,8,4096,264.572
512,64,8,16384,956.838
512,64,16,32,57.5087
512,64,16,128,67.6627
512,64,16,512,97.9747
512,64,16,2048,255.635
512,64,16,8192,947.016
512,64,32,16,78.8083
512,64,32,64,79.2997
512,64,32,256,120.448
512,64,32,1024,253.843
512,64,32,4096,851.376
512,64,32,16384,3303.63
512,64,64,32,120.81
512,64,64,128,162.065
512,64,64,512,287.867
512,64,64,2048,833.47
512,64,64,8192,3418.23
512,128,0,0,36.7
512,128,1,32,38.674
512,128,1,128,39.2603
512,128,1,512,41.3403
512,128,1,2048,81.6993
512,128,1,8192,250.089
512,128,2,16,39.9217
512,128,2,64,40.0183
512,128,2,256,42.353
512,128,2,1024,58.4907
512,128,2,4096,143.677
512,128,2,16384,481.13
512,128,4,32,42.844
512,128,4,128,44.711
512,128,4,512,52.6883
512,128,4,2048,109.484
512,128,4,8192,279.036
512,128,8,16,49.1047
512,128,8,64,48.7627
512,128,8,256,59.035
512,128,8,1024,98.7
512,128,8,4096,266.589
512,128,8,16384,958.343
512,128,16,32,59.7917
512,128,16,128,70.6283
512,128,16,512,101.036
512,128,16,2048,256.35
512,128,16,8192,948.328
512,128,32,16,81.432
512,128,32,64,82.1573
512,128,32,256,122.89
512,128,32,1024,256.499
512,128,32,4096,848.424
512,128,32,16384,3302.31
512,128,64,32,123.648
512,128,64,128,164.849
512,128,64,512,290.735
512,128,64,2048,833.203
512,128,64,8192,3416.29
512,256,0,0,43.5473
512,256,1,32,45.724
512,256,1,128,46.3207
512,256,1,512,46.7693
512,256,1,2048,85.5173
512,256,1,8192,253.619
512,256,2,16,46.7693
512,256,2,64,46.78
512,256,2,256,49.532
512,256,2,1024,64.8473
512,256,2,4096,149.672
512,256,2,16384,485.502
512,256,4,32,49.7663
512,256,4,128,51.739
512,256,4,512,61.3277
512,256,4,2048,120.267
512,256,4,8192,289.627
512,256,8,16,55.8137
512,256,8,64,55.953
512,256,8,256,66.6927
512,256,8,1024,105.11
512,256,8,4096,271.42
512,256,8,16384,958.623
512,256,16,32,67.5353
512,256,16,128,78.35
512,256,16,512,109.164
512,256,16,2048,258.11
512,256,16,8192,947.871
512,256,32,16,88.984
512,256,32,64,90.0187
512,256,32,256,131.913
512,256,32,1024,262.376
512,256,32,4096,846.206
512,256,32,16384,3296.96
512,256,64,32,131.444
512,256,64,128,172.805
512,256,64,512,299.163
512,256,64,2048,835.146
512,256,64,8192,3420.75
512,512,0,0,57.7113
512,512,1,32,59.9837
512,512,1,128,60.251
512,512,1,512,60.3997
512,512,1,2048,93.0797
512,512,1,8192,261.342
512,512,2,16,60.858
512,512,2,64,61.05
512,512,2,256,63.3007
512,512,2,1024,69.7537
512,512,2,4096,163.826
512,512,2,16384,499.23
512,512,4,32,63.6957
512,512,4,128,65.658
512,512,4,512,76.1957
512,512,4,2048,128.713
512,512,4,8192,310.479
512,512,8,16,69.6473
512,512,8,64,69.8283
512,512,8,256,81.8383
512,512,8,1024,108.812
512,512,8,4096,280.754
512,512,8,16384,967.785
512,512,16,32,82.158
512,512,16,128,93.4423
512,512,16,512,124.565
512,512,16,2048,266.483
512,512,16,8192,941.101
512,512,32,16,104.066
512,512,32,64,105.527
512,512,32,256,147.731
512,512,32,1024,273.895
512,512,32,4096,843.082
512,512,32,16384,3290.79
512,512,64,32,147.805
512,512,64,128,189.818
512,512,64,512,316.132
512,512,64,2048,841.729
512,512,64,8192,3445.53
512,1024,0,0,86.425
512,1024,1,32,88.3443
512,1024,1,128,88.7493
512,1024,1,512,88.7927
512,1024,1,2048,108.14
512,1024,1,8192,276.53
512,1024,2,16,89.3037
512,1024,2,64,89.3783
512,1024,2,256,91.5647
512,1024,2,1024,92.1837
512,1024,2,4096,192.516
512,1024,2,16384,528.87
512,1024,4,32,92.1417
512,1024,4,128,93.7087
512,1024,4,512,105.623
512,1024,4,2048,146.302
512,1024,4,8192,352.939
512,1024,8,16,97.6983
512,1024,8,64,97.9437
512,1024,8,256,109.857
512,1024,8,1024,149.736
512,1024,8,4096,316.953
512,1024,8,16384,981.503
512,1024,16,32,110.017
512,1024,16,128,122.39
512,1024,16,512,155.496
512,1024,16,2048,292.828
512,1024,16,8192,945.763
512,1024,32,16,134.207
512,1024,32,64,134.74
512,1024,32,256,179.121
512,1024,32,1024,302.246
512,1024,32,4096,846.774
512,1024,32,16384,3301.88
512,1024,64,32,178.022
512,1024,64,128,221.453
512,1024,64,512,349.238
512,1024,64,2048,864.863
512,1024,64,8192,3583.38
512,2048,0,0,143.273
512,2048,1,32,144.701
512,2048,1,128,145.224
512,2048,1,512,145.449
512,2048,1,2048,145.629
512,2048,1,8192,306.362
512,2048,2,16,145.843
512,2048,2,64,145.939
512,2048,2,256,147.71
512,2048,2,1024,148.542
512,2048,2,4096,242.336
512,2048,2,16384,585.742
512,2048,4,32,148.702
512,2048,4,128,150.354
512,2048,4,512,159.869
512,2048,4,2048,205.315
512,2048,4,8192,437.252
512,2048,8,16,153.992
512,2048,8,64,154.024
512,2048,8,256,165.18
512,2048,8,1024,209.475
512,2048,8,4096,363.872
512,2048,8,16384,1012.25
512,2048,16,32,165.426
512,2048,16,128,177.105
512,2048,16,512,215.811
512,2048,16,2048,336.461
512,2048,16,8192,944.378
512,2048,32,16,188.368
512,2048,32,64,189.584
512,2048,32,256,238.721
512,2048,32,1024,362.667
512,2048,32,4096,906.824
512,2048,32,16384,3638.73
512,2048,64,32,237.739
512,2048,64,128,282.674
512,2048,64,512,412.796
512,2048,64,2048,919.248
512,2048,64,8192,4127.07
512,4096,0,0,254.036
512,4096,1,32,255.903
512,4096,1,128,256.063
512,4096,1,512,256.18
512,4096,1,2048,256.255
512,4096,1,8192,362.657
512,4096,2,16,256.692
512,4096,2,64,256.756
512,4096,2,256,258.431
512,4096,2,1024,258.815
512,4096,2,4096,260.223
512,4096,2,16384,695.94
512,4096,4,32,259.775
512,4096,4,128,261.151
512,4096,4,512,270.388
512,4096,4,2048,317.54
512,4096,4,8192,481.207
512,4096,8,16,264.596
512,4096,8,64,264.991
512,4096,8,256,274.42
512,4096,8,1024,317.264
512,4096,8,4096,487.693
512,4096,8,16384,1166.74
512,4096,16,32,275.518
512,4096,16,128,287.998
512,4096,16,512,321.445
512,4096,16,2048,449.828
512,4096,16,8192,1070.49
512,4096,32,16,297.383
512,4096,32,64,298.428
512,4096,32,256,348.707
512,4096,32,1024,491.265
512,4096,32,4096,986.669
512,4096,32,16384,3868.23
512,4096,64,32,345.379
512,4096,64,128,398.559
512,4096,64,512,536.008
512,4096,64,2048,1038.16
512,4096,64,8192,4409.88
512,8192,0,0,474.669
512,8192,1,32,476.386
512,8192,1,128,475.916
512,8192,1,512,476.705
512,8192,1,2048,477.165
512,8192,1,8192,485.037
512,8192,2,16,477.389
512,8192,2,64,476.76
512,8192,2,256,478.392
512,8192,2,1024,479.117
512,8192,2,4096,486.605
512,8192,2,16384,920.254
512,8192,4,32,478.828
512,8192,4,128,481.357
512,8192,4,512,491.703
512,8192,4,2048,536.008
512,8192,4,8192,712.452
512,8192,8,16,485.196
512,8192,8,64,485.367
512,8192,8,256,494.146
512,8192,8,1024,517.791
512,8192,8,4096,712.559
512,8192,8,16384,1417.4
512,8192,16,32,496.459
512,8192,16,128,507.819
512,8192,16,512,541.053
512,8192,16,2048,684.53
512,8192,16,8192,1196.05
512,8192,32,16,517.077
512,8192,32,64,517.941
512,8192,32,256,563.974
512,8192,32,1024,721.945
512,8192,32,4096,1210.67
512,8192,32,16384,3637.5
512,8192,64,32,564.561
512,8192,64,128,612.738
512,8192,64,512,772.32
512,8192,64,2048,1303.07
512,8192,64,8192,3584.01
512,16384,0,0,930.835
512,16384,1,32,930.292
512,16384,1,128,926.377
512,16384,1,512,928.563
512,16384,1,2048,926.036
512,16384,1,8192,931.079
512,16384,2,16,933.636
512,16384,2,64,933.459
512,16384,2,256,932.177
512,16384,2,1024,930.343
512,16384,2,4096,931.763
512,16384,2,16384,961.019
512,16384,4,32,927.187
512,16384,4,128,928.829
512,16384,4,512,936.923
512,16384,4,2048,981.019
512,16384,4,8192,1169.09
512,16384,8,16,935.348
512,16384,8,64,934.045
512,16384,8,256,941.779
512,16384,8,1024,968.528
512,16384,8,4096,1155.43
512,16384,8,16384,1851.48
512,16384,16,32,941.758
512,16384,16,128,951.847
512,16384,16,512,987.459
512,16384,16,2048,1119.96
512,16384,16,8192,1657.47
512,16384,32,16,963.601
512,16384,32,64,962.865
512,16384,32,256,1011.25
512,16384,32,1024,1159.52
512,16384,32,4096,1755.47
512,16384,32,16384,3772.56
512,16384,64,32,1008.65
512,16384,64,128,1060.96
512,16384,64,512,1210.79
512,16384,64,2048,1789.36
512,16384,64,8192,4079.86
1024,0,0,0,79.4273
1024,0,1,32,81.081
1024,0,1,128,81.818
1024,0,1,512,83.2787
1024,0,1,2048,117.378
1024,0,1,8192,286.002
1024,0,2,16,82.1693
1024,0,2,64,82.7243
1024,0,2,256,85.6787
1024,0,2,1024,94.2427
1024,0,2,4096,186.523
1024,0,2,16384,522.55
1024,0,4,32,86.4033
1024,0,4,128,89.2083
1024,0,4,512,96.9833
1024,0,4,2048,151.369
1024,0,4,8192,343.279
1024,0,8,16,94.062
1024,0,8,64,94.2117
1024,0,8,256,105.154
1024,0,8,1024,136.746
1024,0,8,4096,310.695
1024,0,8,16384,988.838
1024,0,16,32,109.004
1024,0,16,128,119.671
1024,0,16,512,151.486
1024,0,16,2048,295.262
1024,0,16,8192,956.093
1024,0,32,16,137.962
1024,0,32,64,138.751
1024,0,32,256,180.838
1024,0,32,1024,305.575
1024,0,32,4096,867.931
1024,0,32,16384,3325.25
1024,0,64,32,195.12
1024,0,64,128,236.824
1024,0,64,512,363.138
1024,0,64,2048,893.134
1024,0,64,8192,3523.92
1024,16,0,0,86.3293
1024,16,1,32,87.9613
1024,16,1,128,88.9097
1024,16,1,512,91.267
1024,16,1,2048,122.593
1024,16,1,8192,290.548
1024,16,2,16,89.9233
1024,16,2,64,89.7633
1024,16,2,256,93.07
1024,16,2,1024,99.8637
1024,16,2,4096,192.304
1024,16,2,16384,529.355
1024,16,4,32,93.3793
1024,16,4,128,96.2273
1024,16,4,512,104.654
1024,16,4,2048,156.157
1024,16,4,8192,353.497
1024,16,8,16,101.027
1024,16,8,64,101.432
1024,16,8,256,112.535
1024,16,8,1024,142.165
1024,16,8,4096,316.529
1024,16,8,16384,992.433
1024,16,16,32,115.841
1024,16,16,128,127.36
1024,16,16,512,158.868
1024,16,16,2048,300.712
1024,16,16,8192,957.332
1024,16,32,16,144.821
1024,16,32,64,146.133
1024,16,32,256,188.316
1024,16,32,1024,311.069
1024,16,32,4096,872.209
1024,16,32,16384,3339.4
1024,16,64,32,202.853
1024,16,64,128,244.194
1024,16,64,512,371.715
1024,16,64,2048,896.623
1024,16,64,8192,3549.34
1024,32,0,0,86.2223
1024,32,1,32,88.27
1024,32,1,128,88.921
1024,32,1,512,91.1927
1024,32,1,2048,122.55
1024,32,1,8192,291.05
1024,32,2,16,90.03
1024,32,2,64,90.0517
1024,32,2,256,92.8887
1024,32,2,1024,100.579
1024,32,2,4096,192.369
1024,32,2,16384,528.577
1024,32,4,32,93.8807
1024,32,4,128,95.9497
1024,32,4,512,104.504
1024,32,4,2048,156.158
1024,32,4,8192,353.018
1024,32,8,16,101.165
1024,32,8,64,101.539
1024,32,8,256,112.855
1024,32,8,1024,142.143
1024,32,8,4096,316.743
1024,32,8,16384,993.245
1024,32,16,32,116.78
1024,32,16,128,126.966
1024,32,16,512,159.155
1024,32,16,2048,300.361
1024,32,16,8192,955.094
1024,32,32,16,145.012
1024,32,32,64,145.62
1024,32,32,256,188.337
1024,32,32,1024,311.336
1024,32,32,4096,872.348
1024,32,32,16384,3339.53
1024,32,64,32,202.64
1024,32,64,128,244.695
1024,32,64,512,371.32
1024,32,64,2048,897.946
1024,32,64,8192,3548.51
1024,64,0,0,86.4367
1024,64,1,32,88.43
1024,64,1,128,89.1767
1024,64,1,512,91.2353
1024,64,1,2048,122.433
1024,64,1,8192,291.081
1024,64,2,16,90.1693
1024,64,2,64,90.158
1024,64,2,256,93.091
1024,64,2,1024,100.419
1024,64,2,4096,192.114
1024,64,2,16384,529.068
1024,64,4,32,93.9223
1024,64,4,128,96.6217
1024,64,4,512,104.354
1024,64,4,2048,156.201
1024,64,4,8192,353.157
1024,64,8,16,101.784
1024,64,8,64,102.072
1024,64,8,256,112.642
1024,64,8,1024,142.143
1024,64,8,4096,316.583
1024,64,8,16384,994.163
1024,64,16,32,116.801
1024,64,16,128,126.934
1024,64,16,512,159.198
1024,64,16,2048,300.488
1024,64,16,8192,957.004
1024,64,32,16,145.61
1024,64,32,64,146.335
1024,64,32,256,187.826
1024,64,32,1024,311.24
1024,64,32,4096,871.357
1024,64,32,16384,3337.75
1024,64,64,32,202.96
1024,64,64,128,244.141
1024,64,64,512,371.395
1024,64,64,2048,895.612
1024,64,64,8192,3547.12
1024,128,0,0,92.3773
1024,128,1,32,92.91
1024,128,1,128,93.678
1024,128,1,512,95.7253
1024,128,1,2048,127.905
1024,128,1,8192,296.169
1024,128,2,16,95.4917
1024,128,2,64,95.5123
1024,128,2,256,97.966
1024,128,2,1024,105.378
1024,128,2,4096,198.566
1024,128,2,16384,536.343
1024,128,4,32,98.936
1024,128,4,128,101.326
1024,128,4,512,109.655
1024,128,4,2048,161.204
1024,128,4,8192,363.13
1024,128,8,16,106.638
1024,128,8,64,106.702
1024,128,8,256,117.879
1024,128,8,1024,147.253
1024,128,8,4096,323.132
1024,128,8,16384,998.42
1024,128,16,32,121.228
1024,128,16,128,132.939
1024,128,16,512,163.934
1024,128,16,2048,306.366
1024,128,16,8192,961.506
1024,128,32,16,150.697
1024,128,32,64,151.082
1024,128,32,256,193.681
1024,128,32,1024,316.754
1024,128,32,4096,877.769
1024,128,32,16384,3338.22
1024,128,64,32,208.314
1024,128,64,128,250.391
1024,128,64,512,377.881
1024,128,64,2048,899.964
1024,128,64,8192,3562.12
1024,256,0,0,104.461
1024,256,1,32,106.722
1024,256,1,128,106.531
1024,256,1,512,108.451
1024,256,1,2048,135.979
1024,256,1,8192,306.387
1024,256,2,16,108.13
1024,256,2,64,107.789
1024,256,2,256,110.744
1024,256,2,1024,117.655
1024,256,2,4096,211.205
1024,256,2,16384,547.98
1024,256,4,32,111.106
1024,256,4,128,114.167
1024,256,4,512,122.828
1024,256,4,2048,170.696
1024,256,4,8192,382.413
1024,256,8,16,119.447
1024,256,8,64,119.021
1024,256,8,256,130.859
1024,256,8,1024,161.14
1024,256,8,4096,335.826
1024,256,8,16384,1011.08
1024,256,16,32,134.401
1024,256,16,128,145.579
1024,256,16,512,177.629
1024,256,16,2048,316.829
1024,256,16,8192,963.875
1024,256,32,16,162.9
1024,256,32,64,163.934
1024,256,32,256,205.979
1024,256,32,1024,330.397
1024,256,32,4096,887.251
1024,256,32,16384,3347.36
1024,256,64,32,221.306
1024,256,64,128,263.223
1024,256,64,512,391.214
1024,256,64,2048,911.037
1024,256,64,8192,3618.41
1024,512,0,0,128.95
1024,512,1,32,131.563
1024,512,1,128,132.118
1024,512,1,512,134.902
1024,512,1,2048,153.269
1024,512,1,8192,326.375
1024,512,2,16,132.075
1024,512,2,64,132.929
1024,512,2,256,135.798
1024,512,2,1024,144.234
1024,512,2,4096,235.257
1024,512,2,16384,571.019
1024,512,4,32,136.246
1024,512,4,128,139.008
1024,512,4,512,148.075
1024,512,4,2048,192.349
1024,512,4,8192,421.194
1024,512,8,16,143.328
1024,512,8,64,144.139
1024,512,8,256,155.71
1024,512,8,1024,186.749
1024,512,8,4096,362.576
1024,512,8,16384,1030.15
1024,512,16,32,159.317
1024,512,16,128,170.623
1024,512,16,512,203.387
1024,512,16,2048,336.594
1024,512,16,8192,963.866
1024,512,32,16,187.762
1024,512,32,64,189.106
1024,512,32,256,232.388
1024,512,32,1024,356.88
1024,512,32,4096,904.775
1024,512,32,16384,3522.18
1024,512,64,32,246.798
1024,512,64,128,289.28
1024,512,64,512,417.869
1024,512,64,2048,931.1
1024,512,64,8192,3745.39
1024,1024,0,0,179.368
1024,1024,1,32,179.336
1024,1024,1,128,180.541
1024,1024,1,512,184.669
1024,1024,1,2048,194.237
1024,1024,1,8192,370.063
1024,1024,2,16,181.736
1024,1024,2,64,181.683
1024,1024,2,256,186.376
1024,1024,2,1024,196.487
1024,1024,2,4096,273.771
1024,1024,2,16384,618.366
1024,1024,4,32,184.712
1024,1024,4,128,189.213
1024,1024,4,512,198.29
1024,1024,4,2048,228.688
1024,1024,4,8192,481.736
1024,1024,8,16,193.042
1024,1024,8,64,192.541
1024,1024,8,256,205.254
1024,1024,8,1024,238.084
1024,1024,8,4096,404.375
1024,1024,8,16384,1075.24
1024,1024,16,32,209.211
1024,1024,16,128,220.731
1024,1024,16,512,253.016
1024,1024,16,2048,375.045
1024,1024,16,8192,995.395
1024,1024,32,16,237.296
1024,1024,32,64,238.692
1024,1024,32,256,282.614
1024,1024,32,1024,409.326
1024,1024,32,4096,947.708
1024,1024,32,16384,3576.06
1024,1024,64,32,297.824
1024,1024,64,128,340.52
1024,1024,64,512,470.483
1024,1024,64,2048,971.066
1024,1024,64,8192,4051.4
1024,2048,0,0,284.055
1024,2048,1,32,287.425
1024,2048,1,128,287.915
1024,2048,1,512,288.747
1024,2048,1,2048,301.462
1024,2048,1,8192,455.828
1024,2048,2,16,287.702
1024,2048,2,64,287.2
1024,2048,2,256,286.827
1024,2048,2,1024,298.517
1024,2048,2,4096,347.772
1024,2048,2,16384,704.546
1024,2048,4,32,290.475
1024,2048,4,128,290.315
1024,2048,4,512,299.691
1024,2048,4,2048,321.747
1024,2048,4,8192,554.606
1024,2048,8,16,291.372
1024,2048,8,64,292.417
1024,2048,8,256,307.359
1024,2048,8,1024,337.085
1024,2048,8,4096,481.128
1024,2048,8,16384,1162.67
1024,2048,16,32,306.975
1024,2048,16,128,321.023
1024,2048,16,512,352.444
1024,2048,16,2048,481.875
1024,2048,16,8192,1071.33
1024,2048,32,16,336.989
1024,2048,32,64,338.002
1024,2048,32,256,381.22
1024,2048,32,1024,512.262
1024,2048,32,4096,1021.76
1024,2048,32,16384,4036.72
1024,2048,64,32,396.314
1024,2048,64,128,440.203
1024,2048,64,512,572.504
1024,2048,64,2048,1077.16
1024,2048,64,8192,4845.77
1024,4096,0,0,506.695
1024,4096,1,32,510.77
1024,4096,1,128,511.773
1024,4096,1,512,510.759
1024,4096,1,2048,511.633
1024,4096,1,8192,612.949
1024,4096,2,16,511.208
1024,4096,2,64,512.486
1024,4096,2,256,510.512
1024,4096,2,1024,511.654
1024,4096,2,4096,531.631
1024,4096,2,16384,871.382
1024,4096,4,32,513.158
1024,4096,4,128,511.313
1024,4096,4,512,512.924
1024,4096,4,2048,534.075
1024,4096,4,8192,732.481
1024,4096,8,16,513.361
1024,4096,8,64,516.4
1024,4096,8,256,515.547
1024,4096,8,1024,539.322
1024,4096,8,4096,657.831
1024,4096,8,16384,1363.01
1024,4096,16,32,517.958
1024,4096,16,128,518.802
1024,4096,16,512,552.75
1024,4096,16,2048,675.579
1024,4096,16,8192,1225.62
1024,4096,32,16,533.637
1024,4096,32,64,534.255
1024,4096,32,256,579.458
1024,4096,32,1024,712.409
1024,4096,32,4096,1251.08
1024,4096,32,16384,4231.39
1024,4096,64,32,594.229
1024,4096,64,128,637.566
1024,4096,64,512,772.714
1024,4096,64,2048,1285.68
1024,4096,64,8192,4838.74
1024,8192,0,0,948.105
1024,8192,1,32,956.774
1024,8192,1,128,956.797
1024,8192,1,512,956.497
1024,8192,1,2048,956.722
1024,8192,1,8192,968.061
1024,8192,2,16,957.715
1024,8192,2,64,956.638
1024,8192,2,256,957.235
1024,8192,2,1024,958.098
1024,8192,2,4096,968.476
1024,8192,2,16384,1189.91
1024,8192,4,32,958.824
1024,8192,4,128,958.782
1024,8192,4,512,958.919
1024,8192,4,2048,960.69
1024,8192,4,8192,988.892
1024,8192,8,16,959.783
1024,8192,8,64,961.629
1024,8192,8,256,959.219
1024,8192,8,1024,963.697
1024,8192,8,4096,1085.03
1024,8192,8,16384,1665.88
1024,8192,16,32,961.875
1024,8192,16,128,963.613
1024,8192,16,512,963.71
1024,8192,16,2048,1066.48
1024,8192,16,8192,1683.03
1024,8192,32,16,967.475
1024,8192,32,64,967.431
1024,8192,32,256,980.551
1024,8192,32,1024,1106.1
1024,8192,32,4096,1610.49
1024,8192,32,16384,3852.22
1024,8192,64,32,994.268
1024,8192,64,128,1039.97
1024,8192,64,512,1167.4
1024,8192,64,2048,1696.93
1024,8192,64,8192,4118.82
1024,16384,0,0,1850.25
1024,16384,1,32,1858.8
1024,16384,1,128,1857.76
1024,16384,1,512,1858.28
1024,16384,1,2048,1859.42
1024,16384,1,8192,1860.82
1024,16384,2,16,1862.99
1024,16384,2,64,1857.59
1024,16384,2,256,1859.44
1024,16384,2,1024,1864.22
1024,16384,2,4096,1858.67
1024,16384,2,16384,1879
1024,16384,4,32,1863.97
1024,16384,4,128,1862.31
1024,16384,4,512,1862.99
1024,16384,4,2048,1862.12
1024,16384,4,8192,1876.1
1024,16384,8,16,1866.41
1024,16384,8,64,1864.65
1024,16384,8,256,1860.02
1024,16384,8,1024,1866.45
1024,16384,8,4096,1880.71
1024,16384,8,16384,2360.37
1024,16384,16,32,1847.24
1024,16384,16,128,1850.56
1024,16384,16,512,1859.78
1024,16384,16,2048,1889.92
1024,16384,16,8192,2365.36
1024,16384,32,16,1859.08
1024,16384,32,64,1864.58
1024,16384,32,256,1866.54
1024,16384,32,1024,1927.19
1024,16384,32,4096,2420.81
1024,16384,32,16384,4706.22
1024,16384,64,32,1874.37
1024,16384,64,128,1876.3
1024,16384,64,512,1978.28
1024,16384,64,2048,2511.35
1024,16384,64,8192,4753.71
2048,0,0,0,239.578
2048,0,1,32,241.231
2048,0,1,128,242.628
2048,0,1,512,244.943
2048,0,1,2048,251.695
2048,0,1,8192,430.733
2048,0,2,16,244.079
2048,0,2,64,244.122
2048,0,2,256,247.301
2048,0,2,1024,255.673
2048,0,2,4096,333.343
2048,0,2,16384,691.654
2048,0,4,32,249.263
2048,0,4,128,252.559
2048,0,4,512,260.248
2048,0,4,2048,290.52
2048,0,4,8192,543.568
2048,0,8,16,260.388
2048,0,8,64,260.313
2048,0,8,256,271.043
2048,0,8,1024,302.721
2048,0,8,4096,467.265
2048,0,8,16384,1144.85
2048,0,16,32,282.52
2048,0,16,128,293.324
2048,0,16,512,325.813
2048,0,16,2048,446.839
2048,0,16,8192,1056.23
2048,0,32,16,326.911
2048,0,32,64,328.117
2048,0,32,256,370.492
2048,0,32,1024,495.69
2048,0,32,4096,1029.46
2048,0,32,16384,3873.95
2048,0,64,32,416.633
2048,0,64,128,458.54
2048,0,64,512,588.419
2048,0,64,2048,1084.3
2048,0,64,8192,4409
2048,16,0,0,252.741
2048,16,1,32,254.511
2048,16,1,128,254.724
2048,16,1,512,257.519
2048,16,1,2048,264.569
2048,16,1,8192,441.336
2048,16,2,16,257.285
2048,16,2,64,256.313
2048,16,2,256,260.163
2048,16,2,1024,267.971
2048,16,2,4096,344.637
2048,16,2,16384,703.1
2048,16,4,32,262.01
2048,16,4,128,263.865
2048,16,4,512,273.144
2048,16,4,2048,303.361
2048,16,4,8192,554.459
2048,16,8,16,272.866
2048,16,8,64,272.355
2048,16,8,256,283.992
2048,16,8,1024,315.424
2048,16,8,4096,478.102
2048,16,8,16384,1157.12
2048,16,16,32,295.564
2048,16,16,128,305.58
2048,16,16,512,338.357
2048,16,16,2048,460.141
2048,16,16,8192,1068.31
2048,16,32,16,339.359
2048,16,32,64,339.924
2048,16,32,256,382.663
2048,16,32,1024,509.502
2048,16,32,4096,1040.8
2048,16,32,16384,3959.09
2048,16,64,32,428.899
2048,16,64,128,471.041
2048,16,64,512,600.068
2048,16,64,2048,1098.89
2048,16,64,8192,4659.25
2048,32,0,0,251.749
2048,32,1,32,255.141
2048,32,1,128,255.055
2048,32,1,512,255.727
2048,32,1,2048,264.964
2048,32,1,8192,441.518
2048,32,2,16,257.466
2048,32,2,64,256.772
2048,32,2,256,259.759
2048,32,2,1024,268.047
2048,32,2,4096,344.149
2048,32,2,16384,702.226
2048,32,4,32,262.127
2048,32,4,128,264.303
2048,32,4,512,272.729
2048,32,4,2048,303.17
2048,32,4,8192,553.916
2048,32,8,16,273.262
2048,32,8,64,272.825
2048,32,8,256,283.599
2048,32,8,1024,315.446
2048,32,8,4096,477.729
2048,32,8,16384,1152.87
2048,32,16,32,295.266
2048,32,16,128,306.785
2048,32,16,512,338.73
2048,32,16,2048,460.462
2048,32,16,8192,1065.11
2048,32,32,16,340.127
2048,32,32,64,340.618
2048,32,32,256,383.783
2048,32,32,1024,510.068
2048,32,32,4096,1038.98
2048,32,32,16384,3930.78
2048,32,64,32,428.655
2048,32,64,128,472.226
2048,32,64,512,601.892
2048,32,64,2048,1099.66
2048,32,64,8192,4645.65
2048,64,0,0,251.92
2048,64,1,32,254.992
2048,64,1,128,254.906
2048,64,1,512,257.562
2048,64,1,2048,265.316
2048,64,1,8192,440.793
2048,64,2,16,257.072
2048,64,2,64,256.58
2048,64,2,256,259.344
2048,64,2,1024,268.228
2048,64,2,4096,344.693
2048,64,2,16384,702.729
2048,64,4,32,261.935
2048,64,4,128,264.601
2048,64,4,512,272.655
2048,64,4,2048,303.395
2048,64,4,8192,554.322
2048,64,8,16,273.188
2048,64,8,64,272.996
2048,64,8,256,284.045
2048,64,8,1024,315.052
2048,64,8,4096,477.623
2048,64,8,16384,1154.79
2048,64,16,32,295.128
2048,64,16,128,306.178
2048,64,16,512,338.24
2048,64,16,2048,460.281
2048,64,16,8192,1068.81
2048,64,32,16,339.466
2048,64,32,64,341.376
2048,64,32,256,383.741
2048,64,32,1024,510.741
2048,64,32,4096,1039.01
2048,64,32,16384,3902.75
2048,64,64,32,429.317
2048,64,64,128,471.949
2048,64,64,512,601.54
2048,64,64,2048,1099.82
2048,64,64,8192,4683.32
2048,128,0,0,262.938
2048,128,1,32,264.399
2048,128,1,128,264.793
2048,128,1,512,267.791
2048,128,1,2048,275.406
2048,128,1,8192,452.324
2048,128,2,16,267.833
2048,128,2,64,267.929
2048,128,2,256,270.34
2048,128,2,1024,278.532
2048,128,2,4096,354.314
2048,128,2,16384,715.379
2048,128,4,32,272.367
2048,128,4,128,275.492
2048,128,4,512,283.94
2048,128,4,2048,313.815
2048,128,4,8192,565.98
2048,128,8,16,282.851
2048,128,8,64,282.809
2048,128,8,256,293.901
2048,128,8,1024,326.006
2048,128,8,4096,488.492
2048,128,8,16384,1166.5
2048,128,16,32,305.751
2048,128,16,128,316.748
2048,128,16,512,349.514
2048,128,16,2048,470.509
2048,128,16,8192,1076.39
2048,128,32,16,350.282
2048,128,32,64,351.21
2048,128,32,256,393.842
2048,128,32,1024,520.052
2048,128,32,4096,1050.67
2048,128,32,16384,3960.76
2048,128,64,32,440.036
2048,128,64,128,481.773
2048,128,64,512,611.407
2048,128,64,2048,1110.92
2048,128,64,8192,4718.36
2048,256,0,0,285.657
2048,256,1,32,287.107
2048,256,1,128,288.558
2048,256,1,512,291.053
2048,256,1,2048,298.104
2048,256,1,8192,473.325
2048,256,2,16,291.011
2048,256,2,64,290.669
2048,256,2,256,293.785
2048,256,2,1024,302.114
2048,256,2,4096,374.12
2048,256,2,16384,740.102
2048,256,4,32,295.256
2048,256,4,128,298.914
2048,256,4,512,306.093
2048,256,4,2048,336.832
2048,256,4,8192,586.907
2048,256,8,16,306.434
2048,256,8,64,306.669
2048,256,8,256,317.228
2048,256,8,1024,349.386
2048,256,8,4096,508.673
2048,256,8,16384,1191.05
2048,256,16,32,328.747
2048,256,16,128,339.83
2048,256,16,512,372.318
2048,256,16,2048,494.753
2048,256,16,8192,1099.44
2048,256,32,16,373.396
2048,256,32,64,373.736
2048,256,32,256,416.454
2048,256,32,1024,543.433
2048,256,32,4096,1070.97
2048,256,32,16384,4027.3
2048,256,64,32,463.161
2048,256,64,128,504.631
2048,256,64,512,635.364
2048,256,64,2048,1137.18
2048,256,64,8192,4766.34
2048,512,0,0,331.489
2048,512,1,32,334.208
2048,512,1,128,334.54
2048,512,1,512,338.433
2048,512,1,2048,343.958
2048,512,1,8192,513.28
2048,512,2,16,335.36
2048,512,2,64,336.566
2048,512,2,256,339.126
2048,512,2,1024,347.413
2048,512,2,4096,411.559
2048,512,2,16384,788.932
2048,512,4,32,340.651
2048,512,4,128,343.776
2048,512,4,512,352.341
2048,512,4,2048,383.315
2048,512,4,8192,628.634
2048,512,8,16,350.037
2048,512,8,64,351.946
2048,512,8,256,361.301
2048,512,8,1024,395.602
2048,512,8,4096,549.663
2048,512,8,16384,1243.43
2048,512,16,32,373.791
2048,512,16,128,384.979
2048,512,16,512,417.82
2048,512,16,2048,542.793
2048,512,16,8192,1145.95
2048,512,32,16,417.991
2048,512,32,64,419.003
2048,512,32,256,462.202
2048,512,32,1024,589.703
2048,512,32,4096,1113.99
2048,512,32,16384,4116.55
2048,512,64,32,507.532
2048,512,64,128,549.887
2048,512,64,512,681.26
2048,512,64,2048,1180.86
2048,512,64,8192,4874.61
2048,1024,0,0,422.661
2048,1024,1,32,424.038
2048,1024,1,128,425.489
2048,1024,1,512,427.463
2048,1024,1,2048,436.293
2048,1024,1,8192,590.482
2048,1024,2,16,427.984
2048,1024,2,64,427.803
2048,1024,2,256,430.875
2048,1024,2,1024,438.768
2048,1024,2,4096,490.007
2048,1024,2,16384,889.258
2048,1024,4,32,432.465
2048,1024,4,128,435.056
2048,1024,4,512,443.407
2048,1024,4,2048,475.512
2048,1024,4,8192,710.976
2048,1024,8,16,442.523
2048,1024,8,64,441.68
2048,1024,8,256,453.946
2048,1024,8,1024,486.915
2048,1024,8,4096,627.471
2048,1024,8,16384,1347.98
2048,1024,16,32,464.419
2048,1024,16,128,476.622
2048,1024,16,512,508.524
2048,1024,16,2048,634.373
2048,1024,16,8192,1226.74
2048,1024,32,16,508.823
2048,1024,32,64,508.076
2048,1024,32,256,553.353
2048,1024,32,1024,681.474
2048,1024,32,4096,1198.42
2048,1024,32,16384,4329.7
2048,1024,64,32,599.463
2048,1024,64,128,641.262
2048,1024,64,512,771.197
2048,1024,64,2048,1277.11
2048,1024,64,8192,4992.59
2048,2048,0,0,605.938
2048,2048,1,32,607.003
2048,2048,1,128,607.014
2048,2048,1,512,609.925
2048,2048,1,2048,618.662
2048,2048,1,8192,741.47
2048,2048,2,16,610.31
2048,2048,2,64,608.763
2048,2048,2,256,612.379
2048,2048,2,1024,620.337
2048,2048,2,4096,652.846
2048,2048,2,16384,1063.8
2048,2048,4,32,614.032
2048,2048,4,128,616.742
2048,2048,4,512,626.651
2048,2048,4,2048,658.926
2048,2048,4,8192,871.436
2048,2048,8,16,621.552
2048,2048,8,64,622.438
2048,2048,8,256,634.245
2048,2048,8,1024,668.313
2048,2048,8,4096,793.232
2048,2048,8,16384,1530.01
2048,2048,16,32,642.778
2048,2048,16,128,655.502
2048,2048,16,512,690.252
2048,2048,16,2048,821.038
2048,2048,16,8192,1392.96
2048,2048,32,16,688.802
2048,2048,32,64,688.088
2048,2048,32,256,734.517
2048,2048,32,1024,864.749
2048,2048,32,4096,1367.54
2048,2048,32,16384,4827.11
2048,2048,64,32,778.684
2048,2048,64,128,821.946
2048,2048,64,512,955.656
2048,2048,64,2048,1463.91
2048,2048,64,8192,5007.14
2048,4096,0,0,967.517
2048,4096,1,32,972.517
2048,4096,1,128,971.77
2048,4096,1,512,972.455
2048,4096,1,2048,985.33
2048,4096,1,8192,1052.46
2048,4096,2,16,974.779
2048,4096,2,64,975.719
2048,4096,2,256,979.474
2048,4096,2,1024,986.257
2048,4096,2,4096,1022.24
2048,4096,2,16384,1373.68
2048,4096,4,32,985.275
2048,4096,4,128,983.622
2048,4096,4,512,990.895
2048,4096,4,2048,1025.37
2048,4096,4,8192,1181.69
2048,4096,8,16,994.598
2048,4096,8,64,995.898
2048,4096,8,256,1001.58
2048,4096,8,1024,1032.47
2048,4096,8,4096,1159.48
2048,4096,8,16384,1853.07
2048,4096,16,32,1008.21
2048,4096,16,128,1020.09
2048,4096,16,512,1051.91
2048,4096,16,2048,1185.36
2048,4096,16,8192,1717.08
2048,4096,32,16,1045.98
2048,4096,32,64,1048.46
2048,4096,32,256,1095.57
2048,4096,32,1024,1232.93
2048,4096,32,4096,1744.05
2048,4096,32,16384,4984.34
2048,4096,64,32,1137.94
2048,4096,64,128,1180.33
2048,4096,64,512,1316.04
2048,4096,64,2048,1830.5
2048,4096,64,8192,4958.17
2048,8192,0,0,1743.44
2048,8192,1,32,1753.22
2048,8192,1,128,1755.65
2048,8192,1,512,1753.25
2048,8192,1,2048,1754.51
2048,8192,1,8192,1784.67
2048,8192,2,16,1758.9
2048,8192,2,64,1759.07
2048,8192,2,256,1759.33
2048,8192,2,1024,1759.89
2048,8192,2,4096,1775.2
2048,8192,2,16384,1991.77
2048,8192,4,32,1767.27
2048,8192,4,128,1772.16
2048,8192,4,512,1765.31
2048,8192,4,2048,1772.28
2048,8192,4,8192,1843.32
2048,8192,8,16,1770.64
2048,8192,8,64,1775.87
2048,8192,8,256,1776.05
2048,8192,8,1024,1780.94
2048,8192,8,4096,1889.15
2048,8192,8,16384,2485.63
2048,8192,16,32,1787.03
2048,8192,16,128,1792.26
2048,8192,16,512,1799.76
2048,8192,16,2048,1912.75
2048,8192,16,8192,2480.58
2048,8192,32,16,1809.93
2048,8192,32,64,1810.07
2048,8192,32,256,1823.72
2048,8192,32,1024,1954.03
2048,8192,32,4096,2470.08
2048,8192,32,16384,4713.97
2048,8192,64,32,1851.15
2048,8192,64,128,1906.49
2048,8192,64,512,2043.63
2048,8192,64,2048,2580.94
2048,8192,64,8192,4901.64
2048,16384,0,0,3316.14
2048,16384,1,32,3312.94
2048,16384,1,128,3320.55
2048,16384,1,512,3318.5
2048,16384,1,2048,3327.98
2048,16384,1,8192,3327.15
2048,16384,2,16,3324.31
2048,16384,2,64,3319.15
2048,16384,2,256,3332.19
2048,16384,2,1024,3322.26
2048,16384,2,4096,3327.64
2048,16384,2,16384,3370.75
2048,16384,4,32,3329.65
2048,16384,4,128,3331.98
2048,16384,4,512,3334.07
2048,16384,4,2048,3335.12
2048,16384,4,8192,3369.3
2048,16384,8,16,3341.17
2048,16384,8,64,3345.19
2048,16384,8,256,3345.06
2048,16384,8,1024,3355.3
2048,16384,8,4096,3382.95
2048,16384,8,16384,3869.94
2048,16384,16,32,3351.53
2048,16384,16,128,3347.74
2048,16384,16,512,3357.53
2048,16384,16,2048,3363.36
2048,16384,16,8192,3882.74
2048,16384,32,16,3375.33
2048,16384,32,64,3379.41
2048,16384,32,256,3388.94
2048,16384,32,1024,3419.28
2048,16384,32,4096,3953.65
2048,16384,32,16384,6233.39
2048,16384,64,32,3409.61
2048,16384,64,128,3417.55
2048,16384,64,512,3495.84
2048,16384,64,2048,4021.66
2048,16384,64,8192,6207.01
0,0,1,32,6.36767
0,0,1,128,10.7527
0,0,1,512,11.4243
0,0,1,2048,13.5573
0,0,1,8192,28.0107
0,0,2,16,10.08
0,0,2,64,11.67
0,0,2,256,14.24
0,0,2,1024,17.8023
0,0,2,4096,35.1787
0,0,2,16384,96.79
0,0,4,32,10.2183
0,0,4,128,13.9523
0,0,4,512,17.11
0,0,4,2048,34.4217
0,0,4,8192,97.3987
0,0,8,16,10.4527
0,0,8,64,12.0323
0,0,8,256,18.7527
0,0,8,1024,33.878
0,0,8,4096,95.158
0,0,8,16384,333.379
0,0,16,32,11.04
0,0,16,128,19.2217
0,0,16,512,33.6437
0,0,16,2048,98.9027
0,0,16,8192,333.487
0,0,32,16,12.5867
0,0,32,64,16.2987
0,0,32,256,31.9367
0,0,32,1024,97.0363
0,0,32,4096,340.559
0,0,32,16384,1290.62
0,0,64,32,18.1543
0,0,64,128,34.294
0,0,64,512,95.8837
0,0,64,2048,344.142
0,0,64,8192,1306.91
0,0,128,16,22.166
0,0,128,64,33.8777
0,0,128,256,98.9347
0,0,128,1024,358.436
0,0,128,4096,1410.14
0,0,128,16384,5469.97
16,0,1,16,8.25633
16,0,1,64,8.20267
16,0,1,256,14.336
16,0,1,1024,35.264
16,0,1,4096,119.777
16,0,1,16384,461.317
16,0,2,32,8.06433
16,0,2,128,10.8057
16,0,2,512,21.238
16,0,2,2048,63.5093
16,0,2,8192,234.243
16,0,4,16,8.06367
16,0,4,64,8.128
16,0,4,256,14.2937
16,0,4,1024,35.3813
16,0,4,4096,120.683
16,0,4,16384,478.992
16,0,8,32,13.12
16,0,8,128,19.1367
16,0,8,512,40.331
16,0,8,2048,125.996
16,0,8,8192,479.461
16,0,16,16,22.56
16,0,16,64,22.859
16,0,16,256,49.3553
16,0,16,1024,134.092
16,0,16,4096,472.368
16,0,16,16384,1868.72
16,0,32,32,36.6293
16,0,32,128,59.7763
16,0,32,512,134.102
16,0,32,2048,427.781
16,0,32,8192,1642.73
16,0,64,16,64.47
16,0,64,64,66.283
16,0,64,256,155.543
16,0,64,1024,429.957
16,0,64,4096,1702.34
16,0,64,16384,6765.74
16,16,1,16,8.41633
16,16,1,64,8.42667
16,16,1,256,14.3037
16,16,1,1024,35.2637
16,16,1,4096,119.607
16,16,1,16384,461.774
16,16,2,32,8.35167
16,16,2,128,10.913
16,16,2,512,21.195
16,16,2,2048,63.4993
16,16,2,8192,234.147
16,16,4,16,8.32067
16,16,4,64,8.37367
16,16,4,256,14.3573
16,16,4,1024,35.4457
16,16,4,4096,120.62
16,16,4,16384,479.526
16,16,8,32,13.408
16,16,8,128,19.147
16,16,8,512,40.3953
16,16,8,2048,125.975
16,16,8,8192,480.474
16,16,16,16,22.6457
16,16,16,64,23.072
16,16,16,256,49.312
16,16,16,1024,133.846
16,16,16,4096,468.73
16,16,16,16384,1863.88
16,16,32,32,36.78
16,16,32,128,59.6273
16,16,32,512,134.349
16,16,32,2048,428.037
16,16,32,8192,1648.44
16,16,64,16,64.8757
16,16,64,64,66.592
16,16,64,256,155.458
16,16,64,1024,429.818
16,16,64,4096,1702.7
16,16,64,16384,6770.92
16,32,1,16,8.54367
16,32,1,64,8.47967
16,32,1,256,14.3253
16,32,1,1024,35.2217
16,32,1,4096,119.756
16,32,1,16384,462.469
16,32,2,32,8.35267
16,32,2,128,10.7843
16,32,2,512,21.2163
16,32,2,2048,63.5
16,32,2,8192,234.669
16,32,4,16,8.384
16,32,4,64,8.56533
16,32,4,256,14.379
16,32,4,1024,35.4033
16,32,4,4096,120.823
16,32,4,16384,478.075
16,32,8,32,13.3433
16,32,8,128,19.1363
16,32,8,512,40.4907
16,32,8,2048,126.017
16,32,8,8192,480.336
16,32,16,16,22.7197
16,32,16,64,23.5313
16,32,16,256,49.3867
16,32,16,1024,133.794
16,32,16,4096,472.198
16,32,16,16384,1869.6
16,32,32,32,36.94
16,32,32,128,59.616
16,32,32,512,134.38
16,32,32,2048,428.357
16,32,32,8192,1641.98
16,32,64,16,64.854
16,32,64,64,66.6043
16,32,64,256,155.383
16,32,64,1024,429.754
16,32,64,4096,1698.75
16,32,64,16384,6793.16
16,64,1,16,8.40533
16,64,1,64,8.54467
16,64,1,256,14.283
16,64,1,1024,35.1893
16,64,1,4096,119.576
16,64,1,16384,462.373
16,64,2,32,8.394
16,64,2,128,10.9867
16,64,2,512,21.1843
16,64,2,2048,63.5953
16,64,2,8192,235.181
16,64,4,16,8.34133
16,64,4,64,8.50133
16,64,4,256,14.2823
16,64,4,1024,35.5307
16,64,4,4096,120.833
16,64,4,16384,478.586
16,64,8,32,13.461
16,64,8,128,19.1253
16,64,8,512,40.3733
16,64,8,2048,126.125
16,64,8,8192,480.485
16,64,16,16,22.8797
16,64,16,64,23.265
16,64,16,256,49.5047
16,64,16,1024,134.135
16,64,16,4096,470.662
16,64,16,16384,1869.67
16,64,32,32,36.864
16,64,32,128,59.7873
16,64,32,512,134.604
16,64,32,2048,428.741
16,64,32,8192,1641.38
16,64,64,16,64.6193
16,64,64,64,66.806
16,64,64,256,155.607
16,64,64,1024,430.756
16,64,64,4096,1702.78
16,64,64,16384,6766.48
16,128,1,16,10.9653
16,128,1,64,10.8583
16,128,1,256,14.368
16,128,1,1024,35.2857
16,128,1,4096,119.713
16,128,1,16384,461.765
16,128,2,32,10.8593
16,128,2,128,11.6373
16,128,2,512,21.1627
16,128,2,2048,63.584
16,128,2,8192,235.181
16,128,4,16,10.8373
16,128,4,64,10.859
16,128,4,256,14.2827
16,128,4,1024,35.3177
16,128,4,4096,120.758
16,128,4,16384,478.79
16,128,8,32,16.9923
16,128,8,128,20.0753
16,128,8,512,40.3417
16,128,8,2048,126.114
16,128,8,8192,480.101
16,128,16,16,26.2303
16,128,16,64,26.7737
16,128,16,256,49.3333
16,128,16,1024,134.125
16,128,16,4096,472.101
16,128,16,16384,1862.14
16,128,32,32,40.3523
16,128,32,128,61.0563
16,128,32,512,134.434
16,128,32,2048,427.941
16,128,32,8192,1648.64
16,128,64,16,68.2677
16,128,64,64,70.3363
16,128,64,256,155.543
16,128,64,1024,429.829
16,128,64,4096,1702.42
16,128,64,16384,6773.37
16,256,1,16,14.3897
16,256,1,64,14.368
16,256,1,256,14.9543
16,256,1,1024,35.2543
16,256,1,4096,119.628
16,256,1,16384,463.13
16,256,2,32,14.2403
16,256,2,128,14.315
16,256,2,512,21.174
16,256,2,2048,63.52
16,256,2,8192,235.566
16,256,4,16,14.368
16,256,4,64,14.336
16,256,4,256,14.8803
16,256,4,1024,35.318
16,256,4,4096,120.844
16,256,4,16384,481.531
16,256,8,32,20.32
16,256,8,128,23.6273
16,256,8,512,40.3197
16,256,8,2048,126.103
16,256,8,8192,480.09
16,256,16,16,29.7923
16,256,16,64,30.3897
16,256,16,256,50.486
16,256,16,1024,134.21
16,256,16,4096,470.181
16,256,16,16384,1846.53
16,256,32,32,43.8727
16,256,32,128,64.5333
16,256,32,512,134.775
16,256,32,2048,429.21
16,256,32,8192,1643.01
16,256,64,16,72.1077
16,256,64,64,74.1767
16,256,64,256,156.919
16,256,64,1024,429.297
16,256,64,4096,1703.79
16,256,64,16384,6765.07
16,512,1,16,21.2593
16,512,1,64,21.2487
16,512,1,256,21.312
16,512,1,1024,35.3283
16,512,1,4096,119.639
16,512,1,16384,463.664
16,512,2,32,21.2593
16,512,2,128,21.1627
16,512,2,512,21.76
16,512,2,2048,63.5103
16,512,2,8192,234.466
16,512,4,16,21.237
16,512,4,64,21.2697
16,512,4,256,21.248
16,512,4,1024,35.574
16,512,4,4096,121.314
16,512,4,16384,481.254
16,512,8,32,27.296
16,512,8,128,30.5707
16,512,8,512,41.4193
16,512,8,2048,126.316
16,512,8,8192,479.088
16,512,16,16,36.811
16,512,16,64,37.398
16,512,16,256,57.9847
16,512,16,1024,134.444
16,512,16,4096,470.683
16,512,16,16384,1855.95
16,512,32,32,51.062
16,512,32,128,71.9257
16,512,32,512,135.863
16,512,32,2048,428.56
16,512,32,8192,1648.77
16,512,64,16,79.531
16,512,64,64,81.7293
16,512,64,256,164.173
16,512,64,1024,430.555
16,512,64,4096,1702.19
16,512,64,16384,6764.65
16,1024,1,16,35.243
16,1024,1,64,35.2753
16,1024,1,256,35.3707
16,1024,1,1024,35.701
16,1024,1,4096,119.617
16,1024,1,16384,462.81
16,1024,2,32,35.2003
16,1024,2,128,35.2003
16,1024,2,512,35.3173
16,1024,2,2048,63.521
16,1024,2,8192,233.464
16,1024,4,16,35.2433
16,1024,4,64,35.243
16,1024,4,256,35.3073
16,1024,4,1024,36.0963
16,1024,4,4096,122.231
16,1024,4,16384,479.536
16,1024,8,32,41.1953
16,1024,8,128,44.492
16,1024,8,512,55.414
16,1024,8,2048,126.262
16,1024,8,8192,477.925
16,1024,16,16,50.8803
16,1024,16,64,51.4463
16,1024,16,256,71.883
16,1024,16,1024,136.055
16,1024,16,4096,471.152
16,1024,16,16384,1863.53
16,1024,32,32,65.2913
16,1024,32,128,86.1343
16,1024,32,512,149.932
16,1024,32,2048,429.412
16,1024,32,8192,1640.98
16,1024,64,16,97.0573
16,1024,64,64,98.7637
16,1024,64,256,178.754
16,1024,64,1024,432.036
16,1024,64,4096,1704.29
16,1024,64,16384,6765.45
16,2048,1,16,63.3177
16,2048,1,64,63.275
16,2048,1,256,63.4033
16,2048,1,1024,63.3923
16,2048,1,4096,119.735
16,2048,1,16384,465.829
16,2048,2,32,63.3293
16,2048,2,128,63.2427
16,2048,2,512,63.3497
16,2048,2,2048,63.627
16,2048,2,8192,234.584
16,2048,4,16,63.2753
16,2048,4,64,63.4137
16,2048,4,256,63.3717
16,2048,4,1024,64.2237
16,2048,4,4096,122.839
16,2048,4,16384,482.096
16,2048,8,32,69.1103
16,2048,8,128,72.4383
16,2048,8,512,83.201
16,2048,8,2048,126.903
16,2048,8,8192,475.108
16,2048,16,16,78.7633
16,2048,16,64,79.3717
16,2048,16,256,99.9267
16,2048,16,1024,164.3
16,2048,16,4096,471.397
16,2048,16,16384,1854.59
16,2048,32,32,93.004
16,2048,32,128,114.124
16,2048,32,512,178.348
16,2048,32,2048,431.343
16,2048,32,8192,1645.55
16,2048,64,16,125.526
16,2048,64,64,127.735
16,2048,64,256,207.767
16,2048,64,1024,459.387
16,2048,64,4096,1728.97
16,2048,64,16384,6872.06
16,4096,1,16,119.532
16,4096,1,64,119.649
16,4096,1,256,119.66
16,4096,1,1024,119.617
16,4096,1,4096,119.916
16,4096,1,16384,469.06
16,4096,2,32,119.383
16,4096,2,128,119.277
16,4096,2,512,119.234
16,4096,2,2048,119.575
16,4096,2,8192,237.069
16,4096,4,16,119.564
16,4096,4,64,119.468
16,4096,4,256,119.393
16,4096,4,1024,120.151
16,4096,4,4096,122.326
16,4096,4,16384,481.457
16,4096,8,32,125.046
16,4096,8,128,128.3
16,4096,8,512,138.807
16,4096,8,2048,182.594
16,4096,8,8192,472.709
16,4096,16,16,134.454
16,4096,16,64,135.201
16,4096,16,256,155.683
16,4096,16,1024,219.906
16,4096,16,4096,476.411
16,4096,16,16384,1859.57
16,4096,32,32,148.78
16,4096,32,128,169.58
16,4096,32,512,234.532
16,4096,32,2048,486.778
16,4096,32,8192,1653.19
16,4096,64,16,181.474
16,4096,64,64,183.703
16,4096,64,256,273.497
16,4096,64,1024,517.499
16,4096,64,4096,1709.82
16,4096,64,16384,7157
16,8192,1,16,231.64
16,8192,1,64,231.65
16,8192,1,256,231.693
16,8192,1,1024,231.704
16,8192,1,4096,231.746
16,8192,1,16384,475.952
16,8192,2,32,231.672
16,8192,2,128,231.277
16,8192,2,512,231.416
16,8192,2,2048,231.62
16,8192,2,8192,239.16
16,8192,4,16,231.48
16,8192,4,64,231.331
16,8192,4,256,231.533
16,8192,4,1024,231.608
16,8192,4,4096,242.435
16,8192,4,16384,481.797
16,8192,8,32,236.61
16,8192,8,128,240.141
16,8192,8,512,250.946
16,8192,8,2048,294.435
16,8192,8,8192,482.074
16,8192,16,16,246.425
16,8192,16,64,246.936
16,8192,16,256,267.577
16,8192,16,1024,332.121
16,8192,16,4096,589.318
16,8192,16,16384,1854.51
16,8192,32,32,260.536
16,8192,32,128,281.111
16,8192,32,512,345.86
16,8192,32,2048,600.637
16,8192,32,8192,1659.31
16,8192,64,16,293.134
16,8192,64,64,295.694
16,8192,64,256,385.295
16,8192,64,1024,658.781
16,8192,64,4096,1802.55
16,8192,64,16384,7152.63
16,16384,1,16,462.223
16,16384,1,64,461.583
16,16384,1,256,463.919
16,16384,1,1024,464.656
16,16384,1,4096,470.373
16,16384,1,16384,473.436
16,16384,2,32,461.231
16,16384,2,128,464.644
16,16384,2,512,465.424
16,16384,2,2048,472.709
16,16384,2,8192,479.024
16,16384,4,16,461.094
16,16384,4,64,463.003
16,16384,4,256,463.568
16,16384,4,1024,471.557
16,16384,4,4096,481.829
16,16384,4,16384,481.722
16,16384,8,32,460.741
16,16384,8,128,464.218
16,16384,8,512,474.992
16,16384,8,2048,517.979
16,16384,8,8192,711.463
16,16384,16,16,469.733
16,16384,16,64,470.287
16,16384,16,256,490.287
16,16384,16,1024,554.428
16,16384,16,4096,812.137
16,16384,16,16384,1871
16,16384,32,32,483.878
16,16384,32,128,504.709
16,16384,32,512,569.094
16,16384,32,2048,823.892
16,16384,32,8192,1888.11
16,16384,64,16,516.24
16,16384,64,64,518.673
16,16384,64,256,608.53
16,16384,64,1024,883.967
16,16384,64,4096,2050.15
16,16384,64,16384,6774.54
32,0,1,16,8.43733
32,0,1,64,8.512
32,0,1,256,14.5177
32,0,1,1024,35.4353
32,0,1,4096,119.873
32,0,1,16384,462.607
32,0,2,32,8.34167
32,0,2,128,11.0073
32,0,2,512,21.4297
32,0,2,2048,63.5953
32,0,2,8192,235.608
32,0,4,16,8.33133
32,0,4,64,8.43733
32,0,4,256,14.4533
32,0,4,1024,35.638
32,0,4,4096,121.292
32,0,4,16384,479.185
32,0,8,32,13.579
32,0,8,128,19.3073
32,0,8,512,40.512
32,0,8,2048,126.412
32,0,8,8192,480.272
32,0,16,16,22.3897
32,0,16,64,22.785
32,0,16,256,49.1523
32,0,16,1024,134.166
32,0,16,4096,472.912
32,0,16,16384,1868.29
32,0,32,32,36.8217
32,0,32,128,59.798
32,0,32,512,134.412
32,0,32,2048,428.101
32,0,32,8192,1643.52
32,0,64,16,64.5877
32,0,64,64,66.412
32,0,64,256,155.778
32,0,64,1024,429.701
32,0,64,4096,1700.35
32,0,64,16384,6793.72
32,16,1,16,8.587
32,16,1,64,8.61833
32,16,1,256,14.4537
32,16,1,1024,35.456
32,16,1,4096,119.852
32,16,1,16384,462.416
32,16,2,32,8.56567
32,16,2,128,11.0407
32,16,2,512,21.3873
32,16,2,2048,63.6277
32,16,2,8192,235.255
32,16,4,16,8.43767
32,16,4,64,8.68233
32,16,4,256,14.432
32,16,4,1024,35.4877
32,16,4,4096,121.292
32,16,4,16384,479.515
32,16,8,32,13.6527
32,16,8,128,19.307
32,16,8,512,40.6833
32,16,8,2048,126.284
32,16,8,8192,480.005
32,16,16,16,22.614
32,16,16,64,23.1677
32,16,16,256,49.067
32,16,16,1024,134.231
32,16,16,4096,470.918
32,16,16,16384,1855.5
32,16,32,32,36.9393
32,16,32,128,59.67
32,16,32,512,134.86
32,16,32,2048,428.676
32,16,32,8192,1645.77
32,16,64,16,64.7153
32,16,64,64,66.7417
32,16,64,256,155.671
32,16,64,1024,429.658
32,16,64,4096,1702.56
32,16,64,16384,6755.11
32,32,1,16,8.532
32,32,1,64,8.723
32,32,1,256,14.5037
32,32,1,1024,35.4277
32,32,1,4096,119.75
32,32,1,16384,461.597
32,32,2,32,8.53133
32,32,2,128,10.984
32,32,2,512,21.3717
32,32,2,2048,63.5697
32,32,2,8192,234.915
32,32,4,16,8.542
32,32,4,64,8.703
32,32,4,256,14.4507
32,32,4,1024,35.47
32,32,4,4096,121.062
32,32,4,16384,478.852
32,32,8,32,13.6287
32,32,8,128,19.3237
32,32,8,512,40.4713
32,32,8,2048,126.405
32,32,8,8192,479.939
32,32,16,16,22.5663
32,32,16,64,23.0567
32,32,16,256,49.195
32,32,16,1024,134.435
32,32,16,4096,470.736
32,32,16,16384,1873.97
32,32,32,32,37.091
32,32,32,128,59.6883
32,32,32,512,134.67
32,32,32,2048,428.581
32,32,32,8192,1641.27
32,32,64,16,65.0423
32,32,64,64,66.6637
32,32,64,256,155.711
32,32,64,1024,429.776
32,32,64,4096,1704.96
32,32,64,16384,6761.32
32,64,1,16,8.61733
32,64,1,64,8.64867
32,64,1,256,14.4717
32,64,1,1024,35.4167
32,64,1,4096,119.729
32,64,1,16384,461.962
32,64,2,32,8.574
32,64,2,128,11.006
32,64,2,512,21.382
32,64,2,2048,63.6773
32,64,2,8192,235
32,64,4,16,8.64867
32,64,4,64,8.712
32,64,4,256,14.4827
32,64,4,1024,35.5447
32,64,4,4096,121.179
32,64,4,16384,480.069
32,64,8,32,13.7993
32,64,8,128,19.409
32,64,8,512,40.439
32,64,8,2048,126.363
32,64,8,8192,480.123
32,64,16,16,22.672
32,64,16,64,23.067
32,64,16,256,49.1303
32,64,16,1024,134.212
32,64,16,4096,470.461
32,64,16,16384,1843.52
32,64,32,32,36.9947
32,64,32,128,59.8063
32,64,32,512,134.542
32,64,32,2048,428.497
32,64,32,8192,1645.86
32,64,64,16,64.8293
32,64,64,64,66.9087
32,64,64,256,155.69
32,64,64,1024,430.086
32,64,64,4096,1703.36
32,64,64,16384,6763.8
32,128,1,16,11.1443
32,128,1,64,11.1443
32,128,1,256,14.482
32,128,1,1024,35.4063
32,128,1,4096,119.74
32,128,1,16384,461.994
32,128,2,32,11.0587
32,128,2,128,11.7737
32,128,2,512,21.372
32,128,2,2048,63.6237
32,128,2,8192,234.767
32,128,4,16,11.1127
32,128,4,64,11.1017
32,128,4,256,14.429
32,128,4,1024,35.5127
32,128,4,4096,121.137
32,128,4,16384,479.335
32,128,8,32,17.095
32,128,8,128,20.3907
32,128,8,512,40.5147
32,128,8,2048,126.469
32,128,8,8192,480.455
32,128,16,16,26.128
32,128,16,64,26.501
32,128,16,256,49.0453
32,128,16,1024,133.85
32,128,16,4096,471.839
32,128,16,16384,1870.84
32,128,32,32,40.5887
32,128,32,128,60.968
32,128,32,512,134.798
32,128,32,2048,428.573
32,128,32,8192,1649.57
32,128,64,16,68.2737
32,128,64,64,70.599
32,128,64,256,155.509
32,128,64,1024,429.416
32,128,64,4096,1703.8
32,128,64,16384,6771.19
32,256,1,16,14.632
32,256,1,64,14.6317
32,256,1,256,15.1967
32,256,1,1024,35.385
32,256,1,4096,119.698
32,256,1,16384,463.617
32,256,2,32,14.5893
32,256,2,128,14.6317
32,256,2,512,21.3713
32,256,2,2048,63.4963
32,256,2,8192,236.358
32,256,4,16,14.599
32,256,4,64,14.5567
32,256,4,256,14.962
32,256,4,1024,35.5657
32,256,4,4096,121.117
32,256,4,16384,481.587
32,256,8,32,20.6997
32,256,8,128,23.9837
32,256,8,512,40.6317
32,256,8,2048,126.342
32,256,8,8192,479.795
32,256,16,16,29.6363
32,256,16,64,30.202
32,256,16,256,50.6137
32,256,16,1024,133.54
32,256,16,4096,470.411
32,256,16,16384,1859.19
32,256,32,32,44.1187
32,256,32,128,64.6593
32,256,32,512,134.97
32,256,32,2048,429.129
32,256,32,8192,1648.83
32,256,64,16,72.5617
32,256,64,64,74.2473
32,256,64,256,156.96
32,256,64,1024,430.025
32,256,64,4096,1702.67
32,256,64,16384,6772.46
32,512,1,16,21.5843
32,512,1,64,21.553
32,512,1,256,21.5427
32,512,1,1024,35.4167
32,512,1,4096,119.868
32,512,1,16384,462.637
32,512,2,32,21.4787
32,512,2,128,21.4897
32,512,2,512,21.8723
32,512,2,2048,63.518
32,512,2,8192,234.94
32,512,4,16,21.4993
32,512,4,64,21.5103
32,512,4,256,21.4997
32,512,4,1024,35.651
32,512,4,4096,121.512
32,512,4,16384,480.149
32,512,8,32,27.5037
32,512,8,128,30.8523
32,512,8,512,41.592
32,512,8,2048,126.641
32,512,8,8192,478.646
32,512,16,16,36.7927
32,512,16,64,37.4003
32,512,16,256,57.5247
32,512,16,1024,134.181
32,512,16,4096,470.786
32,512,16,16384,1856.13
32,512,32,32,51.062
32,512,32,128,71.8473
32,512,32,512,136.272
32,512,32,2048,429.782
32,512,32,8192,1649.18
32,512,64,16,79.408
32,512,64,64,81.776
32,512,64,256,164.34
32,512,64,1024,430.165
32,512,64,4096,1701.11
32,512,64,16384,6782.73
32,1024,1,16,35.5777
32,1024,1,64,35.588
32,1024,1,256,35.545
32,1024,1,1024,35.8973
32,1024,1,4096,119.806
32,1024,1,16384,462.928
32,1024,2,32,35.5447
32,1024,2,128,35.6093
32,1024,2,512,35.5133
32,1024,2,2048,63.508
32,1024,2,8192,234.098
32,1024,4,16,35.4807
32,1024,4,64,35.524
32,1024,4,256,35.4913
32,1024,4,1024,36.2913
32,1024,4,4096,122.61
32,1024,4,16384,480.034
32,1024,8,32,41.4427
32,1024,8,128,44.888
32,1024,8,512,55.744
32,1024,8,2048,126.482
32,1024,8,8192,478.21
32,1024,16,16,50.678
32,1024,16,64,51.393
32,1024,16,256,71.922
32,1024,16,1024,136.048
32,1024,16,4096,470.031
32,1024,16,16384,1856.1
32,1024,32,32,65.3407
32,1024,32,128,86.245
32,1024,32,512,150.072
32,1024,32,2048,429.398
32,1024,32,8192,1646.63
32,1024,64,16,97.2183
32,1024,64,64,99.0953
32,1024,64,256,178.717
32,1024,64,1024,432.258
32,1024,64,4096,1708.9
32,1024,64,16384,6782.72
32,2048,1,16,63.614
32,2048,1,64,63.625
32,2048,1,256,63.6253
32,2048,1,1024,63.6247
32,2048,1,4096,119.838
32,2048,1,16384,466.693
32,2048,2,32,63.6357
32,2048,2,128,63.6143
32,2048,2,512,63.561
32,2048,2,2048,63.9027
32,2048,2,8192,234.536
32,2048,4,16,63.5603
32,2048,4,64,63.5607
32,2048,4,256,63.6143
32,2048,4,1024,64.5097
32,2048,4,4096,123.293
32,2048,4,16384,481.294
32,2048,8,32,69.437
32,2048,8,128,72.7857
32,2048,8,512,83.707
32,2048,8,2048,127.228
32,2048,8,8192,475.898
32,2048,16,16,78.641
32,2048,16,64,79.238
32,2048,16,256,99.6823
32,2048,16,1024,163.606
32,2048,16,4096,471.472
32,2048,16,16384,1865.24
32,2048,32,32,93.273
32,2048,32,128,114.431
32,2048,32,512,178.611
32,2048,32,2048,431.737
32,2048,32,8192,1648.71
32,2048,64,16,125.661
32,2048,64,64,127.837
32,2048,64,256,208.12
32,2048,64,1024,461.043
32,2048,64,4096,1729.61
32,2048,64,16384,6925.19
32,4096,1,16,119.817
32,4096,1,64,119.785
32,4096,1,256,119.764
32,4096,1,1024,119.87
32,4096,1,4096,120.052
32,4096,1,16384,468.592
32,4096,2,32,119.721
32,4096,2,128,119.721
32,4096,2,512,119.871
32,4096,2,2048,119.796
32,4096,2,8192,237.672
32,4096,4,16,119.582
32,4096,4,64,119.572
32,4096,4,256,119.646
32,4096,4,1024,120.585
32,4096,4,4096,122.771
32,4096,4,16384,481.509
32,4096,8,32,125.427
32,4096,8,128,128.509
32,4096,8,512,139.28
32,4096,8,2048,182.867
32,4096,8,8192,473.884
32,4096,16,16,134.833
32,4096,16,64,134.865
32,4096,16,256,156.056
32,4096,16,1024,220.15
32,4096,16,4096,476.679
32,4096,16,16384,1852.05
32,4096,32,32,148.9
32,4096,32,128,169.578
32,4096,32,512,234.537
32,4096,32,2048,486.457
32,4096,32,8192,1653.5
32,4096,64,16,181.214
32,4096,64,64,183.762
32,4096,64,256,273.474
32,4096,64,1024,517.972
32,4096,64,4096,1708.51
32,4096,64,16384,7158.41
32,8192,1,16,231.935
32,8192,1,64,232.021
32,8192,1,256,232.181
32,8192,1,1024,231.829
32,8192,1,4096,232.095
32,8192,1,16384,476.188
32,8192,2,32,231.797
32,8192,2,128,231.786
32,8192,2,512,231.829
32,8192,2,2048,231.861
32,8192,2,8192,238.718
32,8192,4,16,231.764
32,8192,4,64,231.669
32,8192,4,256,231.604
32,8192,4,1024,232.245
32,8192,4,4096,241.747
32,8192,4,16384,483.493
32,8192,8,32,237.075
32,8192,8,128,240.552
32,8192,8,512,251.217
32,8192,8,2048,294.515
32,8192,8,8192,482.364
32,8192,16,16,246.439
32,8192,16,64,247.132
32,8192,16,256,267.449
32,8192,16,1024,331.522
32,8192,16,4096,590.003
32,8192,16,16384,1853.61
32,8192,32,32,260.453
32,8192,32,128,281.207
32,8192,32,512,346.186
32,8192,32,2048,600.102
32,8192,32,8192,1659.01
32,8192,64,16,293.087
32,8192,64,64,294.964
32,8192,64,256,385.049
32,8192,64,1024,659.292
32,8192,64,4096,1799.05
32,8192,64,16384,7175.58
32,16384,1,16,462.55
32,16384,1,64,462.645
32,16384,1,256,464.533
32,16384,1,1024,463.755
32,16384,1,4096,470.505
32,16384,1,16384,472.949
32,16384,2,32,460.97
32,16384,2,128,465.163
32,16384,2,512,465.439
32,16384,2,2048,473.257
32,16384,2,8192,480.499
32,16384,4,16,460.575
32,16384,4,64,463.638
32,16384,4,256,463.062
32,16384,4,1024,470.805
32,16384,4,4096,483.325
32,16384,4,16384,479.891
32,16384,8,32,462.123
32,16384,8,128,464.48
32,16384,8,512,475.539
32,16384,8,2048,518.368
32,16384,8,8192,712.616
32,16384,16,16,469.023
32,16384,16,64,469.706
32,16384,16,256,490.822
32,16384,16,1024,555.153
32,16384,16,4096,813.143
32,16384,16,16384,1875.01
32,16384,32,32,483.411
32,16384,32,128,504.932
32,16384,32,512,569.262
32,16384,32,2048,824.928
32,16384,32,8192,1888.44
32,16384,64,16,515.8
32,16384,64,64,518.956
32,16384,64,256,608.925
32,16384,64,1024,883.371
32,16384,64,4096,2047
32,16384,64,16384,6777.36
64,0,1,16,8.70233
64,0,1,64,8.72433
64,0,1,256,14.6107
64,0,1,1024,35.4917
64,0,1,4096,120.031
64,0,1,16384,463.927
64,0,2,32,8.628
64,0,2,128,11.0693
64,0,2,512,21.501
64,0,2,2048,63.786
64,0,2,8192,236.373
64,0,4,16,8.53233
64,0,4,64,8.59633
64,0,4,256,14.5893
64,0,4,1024,35.9507
64,0,4,4096,121.632
64,0,4,16384,480.34
64,0,8,32,13.821
64,0,8,128,19.3567
64,0,8,512,40.4727
64,0,8,2048,126.313
64,0,8,8192,480.671
64,0,16,16,22.9077
64,0,16,64,23.249
64,0,16,256,49.1427
64,0,16,1024,133.8
64,0,16,4096,471.243
64,0,16,16384,1873.09
64,0,32,32,37.1873
64,0,32,128,59.7227
64,0,32,512,134.429
64,0,32,2048,428.521
64,0,32,8192,1642.17
64,0,64,16,64.65
64,0,64,64,66.8467
64,0,64,256,155.546
64,0,64,1024,429.694
64,0,64,4096,1703.54
64,0,64,16384,6761.7
64,16,1,16,8.64867
64,16,1,64,8.71333
64,16,1,256,14.5577
64,16,1,1024,35.46
64,16,1,4096,119.968
64,16,1,16384,464.537
64,16,2,32,8.56267
64,16,2,128,11.0803
64,16,2,512,21.532
64,16,2,2048,63.9033
64,16,2,8192,236.31
64,16,4,16,8.55333
64,16,4,64,9.09633
64,16,4,256,14.8027
64,16,4,1024,35.7913
64,16,4,4096,121.684
64,16,4,16384,480.053
64,16,8,32,13.8643
64,16,8,128,19.442
64,16,8,512,40.473
64,16,8,2048,126.313
64,16,8,8192,480.268
64,16,16,16,22.9183
64,16,16,64,23.2387
64,16,16,256,49.133
64,16,16,1024,134.045
64,16,16,4096,472.29
64,16,16,16384,1860.57
64,16,32,32,37.1877
64,16,32,128,59.7013
64,16,32,512,134.344
64,16,32,2048,429.066
64,16,32,8192,1646.39
64,16,64,16,64.853
64,16,64,64,66.8147
64,16,64,256,155.546
64,16,64,1024,430.196
64,16,64,4096,1700.67
64,16,64,16384,6773.82
64,32,1,16,8.724
64,32,1,64,8.80967
64,32,1,256,14.5577
64,32,1,1024,35.471
64,32,1,4096,119.787
64,32,1,16384,464.196
64,32,2,32,8.66
64,32,2,128,11.1123
64,32,2,512,21.543
64,32,2,2048,63.8173
64,32,2,8192,236.781
64,32,4,16,8.57467
64,32,4,64,8.841
64,32,4,256,14.696
64,32,4,1024,36.1
64,32,4,4096,121.643
64,32,4,16384,478.733
64,32,8,32,13.9707
64,32,8,128,19.3993
64,32,8,512,40.5587
64,32,8,2048,126.432
64,32,8,8192,480.269
64,32,16,16,22.716
64,32,16,64,23.3453
64,32,16,256,49.1967
64,32,16,1024,134.26
64,32,16,4096,470.468
64,32,16,16384,1857.23
64,32,32,32,37.0817
64,32,32,128,59.7763
64,32,32,512,134.708
64,32,32,2048,429.792
64,32,32,8192,1644.38
64,32,64,16,64.938
64,32,64,64,66.783
64,32,64,256,155.642
64,32,64,1024,429.707
64,32,64,4096,1703.88
64,32,64,16384,6770.37
64,64,1,16,8.724
64,64,1,64,8.74567
64,64,1,256,14.5467
64,64,1,1024,35.4607
64,64,1,4096,119.926
64,64,1,16384,463.846
64,64,2,32,8.65967
64,64,2,128,11.1443
64,64,2,512,21.5007
64,64,2,2048,63.8503
64,64,2,8192,236.258
64,64,4,16,8.55367
64,64,4,64,8.617
64,64,4,256,14.792
64,64,4,1024,36.079
64,64,4,4096,121.409
64,64,4,16384,480.495
64,64,8,32,14.0137
64,64,8,128,19.3357
64,64,8,512,40.783
64,64,8,2048,126.314
64,64,8,8192,481.208
64,64,16,16,22.9727
64,64,16,64,23.3237
64,64,16,256,49.186
64,64,16,1024,134.217
64,64,16,4096,470.608
64,64,16,16384,1872.88
64,64,32,32,37.3053
64,64,32,128,59.723
64,64,32,512,134.655
64,64,32,2048,428.834
64,64,32,8192,1647.12
64,64,64,16,65.109
64,64,64,64,67.0177
64,64,64,256,155.504
64,64,64,1024,430.455
64,64,64,4096,1704.23
64,64,64,16384,6770.45
64,128,1,16,11.528
64,128,1,64,11.4433
64,128,1,256,14.5253
64,128,1,1024,35.525
64,128,1,4096,119.916
64,128,1,16384,463.581
64,128,2,32,11.3897
64,128,2,128,11.8593
64,128,2,512,21.489
64,128,2,2048,63.8513
64,128,2,8192,236.472
64,128,4,16,11.507
64,128,4,64,11.39
64,128,4,256,14.739
64,128,4,1024,35.866
64,128,4,4096,122.635
64,128,4,16384,481.007
64,128,8,32,17.4263
64,128,8,128,20.6583
64,128,8,512,40.4733
64,128,8,2048,126.667
64,128,8,8192,480.667
64,128,16,16,26.4067
64,128,16,64,26.822
64,128,16,256,49.0583
64,128,16,1024,134.016
64,128,16,4096,472.006
64,128,16,16384,1874.38
64,128,32,32,40.911
64,128,32,128,61.3237
64,128,32,512,134.591
64,128,32,2048,428.515
64,128,32,8192,1639.61
64,128,64,16,68.49
64,128,64,64,70.581
64,128,64,256,155.525
64,128,64,1024,430.424
64,128,64,4096,1703.28
64,128,64,16384,6784.43
64,256,1,16,14.9413
64,256,1,64,14.91
64,256,1,256,15.1653
64,256,1,1024,35.503
64,256,1,4096,119.884
64,256,1,16384,468.135
64,256,2,32,14.867
64,256,2,128,14.888
64,256,2,512,21.511
64,256,2,2048,63.8397
64,256,2,8192,238.413
64,256,4,16,15.0157
64,256,4,64,14.963
64,256,4,256,15.198
64,256,4,1024,35.962
64,256,4,4096,121.58
64,256,4,16384,482.108
64,256,8,32,21.031
64,256,8,128,24.1453
64,256,8,512,40.4737
64,256,8,2048,126.316
64,256,8,8192,480.412
64,256,16,16,30.011
64,256,16,64,30.79
64,256,16,256,50.616
64,256,16,1024,134.079
64,256,16,4096,472.574
64,256,16,16384,1860.96
64,256,32,32,44.4297
64,256,32,128,65.0027
64,256,32,512,134.688
64,256,32,2048,429.061
64,256,32,8192,1645.67
64,256,64,16,72.4047
64,256,64,64,74.623
64,256,64,256,157.414
64,256,64,1024,430.052
64,256,64,4096,1703.87
64,256,64,16384,6767.24
64,512,1,16,21.8413
64,512,1,64,21.8423
64,512,1,256,21.8627
64,512,1,1024,35.5037
64,512,1,4096,119.81
64,512,1,16384,466.623
64,512,2,32,21.8417
64,512,2,128,21.9377
64,512,2,512,22.1407
64,512,2,2048,63.8193
64,512,2,8192,238.084
64,512,4,16,22.0227
64,512,4,64,21.8737
64,512,4,256,22.2257
64,512,4,1024,36.1437
64,512,4,4096,122.711
64,512,4,16384,480.168
64,512,8,32,27.9
64,512,8,128,31.1527
64,512,8,512,41.657
64,512,8,2048,126.294
64,512,8,8192,478.835
64,512,16,16,36.869
64,512,16,64,37.7327
64,512,16,256,57.7607
64,512,16,1024,134.005
64,512,16,4096,472.019
64,512,16,16384,1855.79
64,512,32,32,51.5757
64,512,32,128,72.2233
64,512,32,512,136.458
64,512,32,2048,428.795
64,512,32,8192,1648.2
64,512,64,16,79.7953
64,512,64,64,81.8
64,512,64,256,164.517
64,512,64,1024,430.47
64,512,64,4096,1703.79
64,512,64,16384,6763.53
64,1024,1,16,35.8873
64,1024,1,64,35.9083
64,1024,1,256,35.8767
64,1024,1,1024,36.0153
64,1024,1,4096,119.789
64,1024,1,16384,465.248
64,1024,2,32,35.823
64,1024,2,128,35.8237
64,1024,2,512,35.8667
64,1024,2,2048,63.7557
64,1024,2,8192,236.197
64,1024,4,16,35.8663
64,1024,4,64,35.9413
64,1024,4,256,36.3463
64,1024,4,1024,36.5167
64,1024,4,4096,122.572
64,1024,4,16384,482.526
64,1024,8,32,42.02
64,1024,8,128,45.102
64,1024,8,512,55.8743
64,1024,8,2048,126.433
64,1024,8,8192,477.929
64,1024,16,16,51.011
64,1024,16,64,51.5437
64,1024,16,256,72.0627
64,1024,16,1024,136.255
64,1024,16,4096,471.755
64,1024,16,16384,1870.12
64,1024,32,32,65.6537
64,1024,32,128,86.631
64,1024,32,512,150.516
64,1024,32,2048,430.012
64,1024,32,8192,1647.85
64,1024,64,16,97.1157
64,1024,64,64,99.227
64,1024,64,256,178.969
64,1024,64,1024,432.891
64,1024,64,4096,1701.66
64,1024,64,16384,6780.32
64,2048,1,16,63.9373
64,2048,1,64,63.9047
64,2048,1,256,63.9367
64,2048,1,1024,63.9787
64,2048,1,4096,120.045
64,2048,1,16384,470.027
64,2048,2,32,63.8513
64,2048,2,128,63.926
64,2048,2,512,63.8517
64,2048,2,2048,64.267
64,2048,2,8192,238.523
64,2048,4,16,63.958
64,2048,4,64,63.9577
64,2048,4,256,64.438
64,2048,4,1024,64.865
64,2048,4,4096,123.33
64,2048,4,16384,481.993
64,2048,8,32,69.7277
64,2048,8,128,73.0553
64,2048,8,512,83.678
64,2048,8,2048,127.031
64,2048,8,8192,476.064
64,2048,16,16,78.8573
64,2048,16,64,79.3573
64,2048,16,256,100.208
64,2048,16,1024,164.337
64,2048,16,4096,471.574
64,2048,16,16384,1844.83
64,2048,32,32,93.2757
64,2048,32,128,114.392
64,2048,32,512,178.937
64,2048,32,2048,431.401
64,2048,32,8192,1647.37
64,2048,64,16,125.943
64,2048,64,64,128.086
64,2048,64,256,208.277
64,2048,64,1024,460.696
64,2048,64,4096,1727.24
64,2048,64,16384,6930.52
64,4096,1,16,120.248
64,4096,1,64,120.056
64,4096,1,256,120.269
64,4096,1,1024,120.205
64,4096,1,4096,120.397
64,4096,1,16384,470.252
64,4096,2,32,120.056
64,4096,2,128,120.098
64,4096,2,512,120.205
64,4096,2,2048,120.312
64,4096,2,8192,237.253
64,4096,4,16,120.067
64,4096,4,64,120.045
64,4096,4,256,120.482
64,4096,4,1024,120.802
64,4096,4,4096,123.203
64,4096,4,16384,482.017
64,4096,8,32,125.645
64,4096,8,128,128.78
64,4096,8,512,139.626
64,4096,8,2048,183.001
64,4096,8,8192,472.268
64,4096,16,16,134.934
64,4096,16,64,135.702
64,4096,16,256,155.742
64,4096,16,1024,220.351
64,4096,16,4096,476.994
64,4096,16,16384,1862.45
64,4096,32,32,149.503
64,4096,32,128,170.033
64,4096,32,512,234.716
64,4096,32,2048,487.382
64,4096,32,8192,1654.69
64,4096,64,16,181.594
64,4096,64,64,183.961
64,4096,64,256,273.708
64,4096,64,1024,518.651
64,4096,64,4096,1710.24
64,4096,64,16384,7166.04
64,8192,1,16,232.199
64,8192,1,64,232.082
64,8192,1,256,232.168
64,8192,1,1024,232.146
64,8192,1,4096,232.476
64,8192,1,16384,476.247
64,8192,2,32,232.136
64,8192,2,128,232.221
64,8192,2,512,232.434
64,8192,2,2048,232.413
64,8192,2,8192,238.812
64,8192,4,16,232.029
64,8192,4,64,232.05
64,8192,4,256,232.391
64,8192,4,1024,232.797
64,8192,4,4096,242.192
64,8192,4,16384,483.137
64,8192,8,32,237.351
64,8192,8,128,240.71
64,8192,8,512,251.471
64,8192,8,2048,294.526
64,8192,8,8192,482.796
64,8192,16,16,246.725
64,8192,16,64,247.824
64,8192,16,256,267.564
64,8192,16,1024,332.643
64,8192,16,4096,588.818
64,8192,16,16384,1855.09
64,8192,32,32,260.655
64,8192,32,128,281.803
64,8192,32,512,346.114
64,8192,32,2048,600.006
64,8192,32,8192,1660.01
64,8192,64,16,292.713
64,8192,64,64,295.55
64,8192,64,256,385.691
64,8192,64,1024,659.049
64,8192,64,4096,1800.98
64,8192,64,16384,7157.37
64,16384,1,16,462.704
64,16384,1,64,462.822
64,16384,1,256,464.592
64,16384,1,1024,465.371
64,16384,1,4096,470.585
64,16384,1,16384,473.807
64,16384,2,32,462.342
64,16384,2,128,465.328
64,16384,2,512,465.552
64,16384,2,2048,473.327
64,16384,2,8192,479.694
64,16384,4,16,461.232
64,16384,4,64,463.866
64,16384,4,256,463.685
64,16384,4,1024,472.068
64,16384,4,4096,482.35
64,16384,4,16384,481.038
64,16384,8,32,462.012
64,16384,8,128,465.137
64,16384,8,512,475.438
64,16384,8,2048,518.569
64,16384,8,8192,713.12
64,16384,16,16,469.008
64,16384,16,64,470.224
64,16384,16,256,490.487
64,16384,16,1024,555.342
64,16384,16,4096,814.813
64,16384,16,16384,1871.66
64,16384,32,32,484.536
64,16384,32,128,505.195
64,16384,32,512,569.569
64,16384,32,2048,825.638
64,16384,32,8192,1887.5
64,16384,64,16,516.649
64,16384,64,64,518.751
64,16384,64,256,608.796
64,16384,64,1024,884.893
64,16384,64,4096,2052.42
64,16384,64,16384,6748.17
128,0,1,16,8.43567
128,0,1,64,8.49967
128,0,1,256,14.5473
128,0,1,1024,35.462
128,0,1,4096,119.759
128,0,1,16384,463.942
128,0,2,32,8.43633
128,0,2,128,11.113
128,0,2,512,21.6387
128,0,2,2048,63.9907
128,0,2,8192,236.05
128,0,4,16,13.427
128,0,4,64,13.5233
128,0,4,256,20.424
128,0,4,1024,41.5733
128,0,4,4096,126.67
128,0,4,16384,478.586
128,0,8,32,14.5147
128,0,8,128,20.0713
128,0,8,512,40.9437
128,0,8,2048,127.224
128,0,8,8192,481.391
128,0,16,16,23.7837
128,0,16,64,24.167
128,0,16,256,49.689
128,0,16,1024,134.775
128,0,16,4096,471.003
128,0,16,16384,1875.39
128,0,32,32,38.6613
128,0,32,128,60.962
128,0,32,512,135.458
128,0,32,2048,430.263
128,0,32,8192,1645.89
128,0,64,16,68.5447
128,0,64,64,70.2507
128,0,64,256,158.74
128,0,64,1024,432.919
128,0,64,4096,1709.08
128,0,64,16384,6761.64
128,16,1,16,11.241
128,16,1,64,11.283
128,16,1,256,14.6327
128,16,1,1024,35.6217
128,16,1,4096,120.004
128,16,1,16384,462.6
128,16,2,32,11.4013
128,16,2,128,11.4007
128,16,2,512,21.619
128,16,2,2048,64.0553
128,16,2,8192,236.372
128,16,4,16,16.797
128,16,4,64,16.9353
128,16,4,256,20.7113
128,16,4,1024,41.7003
128,16,4,4096,126.915
128,16,4,16384,478.609
128,16,8,32,18.1737
128,16,8,128,20.2637
128,16,8,512,40.944
128,16,8,2048,127.161
128,16,8,8192,481.328
128,16,16,16,26.972
128,16,16,64,27.484
128,16,16,256,49.8597
128,16,16,1024,134.807
128,16,16,4096,472.967
128,16,16,16384,1849.6
128,16,32,32,41.9673
128,16,32,128,61.655
128,16,32,512,135.959
128,16,32,2048,430.339
128,16,32,8192,1648.34
128,16,64,16,72.1387
128,16,64,64,73.846
128,16,64,256,158.645
128,16,64,1024,433.08
128,16,64,4096,1708.23
128,16,64,16384,6770.95
128,32,1,16,11.22
128,32,1,64,11.3163
128,32,1,256,14.59
128,32,1,1024,35.5467
128,32,1,4096,119.983
128,32,1,16384,463.336
128,32,2,32,11.465
128,32,2,128,11.3687
128,32,2,512,21.5227
128,32,2,2048,64.087
128,32,2,8192,236.191
128,32,4,16,16.7227
128,32,4,64,16.9047
128,32,4,256,20.7437
128,32,4,1024,41.6793
128,32,4,4096,126.83
128,32,4,16384,480.061
128,32,8,32,18.216
128,32,8,128,20.509
128,32,8,512,40.9333
128,32,8,2048,127.224
128,32,8,8192,481.201
128,32,16,16,27.0363
128,32,16,64,27.538
128,32,16,256,49.8383
128,32,16,1024,134.691
128,32,16,4096,473.747
128,32,16,16384,1869.44
128,32,32,32,42.2023
128,32,32,128,61.8157
128,32,32,512,135.981
128,32,32,2048,430.436
128,32,32,8192,1649.63
128,32,64,16,72.2343
128,32,64,64,74.2613
128,32,64,256,159.039
128,32,64,1024,433.422
128,32,64,4096,1706.92
128,32,64,16384,6761.39
128,64,1,16,11.3043
128,64,1,64,11.3047
128,64,1,256,14.5687
128,64,1,1024,35.451
128,64,1,4096,119.802
128,64,1,16384,461.865
128,64,2,32,11.5387
128,64,2,128,11.4653
128,64,2,512,21.522
128,64,2,2048,63.8413
128,64,2,8192,235.807
128,64,4,16,16.8837
128,64,4,64,17.0113
128,64,4,256,20.648
128,64,4,1024,41.7013
128,64,4,4096,127.353
128,64,4,16384,481.843
128,64,8,32,18.387
128,64,8,128,20.467
128,64,8,512,40.933
128,64,8,2048,127.268
128,64,8,8192,480.605
128,64,16,16,27.239
128,64,16,64,27.5913
128,64,16,256,49.8697
128,64,16,1024,134.883
128,64,16,4096,473.247
128,64,16,16384,1862.1
128,64,32,32,41.957
128,64,32,128,61.6773
128,64,32,512,136.045
128,64,32,2048,430.086
128,64,32,8192,1648.08
128,64,64,16,72.3527
128,64,64,64,74.1763
128,64,64,256,159.029
128,64,64,1024,433.455
128,64,64,4096,1710.28
128,64,64,16384,6757.36
128,128,1,16,11.518
128,128,1,64,11.4863
128,128,1,256,14.4937
128,128,1,1024,35.387
128,128,1,4096,119.845
128,128,1,16384,467.06
128,128,2,32,11.7747
128,128,2,128,11.743
128,128,2,512,21.65
128,128,2,2048,63.7677
128,128,2,8192,238.975
128,128,4,16,17.075
128,128,4,64,17.2877
128,128,4,256,24.018
128,128,4,1024,45.1667
128,128,4,4096,130.521
128,128,4,16384,480.04
128,128,8,32,20.1147
128,128,8,128,21.2337
128,128,8,512,41.0393
128,128,8,2048,127.311
128,128,8,8192,480.479
128,128,16,16,27.6543
128,128,16,64,27.8893
128,128,16,256,49.87
128,128,16,1024,134.841
128,128,16,4096,470.902
128,128,16,16384,1848.7
128,128,32,32,42.6613
128,128,32,128,62.839
128,128,32,512,136.141
128,128,32,2048,430.224
128,128,32,8192,1648.91
128,128,64,16,73.2383
128,128,64,64,74.9657
128,128,64,256,159.371
128,128,64,1024,433.34
128,128,64,4096,1702.8
128,128,64,16384,6770.33
128,256,1,16,14.9207
128,256,1,64,14.9623
128,256,1,256,15.0807
128,256,1,1024,35.4083
128,256,1,4096,119.973
128,256,1,16384,466.114
128,256,2,32,15.3473
128,256,2,128,15.1873
128,256,2,512,21.4367
128,256,2,2048,63.9913
128,256,2,8192,237.899
128,256,4,16,20.605
128,256,4,64,20.7437
128,256,4,256,27.346
128,256,4,1024,49.0603
128,256,4,4096,134.233
128,256,4,16384,480.17
128,256,8,32,25.394
128,256,8,128,27.164
128,256,8,512,41.211
128,256,8,2048,127.449
128,256,8,8192,480.245
128,256,16,16,31.601
128,256,16,64,32.1553
128,256,16,256,51.9507
128,256,16,1024,135.278
128,256,16,4096,472.086
128,256,16,16384,1873.56
128,256,32,32,47.3327
128,256,32,128,67.0947
128,256,32,512,135.971
128,256,32,2048,430.887
128,256,32,8192,1648.63
128,256,64,16,78.219
128,256,64,64,79.872
128,256,64,256,161.782
128,256,64,1024,433.159
128,256,64,4096,1706.61
128,256,64,16384,6767.31
128,512,1,16,21.8747
128,512,1,64,21.8853
128,512,1,256,22.0237
128,512,1,1024,35.494
128,512,1,4096,119.792
128,512,1,16384,465.219
128,512,2,32,22.2477
128,512,2,128,22.386
128,512,2,512,22.3653
128,512,2,2048,64.0773
128,512,2,8192,236.843
128,512,4,16,27.677
128,512,4,64,27.762
128,512,4,256,34.4807
128,512,4,1024,55.9817
128,512,4,4096,141.101
128,512,4,16384,479.67
128,512,8,32,32.3367
128,512,8,128,39.0353
128,512,8,512,42.4583
128,512,8,2048,127.364
128,512,8,8192,478.401
128,512,16,16,39.7703
128,512,16,64,40.0573
128,512,16,256,59.224
128,512,16,1024,135.94
128,512,16,4096,472.61
128,512,16,16384,1845.26
128,512,32,32,56.601
128,512,32,128,75.6707
128,512,32,512,138.456
128,512,32,2048,430.301
128,512,32,8192,1649.65
128,512,64,16,87.253
128,512,64,64,89.2573
128,512,64,256,169.62
128,512,64,1024,434.109
128,512,64,4096,1707.9
128,512,64,16384,6771.35
128,1024,1,16,35.9203
128,1024,1,64,35.9533
128,1024,1,256,36.07
128,1024,1,1024,36.2187
128,1024,1,4096,119.867
128,1024,1,16384,464.366
128,1024,2,32,36.369
128,1024,2,128,36.379
128,1024,2,512,36.4753
128,1024,2,2048,63.8847
128,1024,2,8192,236.491
128,1024,4,16,41.6477
128,1024,4,64,41.755
128,1024,4,256,48.666
128,1024,4,1024,69.6877
128,1024,4,4096,155.532
128,1024,4,16384,493.121
128,1024,8,32,46.4577
128,1024,8,128,52.9427
128,1024,8,512,69.207
128,1024,8,2048,127.78
128,1024,8,8192,477.336
128,1024,16,16,53.7207
128,1024,16,64,54.052
128,1024,16,256,74.2197
128,1024,16,1024,138.179
128,1024,16,4096,472.44
128,1024,16,16384,1858.84
128,1024,32,32,72.8017
128,1024,32,128,95.6783
128,1024,32,512,153.282
128,1024,32,2048,431.412
128,1024,32,8192,1653.04
128,1024,64,16,104.989
128,1024,64,64,107.015
128,1024,64,256,190.898
128,1024,64,1024,437.213
128,1024,64,4096,1715.46
128,1024,64,16384,6782.62
128,2048,1,16,64.1733
128,2048,1,64,64.1727
128,2048,1,256,64.1517
128,2048,1,1024,64.2367
128,2048,1,4096,120.166
128,2048,1,16384,469.092
128,2048,2,32,64.4607
128,2048,2,128,64.472
128,2048,2,512,64.536
128,2048,2,2048,64.8873
128,2048,2,8192,239.212
128,2048,4,16,69.6663
128,2048,4,64,69.773
128,2048,4,256,76.449
128,2048,4,1024,97.9497
128,2048,4,4096,184.04
128,2048,4,16384,521.32
128,2048,8,32,74.625
128,2048,8,128,80.9173
128,2048,8,512,102.6
128,2048,8,2048,128.923
128,2048,8,8192,476.067
128,2048,16,16,81.6537
128,2048,16,64,82.0477
128,2048,16,256,103.368
128,2048,16,1024,166.539
128,2048,16,4096,473.85
128,2048,16,16384,1867.99
128,2048,32,32,100.85
128,2048,32,128,125.435
128,2048,32,512,185.747
128,2048,32,2048,434.878
128,2048,32,8192,1654
128,2048,64,16,138.255
128,2048,64,64,140.185
128,2048,64,256,223.343
128,2048,64,1024,466.021
128,2048,64,4096,1718.6
128,2048,64,16384,7043.48
128,4096,1,16,120.144
128,4096,1,64,120.241
128,4096,1,256,120.315
128,4096,1,1024,120.219
128,4096,1,4096,120.592
128,4096,1,16384,470.127
128,4096,2,32,120.412
128,4096,2,128,120.592
128,4096,2,512,120.572
128,4096,2,2048,120.955
128,4096,2,8192,238.829
128,4096,4,16,125.595
128,4096,4,64,125.829
128,4096,4,256,132.41
128,4096,4,1024,153.699
128,4096,4,4096,240.855
128,4096,4,16384,579.448
128,4096,8,32,129.925
128,4096,8,128,136.623
128,4096,8,512,158.018
128,4096,8,2048,237.986
128,4096,8,8192,475.162
128,4096,16,16,137.743
128,4096,16,64,138.137
128,4096,16,256,159.298
128,4096,16,1024,224.634
128,4096,16,4096,480.004
128,4096,16,16384,1870.88
128,4096,32,32,156.354
128,4096,32,128,181.247
128,4096,32,512,256.096
128,4096,32,2048,491.054
128,4096,32,8192,1670.42
128,4096,64,16,194.749
128,4096,64,64,196.978
128,4096,64,256,290.908
128,4096,64,1024,552.572
128,4096,64,4096,1692.29
128,4096,64,16384,7588.22
128,8192,1,16,232.1
128,8192,1,64,232.205
128,8192,1,256,232.334
128,8192,1,1024,232.324
128,8192,1,4096,233.155
128,8192,1,16384,475.941
128,8192,2,32,232.355
128,8192,2,128,232.59
128,8192,2,512,232.729
128,8192,2,2048,233.529
128,8192,2,8192,240.642
128,8192,4,16,237.379
128,8192,4,64,237.816
128,8192,4,256,244.567
128,8192,4,1024,265.663
128,8192,4,4096,352.234
128,8192,4,16384,716.2
128,8192,8,32,241.954
128,8192,8,128,248.386
128,8192,8,512,269.471
128,8192,8,2048,354.634
128,8192,8,8192,482.352
128,8192,16,16,249.09
128,8192,16,64,249.964
128,8192,16,256,270.943
128,8192,16,1024,336.108
128,8192,16,4096,594.264
128,8192,16,16384,1868.31
128,8192,32,32,268.66
128,8192,32,128,292.669
128,8192,32,512,367.988
128,8192,32,2048,651.749
128,8192,32,8192,1666.37
128,8192,64,16,306.309
128,8192,64,64,308.645
128,8192,64,256,412.622
128,8192,64,1024,696.598
128,8192,64,4096,1821.7
128,8192,64,16384,7445.77
128,16384,1,16,464.946
128,16384,1,64,464.498
128,16384,1,256,467.986
128,16384,1,1024,468.467
128,16384,1,4096,473.383
128,16384,1,16384,475.089
128,16384,2,32,466.044
128,16384,2,128,469.394
128,16384,2,512,470.129
128,16384,2,2048,477.532
128,16384,2,8192,480.859
128,16384,4,16,467.218
128,16384,4,64,466.407
128,16384,4,256,468.882
128,16384,4,1024,489.551
128,16384,4,4096,576.411
128,16384,4,16384,953.442
128,16384,8,32,467.379
128,16384,8,128,472.231
128,16384,8,512,493.86
128,16384,8,2048,579.417
128,16384,8,8192,923.377
128,16384,16,16,472.69
128,16384,16,64,472.956
128,16384,16,256,494.267
128,16384,16,1024,560.37
128,16384,16,4096,820.818
128,16384,16,16384,1879.15
128,16384,32,32,492.73
128,16384,32,128,516.995
128,16384,32,512,590.948
128,16384,32,2048,888.768
128,16384,32,8192,1885.5
128,16384,64,16,529.814
128,16384,64,64,531.819
128,16384,64,256,636.468
128,16384,64,1024,952.227
128,16384,64,4096,2163.2
128,16384,64,16384,6680.14
256,0,1,16,12.532
256,0,1,64,12.7023
256,0,1,256,15.358
256,0,1,1024,36.2303
256,0,1,4096,120.241
256,0,1,16384,470.013
256,0,2,32,17.2777
256,0,2,128,17.3853
256,0,2,512,27.3673
256,0,2,2048,69.496
256,0,2,8192,238.702
256,0,4,16,17.9717
256,0,4,64,18.1953
256,0,4,256,25.3837
256,0,4,1024,46.6617
256,0,4,4096,131.888
256,0,4,16384,480.338
256,0,8,32,23.1653
256,0,8,128,27.7297
256,0,8,512,47.0983
256,0,8,2048,132.859
256,0,8,8192,481.469
256,0,16,16,31.9007
256,0,16,64,32.1133
256,0,16,256,52.0583
256,0,16,1024,135.92
256,0,16,4096,475.933
256,0,16,16384,1873.76
256,0,32,32,48.549
256,0,32,128,67.3843
256,0,32,512,139.909
256,0,32,2048,434.275
256,0,32,8192,1654.43
256,0,64,16,82.241
256,0,64,64,83.9373
256,0,64,256,167.554
256,0,64,1024,439.49
256,0,64,4096,1717.89
256,0,64,16384,6787.71
256,16,1,16,15.6777
256,16,1,64,15.7533
256,16,1,256,15.6037
256,16,1,1024,36.209
256,16,1,4096,120.338
256,16,1,16384,469.672
256,16,2,32,20.6373
256,16,2,128,20.9467
256,16,2,512,27.7403
256,16,2,2048,69.7513
256,16,2,8192,238.383
256,16,4,16,21.3843
256,16,4,64,21.4267
256,16,4,256,26.5033
256,16,4,1024,48.8587
256,16,4,4096,134.854
256,16,4,16384,478.579
256,16,8,32,26.7487
256,16,8,128,31.9327
256,16,8,512,49.0503
256,16,8,2048,133.787
256,16,8,8192,481.149
256,16,16,16,35.708
256,16,16,64,36.0493
256,16,16,256,53.2833
256,16,16,1024,136.528
256,16,16,4096,474.42
256,16,16,16384,1863.09
256,16,32,32,52.5377
256,16,32,128,71.9917
256,16,32,512,140.325
256,16,32,2048,433.262
256,16,32,8192,1653.06
256,16,64,16,86.4223
256,16,64,64,88.0757
256,16,64,256,168.781
256,16,64,1024,440.344
256,16,64,4096,1717.22
256,16,64,16384,6788.58
256,32,1,16,15.6997
256,32,1,64,15.689
256,32,1,256,15.6357
256,32,1,1024,36.2197
256,32,1,4096,120.189
256,32,1,16384,469.077
256,32,2,32,20.7337
256,32,2,128,20.9893
256,32,2,512,27.73
256,32,2,2048,69.721
256,32,2,8192,238.575
256,32,4,16,21.3413
256,32,4,64,21.3943
256,32,4,256,26.4503
256,32,4,1024,48.9223
256,32,4,4096,134.043
256,32,4,16384,478.931
256,32,8,32,26.621
256,32,8,128,31.7403
256,32,8,512,49.1037
256,32,8,2048,133.947
256,32,8,8192,481.342
256,32,16,16,35.772
256,32,16,64,36.252
256,32,16,256,53.0707
256,32,16,1024,136.645
256,32,16,4096,475.157
256,32,16,16384,1866.73
256,32,32,32,52.9007
256,32,32,128,71.896
256,32,32,512,140.112
256,32,32,2048,433.487
256,32,32,8192,1656.44
256,32,64,16,86.5607
256,32,64,64,88.47
256,32,64,256,168.856
256,32,64,1024,440.013
256,32,64,4096,1717.43
256,32,64,16384,6770.87
256,64,1,16,15.7957
256,64,1,64,15.86
256,64,1,256,15.6143
256,64,1,1024,36.1877
256,64,1,4096,120.274
256,64,1,16384,469.035
256,64,2,32,20.7337
256,64,2,128,21.1493
256,64,2,512,27.666
256,64,2,2048,69.7093
256,64,2,8192,239.205
256,64,4,16,21.5547
256,64,4,64,21.6613
256,64,4,256,26.8127
256,64,4,1024,48.9753
256,64,4,4096,134.567
256,64,4,16384,479.839
256,64,8,32,26.696
256,64,8,128,32.05
256,64,8,512,49.1993
256,64,8,2048,133.734
256,64,8,8192,480.308
256,64,16,16,35.9637
256,64,16,64,36.0063
256,64,16,256,53.1987
256,64,16,1024,136.753
256,64,16,4096,474.721
256,64,16,16384,1851.93
256,64,32,32,53.1353
256,64,32,128,72.0457
256,64,32,512,140.251
256,64,32,2048,432.912
256,64,32,8192,1654.6
256,64,64,16,86.6787
256,64,64,64,88.3523
256,64,64,256,169.325
256,64,64,1024,440.804
256,64,64,4096,1715.32
256,64,64,16384,6767.78
256,128,1,16,16.1157
256,128,1,64,16.286
256,128,1,256,15.9553
256,128,1,1024,36.284
256,128,1,4096,120.062
256,128,1,16384,469.089
256,128,2,32,20.9367
256,128,2,128,24.168
256,128,2,512,31.026
256,128,2,2048,72.8983
256,128,2,8192,241.626
256,128,4,16,22.898
256,128,4,64,23.1017
256,128,4,256,27.389
256,128,4,1024,50.4267
256,128,4,4096,135.665
256,128,4,16384,478.304
256,128,8,32,27.624
256,128,8,128,33.383
256,128,8,512,51.1837
256,128,8,2048,136.636
256,128,8,8192,481.066
256,128,16,16,37.1377
256,128,16,64,37.308
256,128,16,256,53.914
256,128,16,1024,137.18
256,128,16,4096,474.464
256,128,16,16384,1864.19
256,128,32,32,54.4373
256,128,32,128,74.3597
256,128,32,512,140.944
256,128,32,2048,434.619
256,128,32,8192,1656.04
256,128,64,16,88.2143
256,128,64,64,89.8787
256,128,64,256,170.488
256,128,64,1024,440.431
256,128,64,4096,1717.93
256,128,64,16384,6795.72
256,256,1,16,19.4007
256,256,1,64,19.614
256,256,1,256,19.4323
256,256,1,1024,36.4547
256,256,1,4096,120.135
256,256,1,16384,469.495
256,256,2,32,24.3927
256,256,2,128,27.6873
256,256,2,512,34.588
256,256,2,2048,76.471
256,256,2,8192,244.763
256,256,4,16,26.3867
256,256,4,64,26.6097
256,256,4,256,31.7613
256,256,4,1024,53.9563
256,256,4,4096,139.355
256,256,4,16384,477.472
256,256,8,32,32.8277
256,256,8,128,37.0523
256,256,8,512,55.034
256,256,8,2048,140.465
256,256,8,8192,479.787
256,256,16,16,41.8937
256,256,16,64,42.6093
256,256,16,256,60.0683
256,256,16,1024,137.574
256,256,16,4096,475.885
256,256,16,16384,1868.09
256,256,32,32,60.2173
256,256,32,128,80.3327
256,256,32,512,141.681
256,256,32,2048,433.606
256,256,32,8192,1655.22
256,256,64,16,94.07
256,256,64,64,95.8293
256,256,64,256,177.485
256,256,64,1024,442.726
256,256,64,4096,1718.57
256,256,64,16384,6784.95
256,512,1,16,26.5887
256,512,1,64,26.6103
256,512,1,256,26.5467
256,512,1,1024,36.4973
256,512,1,4096,120.606
256,512,1,16384,468.376
256,512,2,32,31.591
256,512,2,128,35.0687
256,512,2,512,45.19
256,512,2,2048,83.831
256,512,2,8192,252.08
256,512,4,16,33.4897
256,512,4,64,33.628
256,512,4,256,40.4653
256,512,4,1024,61.1563
256,512,4,4096,147.067
256,512,4,16384,484.119
256,512,8,32,42.1927
256,512,8,128,46.8537
256,512,8,512,65.2623
256,512,8,2048,147.514
256,512,8,8192,486.775
256,512,16,16,52.432
256,512,16,64,52.7507
256,512,16,256,74.2313
256,512,16,1024,138.779
256,512,16,4096,473.187
256,512,16,16384,1869.43
256,512,32,32,70.638
256,512,32,128,91.02
256,512,32,512,150.022
256,512,32,2048,435.196
256,512,32,8192,1652.73
256,512,64,16,105.258
256,512,64,64,107.23
256,512,64,256,189.249
256,512,64,1024,442.609
256,512,64,4096,1722.27
256,512,64,16384,6774.52
256,1024,1,16,40.6467
256,1024,1,64,40.6787
256,1024,1,256,40.6677
256,1024,1,1024,40.828
256,1024,1,4096,121.192
256,1024,1,16384,467.779
256,1024,2,32,45.6913
256,1024,2,128,48.997
256,1024,2,512,59.7477
256,1024,2,2048,98.485
256,1024,2,8192,266.766
256,1024,4,16,47.7177
256,1024,4,64,47.6853
256,1024,4,256,54.8417
256,1024,4,1024,74.563
256,1024,4,4096,161.54
256,1024,4,16384,499.158
256,1024,8,32,56.304
256,1024,8,128,66.7663
256,1024,8,512,80.0347
256,1024,8,2048,162.671
256,1024,8,8192,501.28
256,1024,16,16,71.4487
256,1024,16,64,72.3013
256,1024,16,256,92.5667
256,1024,16,1024,146.779
256,1024,16,4096,474.115
256,1024,16,16384,1872.96
256,1024,32,32,91.4787
256,1024,32,128,113.247
256,1024,32,512,176.973
256,1024,32,2048,437.511
256,1024,32,8192,1655.27
256,1024,64,16,126.942
256,1024,64,64,129.074
256,1024,64,256,212.863
256,1024,64,1024,453.211
256,1024,64,4096,1739.17
256,1024,64,16384,6841.83
256,2048,1,16,69.177
256,2048,1,64,69.1663
256,2048,1,256,69.198
256,2048,1,1024,69.3467
256,2048,1,4096,122.505
256,2048,1,16384,475.31
256,2048,2,32,74.2537
256,2048,2,128,77.869
256,2048,2,512,88.492
256,2048,2,2048,130.845
256,2048,2,8192,295.852
256,2048,4,16,76.003
256,2048,4,64,76.2913
256,2048,4,256,83.4043
256,2048,4,1024,105.269
256,2048,4,4096,190.743
256,2048,4,16384,527.955
256,2048,8,32,84.8977
256,2048,8,128,95.222
256,2048,8,512,127.613
256,2048,8,2048,194.017
256,2048,8,8192,529.151
256,2048,16,16,100.032
256,2048,16,64,100.939
256,2048,16,256,134.13
256,2048,16,1024,202.209
256,2048,16,4096,479.331
256,2048,16,16384,1871.95
256,2048,32,32,130.088
256,2048,32,128,153.734
256,2048,32,512,218.868
256,2048,32,2048,445.895
256,2048,32,8192,1667.59
256,2048,64,16,167.673
256,2048,64,64,170.905
256,2048,64,256,256.283
256,2048,64,1024,507.745
256,2048,64,4096,1731.62
256,2048,64,16384,7531.59
256,4096,1,16,125.363
256,4096,1,64,125.426
256,4096,1,256,125.491
256,4096,1,1024,125.843
256,4096,1,4096,126.803
256,4096,1,16384,472.25
256,4096,2,32,130.184
256,4096,2,128,133.576
256,4096,2,512,144.444
256,4096,2,2048,187.277
256,4096,2,8192,352.55
256,4096,4,16,132.348
256,4096,4,64,132.04
256,4096,4,256,139.569
256,4096,4,1024,161.061
256,4096,4,4096,245.916
256,4096,4,16384,584.622
256,4096,8,32,140.626
256,4096,8,128,151.174
256,4096,8,512,183.128
256,4096,8,2048,250.108
256,4096,8,8192,592.228
256,4096,16,16,156.368
256,4096,16,64,156.761
256,4096,16,256,197.846
256,4096,16,1024,278.232
256,4096,16,4096,488.1
256,4096,16,16384,1872.47
256,4096,32,32,185.933
256,4096,32,128,224.404
256,4096,32,512,302.529
256,4096,32,2048,557.874
256,4096,32,8192,1691.36
256,4096,64,16,244.721
256,4096,64,64,248.402
256,4096,64,256,338.985
256,4096,64,1024,598.179
256,4096,64,4096,1720.67
256,4096,64,16384,8846.34
256,8192,1,16,237.256
256,8192,1,64,237.565
256,8192,1,256,237.352
256,8192,1,1024,237.907
256,8192,1,4096,238.93
256,8192,1,16384,477.797
256,8192,2,32,242.301
256,8192,2,128,245.468
256,8192,2,512,256.455
256,8192,2,2048,299.074
256,8192,2,8192,473.094
256,8192,4,16,244.349
256,8192,4,64,243.933
256,8192,4,256,251.622
256,8192,4,1024,273.689
256,8192,4,4096,359.846
256,8192,4,16384,717.805
256,8192,8,32,252.454
256,8192,8,128,262.768
256,8192,8,512,295.031
256,8192,8,2048,421.696
256,8192,8,8192,713.304
256,8192,16,16,267.472
256,8192,16,64,268.506
256,8192,16,256,310.571
256,8192,16,1024,436.169
256,8192,16,4096,711.299
256,8192,16,16384,1886.46
256,8192,32,32,297.335
256,8192,32,128,336.328
256,8192,32,512,452.02
256,8192,32,2048,726.37
256,8192,32,8192,1672.95
256,8192,64,16,357.447
256,8192,64,64,361.02
256,8192,64,256,500.174
256,8192,64,1024,773.992
256,8192,64,4096,1925.96
256,8192,64,16384,8620.44
256,16384,1,16,469.927
256,16384,1,64,468.957
256,16384,1,256,468.925
256,16384,1,1024,470.448
256,16384,1,4096,474.961
256,16384,1,16384,480.7
256,16384,2,32,470.962
256,16384,2,128,472.518
256,16384,2,512,484.623
256,16384,2,2048,528.908
256,16384,2,8192,704.272
256,16384,4,16,469.681
256,16384,4,64,470.812
256,16384,4,256,476.465
256,16384,4,1024,498.575
256,16384,4,4096,584.806
256,16384,4,16384,955.927
256,16384,8,32,477.841
256,16384,8,128,487.216
256,16384,8,512,520.439
256,16384,8,2048,647.435
256,16384,8,8192,941.656
256,16384,16,16,491.622
256,16384,16,64,493.434
256,16384,16,256,534.368
256,16384,16,1024,660.265
256,16384,16,4096,1048.44
256,16384,16,16384,1883.02
256,16384,32,32,522.743
256,16384,32,128,560.605
256,16384,32,512,677.448
256,16384,32,2048,1049.7
256,16384,32,8192,2118.46
256,16384,64,16,581.393
256,16384,64,64,584.455
256,16384,64,256,738.03
256,16384,64,1024,1100.23
256,16384,64,4096,2254.49
256,16384,64,16384,6757.58
512,0,1,16,31.9003
512,0,1,64,31.709
512,0,1,256,32.2637
512,0,1,1024,49.5523
512,0,1,4096,133.512
512,0,1,16384,476.113
512,0,2,32,32.5943
512,0,2,128,33.885
512,0,2,512,39.164
512,0,2,2048,81.5713
512,0,2,8192,249.415
512,0,4,16,35.623
512,0,4,64,35.7517
512,0,4,256,39.7083
512,0,4,1024,69.433
512,0,4,4096,155.569
512,0,4,16384,493.339
512,0,8,32,41.276
512,0,8,128,46.129
512,0,8,512,62.181
512,0,8,2048,147.068
512,0,8,8192,489.104
512,0,16,16,51.984
512,0,16,64,52.4643
512,0,16,256,72.1957
512,0,16,1024,144.957
512,0,16,4096,480.583
512,0,16,16384,1874.04
512,0,32,32,73.231
512,0,32,128,93.5487
512,0,32,512,157.798
512,0,32,2048,440.096
512,0,32,8192,1671.44
512,0,64,16,114.698
512,0,64,64,116.245
512,0,64,256,197.987
512,0,64,1024,462.696
512,0,64,4096,1735.48
512,0,64,16384,6782.24
512,16,1,16,35.9757
512,16,1,64,35.879
512,16,1,256,36.6147
512,16,1,1024,52.0273
512,16,1,4096,135.912
512,16,1,16384,474.11
512,16,2,32,37.8203
512,16,2,128,38.7583
512,16,2,512,41.6707
512,16,2,2048,84.269
512,16,2,8192,252.466
512,16,4,16,40.231
512,16,4,64,40.1773
512,16,4,256,45.2653
512,16,4,1024,70.8623
512,16,4,4096,160.966
512,16,4,16384,499.398
512,16,8,32,45.9903
512,16,8,128,50.7787
512,16,8,512,64.186
512,16,8,2048,149.842
512,16,8,8192,490.876
512,16,16,16,56.9443
512,16,16,64,57.3283
512,16,16,256,77.4327
512,16,16,1024,146.994
512,16,16,4096,479.07
512,16,16,16384,1878.84
512,16,32,32,78.723
512,16,32,128,99.1057
512,16,32,512,161.084
512,16,32,2048,442.945
512,16,32,8192,1673.01
512,16,64,16,119.764
512,16,64,64,121.578
512,16,64,256,203.394
512,16,64,1024,464.33
512,16,64,4096,1734.78
512,16,64,16384,6789.83
512,32,1,16,36.0713
512,32,1,64,35.9647
512,32,1,256,36.8073
512,32,1,1024,52.1443
512,32,1,4096,136.105
512,32,1,16384,474.622
512,32,2,32,38.0127
512,32,2,128,38.8547
512,32,2,512,41.8313
512,32,2,2048,84.4393
512,32,2,8192,252.232
512,32,4,16,39.9957
512,32,4,64,40.2523
512,32,4,256,45.2757
512,32,4,1024,70.5853
512,32,4,4096,160.294
512,32,4,16384,498.087
512,32,8,32,46.0323
512,32,8,128,50.9923
512,32,8,512,64.1327
512,32,8,2048,149.927
512,32,8,8192,490.855
512,32,16,16,57.157
512,32,16,64,57.2857
512,32,16,256,76.9847
512,32,16,1024,147.048
512,32,16,4096,478.836
512,32,16,16384,1879.06
512,32,32,32,78.6703
512,32,32,128,99.4573
512,32,32,512,160.711
512,32,32,2048,441.922
512,32,32,8192,1671.9
512,32,64,16,119.871
512,32,64,64,121.76
512,32,64,256,203.704
512,32,64,1024,463.753
512,32,64,4096,1738.55
512,32,64,16384,6780.6
512,64,1,16,36.1457
512,64,1,64,36.0287
512,64,1,256,36.988
512,64,1,1024,51.889
512,64,1,4096,135.678
512,64,1,16384,474.409
512,64,2,32,38.0983
512,64,2,128,38.813
512,64,2,512,42.3107
512,64,2,2048,84.707
512,64,2,8192,252.425
512,64,4,16,40.2523
512,64,4,64,40.6147
512,64,4,256,45.3077
512,64,4,1024,70.7137
512,64,4,4096,160.55
512,64,4,16384,498.578
512,64,8,32,46.097
512,64,8,128,51.3653
512,64,8,512,64.0793
512,64,8,2048,149.629
512,64,8,8192,491.592
512,64,16,16,57.3277
512,64,16,64,57.723
512,64,16,256,77.284
512,64,16,1024,147.496
512,64,16,4096,477.481
512,64,16,16384,1876.28
512,64,32,32,78.6487
512,64,32,128,99.1587
512,64,32,512,161.095
512,64,32,2048,442.647
512,64,32,8192,1667.65
512,64,64,16,119.936
512,64,64,64,121.94
512,64,64,256,203.597
512,64,64,1024,464.214
512,64,64,4096,1735.1
512,64,64,16384,6786.97
512,128,1,16,38.7693
512,128,1,64,38.6307
512,128,1,256,39.1213
512,128,1,1024,53.3607
512,128,1,4096,137.149
512,128,1,16384,473.129
512,128,2,32,39.6553
512,128,2,128,41.2127
512,128,2,512,42.9613
512,128,2,2048,86.8617
512,128,2,8192,254.567
512,128,4,16,42.5673
512,128,4,64,42.5137
512,128,4,256,47.921
512,128,4,1024,71.481
512,128,4,4096,165.778
512,128,4,16384,503.432
512,128,8,32,48.7107
512,128,8,128,53.4357
512,128,8,512,66.149
512,128,8,2048,152.637
512,128,8,8192,495.145
512,128,16,16,59.344
512,128,16,64,60.219
512,128,16,256,80.057
512,128,16,1024,150.546
512,128,16,4096,478.091
512,128,16,16384,1872.75
512,128,32,32,81.2723
512,128,32,128,102.157
512,128,32,512,164.018
512,128,32,2048,443.267
512,128,32,8192,1668.65
512,128,64,16,122.762
512,128,64,64,124.65
512,128,64,256,206.286
512,128,64,1024,465.815
512,128,64,4096,1739.53
512,128,64,16384,6797.38
512,256,1,16,45.7027
512,256,1,64,45.7557
512,256,1,256,45.9263
512,256,1,1024,57.3067
512,256,1,4096,141.278
512,256,1,16384,476.128
512,256,2,32,46.502
512,256,2,128,47.921
512,256,2,512,49.244
512,256,2,2048,92.9193
512,256,2,8192,260.563
512,256,4,16,49.6167
512,256,4,64,50.044
512,256,4,256,54.7253
512,256,4,1024,74.393
512,256,4,4096,176.635
512,256,4,16384,512.604
512,256,8,32,55.7923
512,256,8,128,61.0393
512,256,8,512,74.393
512,256,8,2048,160.316
512,256,8,8192,498.686
512,256,16,16,67.3217
512,256,16,64,67.631
512,256,16,256,88.888
512,256,16,1024,156.317
512,256,16,4096,477.76
512,256,16,16384,1878.39
512,256,32,32,89.507
512,256,32,128,110.198
512,256,32,512,172.069
512,256,32,2048,446.883
512,256,32,8192,1670.43
512,256,64,16,130.847
512,256,64,64,132.756
512,256,64,256,215.085
512,256,64,1024,474.08
512,256,64,4096,1744.94
512,256,64,16384,6796.06
512,512,1,16,59.7813
512,512,1,64,59.7597
512,512,1,256,60.0587
512,512,1,1024,64.6557
512,512,1,4096,148.904
512,512,1,16384,484.694
512,512,2,32,60.88
512,512,2,128,61.9467
512,512,2,512,63.3543
512,512,2,2048,107.243
512,512,2,8192,275.336
512,512,4,16,63.653
512,512,4,64,63.7707
512,512,4,256,69.5617
512,512,4,1024,88.3757
512,512,4,4096,197.7
512,512,4,16384,534.908
512,512,8,32,69.4017
512,512,8,128,75.151
512,512,8,512,93.2183
512,512,8,2048,176.272
512,512,8,8192,507.913
512,512,16,16,81.5183
512,512,16,64,82.2
512,512,16,256,104.481
512,512,16,1024,167.121
512,512,16,4096,481.579
512,512,16,16384,1867.92
512,512,32,32,104.076
512,512,32,128,126.058
512,512,32,512,188.463
512,512,32,2048,455.096
512,512,32,8192,1671.38
512,512,64,16,146.771
512,512,64,64,148.745
512,512,64,256,231.585
512,512,64,1024,484.384
512,512,64,4096,1767.72
512,512,64,16384,6814.93
512,1024,1,16,88.003
512,1024,1,64,87.9923
512,1024,1,256,88.387
512,1024,1,1024,89.1017
512,1024,1,4096,164.466
512,1024,1,16384,498.836
512,1024,2,32,88.9957
512,1024,2,128,90.3927
512,1024,2,512,91.3633
512,1024,2,2048,127.444
512,1024,2,8192,304.219
512,1024,4,16,91.672
512,1024,4,64,91.875
512,1024,4,256,97.101
512,1024,4,1024,119.211
512,1024,4,4096,239.093
512,1024,4,16384,577.06
512,1024,8,32,97.645
512,1024,8,128,102.935
512,1024,8,512,124.149
512,1024,8,2048,192.495
512,1024,8,8192,521.939
512,1024,16,16,109.228
512,1024,16,64,109.943
512,1024,16,256,133.93
512,1024,16,1024,194.724
512,1024,16,4096,486.773
512,1024,16,16384,1879.17
512,1024,32,32,133.556
512,1024,32,128,155.774
512,1024,32,512,219.575
512,1024,32,2048,479.223
512,1024,32,8192,1682.76
512,1024,64,16,177.745
512,1024,64,64,179.355
512,1024,64,256,263.092
512,1024,64,1024,513.482
512,1024,64,4096,1742.05
512,1024,64,16384,7121.2
512,2048,1,16,145.119
512,2048,1,64,144.446
512,2048,1,256,144.916
512,2048,1,1024,145.023
512,2048,1,4096,193.136
512,2048,1,16384,528.552
512,2048,2,32,145.374
512,2048,2,128,146.366
512,2048,2,512,147.443
512,2048,2,2048,149.011
512,2048,2,8192,360.13
512,2048,4,16,148.392
512,2048,4,64,148.787
512,2048,4,256,152.499
512,2048,4,1024,177.126
512,2048,4,4096,259.54
512,2048,4,16384,659.048
512,2048,8,32,153.438
512,2048,8,128,158.834
512,2048,8,512,178.705
512,2048,8,2048,261.493
512,2048,8,8192,595
512,2048,16,16,164.807
512,2048,16,64,165.969
512,2048,16,256,189.499
512,2048,16,1024,253.429
512,2048,16,4096,543.452
512,2048,16,16384,1869.48
512,2048,32,32,188.23
512,2048,32,128,214.659
512,2048,32,512,281.918
512,2048,32,2048,528.104
512,2048,32,8192,1748.95
512,2048,64,16,236.887
512,2048,64,64,238.753
512,2048,64,256,325.626
512,2048,64,1024,577.701
512,2048,64,4096,1838.93
512,2048,64,16384,8517.34
512,4096,1,16,254.933
512,4096,1,64,254.891
512,4096,1,256,255.039
512,4096,1,1024,255.328
512,4096,1,4096,255.872
512,4096,1,16384,584.654
512,4096,2,32,255.85
512,4096,2,128,258.154
512,4096,2,512,259.167
512,4096,2,2048,259.668
512,4096,2,8192,468.868
512,4096,4,16,258.463
512,4096,4,64,258.804
512,4096,4,256,262.325
512,4096,4,1024,285.533
512,4096,4,4096,375.137
512,4096,4,16384,827.514
512,4096,8,32,265.087
512,4096,8,128,268.553
512,4096,8,512,284.029
512,4096,8,2048,375.574
512,4096,8,8192,707.599
512,4096,16,16,275.785
512,4096,16,64,276.446
512,4096,16,256,299.1
512,4096,16,1024,373.302
512,4096,16,4096,617.292
512,4096,16,16384,1907.84
512,4096,32,32,297.714
512,4096,32,128,321.968
512,4096,32,512,401.545
512,4096,32,2048,640.928
512,4096,32,8192,1830.79
512,4096,64,16,345.624
512,4096,64,64,347.769
512,4096,64,256,447.643
512,4096,64,1024,711.471
512,4096,64,4096,1840.02
512,4096,64,16384,9269.35
512,8192,1,16,474.404
512,8192,1,64,477.325
512,8192,1,256,477.229
512,8192,1,1024,478.434
512,8192,1,4096,479.341
512,8192,1,16384,698.213
512,8192,2,32,476.152
512,8192,2,128,476.825
512,8192,2,512,479.661
512,8192,2,2048,477.88
512,8192,2,8192,488.055
512,8192,4,16,480.12
512,8192,4,64,480.526
512,8192,4,256,486.36
512,8192,4,1024,505.707
512,8192,4,4096,595.502
512,8192,4,16384,936.136
512,8192,8,32,485.26
512,8192,8,128,488.611
512,8192,8,512,501.388
512,8192,8,2048,594.414
512,8192,8,8192,935.582
512,8192,16,16,495.149
512,8192,16,64,498.284
512,8192,16,256,519.978
512,8192,16,1024,583.451
512,8192,16,4096,848.997
512,8192,16,16384,2129.62
512,8192,32,32,520.202
512,8192,32,128,544.147
512,8192,32,512,618.445
512,8192,32,2048,908.298
512,8192,32,8192,1918.5
512,8192,64,16,565.981
512,8192,64,64,566.471
512,8192,64,256,668.852
512,8192,64,1024,956.296
512,8192,64,4096,2079.98
512,8192,64,16384,9155.05
512,16384,1,16,925.844
512,16384,1,64,931.646
512,16384,1,256,929.044
512,16384,1,1024,929.407
512,16384,1,4096,927.624
512,16384,1,16384,937.682
512,16384,2,32,929.502
512,16384,2,128,928.371
512,16384,2,512,928.584
512,16384,2,2048,929.875
512,16384,2,8192,933.449
512,16384,4,16,930.334
512,16384,4,64,931.806
512,16384,4,256,933.631
512,16384,4,1024,956.146
512,16384,4,4096,1040.38
512,16384,4,16384,1395.78
512,16384,8,32,937.886
512,16384,8,128,945.001
512,16384,8,512,957.981
512,16384,8,2048,1000.68
512,16384,8,8192,1394.26
512,16384,16,16,944.692
512,16384,16,64,941.854
512,16384,16,256,961.703
512,16384,16,1024,1029.77
512,16384,16,4096,1311.13
512,16384,16,16384,2353.91
512,16384,32,32,960.562
512,16384,32,128,989.488
512,16384,32,512,1060.26
512,16384,32,2048,1370.73
512,16384,32,8192,2378.72
512,16384,64,16,1014.05
512,16384,64,64,1008.77
512,16384,64,256,1107.43
512,16384,64,1024,1422.19
512,16384,64,4096,2592.92
512,16384,64,16384,7165.99
1024,0,1,16,80.975
1024,0,1,64,80.6017
1024,0,1,256,82.5433
1024,0,1,1024,86.788
1024,0,1,4096,173.511
1024,0,1,16384,507.864
1024,0,2,32,83.001
1024,0,2,128,83.9397
1024,0,2,512,87.5553
1024,0,2,2048,129.792
1024,0,2,8192,298.706
1024,0,4,16,86.3613
1024,0,4,64,86.6273
1024,0,4,256,91.3313
1024,0,4,1024,108.269
1024,0,4,4096,231.513
1024,0,4,16384,571.005
1024,0,8,32,94.3283
1024,0,8,128,99.3947
1024,0,8,512,115.372
1024,0,8,2048,198.459
1024,0,8,8192,534.272
1024,0,16,16,108.961
1024,0,16,64,109.122
1024,0,16,256,130.859
1024,0,16,1024,192.721
1024,0,16,4096,500.611
1024,0,16,16384,1891.55
1024,0,32,32,138.336
1024,0,32,128,159.305
1024,0,32,512,222.851
1024,0,32,2048,491.61
1024,0,32,8192,1703.11
1024,0,64,16,194.342
1024,0,64,64,196.966
1024,0,64,256,279.37
1024,0,64,1024,533.419
1024,0,64,4096,1814.79
1024,0,64,16384,6896.98
1024,16,1,16,87.9923
1024,16,1,64,88.5257
1024,16,1,256,89.3583
1024,16,1,1024,92.7823
1024,16,1,4096,178.332
1024,16,1,16384,512.387
1024,16,2,32,89.326
1024,16,2,128,91.641
1024,16,2,512,95.747
1024,16,2,2048,132.288
1024,16,2,8192,305.181
1024,16,4,16,93.304
1024,16,4,64,93.2403
1024,16,4,256,99.2567
1024,16,4,1024,113.698
1024,16,4,4096,240.013
1024,16,4,16384,578.259
1024,16,8,32,101.325
1024,16,8,128,107.352
1024,16,8,512,123.403
1024,16,8,2048,203.355
1024,16,8,8192,541.281
1024,16,16,16,116.514
1024,16,16,64,116.898
1024,16,16,256,137.483
1024,16,16,1024,198.726
1024,16,16,4096,507.917
1024,16,16,16384,1882.95
1024,16,32,32,145.066
1024,16,32,128,167.549
1024,16,32,512,229.625
1024,16,32,2048,496.228
1024,16,32,8192,1701.89
1024,16,64,16,202.726
1024,16,64,64,204.561
1024,16,64,256,286.751
1024,16,64,1024,538.603
1024,16,64,4096,1814.6
1024,16,64,16384,6969.79
1024,32,1,16,88.0683
1024,32,1,64,88.5373
1024,32,1,256,89.9443
1024,32,1,1024,93.1557
1024,32,1,4096,179.228
1024,32,1,16384,514.808
1024,32,2,32,90.2113
1024,32,2,128,91.8007
1024,32,2,512,95.971
1024,32,2,2048,133.003
1024,32,2,8192,305.641
1024,32,4,16,93.0057
1024,32,4,64,94.1893
1024,32,4,256,99.3947
1024,32,4,1024,113.303
1024,32,4,4096,240.493
1024,32,4,16384,578.942
1024,32,8,32,101.561
1024,32,8,128,106.627
1024,32,8,512,123.084
1024,32,8,2048,202.864
1024,32,8,8192,538.262
1024,32,16,16,116.386
1024,32,16,64,117.175
1024,32,16,256,138.304
1024,32,16,1024,199.004
1024,32,16,4096,504.441
1024,32,16,16384,1881.6
1024,32,32,32,146.155
1024,32,32,128,167.081
1024,32,32,512,230.489
1024,32,32,2048,498.309
1024,32,32,8192,1703.05
1024,32,64,16,202.48
1024,32,64,64,204.166
1024,32,64,256,288.331
1024,32,64,1024,536.246
1024,32,64,4096,1813.58
1024,32,64,16384,6959.62
1024,64,1,16,88.7293
1024,64,1,64,88.7613
1024,64,1,256,89.498
1024,64,1,1024,93.0483
1024,64,1,4096,179.166
1024,64,1,16384,515.427
1024,64,2,32,90.212
1024,64,2,128,91.673
1024,64,2,512,95.9497
1024,64,2,2048,132.758
1024,64,2,8192,305.929
1024,64,4,16,94.02
1024,64,4,64,94.0833
1024,64,4,256,99.395
1024,64,4,1024,113.836
1024,64,4,4096,240.579
1024,64,4,16384,579.497
1024,64,8,32,101.741
1024,64,8,128,107.064
1024,64,8,512,123.808
1024,64,8,2048,203.473
1024,64,8,8192,541.366
1024,64,16,16,116.481
1024,64,16,64,117.292
1024,64,16,256,138.379
1024,64,16,1024,197.98
1024,64,16,4096,506.82
1024,64,16,16384,1894.58
1024,64,32,32,145.802
1024,64,32,128,167.582
1024,64,32,512,230.095
1024,64,32,2048,497.786
1024,64,32,8192,1703.43
1024,64,64,16,203.025
1024,64,64,64,204.816
1024,64,64,256,287.04
1024,64,64,1024,537.549
1024,64,64,4096,1812.47
1024,64,64,16384,6957.29
1024,128,1,16,93.5397
1024,128,1,64,93.2407
1024,128,1,256,95.2887
1024,128,1,1024,98.926
1024,128,1,4096,184.412
1024,128,1,16384,520.664
1024,128,2,32,95.267
1024,128,2,128,97.07
1024,128,2,512,101.454
1024,128,2,2048,138.625
1024,128,2,8192,311.572
1024,128,4,16,98.84
1024,128,4,64,99.1177
1024,128,4,256,104.355
1024,128,4,1024,119.629
1024,128,4,4096,248.313
1024,128,4,16384,589.823
1024,128,8,32,106.744
1024,128,8,128,112.641
1024,128,8,512,128.832
1024,128,8,2048,209.596
1024,128,8,8192,546.487
1024,128,16,16,121.89
1024,128,16,64,122.295
1024,128,16,256,143.903
1024,128,16,1024,204.592
1024,128,16,4096,512.516
1024,128,16,16384,1872.32
1024,128,32,32,151.423
1024,128,32,128,172.595
1024,128,32,512,235.609
1024,128,32,2048,503.066
1024,128,32,8192,1700.66
1024,128,64,16,208.454
1024,128,64,64,210.449
1024,128,64,256,293.739
1024,128,64,1024,545.507
1024,128,64,4096,1810.92
1024,128,64,16384,7008.8
1024,256,1,16,106.723
1024,256,1,64,105.987
1024,256,1,256,107.949
1024,256,1,1024,111.48
1024,256,1,4096,195.463
1024,256,1,16384,532.824
1024,256,2,32,107.896
1024,256,2,128,109.666
1024,256,2,512,113.911
1024,256,2,2048,149.247
1024,256,2,8192,324.232
1024,256,4,16,111.16
1024,256,4,64,112.066
1024,256,4,256,117.335
1024,256,4,1024,133.1
1024,256,4,4096,252.6
1024,256,4,16384,609.619
1024,256,8,32,119.277
1024,256,8,128,124.961
1024,256,8,512,141.429
1024,256,8,2048,220.219
1024,256,8,8192,558.881
1024,256,16,16,133.804
1024,256,16,64,134.945
1024,256,16,256,156.917
1024,256,16,1024,217.584
1024,256,16,4096,521.807
1024,256,16,16384,1891.86
1024,256,32,32,163.903
1024,256,32,128,185.373
1024,256,32,512,248.814
1024,256,32,2048,514.075
1024,256,32,8192,1707.46
1024,256,64,16,221.541
1024,256,64,64,223.354
1024,256,64,256,307.252
1024,256,64,1024,557.101
1024,256,64,4096,1806.73
1024,256,64,16384,7111.75
1024,512,1,16,131.766
1024,512,1,64,131.83
1024,512,1,256,133.302
1024,512,1,1024,137.483
1024,512,1,4096,215.686
1024,512,1,16384,553.367
1024,512,2,32,133.185
1024,512,2,128,135.296
1024,512,2,512,138.412
1024,512,2,2048,168.532
1024,512,2,8192,349.478
1024,512,4,16,136.32
1024,512,4,64,136.012
1024,512,4,256,142.678
1024,512,4,1024,158.346
1024,512,4,4096,277.302
1024,512,4,16384,647.857
1024,512,8,32,144.234
1024,512,8,128,149.973
1024,512,8,512,167.241
1024,512,8,2048,239.823
1024,512,8,8192,582.102
1024,512,16,16,159.039
1024,512,16,64,160.596
1024,512,16,256,181.757
1024,512,16,1024,244.1
1024,512,16,4096,539.3
1024,512,16,16384,1882.63
1024,512,32,32,189.202
1024,512,32,128,211.611
1024,512,32,512,274.53
1024,512,32,2048,533.733
1024,512,32,8192,1736.21
1024,512,64,16,246.99
1024,512,64,64,249.176
1024,512,64,256,333.522
1024,512,64,1024,584.801
1024,512,64,4096,1848.45
1024,512,64,16384,7518.32
1024,1024,1,16,180.67
1024,1024,1,64,181.651
1024,1024,1,256,182.664
1024,1024,1,1024,190.227
1024,1024,1,4096,255.352
1024,1024,1,16384,595.392
1024,1024,2,32,181.619
1024,1024,2,128,184.552
1024,1024,2,512,190.238
1024,1024,2,2048,206.716
1024,1024,2,8192,394.468
1024,1024,4,16,185.726
1024,1024,4,64,185.118
1024,1024,4,256,193.181
1024,1024,4,1024,208.711
1024,1024,4,4096,314.186
1024,1024,4,16384,724.567
1024,1024,8,32,192.114
1024,1024,8,128,200.167
1024,1024,8,512,217.317
1024,1024,8,2048,279.244
1024,1024,8,8192,629.78
1024,1024,16,16,209.116
1024,1024,16,64,209.554
1024,1024,16,256,232.228
1024,1024,16,1024,296.362
1024,1024,16,4096,582.571
1024,1024,16,16384,1907.05
1024,1024,32,32,239.599
1024,1024,32,128,261.23
1024,1024,32,512,326.078
1024,1024,32,2048,574.497
1024,1024,32,8192,1741.34
1024,1024,64,16,297.761
1024,1024,64,64,300.331
1024,1024,64,256,385.667
1024,1024,64,1024,638.867
1024,1024,64,4096,1935.02
1024,1024,64,16384,8275.2
1024,2048,1,16,286.486
1024,2048,1,64,289.014
1024,2048,1,256,288.769
1024,2048,1,1024,292.011
1024,2048,1,4096,331.934
1024,2048,1,16384,679.739
1024,2048,2,32,288.545
1024,2048,2,128,288.843
1024,2048,2,512,292.917
1024,2048,2,2048,308.277
1024,2048,2,8192,478.099
1024,2048,4,16,286.7
1024,2048,4,64,287.414
1024,2048,4,256,292.736
1024,2048,4,1024,311.136
1024,2048,4,4096,394.052
1024,2048,4,16384,883.884
1024,2048,8,32,290.891
1024,2048,8,128,299.019
1024,2048,8,512,316.682
1024,2048,8,2048,378.148
1024,2048,8,8192,716.249
1024,2048,16,16,306.912
1024,2048,16,64,307.593
1024,2048,16,256,331.39
1024,2048,16,1024,395.417
1024,2048,16,4096,661.714
1024,2048,16,16384,1941
1024,2048,32,32,338.771
1024,2048,32,128,359.932
1024,2048,32,512,426.498
1024,2048,32,2048,680.443
1024,2048,32,8192,1884.33
1024,2048,64,16,398.17
1024,2048,64,64,400.132
1024,2048,64,256,487.166
1024,2048,64,1024,746.156
1024,2048,64,4096,1985.96
1024,2048,64,16384,9473.84
1024,4096,1,16,512.294
1024,4096,1,64,511.313
1024,4096,1,256,511.848
1024,4096,1,1024,510.119
1024,4096,1,4096,524.72
1024,4096,1,16384,845.754
1024,4096,2,32,511.132
1024,4096,2,128,512.54
1024,4096,2,512,513.169
1024,4096,2,2048,521.521
1024,4096,2,8192,627.914
1024,4096,4,16,512.808
1024,4096,4,64,513.757
1024,4096,4,256,515.569
1024,4096,4,1024,520.892
1024,4096,4,4096,545.221
1024,4096,4,16384,1061.56
1024,4096,8,32,513.821
1024,4096,8,128,514.566
1024,4096,8,512,519.014
1024,4096,8,2048,583.576
1024,4096,8,8192,876.525
1024,4096,16,16,518.663
1024,4096,16,64,516.891
1024,4096,16,256,532.08
1024,4096,16,1024,593.133
1024,4096,16,4096,875.492
1024,4096,16,16384,2052.54
1024,4096,32,32,536.09
1024,4096,32,128,562.361
1024,4096,32,512,624.778
1024,4096,32,2048,881.88
1024,4096,32,8192,1969.75
1024,4096,64,16,598.444
1024,4096,64,64,600.588
1024,4096,64,256,685.936
1024,4096,64,1024,952.073
1024,4096,64,4096,2135.19
1024,4096,64,16384,9780.41
1024,8192,1,16,956.956
1024,8192,1,64,955.735
1024,8192,1,256,958.226
1024,8192,1,1024,959.091
1024,8192,1,4096,960.766
1024,8192,1,16384,1169.3
1024,8192,2,32,960.596
1024,8192,2,128,958.483
1024,8192,2,512,960.051
1024,8192,2,2048,961.257
1024,8192,2,8192,980.433
1024,8192,4,16,961.108
1024,8192,4,64,962.215
1024,8192,4,256,961.632
1024,8192,4,1024,960.765
1024,8192,4,4096,981.543
1024,8192,4,16384,1411.43
1024,8192,8,32,961.79
1024,8192,8,128,958.569
1024,8192,8,512,963.539
1024,8192,8,2048,983.72
1024,8192,8,8192,1219.61
1024,8192,16,16,962.622
1024,8192,16,64,962.644
1024,8192,16,256,965.244
1024,8192,16,1024,1001.35
1024,8192,16,4096,1237.1
1024,8192,16,16384,2403.9
1024,8192,32,32,969.14
1024,8192,32,128,972.329
1024,8192,32,512,1027.41
1024,8192,32,2048,1288.29
1024,8192,32,8192,2426.3
1024,8192,64,16,999.367
1024,8192,64,64,1000.8
1024,8192,64,256,1086.66
1024,8192,64,1024,1358.39
1024,8192,64,4096,2456.22
1024,8192,64,16384,9737.99
1024,16384,1,16,1860.59
1024,16384,1,64,1865.29
1024,16384,1,256,1862.45
1024,16384,1,1024,1859.45
1024,16384,1,4096,1863.25
1024,16384,1,16384,1876.48
1024,16384,2,32,1862.9
1024,16384,2,128,1865.45
1024,16384,2,512,1866.22
1024,16384,2,2048,1866.34
1024,16384,2,8192,1874.18
1024,16384,4,16,1863.17
1024,16384,4,64,1865.48
1024,16384,4,256,1864.36
1024,16384,4,1024,1864.96
1024,16384,4,4096,1865.78
1024,16384,4,16384,1907.06
1024,16384,8,32,1865.38
1024,16384,8,128,1865.12
1024,16384,8,512,1866.48
1024,16384,8,2048,1869.39
1024,16384,8,8192,2103.71
1024,16384,16,16,1856.76
1024,16384,16,64,1861.54
1024,16384,16,256,1865.19
1024,16384,16,1024,1865.63
1024,16384,16,4096,2023.49
1024,16384,16,16384,3273.95
1024,16384,32,32,1861.44
1024,16384,32,128,1865.12
1024,16384,32,512,1872.58
1024,16384,32,2048,2080.44
1024,16384,32,8192,3115.13
1024,16384,64,16,1880.24
1024,16384,64,64,1883.87
1024,16384,64,256,1907.2
1024,16384,64,1024,2153.47
1024,16384,64,4096,3272.63
1024,16384,64,16384,8199.84
2048,0,1,16,241.786
2048,0,1,64,242.117
2048,0,1,256,243.707
2048,0,1,1024,248.132
2048,0,1,4096,313.386
2048,0,1,16384,656.212
2048,0,2,32,245.382
2048,0,2,128,246.085
2048,0,2,512,249.989
2048,0,2,2048,265.785
2048,0,2,8192,467.67
2048,0,4,16,249.775
2048,0,4,64,250.17
2048,0,4,256,255.365
2048,0,4,1024,270.808
2048,0,4,4096,378.407
2048,0,4,16384,826.432
2048,0,8,32,261.028
2048,0,8,128,266.02
2048,0,8,512,282.03
2048,0,8,2048,342.622
2048,0,8,8192,708.647
2048,0,16,16,283.406
2048,0,16,64,283.853
2048,0,16,256,305.303
2048,0,16,1024,368.306
2048,0,16,4096,654.549
2048,0,16,16384,1945.91
2048,0,32,32,329.162
2048,0,32,128,350.473
2048,0,32,512,414.778
2048,0,32,2048,661.237
2048,0,32,8192,1838.51
2048,0,64,16,417.241
2048,0,64,64,417.807
2048,0,64,256,504.063
2048,0,64,1024,757.423
2048,0,64,4096,2048.04
2048,0,64,16384,8840.56
2048,16,1,16,254.874
2048,16,1,64,254.628
2048,16,1,256,257.305
2048,16,1,1024,259.482
2048,16,1,4096,321.995
2048,16,1,16384,666.346
2048,16,2,32,257.434
2048,16,2,128,259.205
2048,16,2,512,263.439
2048,16,2,2048,278.552
2048,16,2,8192,479.659
2048,16,4,16,261.989
2048,16,4,64,261.102
2048,16,4,256,267.31
2048,16,4,1024,283.971
2048,16,4,4096,389.159
2048,16,4,16384,844.703
2048,16,8,32,272.835
2048,16,8,128,278.019
2048,16,8,512,294.839
2048,16,8,2048,355.017
2048,16,8,8192,720.859
2048,16,16,16,295.725
2048,16,16,64,296.568
2048,16,16,256,318.39
2048,16,16,1024,381.35
2048,16,16,4096,665.504
2048,16,16,16384,1953.86
2048,16,32,32,340.692
2048,16,32,128,362.973
2048,16,32,512,428.207
2048,16,32,2048,674.122
2048,16,32,8192,1856.95
2048,16,64,16,428.825
2048,16,64,64,430.692
2048,16,64,256,517.107
2048,16,64,1024,770.244
2048,16,64,4096,2055.83
2048,16,64,16384,8945.51
2048,32,1,16,255.183
2048,32,1,64,255.087
2048,32,1,256,256.869
2048,32,1,1024,260.655
2048,32,1,4096,323.115
2048,32,1,16384,665.749
2048,32,2,32,258.021
2048,32,2,128,259.824
2048,32,2,512,263.023
2048,32,2,2048,276.953
2048,32,2,8192,479.713
2048,32,4,16,262.437
2048,32,4,64,261.849
2048,32,4,256,268.111
2048,32,4,1024,284.099
2048,32,4,4096,388.391
2048,32,4,16384,845.695
2048,32,8,32,273.337
2048,32,8,128,278.702
2048,32,8,512,294.039
2048,32,8,2048,355.189
2048,32,8,8192,720.53
2048,32,16,16,296.152
2048,32,16,64,296.258
2048,32,16,256,317.429
2048,32,16,1024,381.415
2048,32,16,4096,664.929
2048,32,16,16384,1953.23
2048,32,32,32,341.322
2048,32,32,128,362.441
2048,32,32,512,427.247
2048,32,32,2048,672.673
2048,32,32,8192,1854.02
2048,32,64,16,428.752
2048,32,64,64,431.001
2048,32,64,256,516.351
2048,32,64,1024,768.421
2048,32,64,4096,2057.47
2048,32,64,16384,9025.87
2048,64,1,16,254.363
2048,64,1,64,255.686
2048,64,1,256,256.325
2048,64,1,1024,260.143
2048,64,1,4096,323.265
2048,64,1,16384,666.09
2048,64,2,32,259.078
2048,64,2,128,259.098
2048,64,2,512,263.951
2048,64,2,2048,278.19
2048,64,2,8192,480.428
2048,64,4,16,262.351
2048,64,4,64,262.788
2048,64,4,256,267.215
2048,64,4,1024,283.63
2048,64,4,4096,388.562
2048,64,4,16384,843.415
2048,64,8,32,273.039
2048,64,8,128,277.839
2048,64,8,512,294.446
2048,64,8,2048,355.913
2048,64,8,8192,719.325
2048,64,16,16,296.344
2048,64,16,64,296.195
2048,64,16,256,317.697
2048,64,16,1024,380.317
2048,64,16,4096,665.569
2048,64,16,16384,1952
2048,64,32,32,341.899
2048,64,32,128,363.177
2048,64,32,512,427.654
2048,64,32,2048,673.494
2048,64,32,8192,1857.15
2048,64,64,16,429.828
2048,64,64,64,431.984
2048,64,64,256,517.525
2048,64,64,1024,771.045
2048,64,64,4096,2053
2048,64,64,16384,9040.53
2048,128,1,16,265.103
2048,128,1,64,266.308
2048,128,1,256,267.365
2048,128,1,1024,271.109
2048,128,1,4096,332.555
2048,128,1,16384,678.954
2048,128,2,32,267.834
2048,128,2,128,269.178
2048,128,2,512,272.836
2048,128,2,2048,288.27
2048,128,2,8192,489.484
2048,128,4,16,272.506
2048,128,4,64,272.58
2048,128,4,256,278.394
2048,128,4,1024,294.712
2048,128,4,4096,399.666
2048,128,4,16384,864.607
2048,128,8,32,283.289
2048,128,8,128,289.763
2048,128,8,512,305.176
2048,128,8,2048,366.602
2048,128,8,8192,729.896
2048,128,16,16,305.261
2048,128,16,64,306.711
2048,128,16,256,328.63
2048,128,16,1024,391.069
2048,128,16,4096,676.13
2048,128,16,16384,1956.53
2048,128,32,32,352.245
2048,128,32,128,373.865
2048,128,32,512,438.469
2048,128,32,2048,683.33
2048,128,32,8192,1873.09
2048,128,64,16,440.069
2048,128,64,64,442.981
2048,128,64,256,527.456
2048,128,64,1024,780.368
2048,128,64,4096,2057.28
2048,128,64,16384,8995.37
2048,256,1,16,288.163
2048,256,1,64,288.676
2048,256,1,256,289.646
2048,256,1,1024,294.04
2048,256,1,4096,352.97
2048,256,1,16384,700.426
2048,256,2,32,290.915
2048,256,2,128,293.614
2048,256,2,512,297.006
2048,256,2,2048,311
2048,256,2,8192,509.227
2048,256,4,16,295.875
2048,256,4,64,296.057
2048,256,4,256,301.368
2048,256,4,1024,318.114
2048,256,4,4096,418.503
2048,256,4,16384,901.46
2048,256,8,32,305.677
2048,256,8,128,312.152
2048,256,8,512,328.332
2048,256,8,2048,389.96
2048,256,8,8192,753.736
2048,256,16,16,328.94
2048,256,16,64,329.601
2048,256,16,256,351.69
2048,256,16,1024,414.045
2048,256,16,4096,697.227
2048,256,16,16384,1967.04
2048,256,32,32,374.835
2048,256,32,128,397.309
2048,256,32,512,461.146
2048,256,32,2048,705.696
2048,256,32,8192,1922.35
2048,256,64,16,462.436
2048,256,64,64,465.263
2048,256,64,256,551.434
2048,256,64,1024,803.642
2048,256,64,4096,2090.14
2048,256,64,16384,9412.5
2048,512,1,16,334.795
2048,512,1,64,334.561
2048,512,1,256,336.065
2048,512,1,1024,340.481
2048,512,1,4096,390.473
2048,512,1,16384,742.878
2048,512,2,32,336.833
2048,512,2,128,338.496
2048,512,2,512,343.649
2048,512,2,2048,358.037
2048,512,2,8192,553.3
2048,512,4,16,340.534
2048,512,4,64,342.144
2048,512,4,256,346.517
2048,512,4,1024,363.295
2048,512,4,4096,458.767
2048,512,4,16384,955.377
2048,512,8,32,352.161
2048,512,8,128,357.61
2048,512,8,512,374.003
2048,512,8,2048,436.581
2048,512,8,8192,794.81
2048,512,16,16,373.897
2048,512,16,64,374.047
2048,512,16,256,396.701
2048,512,16,1024,461.456
2048,512,16,4096,738.152
2048,512,16,16384,2010.48
2048,512,32,32,420.241
2048,512,32,128,442.033
2048,512,32,512,507.81
2048,512,32,2048,755.667
2048,512,32,8192,2001.55
2048,512,64,16,509.516
2048,512,64,64,510.806
2048,512,64,256,598.086
2048,512,64,1024,851.139
2048,512,64,4096,2180.52
2048,512,64,16384,9645.16
2048,1024,1,16,427.11
2048,1024,1,64,426.139
2048,1024,1,256,427.952
2048,1024,1,1024,430.907
2048,1024,1,4096,466.361
2048,1024,1,16384,827.769
2048,1024,2,32,428.838
2048,1024,2,128,430.278
2048,1024,2,512,433.969
2048,1024,2,2048,450.245
2048,1024,2,8192,634.81
2048,1024,4,16,433.382
2048,1024,4,64,431.281
2048,1024,4,256,439.355
2048,1024,4,1024,455.493
2048,1024,4,4096,537.824
2048,1024,4,16384,1044.33
2048,1024,8,32,442.48
2048,1024,8,128,448.934
2048,1024,8,512,465.039
2048,1024,8,2048,529.536
2048,1024,8,8192,880.098
2048,1024,16,16,464.517
2048,1024,16,64,464.879
2048,1024,16,256,487.545
2048,1024,16,1024,552.213
2048,1024,16,4096,820.069
2048,1024,16,16384,2101.33
2048,1024,32,32,510.498
2048,1024,32,128,532.075
2048,1024,32,512,597.597
2048,1024,32,2048,850.211
2048,1024,32,8192,2085.5
2048,1024,64,16,600.509
2048,1024,64,64,603.069
2048,1024,64,256,687.224
2048,1024,64,1024,944.809
2048,1024,64,4096,2041.07
2048,1024,64,16384,9908.87
2048,2048,1,16,609.245
2048,2048,1,64,607.495
2048,2048,1,256,608.934
2048,2048,1,1024,614.172
2048,2048,1,4096,630.437
2048,2048,1,16384,995.675
2048,2048,2,32,610.001
2048,2048,2,128,612.732
2048,2048,2,512,616.209
2048,2048,2,2048,635.6
2048,2048,2,8192,790.898
2048,2048,4,16,616.327
2048,2048,4,64,615.259
2048,2048,4,256,621.329
2048,2048,4,1024,638.565
2048,2048,4,4096,698.476
2048,2048,4,16384,1210.78
2048,2048,8,32,624.348
2048,2048,8,128,629.424
2048,2048,8,512,648.143
2048,2048,8,2048,712.844
2048,2048,8,8192,1042.73
2048,2048,16,16,645.093
2048,2048,16,64,644.592
2048,2048,16,256,669.294
2048,2048,16,1024,735.809
2048,2048,16,4096,981.607
2048,2048,16,16384,2260.95
2048,2048,32,32,690.21
2048,2048,32,128,713.761
2048,2048,32,512,781.512
2048,2048,32,2048,1037.43
2048,2048,32,8192,2176.14
2048,2048,64,16,781.608
2048,2048,64,64,783.112
2048,2048,64,256,870.435
2048,2048,64,1024,1129.41
2048,2048,64,4096,2209.54
2048,2048,64,16384,9917.41
2048,4096,1,16,974.067
2048,4096,1,64,972.477
2048,4096,1,256,974.312
2048,4096,1,1024,979.143
2048,4096,1,4096,1006.65
2048,4096,1,16384,1311.57
2048,4096,2,32,978.225
2048,4096,2,128,977.608
2048,4096,2,512,983.463
2048,4096,2,2048,1002.64
2048,4096,2,8192,1096.01
2048,4096,4,16,986.13
2048,4096,4,64,984.732
2048,4096,4,256,988.124
2048,4096,4,1024,1005.12
2048,4096,4,4096,1059.85
2048,4096,4,16384,1531.85
2048,4096,8,32,993.394
2048,4096,8,128,996.88
2048,4096,8,512,1011.19
2048,4096,8,2048,1077.51
2048,4096,8,8192,1361.35
2048,4096,16,16,1009.05
2048,4096,16,64,1006.94
2048,4096,16,256,1031.41
2048,4096,16,1024,1098.55
2048,4096,16,4096,1360.03
2048,4096,16,16384,2597.05
2048,4096,32,32,1050.37
2048,4096,32,128,1074.52
2048,4096,32,512,1145.1
2048,4096,32,2048,1405.98
2048,4096,32,8192,2505.88
2048,4096,64,16,1142.44
2048,4096,64,64,1145.59
2048,4096,64,256,1235.08
2048,4096,64,1024,1499.23
2048,4096,64,4096,2604.67
2048,4096,64,16384,9955.03
2048,8192,1,16,1753.53
2048,8192,1,64,1758.23
2048,8192,1,256,1759.08
2048,8192,1,1024,1761.01
2048,8192,1,4096,1765.51
2048,8192,1,16384,1955.7
2048,8192,2,32,1757.56
2048,8192,2,128,1760.68
2048,8192,2,512,1764.29
2048,8192,2,2048,1764.86
2048,8192,2,8192,1808.89
2048,8192,4,16,1766.11
2048,8192,4,64,1767.91
2048,8192,4,256,1771.02
2048,8192,4,1024,1772.77
2048,8192,4,4096,1809.04
2048,8192,4,16384,2195.26
2048,8192,8,32,1775.8
2048,8192,8,128,1774.01
2048,8192,8,512,1780.44
2048,8192,8,2048,1820.37
2048,8192,8,8192,2059.97
2048,8192,16,16,1790.14
2048,8192,16,64,1789.48
2048,8192,16,256,1795.81
2048,8192,16,1024,1830.73
2048,8192,16,4096,2090.86
2048,8192,16,16384,3208.44
2048,8192,32,32,1821.88
2048,8192,32,128,1821.69
2048,8192,32,512,1871.83
2048,8192,32,2048,2140.07
2048,8192,32,8192,3258.68
2048,8192,64,16,1861.6
2048,8192,64,64,1859.37
2048,8192,64,256,1962.04
2048,8192,64,1024,2227.65
2048,8192,64,4096,3310.92
2048,8192,64,16384,9880.76
2048,16384,1,16,3330.37
2048,16384,1,64,3324.23
2048,16384,1,256,3327.24
2048,16384,1,1024,3328.28
2048,16384,1,4096,3322.36
2048,16384,1,16384,3362.19
2048,16384,2,32,3325.99
2048,16384,2,128,3334.27
2048,16384,2,512,3333.31
2048,16384,2,2048,3333.35
2048,16384,2,8192,3349.83
2048,16384,4,16,3335.82
2048,16384,4,64,3336.21
2048,16384,4,256,3336.39
2048,16384,4,1024,3341.93
2048,16384,4,4096,3339.7
2048,16384,4,16384,3414.48
2048,16384,8,32,3343.13
2048,16384,8,128,3346.22
2048,16384,8,512,3351.46
2048,16384,8,2048,3352.15
2048,16384,8,8192,3580.45
2048,16384,16,16,3348.63
2048,16384,16,64,3348.18
2048,16384,16,256,3356.32
2048,16384,16,1024,3364.99
2048,16384,16,4096,3541.03
2048,16384,16,16384,4765.62
2048,16384,32,32,3379.58
2048,16384,32,128,3389.75
2048,16384,32,512,3405.51
2048,16384,32,2048,3602.47
2048,16384,32,8192,4652.95
2048,16384,64,16,3417.58
2048,16384,64,64,3422.03
2048,16384,64,256,3443.37
2048,16384,64,1024,3692.02
2048,16384,64,4096,4822.11
2048,16384,64,16384,9569.84
