prefill_chunk,kv_prefill,n_decode,kv_decode,time_us
0,0,1,16,10.6347
0,0,1,32,10.624
0,0,1,64,10.7197
0,0,1,128,14.4633
0,0,1,256,14.88
0,0,1,512,15.8287
0,0,1,1024,17.589
0,0,1,2048,21.7583
0,0,1,4096,30.197
0,0,1,8192,42.271
0,0,1,16384,67.5927
0,0,2,16,14.9873
0,0,2,32,15.0613
0,0,2,64,15.2637
0,0,2,128,17.6537
0,0,2,256,18.464
0,0,2,512,19.9567
0,0,2,1024,23.5197
0,0,2,2048,32.0643
0,0,2,4096,43.583
0,0,2,8192,67.647
0,0,2,16384,117.523
0,0,4,16,15.1677
0,0,4,32,14.9967
0,0,4,64,15.4137
0,0,4,128,18.1547
0,0,4,256,19.531
0,0,4,512,22.975
0,0,4,1024,30.9433
0,0,4,2048,44.0207
0,0,4,4096,66.7403
0,0,4,8192,115.859
0,0,4,16384,208.998
0,0,8,16,15.1677
0,0,8,32,15.3503
0,0,8,64,16.15
0,0,8,128,19.3913
0,0,8,256,22.634
0,0,8,512,30.3563
0,0,8,1024,44.4153
0,0,8,2048,67.3477
0,0,8,4096,118.356
0,0,8,8192,209.404
0,0,8,16384,353.219
0,0,16,16,15.6477
0,0,16,32,16.4377
0,0,16,64,17.5783
0,0,16,128,22.6653
0,0,16,256,29.237
0,0,16,512,43.8073
0,0,16,1024,66.0257
0,0,16,2048,115.624
0,0,16,4096,207.953
0,0,16,8192,352.749
0,0,16,16384,634.355
0,0,32,16,16.735
0,0,32,32,17.8133
0,0,32,64,20.938
0,0,32,128,31.5087
0,0,32,256,44.2233
0,0,32,512,68.0407
0,0,32,1024,117.192
0,0,32,2048,212.102
0,0,32,4096,356.611
0,0,32,8192,636.745
0,0,32,16384,1200.97
0,0,64,16,22.9543
0,0,64,32,24.896
0,0,64,64,28.863
0,0,64,128,43.7433
0,0,64,256,68.1913
0,0,64,512,116.605
0,0,64,1024,211.805
0,0,64,2048,357.444
0,0,64,4096,637.96
0,0,64,8192,1208.86
0,0,64,16384,2331.85
0,0,128,16,35.263
0,0,128,32,37.2153
0,0,128,64,41.6417
0,0,128,128,67.444
0,0,128,256,115.753
0,0,128,512,208.775
0,0,128,1024,355.396
0,0,128,2048,635.518
0,0,128,4096,1201.64
0,0,128,8192,2345.45
0,0,128,16384,4570.65
0,0,256,16,59.38
0,0,256,32,61.4177
0,0,256,64,68.7883
0,0,256,128,122.899
0,0,256,256,212.934
0,0,256,512,360.42
0,0,256,1024,642.121
0,0,256,2048,1216.3
0,0,256,4096,2331.78
0,0,256,8192,4614.91
0,0,256,16384,9067.35
16,0,0,0,10.933
16,0,1,16,10.773
16,0,1,32,10.7733
16,0,1,64,10.8157
16,0,1,128,13.8877
16,0,1,256,17.973
16,0,1,512,26.154
16,0,1,1024,42.655
16,0,1,2048,75.6793
16,0,1,4096,141.757
16,0,1,8192,273.029
16,0,1,16384,535.337
16,0,2,16,10.7843
16,0,2,32,10.837
16,0,2,64,10.8583
16,0,2,128,14.0583
16,0,2,256,17.9837
16,0,2,512,26.25
16,0,2,1024,42.7937
16,0,2,2048,76.03
16,0,2,4096,141.917
16,0,2,8192,273.946
16,0,2,16384,536.735
16,0,4,16,10.9863
16,0,4,32,10.8583
16,0,4,64,11.179
16,0,4,128,14.101
16,0,4,256,18.4957
16,0,4,512,26.9863
16,0,4,1024,43.519
16,0,4,2048,76.5003
16,0,4,4096,142.92
16,0,4,8192,275.429
16,0,4,16384,538.409
16,0,8,16,16.341
16,0,8,32,16.4157
16,0,8,64,16.4583
16,0,8,128,23.2103
16,0,8,256,32.3837
16,0,8,512,41.5463
16,0,8,1024,58.4623
16,0,8,2048,90.0037
16,0,8,4096,154.599
16,0,8,8192,283.813
16,0,8,16384,547.573
16,0,16,16,21.9833
16,0,16,32,22.026
16,0,16,64,22.431
16,0,16,128,33.1083
16,0,16,256,43.413
16,0,16,512,58.9003
16,0,16,1024,91.519
16,0,16,2048,156.189
16,0,16,4096,288.442
16,0,16,8192,550.933
16,0,16,16384,1080.02
16,0,32,16,32.9377
16,0,32,32,33.6737
16,0,32,64,34.207
16,0,32,128,52.65
16,0,32,256,68.9373
16,0,32,512,100.595
16,0,32,1024,165.17
16,0,32,2048,295.14
16,0,32,4096,557.258
16,0,32,8192,1090.92
16,0,32,16384,2149.23
16,0,64,16,54.9537
16,0,64,32,55.3907
16,0,64,64,57.652
16,0,64,128,90.1857
16,0,64,256,128.211
16,0,64,512,205.724
16,0,64,1024,357.528
16,0,64,2048,628.489
16,0,64,4096,1233.71
16,0,64,8192,2388.38
16,0,64,16384,5163.97
16,0,128,16,96.6917
16,0,128,32,97.512
16,0,128,64,102.708
16,0,128,128,173.501
16,0,128,256,265.723
16,0,128,512,443.511
16,0,128,1024,795.088
16,0,128,2048,2325.01
16,0,128,4096,4569.93
16,0,128,8192,9098.62
16,0,128,16384,18043.3
16,16,0,0,11.3487
16,16,1,16,11.0183
16,16,1,32,11.093
16,16,1,64,11.1253
16,16,1,128,13.9307
16,16,1,256,18.0053
16,16,1,512,26.176
16,16,1,1024,42.7517
16,16,1,2048,75.615
16,16,1,4096,141.608
16,16,1,8192,272.975
16,16,1,16384,535.476
16,16,2,16,11.2537
16,16,2,32,11.1257
16,16,2,64,11.2853
16,16,2,128,13.9733
16,16,2,256,18.1003
16,16,2,512,26.2073
16,16,2,1024,42.847
16,16,2,2048,76.1587
16,16,2,4096,141.8
16,16,2,8192,273.712
16,16,2,16384,536.586
16,16,4,16,11.232
16,16,4,32,11.477
16,16,4,64,11.6583
16,16,4,128,14.2077
16,16,4,256,18.3887
16,16,4,512,27.231
16,16,4,1024,44.0627
16,16,4,2048,76.777
16,16,4,4096,142.888
16,16,4,8192,275.173
16,16,4,16384,538.762
16,16,8,16,16.7997
16,16,8,32,17.088
16,16,8,64,17.2263
16,16,8,128,23.061
16,16,8,256,32.255
16,16,8,512,40.9807
16,16,8,1024,58.6653
16,16,8,2048,89.6193
16,16,8,4096,154.312
16,16,8,8192,283.077
16,16,8,16384,547.509
16,16,16,16,22.3467
16,16,16,32,22.837
16,16,16,64,23.296
16,16,16,128,32.8747
16,16,16,256,42.741
16,16,16,512,59.0177
16,16,16,1024,90.9427
16,16,16,2048,155.965
16,16,16,4096,290.182
16,16,16,8192,551.851
16,16,16,16384,1078.69
16,16,32,16,33.3643
16,16,32,32,34.3887
16,16,32,64,35.2203
16,16,32,128,52.4577
16,16,32,256,69.385
16,16,32,512,101.097
16,16,32,1024,165.095
16,16,32,2048,295.237
16,16,32,4096,557.365
16,16,32,8192,1092.01
16,16,32,16384,2149.62
16,16,64,16,55.3267
16,16,64,32,56.1477
16,16,64,64,57.7053
16,16,64,128,89.811
16,16,64,256,127.934
16,16,64,512,206.525
16,16,64,1024,357.54
16,16,64,2048,627.977
16,16,64,4096,1235.83
16,16,64,8192,2400.85
16,16,64,16384,5367.5
16,16,128,16,97
16,16,128,32,98.0883
16,16,128,64,103.027
16,16,128,128,172.647
16,16,128,256,266.182
16,16,128,512,443.789
16,16,128,1024,793.222
16,16,128,2048,2325.06
16,16,128,4096,4569.41
16,16,128,8192,9100.44
16,16,128,16384,18030.3
16,32,0,0,11.296
16,32,1,16,11.2423
16,32,1,32,11.1677
16,32,1,64,11.1677
16,32,1,128,13.92
16,32,1,256,18.069
16,32,1,512,26.1437
16,32,1,1024,42.8047
16,32,1,2048,75.7853
16,32,1,4096,141.597
16,32,1,8192,272.795
16,32,1,16384,535.232
16,32,2,16,11.189
16,32,2,32,11.3067
16,32,2,64,11.4663
16,32,2,128,14.0263
16,32,2,256,18.0267
16,32,2,512,26.218
16,32,2,1024,42.7833
16,32,2,2048,75.8487
16,32,2,4096,141.874
16,32,2,8192,273.893
16,32,2,16384,536.81
16,32,4,16,11.3383
16,32,4,32,11.4983
16,32,4,64,11.7653
16,32,4,128,14.3993
16,32,4,256,18.1547
16,32,4,512,27.189
16,32,4,1024,44.063
16,32,4,2048,76.8837
16,32,4,4096,142.802
16,32,4,8192,275.236
16,32,4,16384,539.051
16,32,8,16,17.013
16,32,8,32,17.173
16,32,8,64,17.2907
16,32,8,128,23.232
16,32,8,256,32.639
16,32,8,512,41.8873
16,32,8,1024,58.473
16,32,8,2048,90.142
16,32,8,4096,154.429
16,32,8,8192,283.771
16,32,8,16384,547.306
16,32,16,16,22.5597
16,32,16,32,22.7623
16,32,16,64,23.285
16,32,16,128,33.226
16,32,16,256,43.2317
16,32,16,512,58.4947
16,32,16,1024,90.8353
16,32,16,2048,155.624
16,32,16,4096,289.936
16,32,16,8192,550.997
16,32,16,16384,1078.88
16,32,32,16,33.4507
16,32,32,32,34.3037
16,32,32,64,34.815
16,32,32,128,52.7777
16,32,32,256,70.3663
16,32,32,512,101.587
16,32,32,1024,165.597
16,32,32,2048,295.077
16,32,32,4096,557.439
16,32,32,8192,1091.19
16,32,32,16384,2149.07
16,32,64,16,55.391
16,32,64,32,55.9563
16,32,64,64,57.7483
16,32,64,128,90.0993
16,32,64,256,127.741
16,32,64,512,205.937
16,32,64,1024,359.012
16,32,64,2048,626.014
16,32,64,4096,1235.98
16,32,64,8192,2393.86
16,32,64,16384,5157.96
16,32,128,16,97.1287
16,32,128,32,98.3657
16,32,128,64,103.326
16,32,128,128,173.906
16,32,128,256,265.37
16,32,128,512,445.005
16,32,128,1024,799.868
16,32,128,2048,2320.42
16,32,128,4096,4565.2
16,32,128,8192,9069.02
16,32,128,16384,18042.2
16,64,0,0,11.4027
16,64,1,16,11.082
16,64,1,32,11.2533
16,64,1,64,11.338
16,64,1,128,14.0157
16,64,1,256,17.9837
16,64,1,512,26.154
16,64,1,1024,42.666
16,64,1,2048,75.7533
16,64,1,4096,141.693
16,64,1,8192,272.997
16,64,1,16384,535.242
16,64,2,16,11.3383
16,64,2,32,11.2743
16,64,2,64,11.6157
16,64,2,128,14.0263
16,64,2,256,18.0263
16,64,2,512,26.2393
16,64,2,1024,42.7403
16,64,2,2048,76.0517
16,64,2,4096,141.96
16,64,2,8192,273.989
16,64,2,16384,536.693
16,64,4,16,11.456
16,64,4,32,11.7437
16,64,4,64,11.8077
16,64,4,128,14.122
16,64,4,256,18.2717
16,64,4,512,27.509
16,64,4,1024,44.1167
16,64,4,2048,76.9583
16,64,4,4096,142.781
16,64,4,8192,275.717
16,64,4,16384,538.196
16,64,8,16,16.9807
16,64,8,32,17.194
16,64,8,64,17.355
16,64,8,128,23.2097
16,64,8,256,32.725
16,64,8,512,42.4523
16,64,8,1024,59.2413
16,64,8,2048,90.1847
16,64,8,4096,155.197
16,64,8,8192,282.821
16,64,8,16384,547.104
16,64,16,16,22.464
16,64,16,32,22.901
16,64,16,64,23.3587
16,64,16,128,33.045
16,64,16,256,42.8367
16,64,16,512,58.762
16,64,16,1024,90.6543
16,64,16,2048,155.218
16,64,16,4096,288.495
16,64,16,8192,551.061
16,64,16,16384,1079.79
16,64,32,16,33.5457
16,64,32,32,34.5277
16,64,32,64,35.0283
16,64,32,128,52.415
16,64,32,256,69.545
16,64,32,512,100.755
16,64,32,1024,165.757
16,64,32,2048,295.877
16,64,32,4096,557.439
16,64,32,8192,1091.85
16,64,32,16384,2150.55
16,64,64,16,55.4233
16,64,64,32,56.1273
16,64,64,64,57.8223
16,64,64,128,90.3233
16,64,64,256,127.058
16,64,64,512,206.139
16,64,64,1024,357.305
16,64,64,2048,626.942
16,64,64,4096,1236.51
16,64,64,8192,2383.63
16,64,64,16384,5163.5
16,64,128,16,97.118
16,64,128,32,98.3237
16,64,128,64,103.304
16,64,128,128,172.764
16,64,128,256,265.68
16,64,128,512,445.367
16,64,128,1024,794.918
16,64,128,2048,2327.31
16,64,128,4096,4571.22
16,64,128,8192,9109.71
16,64,128,16384,18038.2
16,128,0,0,15.0187
16,128,1,16,13.9947
16,128,1,32,13.9833
16,128,1,64,14.037
16,128,1,128,14.89
16,128,1,256,18.0153
16,128,1,512,26.1757
16,128,1,1024,42.6547
16,128,1,2048,75.6573
16,128,1,4096,141.704
16,128,1,8192,272.965
16,128,1,16384,535.455
16,128,2,16,14.0367
16,128,2,32,13.9947
16,128,2,64,14.0693
16,128,2,128,14.9013
16,128,2,256,18.09
16,128,2,512,26.2287
16,128,2,1024,42.9963
16,128,2,2048,76.02
16,128,2,4096,141.853
16,128,2,8192,273.819
16,128,2,16384,536.587
16,128,4,16,14.0477
16,128,4,32,14.144
16,128,4,64,14.144
16,128,4,128,15.0603
16,128,4,256,18.549
16,128,4,512,26.879
16,128,4,1024,43.9777
16,128,4,2048,77.0863
16,128,4,4096,142.941
16,128,4,8192,275.515
16,128,4,16384,538.998
16,128,8,16,20.949
16,128,8,32,21.2263
16,128,8,64,21.45
16,128,8,128,24.874
16,128,8,256,33.108
16,128,8,512,49.2153
16,128,8,1024,68.415
16,128,8,2048,100.254
16,128,8,4096,164.007
16,128,8,8192,292.688
16,128,8,16384,548.704
16,128,16,16,23.3483
16,128,16,32,23.3167
16,128,16,64,24.138
16,128,16,128,34.6553
16,128,16,256,46.8467
16,128,16,512,63.8917
16,128,16,1024,96.0193
16,128,16,2048,160.679
16,128,16,4096,294.021
16,128,16,8192,555.924
16,128,16,16384,1079.53
16,128,32,16,33.4717
16,128,32,32,34.399
16,128,32,64,35.0607
16,128,32,128,53.4707
16,128,32,256,73.5243
16,128,32,512,106.291
16,128,32,1024,169.49
16,128,32,2048,299.429
16,128,32,4096,561.374
16,128,32,8192,1094.8
16,128,32,16384,2150.18
16,128,64,16,55.658
16,128,64,32,56.3613
16,128,64,64,58.0997
16,128,64,128,92.3927
16,128,64,256,132.755
16,128,64,512,209.468
16,128,64,1024,361.145
16,128,64,2048,630.025
16,128,64,4096,1234.76
16,128,64,8192,2409.32
16,128,64,16384,5432.48
16,128,128,16,97.6513
16,128,128,32,98.622
16,128,128,64,103.614
16,128,128,128,175.282
16,128,128,256,268.72
16,128,128,512,445.293
16,128,128,1024,794.555
16,128,128,2048,2321.03
16,128,128,4096,4567.6
16,128,128,8192,9077.61
16,128,128,16384,18034.2
16,256,0,0,19.061
16,256,1,16,18.048
16,256,1,32,18.0157
16,256,1,64,17.9733
16,256,1,128,17.93
16,256,1,256,18.9433
16,256,1,512,26.25
16,256,1,1024,42.6977
16,256,1,2048,75.6573
16,256,1,4096,141.671
16,256,1,8192,272.976
16,256,1,16384,535.585
16,256,2,16,18.0267
16,256,2,32,17.9837
16,256,2,64,18.0263
16,256,2,128,17.9947
16,256,2,256,18.933
16,256,2,512,26.2827
16,256,2,1024,42.9537
16,256,2,2048,76.0097
16,256,2,4096,141.831
16,256,2,8192,273.755
16,256,2,16384,537.013
16,256,4,16,18.0373
16,256,4,32,18.069
16,256,4,64,18.1227
16,256,4,128,18.1227
16,256,4,256,19.157
16,256,4,512,27.605
16,256,4,1024,44.0957
16,256,4,2048,76.9477
16,256,4,4096,143.336
16,256,4,8192,275.397
16,256,4,16384,538.89
16,256,8,16,25.0447
16,256,8,32,25.013
16,256,8,64,25.2053
16,256,8,128,29.525
16,256,8,256,35.0073
16,256,8,512,49.6093
16,256,8,1024,75.6467
16,256,8,2048,107.145
16,256,8,4096,172.05
16,256,8,8192,300.378
16,256,8,16384,556.97
16,256,16,16,30.3777
16,256,16,32,30.474
16,256,16,64,31.0493
16,256,16,128,35.0077
16,256,16,256,48.1167
16,256,16,512,67.2413
16,256,16,1024,100.403
16,256,16,2048,164.883
16,256,16,4096,297.562
16,256,16,8192,560.511
16,256,16,16384,1081.28
16,256,32,16,37.0653
16,256,32,32,38.1323
16,256,32,64,38.9003
16,256,32,128,54.0473
16,256,32,256,75.1237
16,256,32,512,110.398
16,256,32,1024,174.162
16,256,32,2048,303.535
16,256,32,4096,565.749
16,256,32,8192,1097.06
16,256,32,16384,2150.95
16,256,64,16,58.9113
16,256,64,32,60.4573
16,256,64,64,62.089
16,256,64,128,92.4787
16,256,64,256,135.912
16,256,64,512,214.279
16,256,64,1024,365.262
16,256,64,2048,631.688
16,256,64,4096,1233.03
16,256,64,8192,2392.24
16,256,64,16384,5538.45
16,256,128,16,100.734
16,256,128,32,102.217
16,256,128,64,106.643
16,256,128,128,175.783
16,256,128,256,269.659
16,256,128,512,446.722
16,256,128,1024,795.227
16,256,128,2048,2328.53
16,256,128,4096,4570.31
16,256,128,8192,9106.01
16,256,128,16384,18035.3
16,512,0,0,26.9757
16,512,1,16,26.1007
16,512,1,32,26.271
16,512,1,64,26.1753
16,512,1,128,26.0797
16,512,1,256,26.0687
16,512,1,512,26.9437
16,512,1,1024,42.6763
16,512,1,2048,75.7423
16,512,1,4096,141.661
16,512,1,8192,272.858
16,512,1,16384,534.987
16,512,2,16,26.0907
16,512,2,32,26.197
16,512,2,64,26.1763
16,512,2,128,26.1537
16,512,2,256,26.2287
16,512,2,512,27.0077
16,512,2,1024,42.8473
16,512,2,2048,76.0623
16,512,2,4096,141.981
16,512,2,8192,273.84
16,512,2,16384,537.003
16,512,4,16,26.1543
16,512,4,32,26.165
16,512,4,64,26.2177
16,512,4,128,26.5703
16,512,4,256,27.189
16,512,4,512,28.0633
16,512,4,1024,44.6287
16,512,4,2048,76.8943
16,512,4,4096,143.314
16,512,4,8192,275.364
16,512,4,16384,539.179
16,512,8,16,32.6603
16,512,8,32,33.1623
16,512,8,64,33.247
16,512,8,128,37.8233
16,512,8,256,43.4447
16,512,8,512,51.242
16,512,8,1024,82.6223
16,512,8,2048,122.685
16,512,8,4096,186.321
16,512,8,8192,315.77
16,512,8,16384,572.053
16,512,16,16,38.25
16,512,16,32,38.559
16,512,16,64,39.0817
16,512,16,128,46.8043
16,512,16,256,49.8553
16,512,16,512,71.775
16,512,16,1024,107.443
16,512,16,2048,171.602
16,512,16,4096,305.125
16,512,16,8192,567.168
16,512,16,16384,1089.47
16,512,32,16,48.9267
16,512,32,32,49.5347
16,512,32,64,50.1643
16,512,32,128,59.231
16,512,32,256,74.8787
16,512,32,512,115.081
16,512,32,1024,182.396
16,512,32,2048,312.644
16,512,32,4096,573.546
16,512,32,8192,1106.52
16,512,32,16384,2157.6
16,512,64,16,67.646
16,512,64,32,68.5317
16,512,64,64,70.537
16,512,64,128,97.705
16,512,64,256,136.093
16,512,64,512,222.726
16,512,64,1024,373.251
16,512,64,2048,642.75
16,512,64,4096,1240.37
16,512,64,8192,2406.16
16,512,64,16384,5486.41
16,512,128,16,108.798
16,512,128,32,110.173
16,512,128,64,115.305
16,512,128,128,178.684
16,512,128,256,269.787
16,512,128,512,451.489
16,512,128,1024,795.067
16,512,128,2048,2326.38
16,512,128,4096,4571.37
16,512,128,8192,9081.98
16,512,128,16384,18040.4
16,1024,0,0,43.4653
16,1024,1,16,42.463
16,1024,1,32,42.4633
16,1024,1,64,42.3783
16,1024,1,128,42.4527
16,1024,1,256,42.4523
16,1024,1,512,42.495
16,1024,1,1024,43.4237
16,1024,1,2048,75.871
16,1024,1,4096,141.821
16,1024,1,8192,272.869
16,1024,1,16384,535.828
16,1024,2,16,42.5373
16,1024,2,32,42.5693
16,1024,2,64,42.4633
16,1024,2,128,42.4957
16,1024,2,256,42.559
16,1024,2,512,42.5057
16,1024,2,1024,43.4877
16,1024,2,2048,76.041
16,1024,2,4096,142.119
16,1024,2,8192,273.956
16,1024,2,16384,536.864
16,1024,4,16,42.4733
16,1024,4,32,42.5483
16,1024,4,64,42.559
16,1024,4,128,42.9547
16,1024,4,256,43.2313
16,1024,4,512,44.021
16,1024,4,1024,44.471
16,1024,4,2048,77.817
16,1024,4,4096,143.163
16,1024,4,8192,275.702
16,1024,4,16384,538.827
16,1024,8,16,48.9513
16,1024,8,32,49.41
16,1024,8,64,49.3887
16,1024,8,128,54.4343
16,1024,8,256,59.5543
16,1024,8,512,67.1067
16,1024,8,1024,83.4377
16,1024,8,2048,148.07
16,1024,8,4096,218.654
16,1024,8,8192,347.864
16,1024,8,16384,604.44
16,1024,16,16,54.2313
16,1024,16,32,54.7113
16,1024,16,64,54.9567
16,1024,16,128,62.7973
16,1024,16,256,72.3553
16,1024,16,512,82.7553
16,1024,16,1024,120.655
16,1024,16,2048,188.669
16,1024,16,4096,322.563
16,1024,16,8192,583.671
16,1024,16,16384,1105.11
16,1024,32,16,65.421
16,1024,32,32,65.9653
16,1024,32,64,66.456
16,1024,32,128,81.4647
16,1024,32,256,95.887
16,1024,32,512,115.418
16,1024,32,1024,194.909
16,1024,32,2048,328.259
16,1024,32,4096,590.647
16,1024,32,8192,1121.41
16,1024,32,16384,2174.05
16,1024,64,16,86.6807
16,1024,64,32,87.2893
16,1024,64,64,88.8567
16,1024,64,128,113.744
16,1024,64,256,149.297
16,1024,64,512,223.039
16,1024,64,1024,391.588
16,1024,64,2048,659.407
16,1024,64,4096,1257.54
16,1024,64,8192,2404.02
16,1024,64,16384,5008.75
16,1024,128,16,125.541
16,1024,128,32,126.917
16,1024,128,64,132.454
16,1024,128,128,194.098
16,1024,128,256,280.832
16,1024,128,512,453.042
16,1024,128,1024,806.591
16,1024,128,2048,2336.88
16,1024,128,4096,4578.19
16,1024,128,8192,9108.98
16,1024,128,16384,18042.2
16,2048,0,0,76.205
16,2048,1,16,75.1707
16,2048,1,32,75.31
16,2048,1,64,75.1713
16,2048,1,128,75.1813
16,2048,1,256,75.331
16,2048,1,512,75.2777
16,2048,1,1024,75.3413
16,2048,1,2048,76.227
16,2048,1,4096,141.882
16,2048,1,8192,272.852
16,2048,1,16384,535.615
16,2048,2,16,75.1173
16,2048,2,32,75.3633
16,2048,2,64,75.1707
16,2048,2,128,75.1917
16,2048,2,256,75.341
16,2048,2,512,75.32
16,2048,2,1024,75.3517
16,2048,2,2048,76.2057
16,2048,2,4096,142.096
16,2048,2,8192,273.802
16,2048,2,16384,536.724
16,2048,4,16,75.2673
16,2048,4,32,75.2667
16,2048,4,64,75.3193
16,2048,4,128,75.5123
16,2048,4,256,75.5543
16,2048,4,512,76.1843
16,2048,4,1024,76.579
16,2048,4,2048,77.2077
16,2048,4,4096,143.269
16,2048,4,8192,275.242
16,2048,4,16384,539.338
16,2048,8,16,80.579
16,2048,8,32,80.9953
16,2048,8,64,81.2937
16,2048,8,128,84.7173
16,2048,8,256,89.998
16,2048,8,512,99.097
16,2048,8,1024,115.46
16,2048,8,2048,150.491
16,2048,8,4096,279.915
16,2048,8,8192,413.764
16,2048,8,16384,672.143
16,2048,16,16,86.3607
16,2048,16,32,86.1687
16,2048,16,64,86.7877
16,2048,16,128,93.849
16,2048,16,256,102.691
16,2048,16,512,119.247
16,2048,16,1024,149.595
16,2048,16,2048,218.451
16,2048,16,4096,353.155
16,2048,16,8192,615.607
16,2048,16,16384,1137.46
16,2048,32,16,97.3477
16,2048,32,32,97.8277
16,2048,32,64,97.944
16,2048,32,128,113.039
16,2048,32,256,129.637
16,2048,32,512,162.373
16,2048,32,1024,195.356
16,2048,32,2048,357.432
16,2048,32,4096,621.837
16,2048,32,8192,1153.47
16,2048,32,16384,2205.63
16,2048,64,16,118.618
16,2048,64,32,119.29
16,2048,64,64,121.209
16,2048,64,128,152.123
16,2048,64,256,183.718
16,2048,64,512,255.369
16,2048,64,1024,391.427
16,2048,64,2048,695.801
16,2048,64,4096,1294.03
16,2048,64,8192,2485.82
16,2048,64,16384,5117.62
16,2048,128,16,160.838
16,2048,128,32,160.027
16,2048,128,64,166.843
16,2048,128,128,228.573
16,2048,128,256,312.747
16,2048,128,512,477.895
16,2048,128,1024,809.341
16,2048,128,2048,2338.94
16,2048,128,4096,4581.32
16,2048,128,8192,9091.1
16,2048,128,16384,18047.5
16,4096,0,0,141.904
16,4096,1,16,140.805
16,4096,1,32,140.794
16,4096,1,64,140.741
16,4096,1,128,140.773
16,4096,1,256,140.751
16,4096,1,512,140.73
16,4096,1,1024,140.975
16,4096,1,2048,140.731
16,4096,1,4096,141.882
16,4096,1,8192,273.023
16,4096,1,16384,535.699
16,4096,2,16,140.741
16,4096,2,32,140.698
16,4096,2,64,140.912
16,4096,2,128,140.772
16,4096,2,256,140.719
16,4096,2,512,140.89
16,4096,2,1024,140.848
16,4096,2,2048,140.858
16,4096,2,4096,142.16
16,4096,2,8192,273.674
16,4096,2,16384,536.988
16,4096,4,16,140.805
16,4096,4,32,140.741
16,4096,4,64,140.752
16,4096,4,128,141.231
16,4096,4,256,141.616
16,4096,4,512,142.213
16,4096,4,1024,141.701
16,4096,4,2048,141.393
16,4096,4,4096,144.037
16,4096,4,8192,276.266
16,4096,4,16384,539.464
16,4096,8,16,144.666
16,4096,8,32,145.168
16,4096,8,64,145.146
16,4096,8,128,149.499
16,4096,8,256,154.149
16,4096,8,512,162.106
16,4096,8,1024,178.694
16,4096,8,2048,214.642
16,4096,8,4096,286.314
16,4096,8,8192,544.264
16,4096,8,16384,809.927
16,4096,16,16,150.17
16,4096,16,32,150.469
16,4096,16,64,150.587
16,4096,16,128,157.552
16,4096,16,256,166.128
16,4096,16,512,183.601
16,4096,16,1024,215.858
16,4096,16,2048,281.385
16,4096,16,4096,418.746
16,4096,16,8192,694.499
16,4096,16,16384,1224.66
16,4096,32,16,160.88
16,4096,32,32,161.765
16,4096,32,64,162.107
16,4096,32,128,177.233
16,4096,32,256,193.831
16,4096,32,512,226.728
16,4096,32,1024,290.645
16,4096,32,2048,357.495
16,4096,32,4096,688.044
16,4096,32,8192,1227.49
16,4096,32,16384,2290.95
16,4096,64,16,182.503
16,4096,64,32,183.462
16,4096,64,64,184.583
16,4096,64,128,215.954
16,4096,64,256,254.867
16,4096,64,512,328.235
16,4096,64,1024,454.298
16,4096,64,2048,712.718
16,4096,64,4096,1406.67
16,4096,64,8192,2820.42
16,4096,64,16384,5835.36
16,4096,128,16,225.427
16,4096,128,32,226.344
16,4096,128,64,230.963
16,4096,128,128,298.089
16,4096,128,256,377.858
16,4096,128,512,534.93
16,4096,128,1024,866.003
16,4096,128,2048,2363.05
16,4096,128,4096,4597.54
16,4096,128,8192,9138.65
16,4096,128,16384,18077.2
16,8192,0,0,273.15
16,8192,1,16,271.86
16,8192,1,32,271.646
16,8192,1,64,271.795
16,8192,1,128,271.796
16,8192,1,256,272.041
16,8192,1,512,271.965
16,8192,1,1024,271.806
16,8192,1,2048,271.977
16,8192,1,4096,271.614
16,8192,1,8192,273.278
16,8192,1,16384,535.356
16,8192,2,16,271.816
16,8192,2,32,271.657
16,8192,2,64,271.966
16,8192,2,128,271.816
16,8192,2,256,271.731
16,8192,2,512,272.084
16,8192,2,1024,271.87
16,8192,2,2048,271.913
16,8192,2,4096,272.211
16,8192,2,8192,274.249
16,8192,2,16384,537.116
16,8192,4,16,272.201
16,8192,4,32,272.009
16,8192,4,64,271.859
16,8192,4,128,271.902
16,8192,4,256,272.776
16,8192,4,512,272.381
16,8192,4,1024,272.85
16,8192,4,2048,273.086
16,8192,4,4096,273.95
16,8192,4,8192,276.009
16,8192,4,16384,539.142
16,8192,8,16,272.787
16,8192,8,32,272.51
16,8192,8,64,273.065
16,8192,8,128,276.275
16,8192,8,256,282.739
16,8192,8,512,289.738
16,8192,8,1024,306.698
16,8192,8,2048,341.856
16,8192,8,4096,412.685
16,8192,8,8192,550.471
16,8192,8,16384,1064.95
16,8192,16,16,277.865
16,8192,16,32,277.737
16,8192,16,64,278.004
16,8192,16,128,285.428
16,8192,16,256,294.88
16,8192,16,512,311.007
16,8192,16,1024,344.204
16,8192,16,2048,408.077
16,8192,16,4096,541.361
16,8192,16,8192,820.572
16,8192,16,16384,1361.54
16,8192,32,16,288.841
16,8192,32,32,289.161
16,8192,32,64,289.748
16,8192,32,128,305.215
16,8192,32,256,321.535
16,8192,32,512,354.113
16,8192,32,1024,418.851
16,8192,32,2048,547.793
16,8192,32,4096,692.641
16,8192,32,8192,1351.35
16,8192,32,16384,2427.13
16,8192,64,16,309.642
16,8192,64,32,310.944
16,8192,64,64,312.576
16,8192,64,128,343.488
16,8192,64,256,382.87
16,8192,64,512,457.071
16,8192,64,1024,602.601
16,8192,64,2048,870.076
16,8192,64,4096,1463.43
16,8192,64,8192,2751.93
16,8192,64,16384,6388
16,8192,128,16,352.886
16,8192,128,32,353.623
16,8192,128,64,359.084
16,8192,128,128,425.976
16,8192,128,256,511.568
16,8192,128,512,668.832
16,8192,128,1024,996.64
16,8192,128,2048,2507.56
16,8192,128,4096,4652.17
16,8192,128,8192,9148.11
16,8192,128,16384,18111.9
16,16384,0,0,535.174
16,16384,1,16,533.766
16,16384,1,32,533.734
16,16384,1,64,533.895
16,16384,1,128,533.99
16,16384,1,256,533.808
16,16384,1,512,533.895
16,16384,1,1024,533.584
16,16384,1,2048,533.947
16,16384,1,4096,533.894
16,16384,1,8192,533.937
16,16384,1,16384,535.952
16,16384,2,16,533.948
16,16384,2,32,534.385
16,16384,2,64,533.701
16,16384,2,128,533.829
16,16384,2,256,534.096
16,16384,2,512,534.011
16,16384,2,1024,533.957
16,16384,2,2048,534.108
16,16384,2,4096,533.809
16,16384,2,8192,534.577
16,16384,2,16384,537.071
16,16384,4,16,534.16
16,16384,4,32,533.841
16,16384,4,64,533.755
16,16384,4,128,534.577
16,16384,4,256,534.598
16,16384,4,512,535.76
16,16384,4,1024,534.799
16,16384,4,2048,534.608
16,16384,4,4096,536.101
16,16384,4,8192,538.981
16,16384,4,16384,539.899
16,16384,8,16,533.605
16,16384,8,32,533.798
16,16384,8,64,534.768
16,16384,8,128,535.6
16,16384,8,256,537.532
16,16384,8,512,547.238
16,16384,8,1024,563.163
16,16384,8,2048,597.085
16,16384,8,4096,667.497
16,16384,8,8192,807.394
16,16384,8,16384,1080.86
16,16384,16,16,534.671
16,16384,16,32,534.788
16,16384,16,64,535.632
16,16384,16,128,540.4
16,16384,16,256,549.296
16,16384,16,512,566.236
16,16384,16,1024,597.789
16,16384,16,2048,663.519
16,16384,16,4096,800.334
16,16384,16,8192,1056.56
16,16384,16,16384,1615.59
16,16384,32,16,543.558
16,16384,32,32,546.534
16,16384,32,64,545.232
16,16384,32,128,559.451
16,16384,32,256,575.9
16,16384,32,512,609.171
16,16384,32,1024,671.807
16,16384,32,2048,803.853
16,16384,32,4096,1067.64
16,16384,32,8192,1357.94
16,16384,32,16384,2663.45
16,16384,64,16,564.24
16,16384,64,32,566.801
16,16384,64,64,567.131
16,16384,64,128,598.663
16,16384,64,256,638.365
16,16384,64,512,713.634
16,16384,64,1024,860.719
16,16384,64,2048,1192.52
16,16384,64,4096,1806.06
16,16384,64,8192,2912.62
16,16384,64,16384,6353.62
16,16384,128,16,608.253
16,16384,128,32,609.202
16,16384,128,64,613.992
16,16384,128,128,681.588
16,16384,128,256,767.469
16,16384,128,512,930.406
16,16384,128,1024,1281.22
16,16384,128,2048,2806.66
16,16384,128,4096,4969.54
16,16384,128,8192,9244.42
16,16384,128,16384,18192.8
32,0,0,0,10.9867
32,0,1,16,10.9443
32,0,1,32,10.955
32,0,1,64,11.062
32,0,1,128,14.027
32,0,1,256,18.1337
32,0,1,512,26.198
32,0,1,1024,42.6997
32,0,1,2048,75.8637
32,0,1,4096,141.689
32,0,1,8192,272.828
32,0,1,16384,535.29
32,0,2,16,10.976
32,0,2,32,10.923
32,0,2,64,10.8483
32,0,2,128,14.1443
32,0,2,256,18.1773
32,0,2,512,26.39
32,0,2,1024,43.0517
32,0,2,2048,75.831
32,0,2,4096,141.827
32,0,2,8192,274.055
32,0,2,16384,536.718
32,0,4,16,11.1157
32,0,4,32,11.0717
32,0,4,64,11.179
32,0,4,128,14.1653
32,0,4,256,18.3047
32,0,4,512,26.8167
32,0,4,1024,44.364
32,0,4,2048,76.7377
32,0,4,4096,142.98
32,0,4,8192,275.613
32,0,4,16384,538.692
32,0,8,16,16.7263
32,0,8,32,16.5663
32,0,8,64,16.6407
32,0,8,128,23.1577
32,0,8,256,32.545
32,0,8,512,41.9103
32,0,8,1024,58.6887
32,0,8,2048,90.157
32,0,8,4096,154.447
32,0,8,8192,283.069
32,0,8,16384,547.685
32,0,16,16,22.0163
32,0,16,32,22.209
32,0,16,64,22.4857
32,0,16,128,32.897
32,0,16,256,42.7637
32,0,16,512,58.7857
32,0,16,1024,91.7887
32,0,16,2048,155.887
32,0,16,4096,289.106
32,0,16,8192,552.292
32,0,16,16384,1079.61
32,0,32,16,33.196
32,0,32,32,33.6333
32,0,32,64,34.3477
32,0,32,128,52.2147
32,0,32,256,69.346
32,0,32,512,99.8107
32,0,32,1024,165.156
32,0,32,2048,295.421
32,0,32,4096,556.825
32,0,32,8192,1092.38
32,0,32,16384,2149.89
32,0,64,16,55.1593
32,0,64,32,55.3717
32,0,64,64,57.5163
32,0,64,128,89.7733
32,0,64,256,127.758
32,0,64,512,206.171
32,0,64,1024,357.727
32,0,64,2048,628.231
32,0,64,4096,1236.65
32,0,64,8192,2396.57
32,0,64,16384,5647.27
32,0,128,16,97.037
32,0,128,32,97.7947
32,0,128,64,103.086
32,0,128,128,173.561
32,0,128,256,265.725
32,0,128,512,444.706
32,0,128,1024,793.089
32,0,128,2048,2326.82
32,0,128,4096,4565.84
32,0,128,8192,9108.99
32,0,128,16384,18039.3
32,16,0,0,11.4353
32,16,1,16,11.1683
32,16,1,32,11.1573
32,16,1,64,11.221
32,16,1,128,14.038
32,16,1,256,18.1013
32,16,1,512,26.2297
32,16,1,1024,42.7317
32,16,1,2048,75.7247
32,16,1,4096,141.881
32,16,1,8192,273.18
32,16,1,16384,535.821
32,16,2,16,11.158
32,16,2,32,11.2967
32,16,2,64,11.5843
32,16,2,128,14.133
32,16,2,256,18.0697
32,16,2,512,26.4007
32,16,2,1024,43.041
32,16,2,2048,75.97
32,16,2,4096,141.988
32,16,2,8192,273.703
32,16,2,16384,536.877
32,16,4,16,11.403
32,16,4,32,11.6693
32,16,4,64,11.745
32,16,4,128,14.187
32,16,4,256,18.2623
32,16,4,512,27.2543
32,16,4,1024,43.9263
32,16,4,2048,76.706
32,16,4,4096,142.777
32,16,4,8192,275.186
32,16,4,16384,538.84
32,16,8,16,16.929
32,16,8,32,17.2597
32,16,8,64,17.259
32,16,8,128,23.2643
32,16,8,256,32.619
32,16,8,512,42.0493
32,16,8,1024,58.9133
32,16,8,2048,90.0717
32,16,8,4096,154.095
32,16,8,8192,282.92
32,16,8,16384,547.288
32,16,16,16,22.2937
32,16,16,32,22.774
32,16,16,64,23.3813
32,16,16,128,32.9507
32,16,16,256,42.4863
32,16,16,512,58.6257
32,16,16,1024,91.746
32,16,16,2048,155.705
32,16,16,4096,289.5
32,16,16,8192,551.449
32,16,16,16384,1079.32
32,16,32,16,33.5797
32,16,32,32,34.8277
32,16,32,64,34.998
32,16,32,128,52.3527
32,16,32,256,69.6657
32,16,32,512,101.08
32,16,32,1024,165.678
32,16,32,2048,295.912
32,16,32,4096,557.646
32,16,32,8192,1091.46
32,16,32,16384,2150.75
32,16,64,16,55.5437
32,16,64,32,56.2143
32,16,64,64,57.5587
32,16,64,128,90.5527
32,16,64,256,127.832
32,16,64,512,205.989
32,16,64,1024,357.417
32,16,64,2048,625.403
32,16,64,4096,1237.56
32,16,64,8192,2397.64
32,16,64,16384,5146.56
32,16,128,16,97.4857
32,16,128,32,98.1893
32,16,128,64,102.755
32,16,128,128,173.924
32,16,128,256,266.086
32,16,128,512,444.684
32,16,128,1024,794.623
32,16,128,2048,2324.16
32,16,128,4096,4571.57
32,16,128,8192,9073.76
32,16,128,16384,18049.5
32,32,0,0,11.232
32,32,1,16,11.1793
32,32,1,32,11.2533
32,32,1,64,11.275
32,32,1,128,13.9947
32,32,1,256,17.9947
32,32,1,512,26.2403
32,32,1,1024,42.7747
32,32,1,2048,75.6287
32,32,1,4096,141.604
32,32,1,8192,272.839
32,32,1,16384,535.214
32,32,2,16,11.296
32,32,2,32,11.2643
32,32,2,64,11.5947
32,32,2,128,14.1333
32,32,2,256,18.2083
32,32,2,512,26.347
32,32,2,1024,42.977
32,32,2,2048,76.0123
32,32,2,4096,141.88
32,32,2,8192,273.798
32,32,2,16384,537.026
32,32,4,16,11.3923
32,32,4,32,11.392
32,32,4,64,11.7657
32,32,4,128,14.208
32,32,4,256,18.2723
32,32,4,512,27.5423
32,32,4,1024,44.3103
32,32,4,2048,76.6947
32,32,4,4096,142.905
32,32,4,8192,274.919
32,32,4,16384,539.15
32,32,8,16,17.11
32,32,8,32,17.2057
32,32,8,64,17.4727
32,32,8,128,23.2213
32,32,8,256,32.5023
32,32,8,512,42.2837
32,32,8,1024,59.18
32,32,8,2048,90.498
32,32,8,4096,154.276
32,32,8,8192,283.473
32,32,8,16384,547.33
32,32,16,16,22.2407
32,32,16,32,22.6777
32,32,16,64,23.317
32,32,16,128,33.483
32,32,16,256,43.0517
32,32,16,512,58.6787
32,32,16,1024,91.6827
32,32,16,2048,156.164
32,32,16,4096,289.074
32,32,16,8192,551.661
32,32,16,16384,1079.6
32,32,32,16,33.6547
32,32,32,32,34.5073
32,32,32,64,35.1147
32,32,32,128,52.2463
32,32,32,256,70.0393
32,32,32,512,101.08
32,32,32,1024,165.572
32,32,32,2048,294.982
32,32,32,4096,557.005
32,32,32,8192,1090.65
32,32,32,16384,2150.82
32,32,64,16,55.2867
32,32,64,32,56.4813
32,32,64,64,57.8033
32,32,64,128,90.6367
32,32,64,256,127.224
32,32,64,512,205.989
32,32,64,1024,357.897
32,32,64,2048,627.663
32,32,64,4096,1237.27
32,32,64,8192,2414
32,32,64,16384,5152.55
32,32,128,16,97.3463
32,32,128,32,97.976
32,32,128,64,103.246
32,32,128,128,173.999
32,32,128,256,266.631
32,32,128,512,444.256
32,32,128,1024,793.832
32,32,128,2048,2323.27
32,32,128,4096,4568.58
32,32,128,8192,9098.08
32,32,128,16384,18057.5
32,64,0,0,11.4133
32,64,1,16,11.318
32,64,1,32,11.3707
32,64,1,64,11.563
32,64,1,128,14.0483
32,64,1,256,18.0057
32,64,1,512,26.1663
32,64,1,1024,42.753
32,64,1,2048,75.7247
32,64,1,4096,141.656
32,64,1,8192,272.656
32,64,1,16384,535.66
32,64,2,16,11.361
32,64,2,32,11.4243
32,64,2,64,11.6803
32,64,2,128,14.0803
32,64,2,256,18.08
32,64,2,512,26.326
32,64,2,1024,43.0303
32,64,2,2048,76.002
32,64,2,4096,141.997
32,64,2,8192,273.937
32,64,2,16384,537.153
32,64,4,16,11.4453
32,64,4,32,11.6053
32,64,4,64,11.8933
32,64,4,128,14.1873
32,64,4,256,18.2727
32,64,4,512,26.9977
32,64,4,1024,44.1827
32,64,4,2048,76.5667
32,64,4,4096,142.713
32,64,4,8192,275.409
32,64,4,16384,538.529
32,64,8,16,17.259
32,64,8,32,17.291
32,64,8,64,17.4077
32,64,8,128,23.2857
32,64,8,256,32.2137
32,64,8,512,41.8997
32,64,8,1024,58.9457
32,64,8,2048,90.903
32,64,8,4096,155.342
32,64,8,8192,284.678
32,64,8,16384,547.382
32,64,16,16,22.4003
32,64,16,32,22.7733
32,64,16,64,23.4887
32,64,16,128,33.0677
32,64,16,256,43.8197
32,64,16,512,59.5107
32,64,16,1024,91.7783
32,64,16,2048,156.291
32,64,16,4096,290.108
32,64,16,8192,551.201
32,64,16,16384,1078.97
32,64,32,16,33.5473
32,64,32,32,34.5607
32,64,32,64,35.1477
32,64,32,128,52.7263
32,64,32,256,69.8677
32,64,32,512,101.698
32,64,32,1024,165.646
32,64,32,2048,296.529
32,64,32,4096,557.58
32,64,32,8192,1092.51
32,64,32,16384,2150.43
32,64,64,16,55.4783
32,64,64,32,56.375
32,64,64,64,57.8037
32,64,64,128,90.38
32,64,64,256,128.184
32,64,64,512,205.978
32,64,64,1024,357.129
32,64,64,2048,629.22
32,64,64,4096,1234.28
32,64,64,8192,2398.44
32,64,64,16384,5373.51
32,64,128,16,97.634
32,64,128,32,98.338
32,64,128,64,103.277
32,64,128,128,173.018
32,64,128,256,266.267
32,64,128,512,444.137
32,64,128,1024,795.782
32,64,128,2048,2319.42
32,64,128,4096,4566.43
32,64,128,8192,9079.43
32,64,128,16384,18041.5
32,128,0,0,15.2753
32,128,1,16,14.2187
32,128,1,32,14.198
32,128,1,64,14.2297
32,128,1,128,14.9757
32,128,1,256,18.0487
32,128,1,512,26.2507
32,128,1,1024,42.7533
32,128,1,2048,75.778
32,128,1,4096,141.688
32,128,1,8192,273.093
32,128,1,16384,535.541
32,128,2,16,14.2513
32,128,2,32,14.2943
32,128,2,64,14.2827
32,128,2,128,15.0297
32,128,2,256,18.2293
32,128,2,512,26.347
32,128,2,1024,43.148
32,128,2,2048,75.9693
32,128,2,4096,141.806
32,128,2,8192,273.669
32,128,2,16384,536.885
32,128,4,16,14.2083
32,128,4,32,14.1657
32,128,4,64,14.3043
32,128,4,128,15.0293
32,128,4,256,18.2727
32,128,4,512,27.713
32,128,4,1024,43.8087
32,128,4,2048,77.025
32,128,4,4096,142.797
32,128,4,8192,276.069
32,128,4,16384,539.968
32,128,8,16,21.248
32,128,8,32,21.5473
32,128,8,64,21.4187
32,128,8,128,24.7367
32,128,8,256,33.825
32,128,8,512,49.5053
32,128,8,1024,68.5027
32,128,8,2048,99.682
32,128,8,4096,165.209
32,128,8,8192,293.244
32,128,8,16384,549.835
32,128,16,16,23.6163
32,128,16,32,23.5737
32,128,16,64,24.1503
32,128,16,128,35.1903
32,128,16,256,46.1983
32,128,16,512,64.8437
32,128,16,1024,97.5593
32,128,16,2048,161.028
32,128,16,4096,293.691
32,128,16,8192,555.393
32,128,16,16384,1079.55
32,128,32,16,33.4933
32,128,32,32,34.326
32,128,32,64,35.34
32,128,32,128,53.8677
32,128,32,256,73.558
32,128,32,512,107.192
32,128,32,1024,169.891
32,128,32,2048,299.59
32,128,32,4096,561.227
32,128,32,8192,1094.84
32,128,32,16384,2150.68
32,128,64,16,55.6383
32,128,64,32,56.5337
32,128,64,64,58.113
32,128,64,128,92.759
32,128,64,256,133.72
32,128,64,512,210.244
32,128,64,1024,361.116
32,128,64,2048,627.661
32,128,64,4096,1238.85
32,128,64,8192,2395.11
32,128,64,16384,5468.01
32,128,128,16,97.602
32,128,128,32,98.7113
32,128,128,64,103.597
32,128,128,128,175.683
32,128,128,256,268.4
32,128,128,512,445.524
32,128,128,1024,795.877
32,128,128,2048,2325.85
32,128,128,4096,4568.51
32,128,128,8192,9096.32
32,128,128,16384,18039.4
32,256,0,0,19.1687
32,256,1,16,18.166
32,256,1,32,18.1767
32,256,1,64,18.069
32,256,1,128,18.1973
32,256,1,256,18.8803
32,256,1,512,26.3047
32,256,1,1024,42.7103
32,256,1,2048,75.7667
32,256,1,4096,141.709
32,256,1,8192,273.126
32,256,1,16384,535.391
32,256,2,16,18.2723
32,256,2,32,18.2723
32,256,2,64,18.1553
32,256,2,128,18.3037
32,256,2,256,18.9443
32,256,2,512,26.2617
32,256,2,1024,42.966
32,256,2,2048,75.948
32,256,2,4096,141.955
32,256,2,8192,273.594
32,256,2,16384,537.183
32,256,4,16,18.2083
32,256,4,32,18.2933
32,256,4,64,18.3047
32,256,4,128,18.432
32,256,4,256,19.2323
32,256,4,512,27.3393
32,256,4,1024,44.0437
32,256,4,2048,77.1213
32,256,4,4096,142.713
32,256,4,8192,275.951
32,256,4,16384,539.594
32,256,8,16,25.1303
32,256,8,32,25.4187
32,256,8,64,25.312
32,256,8,128,29.3453
32,256,8,256,34.934
32,256,8,512,49.025
32,256,8,1024,74.9887
32,256,8,2048,107.362
32,256,8,4096,171.545
32,256,8,8192,300.646
32,256,8,16384,557.493
32,256,16,16,30.3477
32,256,16,32,30.806
32,256,16,64,31.1043
32,256,16,128,34.7313
32,256,16,256,47.937
32,256,16,512,67.1483
32,256,16,1024,100.738
32,256,16,2048,164.846
32,256,16,4096,296.315
32,256,16,8192,559.2
32,256,16,16384,1082.88
32,256,32,16,37.2377
32,256,32,32,38.412
32,256,32,64,39.062
32,256,32,128,54.0597
32,256,32,256,74.5937
32,256,32,512,110.338
32,256,32,1024,173.816
32,256,32,2048,303.675
32,256,32,4096,565.856
32,256,32,8192,1099.22
32,256,32,16384,2149.89
32,256,64,16,59.286
32,256,64,32,60.2677
32,256,64,64,62.0597
32,256,64,128,92.9297
32,256,64,256,135.416
32,256,64,512,214.169
32,256,64,1024,365.65
32,256,64,2048,635.318
32,256,64,4096,1233.45
32,256,64,8192,2406.9
32,256,64,16384,5280.37
32,256,128,16,100.898
32,256,128,32,101.666
32,256,128,64,107.234
32,256,128,128,176.334
32,256,128,256,269.082
32,256,128,512,446.322
32,256,128,1024,795.13
32,256,128,2048,2325.23
32,256,128,4096,4568.11
32,256,128,8192,9073.36
32,256,128,16384,18042.8
32,512,0,0,27.2107
32,512,1,16,26.3043
32,512,1,32,26.2723
32,512,1,64,26.272
32,512,1,128,26.337
32,512,1,256,26.3687
32,512,1,512,27.1363
32,512,1,1024,42.7527
32,512,1,2048,75.8093
32,512,1,4096,141.623
32,512,1,8192,273.082
32,512,1,16384,535.241
32,512,2,16,26.2513
32,512,2,32,26.3893
32,512,2,64,26.3363
32,512,2,128,26.325
32,512,2,256,26.4963
32,512,2,512,27.1047
32,512,2,1024,42.9127
32,512,2,2048,76.1607
32,512,2,4096,141.773
32,512,2,8192,273.785
32,512,2,16384,536.82
32,512,4,16,26.4113
32,512,4,32,26.3577
32,512,4,64,26.3153
32,512,4,128,26.5603
32,512,4,256,27.3393
32,512,4,512,28.6297
32,512,4,1024,44.236
32,512,4,2048,76.9183
32,512,4,4096,143.127
32,512,4,8192,275.354
32,512,4,16384,539.103
32,512,8,16,32.9607
32,512,8,32,33.3233
32,512,8,64,33.718
32,512,8,128,38.4757
32,512,8,256,44.108
32,512,8,512,51.062
32,512,8,1024,82.7743
32,512,8,2048,122.477
32,512,8,4096,186.712
32,512,8,8192,315.877
32,512,8,16384,572.287
32,512,16,16,38.3157
32,512,16,32,38.988
32,512,16,64,39.158
32,512,16,128,47.1793
32,512,16,256,50.7423
32,512,16,512,72.044
32,512,16,1024,106.957
32,512,16,2048,172.419
32,512,16,4096,306.587
32,512,16,8192,567.059
32,512,16,16384,1091.22
32,512,32,16,49.3447
32,512,32,32,49.6647
32,512,32,64,50.6133
32,512,32,128,60.5023
32,512,32,256,74.7213
32,512,32,512,115.276
32,512,32,1024,182.489
32,512,32,2048,311.749
32,512,32,4096,573.578
32,512,32,8192,1106.51
32,512,32,16384,2157.48
32,512,64,16,67.3717
32,512,64,32,68.6947
32,512,64,64,70.273
32,512,64,128,97.9327
32,512,64,256,135.917
32,512,64,512,223.151
32,512,64,1024,373.639
32,512,64,2048,643.115
32,512,64,4096,1240.62
32,512,64,8192,2408.69
32,512,64,16384,5583.67
32,512,128,16,109.058
32,512,128,32,110.295
32,512,128,64,115.351
32,512,128,128,179.566
32,512,128,256,269.808
32,512,128,512,452.531
32,512,128,1024,796.024
32,512,128,2048,2328.55
32,512,128,4096,4576.49
32,512,128,8192,9103.03
32,512,128,16384,18053.5
32,1024,0,0,43.5527
32,1024,1,16,42.646
32,1024,1,32,42.7523
32,1024,1,64,42.7747
32,1024,1,128,42.7423
32,1024,1,256,42.614
32,1024,1,512,42.6673
32,1024,1,1024,43.723
32,1024,1,2048,75.969
32,1024,1,4096,141.677
32,1024,1,8192,273.06
32,1024,1,16384,535.817
32,1024,2,16,42.7207
32,1024,2,32,42.753
32,1024,2,64,42.7953
32,1024,2,128,42.7523
32,1024,2,256,42.752
32,1024,2,512,42.8163
32,1024,2,1024,43.7027
32,1024,2,2048,76.2887
32,1024,2,4096,142.019
32,1024,2,8192,273.754
32,1024,2,16384,537.182
32,1024,4,16,42.7633
32,1024,4,32,42.699
32,1024,4,64,42.9767
32,1024,4,128,43.169
32,1024,4,256,43.361
32,1024,4,512,44.9073
32,1024,4,1024,44.662
32,1024,4,2048,77.3553
32,1024,4,4096,143.159
32,1024,4,8192,275.663
32,1024,4,16384,540.723
32,1024,8,16,49.142
32,1024,8,32,49.1853
32,1024,8,64,49.2697
32,1024,8,128,54.2947
32,1024,8,256,60.0327
32,1024,8,512,67.521
32,1024,8,1024,83.938
32,1024,8,2048,148.461
32,1024,8,4096,218.862
32,1024,8,8192,347.408
32,1024,8,16384,604.234
32,1024,16,16,54.5933
32,1024,16,32,54.902
32,1024,16,64,55.2543
32,1024,16,128,62.849
32,1024,16,256,72.086
32,1024,16,512,83.4793
32,1024,16,1024,120.333
32,1024,16,2048,188.557
32,1024,16,4096,322.266
32,1024,16,8192,583.167
32,1024,16,16384,1106.72
32,1024,32,16,65.7607
32,1024,32,32,66.081
32,1024,32,64,66.945
32,1024,32,128,81.4197
32,1024,32,256,96.2677
32,1024,32,512,115.543
32,1024,32,1024,194.873
32,1024,32,2048,327.429
32,1024,32,4096,589.737
32,1024,32,8192,1122.58
32,1024,32,16384,2173.34
32,1024,64,16,87.0313
32,1024,64,32,87.3513
32,1024,64,64,88.9933
32,1024,64,128,114.189
32,1024,64,256,149.709
32,1024,64,512,223.118
32,1024,64,1024,391.878
32,1024,64,2048,656.928
32,1024,64,4096,1258.12
32,1024,64,8192,2400.34
32,1024,64,16384,5099.61
32,1024,128,16,125.602
32,1024,128,32,126.914
32,1024,128,64,132.846
32,1024,128,128,195.417
32,1024,128,256,281.529
32,1024,128,512,453.638
32,1024,128,1024,808.856
32,1024,128,2048,2328.53
32,1024,128,4096,4579.57
32,1024,128,8192,9085.83
32,1024,128,16384,18042.9
32,2048,0,0,76.3853
32,2048,1,16,75.404
32,2048,1,32,75.4783
32,2048,1,64,75.532
32,2048,1,128,75.4573
32,2048,1,256,75.585
32,2048,1,512,75.329
32,2048,1,1024,75.617
32,2048,1,2048,76.3533
32,2048,1,4096,141.836
32,2048,1,8192,273.007
32,2048,1,16384,535.752
32,2048,2,16,75.446
32,2048,2,32,75.4147
32,2048,2,64,75.4253
32,2048,2,128,75.4997
32,2048,2,256,75.329
32,2048,2,512,75.6067
32,2048,2,1024,75.6167
32,2048,2,2048,76.5663
32,2048,2,4096,141.986
32,2048,2,8192,273.925
32,2048,2,16384,537.288
32,2048,4,16,75.4573
32,2048,4,32,75.521
32,2048,4,64,75.4473
32,2048,4,128,75.639
32,2048,4,256,75.8833
32,2048,4,512,76.5347
32,2048,4,1024,76.5663
32,2048,4,2048,77.452
32,2048,4,4096,142.935
32,2048,4,8192,274.959
32,2048,4,16384,539.453
32,2048,8,16,81.1537
32,2048,8,32,81.132
32,2048,8,64,81.655
32,2048,8,128,84.7797
32,2048,8,256,89.7183
32,2048,8,512,98.54
32,2048,8,1024,115.746
32,2048,8,2048,150.626
32,2048,8,4096,280.623
32,2048,8,8192,415.377
32,2048,8,16384,672.468
32,2048,16,16,86.4863
32,2048,16,32,86.764
32,2048,16,64,86.828
32,2048,16,128,93.8467
32,2048,16,256,102.262
32,2048,16,512,119.361
32,2048,16,1024,148.61
32,2048,16,2048,218.073
32,2048,16,4096,354.469
32,2048,16,8192,615.71
32,2048,16,16384,1137.69
32,2048,32,16,97.5697
32,2048,32,32,98.0813
32,2048,32,64,98.359
32,2048,32,128,113.164
32,2048,32,256,129.74
32,2048,32,512,162.658
32,2048,32,1024,195.235
32,2048,32,2048,357.2
32,2048,32,4096,621.556
32,2048,32,8192,1153.12
32,2048,32,16384,2205.16
32,2048,64,16,119.372
32,2048,64,32,119.575
32,2048,64,64,121.292
32,2048,64,128,152.045
32,2048,64,256,184.12
32,2048,64,512,255.363
32,2048,64,1024,391.109
32,2048,64,2048,698.025
32,2048,64,4096,1298.52
32,2048,64,8192,2448.86
32,2048,64,16384,5088.25
32,2048,128,16,160.685
32,2048,128,32,160.792
32,2048,128,64,166.669
32,2048,128,128,229.283
32,2048,128,256,312.421
32,2048,128,512,477.863
32,2048,128,1024,809.174
32,2048,128,2048,2342.69
32,2048,128,4096,4586.2
32,2048,128,8192,9118.07
32,2048,128,16384,18073.8
32,4096,0,0,142.05
32,4096,1,16,140.983
32,4096,1,32,141.004
32,4096,1,64,141.132
32,4096,1,128,140.983
32,4096,1,256,140.941
32,4096,1,512,140.919
32,4096,1,1024,140.983
32,4096,1,2048,140.908
32,4096,1,4096,141.985
32,4096,1,8192,273.177
32,4096,1,16384,535.634
32,4096,2,16,140.844
32,4096,2,32,140.962
32,4096,2,64,140.845
32,4096,2,128,140.962
32,4096,2,256,140.93
32,4096,2,512,140.972
32,4096,2,1024,141.047
32,4096,2,2048,140.994
32,4096,2,4096,142.188
32,4096,2,8192,274.105
32,4096,2,16384,537.277
32,4096,4,16,140.93
32,4096,4,32,140.941
32,4096,4,64,140.994
32,4096,4,128,141.538
32,4096,4,256,142.082
32,4096,4,512,142.263
32,4096,4,1024,142.498
32,4096,4,2048,141.495
32,4096,4,4096,144.385
32,4096,4,8192,275.705
32,4096,4,16384,540.274
32,4096,8,16,144.876
32,4096,8,32,145.314
32,4096,8,64,145.153
32,4096,8,128,149.357
32,4096,8,256,153.847
32,4096,8,512,162.04
32,4096,8,1024,179.224
32,4096,8,2048,214.552
32,4096,8,4096,286.787
32,4096,8,8192,544.498
32,4096,8,16384,809.078
32,4096,16,16,150.124
32,4096,16,32,150.466
32,4096,16,64,150.839
32,4096,16,128,157.378
32,4096,16,256,166.498
32,4096,16,512,183.309
32,4096,16,1024,216.216
32,4096,16,2048,281.881
32,4096,16,4096,419.066
32,4096,16,8192,695.23
32,4096,16,16384,1225.15
32,4096,32,16,161.474
32,4096,32,32,161.655
32,4096,32,64,161.965
32,4096,32,128,176.909
32,4096,32,256,194.808
32,4096,32,512,226.68
32,4096,32,1024,290.414
32,4096,32,2048,357.626
32,4096,32,4096,686.676
32,4096,32,8192,1229.17
32,4096,32,16384,2290.96
32,4096,64,16,182.562
32,4096,64,32,183.501
32,4096,64,64,184.845
32,4096,64,128,216.216
32,4096,64,256,255.182
32,4096,64,512,328.761
32,4096,64,1024,454.544
32,4096,64,2048,713.023
32,4096,64,4096,1404.26
32,4096,64,8192,2890.46
32,4096,64,16384,5525.19
32,4096,128,16,225.699
32,4096,128,32,226.968
32,4096,128,64,231.651
32,4096,128,128,298.031
32,4096,128,256,378.799
32,4096,128,512,535.836
32,4096,128,1024,865.216
32,4096,128,2048,2362.31
32,4096,128,4096,4602.16
32,4096,128,8192,9106.87
32,4096,128,16384,18065.8
32,8192,0,0,273.112
32,8192,1,16,271.993
32,8192,1,32,272.003
32,8192,1,64,271.929
32,8192,1,128,272.035
32,8192,1,256,271.917
32,8192,1,512,272.227
32,8192,1,1024,271.896
32,8192,1,2048,272.206
32,8192,1,4096,271.832
32,8192,1,8192,273.369
32,8192,1,16384,535.152
32,8192,2,16,272.196
32,8192,2,32,272.196
32,8192,2,64,271.928
32,8192,2,128,272.099
32,8192,2,256,272.152
32,8192,2,512,272.152
32,8192,2,1024,272.078
32,8192,2,2048,271.97
32,8192,2,4096,272.248
32,8192,2,8192,274.222
32,8192,2,16384,537.584
32,8192,4,16,271.981
32,8192,4,32,272.099
32,8192,4,64,272.206
32,8192,4,128,272.44
32,8192,4,256,273.112
32,8192,4,512,273.294
32,8192,4,1024,273.453
32,8192,4,2048,273.273
32,8192,4,4096,273.849
32,8192,4,8192,276.568
32,8192,4,16384,540.668
32,8192,8,16,272.526
32,8192,8,32,272.665
32,8192,8,64,273.368
32,8192,8,128,276.717
32,8192,8,256,282.041
32,8192,8,512,290.179
32,8192,8,1024,307.203
32,8192,8,2048,341.721
32,8192,8,4096,412.986
32,8192,8,8192,551.462
32,8192,8,16384,1067.29
32,8192,16,16,277.614
32,8192,16,32,277.966
32,8192,16,64,278.84
32,8192,16,128,285.635
32,8192,16,256,294.894
32,8192,16,512,310.724
32,8192,16,1024,343.406
32,8192,16,2048,409.381
32,8192,16,4096,544.369
32,8192,16,8192,820.607
32,8192,16,16384,1364.06
32,8192,32,16,289.016
32,8192,32,32,289.295
32,8192,32,64,290.265
32,8192,32,128,304.814
32,8192,32,256,321.924
32,8192,32,512,354.18
32,8192,32,1024,418.073
32,8192,32,2048,547.547
32,8192,32,4096,692.733
32,8192,32,8192,1351.26
32,8192,32,16384,2425.83
32,8192,64,16,310.009
32,8192,64,32,311.022
32,8192,64,64,313.305
32,8192,64,128,343.726
32,8192,64,256,382.853
32,8192,64,512,456.389
32,8192,64,1024,600.05
32,8192,64,2048,869.12
32,8192,64,4096,1467.36
32,8192,64,8192,2753.52
32,8192,64,16384,6300.54
32,8192,128,16,353.402
32,8192,128,32,353.999
32,8192,128,64,358.917
32,8192,128,128,426.501
32,8192,128,256,512.614
32,8192,128,512,669.33
32,8192,128,1024,996.407
32,8192,128,2048,2507.23
32,8192,128,4096,4645.29
32,8192,128,8192,9164.32
32,8192,128,16384,18106.2
32,16384,0,0,536.23
32,16384,1,16,533.84
32,16384,1,32,534.213
32,16384,1,64,534.15
32,16384,1,128,534.129
32,16384,1,256,534.096
32,16384,1,512,533.862
32,16384,1,1024,533.894
32,16384,1,2048,533.829
32,16384,1,4096,534.48
32,16384,1,8192,533.701
32,16384,1,16384,536.529
32,16384,2,16,533.839
32,16384,2,32,534.15
32,16384,2,64,534.149
32,16384,2,128,534.448
32,16384,2,256,533.871
32,16384,2,512,534.319
32,16384,2,1024,534.331
32,16384,2,2048,534.619
32,16384,2,4096,534.8
32,16384,2,8192,535.195
32,16384,2,16384,537.798
32,16384,4,16,534.416
32,16384,4,32,534.16
32,16384,4,64,533.968
32,16384,4,128,535.172
32,16384,4,256,534.992
32,16384,4,512,535.281
32,16384,4,1024,536.101
32,16384,4,2048,535.237
32,16384,4,4096,536.678
32,16384,4,8192,538.801
32,16384,4,16384,539.931
32,16384,8,16,533.958
32,16384,8,32,534.565
32,16384,8,64,535.43
32,16384,8,128,535.387
32,16384,8,256,538.64
32,16384,8,512,545.573
32,16384,8,1024,563.728
32,16384,8,2048,596.967
32,16384,8,4096,668.049
32,16384,8,8192,805.81
32,16384,8,16384,1084
32,16384,16,16,534.726
32,16384,16,32,535.046
32,16384,16,64,536.294
32,16384,16,128,540.528
32,16384,16,256,549.829
32,16384,16,512,566.256
32,16384,16,1024,598.299
32,16384,16,2048,664.871
32,16384,16,4096,800.114
32,16384,16,8192,1058.55
32,16384,16,16384,1615
32,16384,32,16,544.57
32,16384,32,32,544.998
32,16384,32,64,545.041
32,16384,32,128,560.454
32,16384,32,256,576.581
32,16384,32,512,610.928
32,16384,32,1024,673.159
32,16384,32,2048,802.589
32,16384,32,4096,1071.86
32,16384,32,8192,1357.34
32,16384,32,16384,2664.8
32,16384,64,16,565.35
32,16384,64,32,566.758
32,16384,64,64,567.419
32,16384,64,128,598.609
32,16384,64,256,637.831
32,16384,64,512,712.754
32,16384,64,1024,861.406
32,16384,64,2048,1192.88
32,16384,64,4096,1793.44
32,16384,64,8192,2872.01
32,16384,64,16384,6044.68
32,16384,128,16,608.391
32,16384,128,32,609.339
32,16384,128,64,613.873
32,16384,128,128,680.893
32,16384,128,256,767.304
32,16384,128,512,931.806
32,16384,128,1024,1275.18
32,16384,128,2048,2801.27
32,16384,128,4096,4975.28
32,16384,128,8192,9212.93
32,16384,128,16384,18182.4
64,0,0,0,11.371
64,0,1,16,11.4453
64,0,1,32,11.4243
64,0,1,64,11.5417
64,0,1,128,14.1227
64,0,1,256,18.208
64,0,1,512,26.4213
64,0,1,1024,43.0293
64,0,1,2048,75.8197
64,0,1,4096,141.794
64,0,1,8192,273.25
64,0,1,16384,535.6
64,0,2,16,11.4667
64,0,2,32,11.3817
64,0,2,64,11.5733
64,0,2,128,14.1443
64,0,2,256,18.2297
64,0,2,512,26.4427
64,0,2,1024,43.1897
64,0,2,2048,76.1607
64,0,2,4096,142.177
64,0,2,8192,273.944
64,0,2,16384,536.378
64,0,4,16,11.521
64,0,4,32,11.7013
64,0,4,64,11.6163
64,0,4,128,14.368
64,0,4,256,18.4853
64,0,4,512,26.9233
64,0,4,1024,43.9477
64,0,4,2048,77.1413
64,0,4,4096,143.138
64,0,4,8192,276.002
64,0,4,16384,539.247
64,0,8,16,17.1203
64,0,8,32,17.163
64,0,8,64,16.9283
64,0,8,128,23.5103
64,0,8,256,32.63
64,0,8,512,42.9547
64,0,8,1024,59.734
64,0,8,2048,91.5737
64,0,8,4096,155.543
64,0,8,8192,284.034
64,0,8,16384,548.134
64,0,16,16,22.4427
64,0,16,32,22.7527
64,0,16,64,23.2533
64,0,16,128,33.419
64,0,16,256,42.7203
64,0,16,512,60.726
64,0,16,1024,92.449
64,0,16,2048,156.482
64,0,16,4096,289.869
64,0,16,8192,551.824
64,0,16,16384,1079.65
64,0,32,16,33.7713
64,0,32,32,34.2083
64,0,32,64,35.5413
64,0,32,128,52.662
64,0,32,256,69.9953
64,0,32,512,102.55
64,0,32,1024,166.039
64,0,32,2048,295.864
64,0,32,4096,558.512
64,0,32,8192,1091.84
64,0,32,16384,2148.55
64,0,64,16,55.595
64,0,64,32,56.3307
64,0,64,64,58.113
64,0,64,128,90.6247
64,0,64,256,127.638
64,0,64,512,206.434
64,0,64,1024,358.008
64,0,64,2048,628.454
64,0,64,4096,1231.29
64,0,64,8192,2390.76
64,0,64,16384,5170.3
64,0,128,16,97.4623
64,0,128,32,98.8493
64,0,128,64,103.564
64,0,128,128,174.412
64,0,128,256,265.858
64,0,128,512,445.06
64,0,128,1024,795.954
64,0,128,2048,2323.33
64,0,128,4096,4569.43
64,0,128,8192,9100.17
64,0,128,16384,18045.2
64,16,0,0,11.595
64,16,1,16,11.4777
64,16,1,32,11.531
64,16,1,64,11.7227
64,16,1,128,14.1223
64,16,1,256,18.2617
64,16,1,512,26.3257
64,16,1,1024,42.8803
64,16,1,2048,75.8943
64,16,1,4096,141.932
64,16,1,8192,273.112
64,16,1,16384,535.588
64,16,2,16,11.573
64,16,2,32,11.6907
64,16,2,64,11.9683
64,16,2,128,14.3253
64,16,2,256,18.1973
64,16,2,512,26.528
64,16,2,1024,43.0933
64,16,2,2048,76.236
64,16,2,4096,142.006
64,16,2,8192,273.815
64,16,2,16384,537.167
64,16,4,16,11.712
64,16,4,32,12.1173
64,16,4,64,12.0107
64,16,4,128,14.304
64,16,4,256,18.2933
64,16,4,512,26.8697
64,16,4,1024,44.4593
64,16,4,2048,77.078
64,16,4,4096,143.041
64,16,4,8192,275.351
64,16,4,16384,539.108
64,16,8,16,17.643
64,16,8,32,17.6853
64,16,8,64,17.7817
64,16,8,128,23.531
64,16,8,256,32.4597
64,16,8,512,43.1897
64,16,8,1024,61.174
64,16,8,2048,92.0547
64,16,8,4096,155.682
64,16,8,8192,284.13
64,16,8,16384,546.906
64,16,16,16,22.8053
64,16,16,32,23.0933
64,16,16,64,23.648
64,16,16,128,33.611
64,16,16,256,44.3307
64,16,16,512,59.2747
64,16,16,1024,90.965
64,16,16,2048,156.118
64,16,16,4096,289.794
64,16,16,8192,551.578
64,16,16,16384,1079.44
64,16,32,16,34.0377
64,16,32,32,34.464
64,16,32,64,35.169
64,16,32,128,52.576
64,16,32,256,69.953
64,16,32,512,102.134
64,16,32,1024,166.167
64,16,32,2048,295.917
64,16,32,4096,558.063
64,16,32,8192,1091.52
64,16,32,16384,2149.67
64,16,64,16,55.691
64,16,64,32,56.63
64,16,64,64,58.1233
64,16,64,128,90.2503
64,16,64,256,127.393
64,16,64,512,207.127
64,16,64,1024,358.211
64,16,64,2048,628.72
64,16,64,4096,1236.64
64,16,64,8192,2394.27
64,16,64,16384,5763.38
64,16,128,16,97.782
64,16,128,32,98.7317
64,16,128,64,103.489
64,16,128,128,173.975
64,16,128,256,266.392
64,16,128,512,445.123
64,16,128,1024,795.324
64,16,128,2048,2331.16
64,16,128,4096,4572.29
64,16,128,8192,9100
64,16,128,16384,18035.3
64,32,0,0,11.5947
64,32,1,16,11.552
64,32,1,32,11.68
64,32,1,64,11.7757
64,32,1,128,14.0587
64,32,1,256,18.2187
64,32,1,512,26.326
64,32,1,1024,42.9547
64,32,1,2048,76.0533
64,32,1,4096,141.75
64,32,1,8192,272.973
64,32,1,16384,535.567
64,32,2,16,11.6053
64,32,2,32,11.6587
64,32,2,64,11.8827
64,32,2,128,14.1653
64,32,2,256,18.2617
64,32,2,512,26.5497
64,32,2,1024,43.008
64,32,2,2048,76.2993
64,32,2,4096,142.028
64,32,2,8192,273.943
64,32,2,16384,537.367
64,32,4,16,11.8933
64,32,4,32,11.9683
64,32,4,64,11.957
64,32,4,128,14.2293
64,32,4,256,18.4857
64,32,4,512,27.318
64,32,4,1024,43.7757
64,32,4,2048,77.184
64,32,4,4096,142.903
64,32,4,8192,275.309
64,32,4,16384,538.938
64,32,8,16,17.6853
64,32,8,32,17.6113
64,32,8,64,17.686
64,32,8,128,23.478
64,32,8,256,32.9067
64,32,8,512,43.713
64,32,8,1024,60.5547
64,32,8,2048,91.5317
64,32,8,4096,156.695
64,32,8,8192,284.258
64,32,8,16384,548.068
64,32,16,16,22.8693
64,32,16,32,23.3913
64,32,16,64,23.552
64,32,16,128,33.3117
64,32,16,256,43.9897
64,32,16,512,59.67
64,32,16,1024,91.8297
64,32,16,2048,158.295
64,32,16,4096,290.189
64,32,16,8192,552.57
64,32,16,16384,1080.42
64,32,32,16,33.9947
64,32,32,32,34.72
64,32,32,64,35.339
64,32,32,128,53.046
64,32,32,256,69.91
64,32,32,512,101.408
64,32,32,1024,166.006
64,32,32,2048,296.141
64,32,32,4096,557.967
64,32,32,8192,1091.51
64,32,32,16384,2150.04
64,32,64,16,55.414
64,32,64,32,56.7147
64,32,64,64,58.0907
64,32,64,128,91.0303
64,32,64,256,128.044
64,32,64,512,207.19
64,32,64,1024,357.955
64,32,64,2048,630.874
64,32,64,4096,1230.5
64,32,64,8192,2440.05
64,32,64,16384,5232.92
64,32,128,16,97.814
64,32,128,32,98.475
64,32,128,64,103.563
64,32,128,128,173.601
64,32,128,256,265.399
64,32,128,512,443.694
64,32,128,1024,795.462
64,32,128,2048,2320.54
64,32,128,4096,4572.41
64,32,128,8192,9077.42
64,32,128,16384,18044.5
64,64,0,0,11.744
64,64,1,16,11.6163
64,64,1,32,11.7437
64,64,1,64,11.84
64,64,1,128,14.059
64,64,1,256,18.2827
64,64,1,512,26.4107
64,64,1,1024,42.8803
64,64,1,2048,75.9147
64,64,1,4096,141.9
64,64,1,8192,273.015
64,64,1,16384,535.47
64,64,2,16,11.712
64,64,2,32,11.915
64,64,2,64,12.203
64,64,2,128,14.1447
64,64,2,256,18.261
64,64,2,512,26.368
64,64,2,1024,43.0833
64,64,2,2048,76.4163
64,64,2,4096,142.102
64,64,2,8192,273.751
64,64,2,16384,537.069
64,64,4,16,11.819
64,64,4,32,12.096
64,64,4,64,12.021
64,64,4,128,14.3893
64,64,4,256,18.4427
64,64,4,512,26.8477
64,64,4,1024,44.139
64,64,4,2048,77.0563
64,64,4,4096,142.923
64,64,4,8192,276.023
64,64,4,16384,539.257
64,64,8,16,17.6637
64,64,8,32,17.6957
64,64,8,64,18.0163
64,64,8,128,23.4347
64,64,8,256,32.5657
64,64,8,512,43.2323
64,64,8,1024,59.3073
64,64,8,2048,93.046
64,64,8,4096,156.449
64,64,8,8192,285.175
64,64,8,16384,548.089
64,64,16,16,22.7517
64,64,16,32,23.36
64,64,16,64,23.616
64,64,16,128,33.6537
64,64,16,256,44.3093
64,64,16,512,60.715
64,64,16,1024,91.2537
64,64,16,2048,157.484
64,64,16,4096,290.231
64,64,16,8192,552.292
64,64,16,16384,1079.91
64,64,32,16,34.1337
64,64,32,32,34.6133
64,64,32,64,35.1467
64,64,32,128,52.704
64,64,32,256,70.422
64,64,32,512,101.782
64,64,32,1024,166.091
64,64,32,2048,296.385
64,64,32,4096,557.998
64,64,32,8192,1092.71
64,64,32,16384,2149.77
64,64,64,16,55.7333
64,64,64,32,56.7583
64,64,64,64,58.4217
64,64,64,128,90.9663
64,64,64,256,128.129
64,64,64,512,207.479
64,64,64,1024,357.475
64,64,64,2048,626.937
64,64,64,4096,1240.73
64,64,64,8192,2409.62
64,64,64,16384,5203.19
64,64,128,16,97.9413
64,64,128,32,98.806
64,64,128,64,103.468
64,64,128,128,173.473
64,64,128,256,266.978
64,64,128,512,445.111
64,64,128,1024,794.533
64,64,128,2048,2331.31
64,64,128,4096,4574.04
64,64,128,8192,9094.43
64,64,128,16384,18046.1
64,128,0,0,15.6057
64,128,1,16,14.5813
64,128,1,32,14.5917
64,128,1,64,14.603
64,128,1,128,15.1787
64,128,1,256,18.1337
64,128,1,512,26.3893
64,128,1,1024,42.9013
64,128,1,2048,75.8403
64,128,1,4096,141.835
64,128,1,8192,273.067
64,128,1,16384,535.693
64,128,2,16,14.603
64,128,2,32,14.6137
64,128,2,64,14.6983
64,128,2,128,15.4023
64,128,2,256,18.2087
64,128,2,512,26.3683
64,128,2,1024,43.104
64,128,2,2048,76.0117
64,128,2,4096,142.006
64,128,2,8192,273.974
64,128,2,16384,536.92
64,128,4,16,14.7417
64,128,4,32,14.624
64,128,4,64,14.656
64,128,4,128,15.7333
64,128,4,256,19.2863
64,128,4,512,27.3493
64,128,4,1024,44.3093
64,128,4,2048,76.8427
64,128,4,4096,143.083
64,128,4,8192,276.428
64,128,4,16384,539.352
64,128,8,16,21.9737
64,128,8,32,22.059
64,128,8,64,22.2293
64,128,8,128,25.3763
64,128,8,256,34.1653
64,128,8,512,48.96
64,128,8,1024,69.536
64,128,8,2048,101.238
64,128,8,4096,165.92
64,128,8,8192,295.116
64,128,8,16384,552.11
64,128,16,16,24.1493
64,128,16,32,24.2453
64,128,16,64,24.822
64,128,16,128,34.5177
64,128,16,256,47.104
64,128,16,512,65.3337
64,128,16,1024,97.1197
64,128,16,2048,161.792
64,128,16,4096,294.561
64,128,16,8192,556.995
64,128,16,16384,1080.4
64,128,32,16,33.9843
64,128,32,32,34.699
64,128,32,64,35.424
64,128,32,128,53.9093
64,128,32,256,73.7387
64,128,32,512,108.032
64,128,32,1024,170.688
64,128,32,2048,299.959
64,128,32,4096,562.413
64,128,32,8192,1094.14
64,128,32,16384,2150.75
64,128,64,16,55.765
64,128,64,32,56.9183
64,128,64,64,58.6883
64,128,64,128,92.9813
64,128,64,256,134.421
64,128,64,512,210.369
64,128,64,1024,361.698
64,128,64,2048,629.625
64,128,64,4096,1230.64
64,128,64,8192,2379.68
64,128,64,16384,5264.94
64,128,128,16,97.952
64,128,128,32,99.062
64,128,128,64,103.575
64,128,128,128,175.585
64,128,128,256,268.034
64,128,128,512,445.293
64,128,128,1024,794.351
64,128,128,2048,2325.46
64,128,128,4096,4572.56
64,128,128,8192,9076.38
64,128,128,16384,18041.4
64,256,0,0,19.5413
64,256,1,16,18.5173
64,256,1,32,18.528
64,256,1,64,18.5173
64,256,1,128,18.656
64,256,1,256,19.2643
64,256,1,512,26.3257
64,256,1,1024,42.88
64,256,1,2048,75.7867
64,256,1,4096,141.878
64,256,1,8192,273.132
64,256,1,16384,535.607
64,256,2,16,18.5283
64,256,2,32,18.6347
64,256,2,64,18.603
64,256,2,128,18.9867
64,256,2,256,19.114
64,256,2,512,26.5173
64,256,2,1024,43.0187
64,256,2,2048,76.0853
64,256,2,4096,141.878
64,256,2,8192,273.728
64,256,2,16384,536.686
64,256,4,16,18.8267
64,256,4,32,18.688
64,256,4,64,18.7307
64,256,4,128,19.5097
64,256,4,256,20.2663
64,256,4,512,27.552
64,256,4,1024,43.968
64,256,4,2048,77.5367
64,256,4,4096,143.052
64,256,4,8192,275.873
64,256,4,16384,539.501
64,256,8,16,25.707
64,256,8,32,26.0157
64,256,8,64,25.973
64,256,8,128,29.6853
64,256,8,256,35.6693
64,256,8,512,49.6853
64,256,8,1024,76.8647
64,256,8,2048,108.204
64,256,8,4096,171.691
64,256,8,8192,301.036
64,256,8,16384,559.629
64,256,16,16,30.9017
64,256,16,32,31.2423
64,256,16,64,31.4773
64,256,16,128,35.0297
64,256,16,256,48.0747
64,256,16,512,68.4483
64,256,16,1024,101.792
64,256,16,2048,165.622
64,256,16,4096,299.052
64,256,16,8192,561.122
64,256,16,16384,1082.49
64,256,32,16,38.0267
64,256,32,32,38.9443
64,256,32,64,39.4663
64,256,32,128,53.771
64,256,32,256,74.9657
64,256,32,512,110.859
64,256,32,1024,175.435
64,256,32,2048,304.3
64,256,32,4096,566.073
64,256,32,8192,1099.12
64,256,32,16384,2150.93
64,256,64,16,59.787
64,256,64,32,61.0887
64,256,64,64,62.4327
64,256,64,128,92.7573
64,256,64,256,136.341
64,256,64,512,216.321
64,256,64,1024,365.388
64,256,64,2048,631.757
64,256,64,4096,1242.05
64,256,64,8192,2389.96
64,256,64,16384,5145.71
64,256,128,16,101.515
64,256,128,32,102.389
64,256,128,64,107.04
64,256,128,128,175.713
64,256,128,256,270.465
64,256,128,512,448.13
64,256,128,1024,794.244
64,256,128,2048,2330.51
64,256,128,4096,4573.4
64,256,128,8192,9097.8
64,256,128,16384,18037
64,512,0,0,27.7653
64,512,1,16,26.7097
64,512,1,32,26.752
64,512,1,64,26.656
64,512,1,128,27.1787
64,512,1,256,27.1893
64,512,1,512,27.4453
64,512,1,1024,42.8483
64,512,1,2048,75.9147
64,512,1,4096,141.867
64,512,1,8192,272.95
64,512,1,16384,535.597
64,512,2,16,26.7737
64,512,2,32,26.688
64,512,2,64,26.709
64,512,2,128,27.4773
64,512,2,256,27.5737
64,512,2,512,27.7657
64,512,2,1024,42.9973
64,512,2,2048,76.2987
64,512,2,4096,142.337
64,512,2,8192,273.739
64,512,2,16384,536.951
64,512,4,16,26.763
64,512,4,32,26.9333
64,512,4,64,26.8053
64,512,4,128,27.52
64,512,4,256,27.9993
64,512,4,512,28.9703
64,512,4,1024,44.715
64,512,4,2048,77.1303
64,512,4,4096,143.158
64,512,4,8192,275.606
64,512,4,16384,539.585
64,512,8,16,33.568
64,512,8,32,33.91
64,512,8,64,34.0693
64,512,8,128,38.2613
64,512,8,256,44.0533
64,512,8,512,51.6163
64,512,8,1024,82.9123
64,512,8,2048,123.798
64,512,8,4096,187.958
64,512,8,8192,315.628
64,512,8,16384,574.627
64,512,16,16,38.9013
64,512,16,32,39.2
64,512,16,64,39.6693
64,512,16,128,47.349
64,512,16,256,51.723
64,512,16,512,72.331
64,512,16,1024,107.947
64,512,16,2048,172.47
64,512,16,4096,306.86
64,512,16,8192,568.184
64,512,16,16384,1092.29
64,512,32,16,49.7927
64,512,32,32,50.166
64,512,32,64,50.4957
64,512,32,128,60.4483
64,512,32,256,74.9443
64,512,32,512,115.499
64,512,32,1024,183.094
64,512,32,2048,312.641
64,512,32,4096,574.85
64,512,32,8192,1106.81
64,512,32,16384,2157.77
64,512,64,16,68.128
64,512,64,32,69.3123
64,512,64,64,70.954
64,512,64,128,98.336
64,512,64,256,136
64,512,64,512,223.403
64,512,64,1024,374.433
64,512,64,2048,642.284
64,512,64,4096,1241.11
64,512,64,8192,2409.59
64,512,64,16384,4942.19
64,512,128,16,109.825
64,512,128,32,110.709
64,512,128,64,115.499
64,512,128,128,179.467
64,512,128,256,270.561
64,512,128,512,452.567
64,512,128,1024,795.405
64,512,128,2048,2328.93
64,512,128,4096,4575.39
64,512,128,8192,9077.99
64,512,128,16384,18044.5
64,1024,0,0,44.1067
64,1024,1,16,43.147
64,1024,1,32,43.2323
64,1024,1,64,43.1573
64,1024,1,128,43.2853
64,1024,1,256,43.606
64,1024,1,512,43.808
64,1024,1,1024,43.9363
64,1024,1,2048,75.819
64,1024,1,4096,141.878
64,1024,1,8192,273.142
64,1024,1,16384,535.585
64,1024,2,16,43.0613
64,1024,2,32,43.072
64,1024,2,64,43.0287
64,1024,2,128,43.894
64,1024,2,256,43.979
64,1024,2,512,44.0217
64,1024,2,1024,44.2347
64,1024,2,2048,75.9893
64,1024,2,4096,142.156
64,1024,2,8192,273.942
64,1024,2,16384,537.217
64,1024,4,16,43.0827
64,1024,4,32,43.3817
64,1024,4,64,43.104
64,1024,4,128,44.0107
64,1024,4,256,44.9713
64,1024,4,512,44.8103
64,1024,4,1024,45.2057
64,1024,4,2048,77.4183
64,1024,4,4096,142.955
64,1024,4,8192,275.681
64,1024,4,16384,539.383
64,1024,8,16,49.8987
64,1024,8,32,49.9097
64,1024,8,64,50.027
64,1024,8,128,54.1227
64,1024,8,256,60.459
64,1024,8,512,67.4773
64,1024,8,1024,83.776
64,1024,8,2048,147.99
64,1024,8,4096,219.413
64,1024,8,8192,348.599
64,1024,8,16384,605.931
64,1024,16,16,55.126
64,1024,16,32,55.275
64,1024,16,64,55.9467
64,1024,16,128,63.2637
64,1024,16,256,72.5653
64,1024,16,512,83.5947
64,1024,16,1024,121.024
64,1024,16,2048,189.291
64,1024,16,4096,323.467
64,1024,16,8192,583.819
64,1024,16,16384,1107.5
64,1024,32,16,65.9947
64,1024,32,32,66.7627
64,1024,32,64,66.7947
64,1024,32,128,82.1443
64,1024,32,256,96.8107
64,1024,32,512,115.435
64,1024,32,1024,195.564
64,1024,32,2048,328.492
64,1024,32,4096,590.242
64,1024,32,8192,1123.17
64,1024,32,16384,2175.39
64,1024,64,16,87.6693
64,1024,64,32,87.702
64,1024,64,64,89.536
64,1024,64,128,114.838
64,1024,64,256,150.348
64,1024,64,512,223.265
64,1024,64,1024,391.819
64,1024,64,2048,658.231
64,1024,64,4096,1254.58
64,1024,64,8192,2422
64,1024,64,16384,5344.83
64,1024,128,16,126.186
64,1024,128,32,127.734
64,1024,128,64,133.11
64,1024,128,128,194.507
64,1024,128,256,281.536
64,1024,128,512,455.169
64,1024,128,1024,807.458
64,1024,128,2048,2336.17
64,1024,128,4096,4578.21
64,1024,128,8192,9120.83
64,1024,128,16384,18048.8
64,2048,0,0,76.8427
64,2048,1,16,75.7333
64,2048,1,32,75.712
64,2048,1,64,75.872
64,2048,1,128,76.0857
64,2048,1,256,76.256
64,2048,1,512,76.352
64,2048,1,1024,76.544
64,2048,1,2048,76.768
64,2048,1,4096,141.93
64,2048,1,8192,272.8
64,2048,1,16384,535.509
64,2048,2,16,75.861
64,2048,2,32,75.8397
64,2048,2,64,75.8083
64,2048,2,128,76.4803
64,2048,2,256,76.6617
64,2048,2,512,76.64
64,2048,2,1024,76.5443
64,2048,2,2048,76.672
64,2048,2,4096,141.995
64,2048,2,8192,274.038
64,2048,2,16384,536.822
64,2048,4,16,75.893
64,2048,4,32,75.968
64,2048,4,64,75.9037
64,2048,4,128,77.0773
64,2048,4,256,77.0567
64,2048,4,512,77.2053
64,2048,4,1024,77.6213
64,2048,4,2048,77.3337
64,2048,4,4096,143.275
64,2048,4,8192,275.723
64,2048,4,16384,539.36
64,2048,8,16,81.4723
64,2048,8,32,81.5147
64,2048,8,64,81.8347
64,2048,8,128,85.2913
64,2048,8,256,90.8807
64,2048,8,512,98.7417
64,2048,8,1024,116.118
64,2048,8,2048,150.453
64,2048,8,4096,280.246
64,2048,8,8192,415.66
64,2048,8,16384,671.991
64,2048,16,16,86.88
64,2048,16,32,87.083
64,2048,16,64,87.52
64,2048,16,128,94.6987
64,2048,16,256,102.912
64,2048,16,512,119.307
64,2048,16,1024,151.179
64,2048,16,2048,218.529
64,2048,16,4096,355.083
64,2048,16,8192,615.948
64,2048,16,16384,1140.12
64,2048,32,16,98.0163
64,2048,32,32,98.635
64,2048,32,64,98.869
64,2048,32,128,113.931
64,2048,32,256,130.411
64,2048,32,512,163.457
64,2048,32,1024,195.221
64,2048,32,2048,357.376
64,2048,32,4096,623.362
64,2048,32,8192,1154.9
64,2048,32,16384,2205.74
64,2048,64,16,119.702
64,2048,64,32,120.352
64,2048,64,64,121.739
64,2048,64,128,152.747
64,2048,64,256,184.64
64,2048,64,512,256.011
64,2048,64,1024,391.521
64,2048,64,2048,695.884
64,2048,64,4096,1293.89
64,2048,64,8192,2462.75
64,2048,64,16384,5233.23
64,2048,128,16,162.08
64,2048,128,32,161.313
64,2048,128,64,167.05
64,2048,128,128,228.918
64,2048,128,256,312.853
64,2048,128,512,478.678
64,2048,128,1024,806.733
64,2048,128,2048,2340.54
64,2048,128,4096,4590.14
64,2048,128,8192,9093.55
64,2048,128,16384,18046.8
64,4096,0,0,142.465
64,4096,1,16,141.291
64,4096,1,32,141.514
64,4096,1,64,141.43
64,4096,1,128,141.483
64,4096,1,256,141.419
64,4096,1,512,141.61
64,4096,1,1024,141.963
64,4096,1,2048,142.144
64,4096,1,4096,142.539
64,4096,1,8192,272.938
64,4096,1,16384,535.562
64,4096,2,16,141.334
64,4096,2,32,141.386
64,4096,2,64,141.227
64,4096,2,128,141.567
64,4096,2,256,141.76
64,4096,2,512,142.016
64,4096,2,1024,142.113
64,4096,2,2048,142.271
64,4096,2,4096,142.614
64,4096,2,8192,274.048
64,4096,2,16384,537.12
64,4096,4,16,141.354
64,4096,4,32,141.334
64,4096,4,64,141.323
64,4096,4,128,142.144
64,4096,4,256,142.645
64,4096,4,512,142.495
64,4096,4,1024,143.051
64,4096,4,2048,142.614
64,4096,4,4096,144.054
64,4096,4,8192,276.085
64,4096,4,16384,540.599
64,4096,8,16,145.525
64,4096,8,32,145.366
64,4096,8,64,145.632
64,4096,8,128,149.547
64,4096,8,256,153.771
64,4096,8,512,162.582
64,4096,8,1024,180.171
64,4096,8,2048,214.592
64,4096,8,4096,287.552
64,4096,8,8192,544.683
64,4096,8,16384,811.532
64,4096,16,16,150.56
64,4096,16,32,150.795
64,4096,16,64,151.072
64,4096,16,128,157.867
64,4096,16,256,166.667
64,4096,16,512,183.872
64,4096,16,1024,216.053
64,4096,16,2048,282.1
64,4096,16,4096,418.411
64,4096,16,8192,696.609
64,4096,16,16384,1225.94
64,4096,32,16,161.909
64,4096,32,32,162.581
64,4096,32,64,162.422
64,4096,32,128,177.685
64,4096,32,256,194.677
64,4096,32,512,227.296
64,4096,32,1024,291.402
64,4096,32,2048,357.472
64,4096,32,4096,687.414
64,4096,32,8192,1230.52
64,4096,32,16384,2289.78
64,4096,64,16,183.52
64,4096,64,32,183.765
64,4096,64,64,184.928
64,4096,64,128,216.373
64,4096,64,256,255.627
64,4096,64,512,329.205
64,4096,64,1024,454.934
64,4096,64,2048,712.748
64,4096,64,4096,1408.33
64,4096,64,8192,2793.2
64,4096,64,16384,5707.8
64,4096,128,16,226.144
64,4096,128,32,227.457
64,4096,128,64,231.52
64,4096,128,128,298.656
64,4096,128,256,379.115
64,4096,128,512,536.118
64,4096,128,1024,864.512
64,4096,128,2048,2367.68
64,4096,128,4096,4601.37
64,4096,128,8192,9140.79
64,4096,128,16384,18072.1
64,8192,0,0,273.739
64,8192,1,16,272.49
64,8192,1,32,272.352
64,8192,1,64,272.608
64,8192,1,128,272.715
64,8192,1,256,272.789
64,8192,1,512,272.769
64,8192,1,1024,272.81
64,8192,1,2048,273.056
64,8192,1,4096,273.195
64,8192,1,8192,274.038
64,8192,1,16384,535.35
64,8192,2,16,272.523
64,8192,2,32,272.491
64,8192,2,64,272.906
64,8192,2,128,272.96
64,8192,2,256,272.747
64,8192,2,512,273.035
64,8192,2,1024,273.205
64,8192,2,2048,273.334
64,8192,2,4096,273.43
64,8192,2,8192,274.667
64,8192,2,16384,536.843
64,8192,4,16,272.309
64,8192,4,32,272.267
64,8192,4,64,272.543
64,8192,4,128,273.44
64,8192,4,256,273.579
64,8192,4,512,273.76
64,8192,4,1024,274.368
64,8192,4,2048,274.048
64,8192,4,4096,274.795
64,8192,4,8192,276.384
64,8192,4,16384,538.859
64,8192,8,16,273.28
64,8192,8,32,274.027
64,8192,8,64,273.366
64,8192,8,128,276.214
64,8192,8,256,282.325
64,8192,8,512,290.421
64,8192,8,1024,307.36
64,8192,8,2048,341.099
64,8192,8,4096,413.12
64,8192,8,8192,551.851
64,8192,8,16384,1066.79
64,8192,16,16,277.771
64,8192,16,32,278.134
64,8192,16,64,278.475
64,8192,16,128,286.251
64,8192,16,256,295.585
64,8192,16,512,311.595
64,8192,16,1024,343.978
64,8192,16,2048,409.74
64,8192,16,4096,544.918
64,8192,16,8192,821.782
64,8192,16,16384,1362.94
64,8192,32,16,289.739
64,8192,32,32,289.526
64,8192,32,64,290.645
64,8192,32,128,305.12
64,8192,32,256,322.539
64,8192,32,512,354.645
64,8192,32,1024,419.616
64,8192,32,2048,548.288
64,8192,32,4096,693.258
64,8192,32,8192,1350.97
64,8192,32,16384,2432.59
64,8192,64,16,310.955
64,8192,64,32,311.478
64,8192,64,64,313.131
64,8192,64,128,344.512
64,8192,64,256,382.763
64,8192,64,512,457.611
64,8192,64,1024,603.264
64,8192,64,2048,869.387
64,8192,64,4096,1465.55
64,8192,64,8192,2751.01
64,8192,64,16384,6508.97
64,8192,128,16,353.483
64,8192,128,32,354.752
64,8192,128,64,359.595
64,8192,128,128,426.475
64,8192,128,256,512.566
64,8192,128,512,669.439
64,8192,128,1024,997.099
64,8192,128,2048,2511.43
64,8192,128,4096,4644.26
64,8192,128,8192,9153.31
64,8192,128,16384,18117.8
64,16384,0,0,536.416
64,16384,1,16,534.059
64,16384,1,32,534.591
64,16384,1,64,534.486
64,16384,1,128,534.549
64,16384,1,256,534.432
64,16384,1,512,534.923
64,16384,1,1024,534.966
64,16384,1,2048,535.157
64,16384,1,4096,535.349
64,16384,1,8192,535.435
64,16384,1,16384,536.778
64,16384,2,16,534.644
64,16384,2,32,534.208
64,16384,2,64,534.379
64,16384,2,128,535.167
64,16384,2,256,535.198
64,16384,2,512,535.711
64,16384,2,1024,535.477
64,16384,2,2048,535.723
64,16384,2,4096,535.274
64,16384,2,8192,536.523
64,16384,2,16384,537.792
64,16384,4,16,534.645
64,16384,4,32,534.518
64,16384,4,64,534.367
64,16384,4,128,535.105
64,16384,4,256,535.988
64,16384,4,512,536.031
64,16384,4,1024,536.128
64,16384,4,2048,535.616
64,16384,4,4096,536.736
64,16384,4,8192,538.698
64,16384,4,16384,540.778
64,16384,8,16,534.25
64,16384,8,32,534.484
64,16384,8,64,534.975
64,16384,8,128,535.979
64,16384,8,256,537.493
64,16384,8,512,547.039
64,16384,8,1024,562.944
64,16384,8,2048,596.682
64,16384,8,4096,669.013
64,16384,8,8192,807.956
64,16384,8,16384,1082.21
64,16384,16,16,535.52
64,16384,16,32,535.275
64,16384,16,64,536.362
64,16384,16,128,541.249
64,16384,16,256,550.517
64,16384,16,512,566.613
64,16384,16,1024,598.336
64,16384,16,2048,664.085
64,16384,16,4096,800.618
64,16384,16,8192,1057.5
64,16384,16,16384,1615.22
64,16384,32,16,543.893
64,16384,32,32,545.355
64,16384,32,64,545.302
64,16384,32,128,559.818
64,16384,32,256,576.224
64,16384,32,512,609.812
64,16384,32,1024,674.325
64,16384,32,2048,803.401
64,16384,32,4096,1074.37
64,16384,32,8192,1360.74
64,16384,32,16384,2662.31
64,16384,64,16,565.216
64,16384,64,32,567.189
64,16384,64,64,568.17
64,16384,64,128,599.274
64,16384,64,256,637.376
64,16384,64,512,713.408
64,16384,64,1024,861.375
64,16384,64,2048,1189.17
64,16384,64,4096,1795.54
64,16384,64,8192,2880.33
64,16384,64,16384,6155.96
64,16384,128,16,608.683
64,16384,128,32,609.867
64,16384,128,64,614.187
64,16384,128,128,681.846
64,16384,128,256,768.607
64,16384,128,512,930.89
64,16384,128,1024,1279.63
64,16384,128,2048,2806.62
64,16384,128,4096,4980.79
64,16384,128,8192,9255.76
64,16384,128,16384,18194.5
128,0,0,0,11.7657
128,0,1,16,11.8083
128,0,1,32,11.872
128,0,1,64,12.0003
128,0,1,128,14.656
128,0,1,256,18.5707
128,0,1,512,26.8483
128,0,1,1024,43.445
128,0,1,2048,76.3523
128,0,1,4096,142.165
128,0,1,8192,273.227
128,0,1,16384,535.518
128,0,2,16,11.9047
128,0,2,32,11.8827
128,0,2,64,11.8403
128,0,2,128,14.6877
128,0,2,256,18.784
128,0,2,512,27.029
128,0,2,1024,44.0427
128,0,2,2048,76.8423
128,0,2,4096,142.452
128,0,2,8192,274.324
128,0,2,16384,537.354
128,0,4,16,11.9363
128,0,4,32,11.904
128,0,4,64,12.4587
128,0,4,128,14.9227
128,0,4,256,19.072
128,0,4,512,27.7333
128,0,4,1024,44.3737
128,0,4,2048,77.2693
128,0,4,4096,143.136
128,0,4,8192,275.264
128,0,4,16384,539.21
128,0,8,16,18.0273
128,0,8,32,17.814
128,0,8,64,17.749
128,0,8,128,24.0537
128,0,8,256,33.163
128,0,8,512,45.5467
128,0,8,1024,61.013
128,0,8,2048,94.1657
128,0,8,4096,156.949
128,0,8,8192,287.381
128,0,8,16384,546.25
128,0,16,16,23.285
128,0,16,32,23.8297
128,0,16,64,24.171
128,0,16,128,34.016
128,0,16,256,46.6233
128,0,16,512,66.0903
128,0,16,1024,97.8133
128,0,16,2048,162.741
128,0,16,4096,293.066
128,0,16,8192,552.96
128,0,16,16384,1079.87
128,0,32,16,35.0403
128,0,32,32,35.8617
128,0,32,64,36.576
128,0,32,128,53.8563
128,0,32,256,73.3123
128,0,32,512,105.568
128,0,32,1024,169.92
128,0,32,2048,300.128
128,0,32,4096,561.376
128,0,32,8192,1092.89
128,0,32,16384,2149.84
128,0,64,16,58.048
128,0,64,32,59.0617
128,0,64,64,60.4377
128,0,64,128,94.0583
128,0,64,256,132.415
128,0,64,512,210.006
128,0,64,1024,360.747
128,0,64,2048,632.159
128,0,64,4096,1231.22
128,0,64,8192,2400.6
128,0,64,16384,5187.11
128,0,128,16,102.965
128,0,128,32,104.789
128,0,128,64,108.021
128,0,128,128,176.779
128,0,128,256,268.779
128,0,128,512,452.586
128,0,128,1024,803.818
128,0,128,2048,2331.66
128,0,128,4096,4573.09
128,0,128,8192,9107.83
128,0,128,16384,18039.8
128,16,0,0,14.8163
128,16,1,16,14.9117
128,16,1,32,14.922
128,16,1,64,14.837
128,16,1,128,14.9973
128,16,1,256,18.592
128,16,1,512,26.6453
128,16,1,1024,43.4023
128,16,1,2048,76.0423
128,16,1,4096,142.368
128,16,1,8192,273.386
128,16,1,16384,535.924
128,16,2,16,14.9227
128,16,2,32,14.827
128,16,2,64,14.795
128,16,2,128,15.1253
128,16,2,256,18.592
128,16,2,512,26.8693
128,16,2,1024,43.7657
128,16,2,2048,76.778
128,16,2,4096,142.378
128,16,2,8192,274.037
128,16,2,16384,537.034
128,16,4,16,15.04
128,16,4,32,15.0407
128,16,4,64,15.0187
128,16,4,128,15.094
128,16,4,256,19.04
128,16,4,512,27.6373
128,16,4,1024,44
128,16,4,2048,77.0233
128,16,4,4096,143.306
128,16,4,8192,275.626
128,16,4,16384,539.135
128,16,8,16,21.845
128,16,8,32,21.9417
128,16,8,64,22.0273
128,16,8,128,24.2343
128,16,8,256,33.152
128,16,8,512,48.8743
128,16,8,1024,64.9283
128,16,8,2048,98.709
128,16,8,4096,161.109
128,16,8,8192,290.634
128,16,8,16384,547.765
128,16,16,16,27.1147
128,16,16,32,27.765
128,16,16,64,28.1383
128,16,16,128,34.485
128,16,16,256,46.657
128,16,16,512,70.826
128,16,16,1024,102.229
128,16,16,2048,168.33
128,16,16,4096,296.544
128,16,16,8192,557.033
128,16,16,16384,1080.06
128,16,32,16,38.2187
128,16,32,32,38.624
128,16,32,64,38.9337
128,16,32,128,54.325
128,16,32,256,74.261
128,16,32,512,108.565
128,16,32,1024,173.781
128,16,32,2048,303.21
128,16,32,4096,563.498
128,16,32,8192,1095.63
128,16,32,16384,2148.5
128,16,64,16,58.7417
128,16,64,32,59.488
128,16,64,64,61.472
128,16,64,128,94.389
128,16,64,256,133.322
128,16,64,512,212.309
128,16,64,1024,364.757
128,16,64,2048,632.458
128,16,64,4096,1234.58
128,16,64,8192,2398.35
128,16,64,16384,5080.96
128,16,128,16,103.531
128,16,128,32,104.949
128,16,128,64,108.501
128,16,128,128,176.874
128,16,128,256,268.363
128,16,128,512,451.657
128,16,128,1024,803.166
128,16,128,2048,2324.35
128,16,128,4096,4574.93
128,16,128,8192,9080.86
128,16,128,16384,18035.4
128,32,0,0,14.848
128,32,1,16,14.9443
128,32,1,32,14.8053
128,32,1,64,14.9017
128,32,1,128,14.8587
128,32,1,256,18.645
128,32,1,512,26.6343
128,32,1,1024,43.179
128,32,1,2048,76.245
128,32,1,4096,142.09
128,32,1,8192,273.247
128,32,1,16384,535.699
128,32,2,16,14.8053
128,32,2,32,14.9333
128,32,2,64,14.88
128,32,2,128,14.9117
128,32,2,256,18.5603
128,32,2,512,26.763
128,32,2,1024,43.413
128,32,2,2048,76.768
128,32,2,4096,142.463
128,32,2,8192,273.897
128,32,2,16384,537.086
128,32,4,16,15.0403
128,32,4,32,15.0613
128,32,4,64,15.1357
128,32,4,128,15.189
128,32,4,256,19.168
128,32,4,512,27.4773
128,32,4,1024,43.9147
128,32,4,2048,76.9707
128,32,4,4096,143.338
128,32,4,8192,275.818
128,32,4,16384,539.028
128,32,8,16,21.685
128,32,8,32,21.8883
128,32,8,64,22.059
128,32,8,128,24.416
128,32,8,256,33.258
128,32,8,512,49.493
128,32,8,1024,65.589
128,32,8,2048,99.1357
128,32,8,4096,162.538
128,32,8,8192,290.41
128,32,8,16384,548.126
128,32,16,16,27.2213
128,32,16,32,27.787
128,32,16,64,28.1493
128,32,16,128,34.3143
128,32,16,256,46.837
128,32,16,512,70.7837
128,32,16,1024,102.667
128,32,16,2048,167.189
128,32,16,4096,296.757
128,32,16,8192,557.598
128,32,16,16384,1080.98
128,32,32,16,38.325
128,32,32,32,38.6137
128,32,32,64,39.232
128,32,32,128,54.4107
128,32,32,256,73.92
128,32,32,512,108.596
128,32,32,1024,173.61
128,32,32,2048,304.341
128,32,32,4096,564.693
128,32,32,8192,1095.4
128,32,32,16384,2149.97
128,32,64,16,58.901
128,32,64,32,59.6697
128,32,64,64,61.5257
128,32,64,128,94.5067
128,32,64,256,133.642
128,32,64,512,213.343
128,32,64,1024,365.311
128,32,64,2048,635.754
128,32,64,4096,1237.15
128,32,64,8192,2393.89
128,32,64,16384,5106.94
128,32,128,16,103.711
128,32,128,32,105.024
128,32,128,64,108.543
128,32,128,128,177.195
128,32,128,256,268.874
128,32,128,512,451.914
128,32,128,1024,804.724
128,32,128,2048,2328.29
128,32,128,4096,4572.9
128,32,128,8192,9102.39
128,32,128,16384,18036
128,64,0,0,14.9333
128,64,1,16,14.9117
128,64,1,32,14.9227
128,64,1,64,15.019
128,64,1,128,14.9547
128,64,1,256,18.6237
128,64,1,512,26.7087
128,64,1,1024,43.2107
128,64,1,2048,76.1173
128,64,1,4096,142.282
128,64,1,8192,273.353
128,64,1,16384,535.421
128,64,2,16,14.8367
128,64,2,32,15.0507
128,64,2,64,14.795
128,64,2,128,14.9863
128,64,2,256,18.6133
128,64,2,512,26.8693
128,64,2,1024,43.733
128,64,2,2048,76.7673
128,64,2,4096,142.314
128,64,2,8192,274.187
128,64,2,16384,536.949
128,64,4,16,15.125
128,64,4,32,15.2427
128,64,4,64,15.3067
128,64,4,128,15.456
128,64,4,256,18.9333
128,64,4,512,27.5413
128,64,4,1024,43.787
128,64,4,2048,76.9913
128,64,4,4096,142.731
128,64,4,8192,275.818
128,64,4,16384,539.113
128,64,8,16,21.9947
128,64,8,32,22.219
128,64,8,64,22.2073
128,64,8,128,24.4903
128,64,8,256,33.2697
128,64,8,512,49.312
128,64,8,1024,66.3683
128,64,8,2048,99.0187
128,64,8,4096,162.25
128,64,8,8192,289.962
128,64,8,16384,548.339
128,64,16,16,27.4883
128,64,16,32,28.011
128,64,16,64,28.3193
128,64,16,128,34.048
128,64,16,256,46.613
128,64,16,512,70.368
128,64,16,1024,103.232
128,64,16,2048,168.362
128,64,16,4096,296.298
128,64,16,8192,557.727
128,64,16,16384,1080.71
128,64,32,16,38.1117
128,64,32,32,38.9227
128,64,32,64,39.3603
128,64,32,128,54.218
128,64,32,256,74.0693
128,64,32,512,108.363
128,64,32,1024,173.312
128,64,32,2048,304.117
128,64,32,4096,565.097
128,64,32,8192,1095.69
128,64,32,16384,2149.63
128,64,64,16,59.0497
128,64,64,32,59.84
128,64,64,64,61.6103
128,64,64,128,94.5703
128,64,64,256,133.59
128,64,64,512,213.407
128,64,64,1024,365.204
128,64,64,2048,631.892
128,64,64,4096,1236.23
128,64,64,8192,2381.27
128,64,64,16384,5208.48
128,64,128,16,103.583
128,64,128,32,105.002
128,64,128,64,108.544
128,64,128,128,177.27
128,64,128,256,268.084
128,64,128,512,452.127
128,64,128,1024,804.627
128,64,128,2048,2323.39
128,64,128,4096,4576.1
128,64,128,8192,9079.27
128,64,128,16384,18042.5
128,128,0,0,15.9787
128,128,1,16,15.2427
128,128,1,32,15.0507
128,128,1,64,15.211
128,128,1,128,15.8613
128,128,1,256,18.5493
128,128,1,512,26.8267
128,128,1,1024,43.349
128,128,1,2048,76.416
128,128,1,4096,142.111
128,128,1,8192,273.717
128,128,1,16384,535.624
128,128,2,16,15.072
128,128,2,32,15.1147
128,128,2,64,15.051
128,128,2,128,15.7757
128,128,2,256,18.5813
128,128,2,512,26.7947
128,128,2,1024,43.6693
128,128,2,2048,76.9063
128,128,2,4096,142.41
128,128,2,8192,274.11
128,128,2,16384,537.075
128,128,4,16,15.4987
128,128,4,32,15.4663
128,128,4,64,15.8507
128,128,4,128,16.2243
128,128,4,256,19.2957
128,128,4,512,28.4053
128,128,4,1024,44.7787
128,128,4,2048,77.408
128,128,4,4096,143.178
128,128,4,8192,275.925
128,128,4,16384,539.432
128,128,8,16,22.2507
128,128,8,32,22.6457
128,128,8,64,22.6983
128,128,8,128,25.931
128,128,8,256,33.8133
128,128,8,512,50.038
128,128,8,1024,69.6527
128,128,8,2048,103.061
128,128,8,4096,166.154
128,128,8,8192,295.903
128,128,8,16384,553.449
128,128,16,16,27.7333
128,128,16,32,28.0527
128,128,16,64,28.533
128,128,16,128,35.669
128,128,16,256,47.8083
128,128,16,512,72.0317
128,128,16,1024,108.074
128,128,16,2048,172.404
128,128,16,4096,302.079
128,128,16,8192,563.497
128,128,16,16384,1080.75
128,128,32,16,38.677
128,128,32,32,39.3707
128,128,32,64,39.9577
128,128,32,128,56.2237
128,128,32,256,75.8293
128,128,32,512,111.285
128,128,32,1024,174.709
128,128,32,2048,304.49
128,128,32,4096,566.292
128,128,32,8192,1095.79
128,128,32,16384,2149.01
128,128,64,16,60.2027
128,128,64,32,60.981
128,128,64,64,62.699
128,128,64,128,96.5863
128,128,64,256,136.074
128,128,64,512,214.356
128,128,64,1024,365.631
128,128,64,2048,634.739
128,128,64,4096,1237.95
128,128,64,8192,2384.3
128,128,64,16384,4986.89
128,128,128,16,104
128,128,128,32,105.578
128,128,128,64,109.216
128,128,128,128,178.261
128,128,128,256,270.442
128,128,128,512,452.223
128,128,128,1024,802.525
128,128,128,2048,2329.46
128,128,128,4096,4572.61
128,128,128,8192,9105.28
128,128,128,16384,18042.5
128,256,0,0,20.0527
128,256,1,16,19.1367
128,256,1,32,19.168
128,256,1,64,19.1577
128,256,1,128,19.1147
128,256,1,256,19.6583
128,256,1,512,26.7407
128,256,1,1024,43.221
128,256,1,2048,76.202
128,256,1,4096,142.239
128,256,1,8192,273.353
128,256,1,16384,535.816
128,256,2,16,19.1357
128,256,2,32,19.1893
128,256,2,64,19.2533
128,256,2,128,19.392
128,256,2,256,19.5837
128,256,2,512,26.858
128,256,2,1024,43.6053
128,256,2,2048,76.6073
128,256,2,4096,142.506
128,256,2,8192,274.185
128,256,2,16384,536.819
128,256,4,16,19.456
128,256,4,32,19.616
128,256,4,64,19.434
128,256,4,128,20.4587
128,256,4,256,20.704
128,256,4,512,28.1493
128,256,4,1024,44.9493
128,256,4,2048,77.0767
128,256,4,4096,143.914
128,256,4,8192,276.66
128,256,4,16384,539.496
128,256,8,16,26.0697
128,256,8,32,26.4533
128,256,8,64,26.517
128,256,8,128,30.4213
128,256,8,256,35.7227
128,256,8,512,50.3677
128,256,8,1024,77.5357
128,256,8,2048,110.218
128,256,8,4096,173.855
128,256,8,8192,302.964
128,256,8,16384,560.521
128,256,16,16,31.7543
128,256,16,32,32.544
128,256,16,64,32.8957
128,256,16,128,40.384
128,256,16,256,49.237
128,256,16,512,71.8823
128,256,16,1024,115.52
128,256,16,2048,180.245
128,256,16,4096,311.103
128,256,16,8192,569.576
128,256,16,16384,1087.79
128,256,32,16,43.36
128,256,32,32,44.2023
128,256,32,64,44.9173
128,256,32,128,59.403
128,256,32,256,76.6287
128,256,32,512,114.805
128,256,32,1024,178.432
128,256,32,2048,309.055
128,256,32,4096,569.822
128,256,32,8192,1100.97
128,256,32,16384,2152.89
128,256,64,16,64.7463
128,256,64,32,65.973
128,256,64,64,67.786
128,256,64,128,96.3623
128,256,64,256,138.623
128,256,64,512,218.431
128,256,64,1024,369.844
128,256,64,2048,637.864
128,256,64,4096,1238.33
128,256,64,8192,2381.71
128,256,64,16384,5103.83
128,256,128,16,107.926
128,256,128,32,109.397
128,256,128,64,112.917
128,256,128,128,179.306
128,256,128,256,273.097
128,256,128,512,451.561
128,256,128,1024,803.303
128,256,128,2048,2328
128,256,128,4096,4572.54
128,256,128,8192,9077.8
128,256,128,16384,18053.7
128,512,0,0,28.0423
128,512,1,16,27.4133
128,512,1,32,27.3063
128,512,1,64,27.296
128,512,1,128,27.296
128,512,1,256,27.3387
128,512,1,512,27.8507
128,512,1,1024,43.3917
128,512,1,2048,76.437
128,512,1,4096,142.208
128,512,1,8192,273.321
128,512,1,16384,535.56
128,512,2,16,27.2
128,512,2,32,27.285
128,512,2,64,27.2423
128,512,2,128,27.648
128,512,2,256,28.042
128,512,2,512,28.064
128,512,2,1024,43.69
128,512,2,2048,76.6287
128,512,2,4096,142.527
128,512,2,8192,274.164
128,512,2,16384,537.192
128,512,4,16,27.6053
128,512,4,32,27.6693
128,512,4,64,27.5943
128,512,4,128,28.8213
128,512,4,256,29.0887
128,512,4,512,29.1947
128,512,4,1024,44.8633
128,512,4,2048,77.717
128,512,4,4096,143.53
128,512,4,8192,276.031
128,512,4,16384,539.176
128,512,8,16,34.0587
128,512,8,32,34.251
128,512,8,64,34.5273
128,512,8,128,39.093
128,512,8,256,44.267
128,512,8,512,51.829
128,512,8,1024,83.0073
128,512,8,2048,125.696
128,512,8,4096,189.802
128,512,8,8192,318.217
128,512,8,16384,576.382
128,512,16,16,39.6907
128,512,16,32,40.3413
128,512,16,64,41.003
128,512,16,128,48.992
128,512,16,256,57.6533
128,512,16,512,73.4503
128,512,16,1024,120.203
128,512,16,2048,194.794
128,512,16,4096,325.353
128,512,16,8192,583.016
128,512,16,16384,1099.87
128,512,32,16,52.021
128,512,32,32,52.8103
128,512,32,64,53.3973
128,512,32,128,68.096
128,512,32,256,83.8283
128,512,32,512,117.376
128,512,32,1024,186.42
128,512,32,2048,316.328
128,512,32,4096,577.917
128,512,32,8192,1110.61
128,512,32,16384,2161.05
128,512,64,16,74.4317
128,512,64,32,75.3807
128,512,64,64,76.864
128,512,64,128,104.864
128,512,64,256,139.295
128,512,64,512,226.229
128,512,64,1024,377.993
128,512,64,2048,649.608
128,512,64,4096,1249.54
128,512,64,8192,2399.23
128,512,64,16384,4969.61
128,512,128,16,117.802
128,512,128,32,119.114
128,512,128,64,122.507
128,512,128,128,183.38
128,512,128,256,272.682
128,512,128,512,454.132
128,512,128,1024,803.922
128,512,128,2048,2334.11
128,512,128,4096,4575.2
128,512,128,8192,9110.22
128,512,128,16384,18041.1
128,1024,0,0,44.5227
128,1024,1,16,43.6903
128,1024,1,32,43.6047
128,1024,1,64,43.882
128,1024,1,128,43.9783
128,1024,1,256,44.0003
128,1024,1,512,44.309
128,1024,1,1024,44.5013
128,1024,1,2048,76.3937
128,1024,1,4096,142.442
128,1024,1,8192,273.514
128,1024,1,16384,535.879
128,1024,2,16,43.701
128,1024,2,32,43.605
128,1024,2,64,43.7863
128,1024,2,128,44.5327
128,1024,2,256,44.213
128,1024,2,512,44.4157
128,1024,2,1024,45.0023
128,1024,2,2048,76.544
128,1024,2,4096,142.538
128,1024,2,8192,274.11
128,1024,2,16384,536.723
128,1024,4,16,43.733
128,1024,4,32,44.01
128,1024,4,64,43.9463
128,1024,4,128,44.5867
128,1024,4,256,45.397
128,1024,4,512,45.77
128,1024,4,1024,45.5783
128,1024,4,2048,77.8987
128,1024,4,4096,143.157
128,1024,4,8192,276.17
128,1024,4,16384,539.176
128,1024,8,16,50.4747
128,1024,8,32,50.4533
128,1024,8,64,50.709
128,1024,8,128,54.8053
128,1024,8,256,60.1493
128,1024,8,512,68.277
128,1024,8,1024,84.6717
128,1024,8,2048,148.618
128,1024,8,4096,221.279
128,1024,8,8192,350.451
128,1024,8,16384,608.488
128,1024,16,16,55.872
128,1024,16,32,56.714
128,1024,16,64,57.1093
128,1024,16,128,64.053
128,1024,16,256,73.8877
128,1024,16,512,89.1517
128,1024,16,1024,122.015
128,1024,16,2048,216.821
128,1024,16,4096,357.278
128,1024,16,8192,614.472
128,1024,16,16384,1129.69
128,1024,32,16,68.5653
128,1024,32,32,69.3123
128,1024,32,64,69.792
128,1024,32,128,84.8313
128,1024,32,256,100.916
128,1024,32,512,132.095
128,1024,32,1024,197.204
128,1024,32,2048,332.468
128,1024,32,4096,594.781
128,1024,32,8192,1126.61
128,1024,32,16384,2176.01
128,1024,64,16,91.882
128,1024,64,32,92.7567
128,1024,64,64,94.6447
128,1024,64,128,124.031
128,1024,64,256,160.448
128,1024,64,512,226.698
128,1024,64,1024,394.558
128,1024,64,2048,664.765
128,1024,64,4096,1259.97
128,1024,64,8192,2401.04
128,1024,64,16384,5153.63
128,1024,128,16,136.511
128,1024,128,32,138.068
128,1024,128,64,141.066
128,1024,128,128,202.698
128,1024,128,256,281.333
128,1024,128,512,453.086
128,1024,128,1024,810.194
128,1024,128,2048,2335.17
128,1024,128,4096,4584.59
128,1024,128,8192,9085.97
128,1024,128,16384,18061
128,2048,0,0,77.258
128,2048,1,16,76.501
128,2048,1,32,76.3303
128,2048,1,64,76.3403
128,2048,1,128,76.7033
128,2048,1,256,76.6603
128,2048,1,512,76.725
128,2048,1,1024,76.9277
128,2048,1,2048,77.3763
128,2048,1,4096,142.089
128,2048,1,8192,273.3
128,2048,1,16384,535.783
128,2048,2,16,76.352
128,2048,2,32,76.2873
128,2048,2,64,76.2983
128,2048,2,128,76.8633
128,2048,2,256,76.9277
128,2048,2,512,76.8743
128,2048,2,1024,77.0767
128,2048,2,2048,77.226
128,2048,2,4096,142.73
128,2048,2,8192,274.281
128,2048,2,16384,537.554
128,2048,4,16,76.4907
128,2048,4,32,76.5327
128,2048,4,64,76.6077
128,2048,4,128,77.866
128,2048,4,256,77.8127
128,2048,4,512,77.621
128,2048,4,1024,78.1647
128,2048,4,2048,78.0157
128,2048,4,4096,143.477
128,2048,4,8192,276.244
128,2048,4,16384,539.624
128,2048,8,16,82.208
128,2048,8,32,82.4317
128,2048,8,64,82.5167
128,2048,8,128,86.5913
128,2048,8,256,90.613
128,2048,8,512,99.9137
128,2048,8,1024,116.799
128,2048,8,2048,150.272
128,2048,8,4096,281.13
128,2048,8,8192,416.178
128,2048,8,16384,673.512
128,2048,16,16,88.1277
128,2048,16,32,88.661
128,2048,16,64,88.3837
128,2048,16,128,95.69
128,2048,16,256,104.458
128,2048,16,512,121.354
128,2048,16,1024,154.111
128,2048,16,2048,219.53
128,2048,16,4096,412.478
128,2048,16,8192,681.138
128,2048,16,16384,1201.79
128,2048,32,16,99.9357
128,2048,32,32,100.896
128,2048,32,64,101.642
128,2048,32,128,116.053
128,2048,32,256,132.682
128,2048,32,512,165.781
128,2048,32,1024,228.895
128,2048,32,2048,359.476
128,2048,32,4096,627.303
128,2048,32,8192,1159.82
128,2048,32,16384,2213.14
128,2048,64,16,124.394
128,2048,64,32,125.237
128,2048,64,64,126.944
128,2048,64,128,159.071
128,2048,64,256,194.357
128,2048,64,512,267.754
128,2048,64,1024,395.732
128,2048,64,2048,717.329
128,2048,64,4096,1317.52
128,2048,64,8192,2458.74
128,2048,64,16384,5184.95
128,2048,128,16,172.757
128,2048,128,32,174.324
128,2048,128,64,177.439
128,2048,128,128,241.129
128,2048,128,256,324.403
128,2048,128,512,471.54
128,2048,128,1024,805.062
128,2048,128,2048,2349.07
128,2048,128,4096,4589.63
128,2048,128,8192,9127.73
128,2048,128,16384,18065.4
128,4096,0,0,142.676
128,4096,1,16,141.823
128,4096,1,32,142.026
128,4096,1,64,141.898
128,4096,1,128,142.217
128,4096,1,256,142.239
128,4096,1,512,142.485
128,4096,1,1024,142.666
128,4096,1,2048,142.613
128,4096,1,4096,143.402
128,4096,1,8192,273.566
128,4096,1,16384,536.136
128,4096,2,16,141.918
128,4096,2,32,141.813
128,4096,2,64,141.994
128,4096,2,128,142.484
128,4096,2,256,142.559
128,4096,2,512,142.9
128,4096,2,1024,142.655
128,4096,2,2048,142.548
128,4096,2,4096,143.359
128,4096,2,8192,274.111
128,4096,2,16384,536.873
128,4096,4,16,142.356
128,4096,4,32,142.239
128,4096,4,64,142.207
128,4096,4,128,142.698
128,4096,4,256,143.199
128,4096,4,512,143.498
128,4096,4,1024,143.402
128,4096,4,2048,143.562
128,4096,4,4096,145.002
128,4096,4,8192,276.382
128,4096,4,16384,540.348
128,4096,8,16,146.57
128,4096,8,32,146.507
128,4096,8,64,146.804
128,4096,8,128,150.858
128,4096,8,256,155.327
128,4096,8,512,164.917
128,4096,8,1024,180.66
128,4096,8,2048,214.708
128,4096,8,4096,284.105
128,4096,8,8192,543.88
128,4096,8,16384,812.592
128,4096,16,16,151.689
128,4096,16,32,152.607
128,4096,16,64,152.777
128,4096,16,128,159.337
128,4096,16,256,168.585
128,4096,16,512,185.503
128,4096,16,1024,217.652
128,4096,16,2048,283.806
128,4096,16,4096,421.8
128,4096,16,8192,800.603
128,4096,16,16384,1356.88
128,4096,32,16,164.009
128,4096,32,32,165.108
128,4096,32,64,165.407
128,4096,32,128,179.785
128,4096,32,256,196.853
128,4096,32,512,229.065
128,4096,32,1024,293.695
128,4096,32,2048,422.792
128,4096,32,4096,697.191
128,4096,32,8192,1256.44
128,4096,32,16384,2346.39
128,4096,64,16,188.457
128,4096,64,32,189.172
128,4096,64,64,190.815
128,4096,64,128,222.345
128,4096,64,256,259.391
128,4096,64,512,336.809
128,4096,64,1024,482.439
128,4096,64,2048,759.772
128,4096,64,4096,1465.81
128,4096,64,8192,3355.96
128,4096,64,16384,6166.22
128,4096,128,16,238.057
128,4096,128,32,239.359
128,4096,128,64,243.07
128,4096,128,128,311.102
128,4096,128,256,393.843
128,4096,128,512,556.52
128,4096,128,1024,865.883
128,4096,128,2048,2361.51
128,4096,128,4096,4611.96
128,4096,128,8192,9110.53
128,4096,128,16384,18090.8
128,8192,0,0,273.769
128,8192,1,16,273.065
128,8192,1,32,273.374
128,8192,1,64,272.969
128,8192,1,128,273.289
128,8192,1,256,273.267
128,8192,1,512,273.289
128,8192,1,1024,273.491
128,8192,1,2048,273.737
128,8192,1,4096,273.844
128,8192,1,8192,274.409
128,8192,1,16384,536.264
128,8192,2,16,273.107
128,8192,2,32,273.086
128,8192,2,64,273.086
128,8192,2,128,273.513
128,8192,2,256,273.684
128,8192,2,512,273.779
128,8192,2,1024,273.887
128,8192,2,2048,273.887
128,8192,2,4096,274.056
128,8192,2,8192,275.026
128,8192,2,16384,537.362
128,8192,4,16,273.609
128,8192,4,32,273.225
128,8192,4,64,273.289
128,8192,4,128,273.939
128,8192,4,256,274.409
128,8192,4,512,274.846
128,8192,4,1024,274.75
128,8192,4,2048,274.761
128,8192,4,4096,275.316
128,8192,4,8192,277.758
128,8192,4,16384,540.007
128,8192,8,16,274.825
128,8192,8,32,275.486
128,8192,8,64,275.22
128,8192,8,128,278.953
128,8192,8,256,285.161
128,8192,8,512,291.903
128,8192,8,1024,310.633
128,8192,8,2048,342.398
128,8192,8,4096,412.424
128,8192,8,8192,549.308
128,8192,8,16384,1064.56
128,8192,16,16,281.439
128,8192,16,32,281.043
128,8192,16,64,281.075
128,8192,16,128,288.67
128,8192,16,256,297.662
128,8192,16,512,313.065
128,8192,16,1024,345.588
128,8192,16,2048,412.328
128,8192,16,4096,549.788
128,8192,16,8192,823.654
128,8192,16,16384,1582.6
128,8192,32,16,291.742
128,8192,32,32,292.446
128,8192,32,64,293.385
128,8192,32,128,307.892
128,8192,32,256,325.065
128,8192,32,512,356.926
128,8192,32,1024,422.014
128,8192,32,2048,552.007
128,8192,32,4096,841.744
128,8192,32,8192,1363.17
128,8192,32,16384,2478.39
128,8192,64,16,315.998
128,8192,64,32,317.001
128,8192,64,64,318.857
128,8192,64,128,349.79
128,8192,64,256,387.624
128,8192,64,512,465.075
128,8192,64,1024,620.092
128,8192,64,2048,964.378
128,8192,64,4096,1571.11
128,8192,64,8192,2864.88
128,8192,64,16384,7071.66
128,8192,128,16,366.217
128,8192,128,32,367.518
128,8192,128,64,370.942
128,8192,128,128,440.659
128,8192,128,256,530.194
128,8192,128,512,691.537
128,8192,128,1024,1026.44
128,8192,128,2048,2497.12
128,8192,128,4096,4659.54
128,8192,128,8192,9168.45
128,8192,128,16384,18124.7
128,16384,0,0,536.679
128,16384,1,16,535.239
128,16384,1,32,535.163
128,16384,1,64,535.036
128,16384,1,128,535.484
128,16384,1,256,535.271
128,16384,1,512,535.751
128,16384,1,1024,535.826
128,16384,1,2048,535.954
128,16384,1,4096,536.22
128,16384,1,8192,536.817
128,16384,1,16384,537.084
128,16384,2,16,535.228
128,16384,2,32,535.165
128,16384,2,64,535.25
128,16384,2,128,535.761
128,16384,2,256,535.484
128,16384,2,512,535.591
128,16384,2,1024,535.527
128,16384,2,2048,535.837
128,16384,2,4096,535.911
128,16384,2,8192,537.201
128,16384,2,16384,538.151
128,16384,4,16,535.186
128,16384,4,32,535.153
128,16384,4,64,535.506
128,16384,4,128,536.029
128,16384,4,256,536.584
128,16384,4,512,536.861
128,16384,4,1024,536.274
128,16384,4,2048,536.424
128,16384,4,4096,537.255
128,16384,4,8192,539.218
128,16384,4,16384,540.967
128,16384,8,16,535.27
128,16384,8,32,535.399
128,16384,8,64,536.006
128,16384,8,128,538.758
128,16384,8,256,540.337
128,16384,8,512,549.085
128,16384,8,1024,566.108
128,16384,8,2048,598.737
128,16384,8,4096,670.076
128,16384,8,8192,805.403
128,16384,8,16384,1079.76
128,16384,16,16,539.037
128,16384,16,32,536.7
128,16384,16,64,538.333
128,16384,16,128,545.383
128,16384,16,256,552.882
128,16384,16,512,570.716
128,16384,16,1024,602.672
128,16384,16,2048,668.86
128,16384,16,4096,806.896
128,16384,16,8192,1080
128,16384,16,16384,1623.65
128,16384,32,16,547.356
128,16384,32,32,548.796
128,16384,32,64,549.33
128,16384,32,128,564.572
128,16384,32,256,580.424
128,16384,32,512,613.788
128,16384,32,1024,677.948
128,16384,32,2048,807.899
128,16384,32,4096,1097.9
128,16384,32,8192,1654.45
128,16384,32,16384,2685.23
128,16384,64,16,572.05
128,16384,64,32,572.508
128,16384,64,64,574.204
128,16384,64,128,604.839
128,16384,64,256,643.441
128,16384,64,512,720.881
128,16384,64,1024,876.443
128,16384,64,2048,1199.9
128,16384,64,4096,2003.37
128,16384,64,8192,3191.37
128,16384,64,16384,6286.42
128,16384,128,16,620.989
128,16384,128,32,623.634
128,16384,128,64,626.791
128,16384,128,128,696.486
128,16384,128,256,786.225
128,16384,128,512,953.701
128,16384,128,1024,1313.33
128,16384,128,2048,2806.94
128,16384,128,4096,4934.32
128,16384,128,8192,9223.51
128,16384,128,16384,18187.3
256,0,0,0,15.6693
256,0,1,16,16.554
256,0,1,32,16.5227
256,0,1,64,16.6187
256,0,1,128,16.6513
256,0,1,256,20.084
256,0,1,512,28.3517
256,0,1,1024,45.2047
256,0,1,2048,78.847
256,0,1,4096,146.239
256,0,1,8192,280.307
256,0,1,16384,547.591
256,0,2,16,17.0563
256,0,2,32,16.8103
256,0,2,64,16.7577
256,0,2,128,16.6613
256,0,2,256,20.4687
256,0,2,512,28.576
256,0,2,1024,44.736
256,0,2,2048,77.9947
256,0,2,4096,143.594
256,0,2,8192,275.357
256,0,2,16384,538.747
256,0,4,16,18.325
256,0,4,32,18.24
256,0,4,64,18.1017
256,0,4,128,20.0107
256,0,4,256,24.075
256,0,4,512,32.064
256,0,4,1024,48.437
256,0,4,2048,80.8103
256,0,4,4096,144.821
256,0,4,8192,277.513
256,0,4,16384,541.138
256,0,8,16,23.808
256,0,8,32,23.9573
256,0,8,64,24.0847
256,0,8,128,26.6777
256,0,8,256,34.634
256,0,8,512,51.22
256,0,8,1024,77.6427
256,0,8,2048,109.62
256,0,8,4096,173.62
256,0,8,8192,302.952
256,0,8,16384,558.759
256,0,16,16,30.4423
256,0,16,32,30.7093
256,0,16,64,30.9013
256,0,16,128,37.344
256,0,16,256,49.5783
256,0,16,512,73.428
256,0,16,1024,109.535
256,0,16,2048,174.953
256,0,16,4096,306.536
256,0,16,8192,567.047
256,0,16,16384,1088.31
256,0,32,16,42.9217
256,0,32,32,43.86
256,0,32,64,44.1703
256,0,32,128,58.7093
256,0,32,256,77.7913
256,0,32,512,117.759
256,0,32,1024,184.063
256,0,32,2048,314.686
256,0,32,4096,573.277
256,0,32,8192,1101.5
256,0,32,16384,2152.43
256,0,64,16,67.8817
256,0,64,32,68.5227
256,0,64,64,70.3357
256,0,64,128,102.079
256,0,64,256,139.978
256,0,64,512,220.074
256,0,64,1024,372.531
256,0,64,2048,641.735
256,0,64,4096,1242.82
256,0,64,8192,2381.49
256,0,64,16384,4982.97
256,0,128,16,119.413
256,0,128,32,120.82
256,0,128,64,124.01
256,0,128,128,188.916
256,0,128,256,274.441
256,0,128,512,459.998
256,0,128,1024,814.822
256,0,128,2048,2335.58
256,0,128,4096,4588.68
256,0,128,8192,9112.84
256,0,128,16384,18062.4
256,16,0,0,19.509
256,16,1,16,20.405
256,16,1,32,20.384
256,16,1,64,20.4157
256,16,1,128,20.416
256,16,1,256,20.5013
256,16,1,512,28.3413
256,16,1,1024,45.1413
256,16,1,2048,78.783
256,16,1,4096,146.058
256,16,1,8192,279.944
256,16,1,16384,547.227
256,16,2,16,20.597
256,16,2,32,20.672
256,16,2,64,20.832
256,16,2,128,20.6607
256,16,2,256,20.6613
256,16,2,512,28.4907
256,16,2,1024,44.8203
256,16,2,2048,77.9617
256,16,2,4096,143.85
256,16,2,8192,275.507
256,16,2,16384,538.674
256,16,4,16,21.9733
256,16,4,32,21.9733
256,16,4,64,22.1007
256,16,4,128,22.0163
256,16,4,256,24.0427
256,16,4,512,32.1813
256,16,4,1024,49.1293
256,16,4,2048,80.757
256,16,4,4096,145.172
256,16,4,8192,277.48
256,16,4,16384,540.061
256,16,8,16,28.0107
256,16,8,32,27.968
256,16,8,64,28.0853
256,16,8,128,30.7407
256,16,8,256,34.837
256,16,8,512,51.296
256,16,8,1024,83.679
256,16,8,2048,116.394
256,16,8,4096,180.18
256,16,8,8192,308.947
256,16,8,16384,567.793
256,16,16,16,34.4957
256,16,16,32,34.357
256,16,16,64,34.954
256,16,16,128,41.5253
256,16,16,256,49.9413
256,16,16,512,73.8663
256,16,16,1024,115.307
256,16,16,2048,180.212
256,16,16,4096,312.457
256,16,16,8192,571.549
256,16,16,16384,1091.59
256,16,32,16,47.4663
256,16,32,32,47.8507
256,16,32,64,48.4577
256,16,32,128,61.8127
256,16,32,256,78.719
256,16,32,512,118.922
256,16,32,1024,188.244
256,16,32,2048,318.259
256,16,32,4096,577.969
256,16,32,8192,1105.57
256,16,32,16384,2156.23
256,16,64,16,72.4367
256,16,64,32,72.757
256,16,64,64,74.6767
256,16,64,128,102.548
256,16,64,256,140.532
256,16,64,512,223.198
256,16,64,1024,374.462
256,16,64,2048,645.447
256,16,64,4096,1243.35
256,16,64,8192,2379.96
256,16,64,16384,4951.3
256,16,128,16,122.09
256,16,128,32,123.338
256,16,128,64,126.218
256,16,128,128,189.364
256,16,128,256,273.94
256,16,128,512,458.93
256,16,128,1024,814.096
256,16,128,2048,2344.6
256,16,128,4096,4584.12
256,16,128,8192,9108.75
256,16,128,16384,18057.2
256,32,0,0,19.6043
256,32,1,16,20.4797
256,32,1,32,20.533
256,32,1,64,20.299
256,32,1,128,20.608
256,32,1,256,20.6933
256,32,1,512,28.3623
256,32,1,1024,45.013
256,32,1,2048,78.8473
256,32,1,4096,146.197
256,32,1,8192,279.742
256,32,1,16384,547.718
256,32,2,16,20.7147
256,32,2,32,20.7787
256,32,2,64,20.714
256,32,2,128,20.8
256,32,2,256,20.981
256,32,2,512,28.6077
256,32,2,1024,44.682
256,32,2,2048,78.1867
256,32,2,4096,143.764
256,32,2,8192,275.496
256,32,2,16384,538.854
256,32,4,16,22.0907
256,32,4,32,21.9947
256,32,4,64,22.0467
256,32,4,128,22.1437
256,32,4,256,24.0317
256,32,4,512,32.3727
256,32,4,1024,48.8953
256,32,4,2048,80.49
256,32,4,4096,144.788
256,32,4,8192,277.886
256,32,4,16384,541.596
256,32,8,16,27.893
256,32,8,32,28.0743
256,32,8,64,28.117
256,32,8,128,31.0293
256,32,8,256,34.9973
256,32,8,512,51.2313
256,32,8,1024,83.8713
256,32,8,2048,117.045
256,32,8,4096,180.724
256,32,8,8192,309.352
256,32,8,16384,567.515
256,32,16,16,34.475
256,32,16,32,34.698
256,32,16,64,35.115
256,32,16,128,41.4827
256,32,16,256,49.7283
256,32,16,512,73.9943
256,32,16,1024,116.18
256,32,16,2048,180.788
256,32,16,4096,312.136
256,32,16,8192,571.804
256,32,16,16384,1092.45
256,32,32,16,47.4237
256,32,32,32,47.9887
256,32,32,64,48.4047
256,32,32,128,61.685
256,32,32,256,79.05
256,32,32,512,118.293
256,32,32,1024,187.976
256,32,32,2048,317.715
256,32,32,4096,577.713
256,32,32,8192,1103.64
256,32,32,16384,2154.94
256,32,64,16,72.4687
256,32,64,32,73.045
256,32,64,64,74.6017
256,32,64,128,102.804
256,32,64,256,140.234
256,32,64,512,223.103
256,32,64,1024,374.397
256,32,64,2048,646.971
256,32,64,4096,1242.9
256,32,64,8192,2378.81
256,32,64,16384,4929
256,32,128,16,121.909
256,32,128,32,123.188
256,32,128,64,126.398
256,32,128,128,189.908
256,32,128,256,273.214
256,32,128,512,459.229
256,32,128,1024,813.36
256,32,128,2048,2335.2
256,32,128,4096,4580.38
256,32,128,8192,9087.2
256,32,128,16384,18062.6
256,64,0,0,19.7757
256,64,1,16,20.639
256,64,1,32,20.5973
256,64,1,64,20.533
256,64,1,128,20.587
256,64,1,256,20.4587
256,64,1,512,28.4587
256,64,1,1024,45.3757
256,64,1,2048,78.9433
256,64,1,4096,146.121
256,64,1,8192,279.87
256,64,1,16384,548.124
256,64,2,16,20.874
256,64,2,32,20.8743
256,64,2,64,20.821
256,64,2,128,20.8317
256,64,2,256,20.9073
256,64,2,512,28.5977
256,64,2,1024,44.9063
256,64,2,2048,77.9943
256,64,2,4096,143.658
256,64,2,8192,275.571
256,64,2,16384,538.246
256,64,4,16,22.0693
256,64,4,32,22.1653
256,64,4,64,22.3253
256,64,4,128,22.037
256,64,4,256,23.8717
256,64,4,512,32.3943
256,64,4,1024,48.778
256,64,4,2048,80.959
256,64,4,4096,145.322
256,64,4,8192,277.47
256,64,4,16384,540.839
256,64,8,16,28.0423
256,64,8,32,28.2767
256,64,8,64,28.1813
256,64,8,128,31.1033
256,64,8,256,35.285
256,64,8,512,51.7437
256,64,8,1024,83.5727
256,64,8,2048,117.78
256,64,8,4096,181.097
256,64,8,8192,309.448
256,64,8,16384,566.545
256,64,16,16,34.7197
256,64,16,32,34.8903
256,64,16,64,35.1893
256,64,16,128,41.9303
256,64,16,256,50.048
256,64,16,512,74.1643
256,64,16,1024,115.849
256,64,16,2048,180.937
256,64,16,4096,312.734
256,64,16,8192,572.497
256,64,16,16384,1093.45
256,64,32,16,47.6053
256,64,32,32,48.0743
256,64,32,64,48.768
256,64,32,128,61.8343
256,64,32,256,79.007
256,64,32,512,117.684
256,64,32,1024,189.066
256,64,32,2048,317.928
256,64,32,4096,577.904
256,64,32,8192,1104.53
256,64,32,16384,2156.17
256,64,64,16,72.522
256,64,64,32,73.2053
256,64,64,64,74.741
256,64,64,128,103.06
256,64,64,256,140.692
256,64,64,512,223.678
256,64,64,1024,375.218
256,64,64,2048,644.592
256,64,64,4096,1239.95
256,64,64,8192,2380.59
256,64,64,16384,4943.05
256,64,128,16,121.898
256,64,128,32,123.177
256,64,128,64,126.271
256,64,128,128,189.29
256,64,128,256,273.694
256,64,128,512,457.628
256,64,128,1024,814.245
256,64,128,2048,2344.07
256,64,128,4096,4581.32
256,64,128,8192,9107.85
256,64,128,16384,18046.2
256,128,0,0,19.8187
256,128,1,16,20.7253
256,128,1,32,20.864
256,128,1,64,20.661
256,128,1,128,20.81
256,128,1,256,20.8107
256,128,1,512,28.6827
256,128,1,1024,45.333
256,128,1,2048,79.124
256,128,1,4096,146.346
256,128,1,8192,280.424
256,128,1,16384,548.347
256,128,2,16,21.141
256,128,2,32,21.2043
256,128,2,64,21.023
256,128,2,128,21.1093
256,128,2,256,21.0987
256,128,2,512,28.8317
256,128,2,1024,44.7997
256,128,2,2048,78.2393
256,128,2,4096,144.084
256,128,2,8192,275.475
256,128,2,16384,538.779
256,128,4,16,22.368
256,128,4,32,22.4207
256,128,4,64,22.3573
256,128,4,128,22.592
256,128,4,256,24.1487
256,128,4,512,32.544
256,128,4,1024,49.0347
256,128,4,2048,81.0447
256,128,4,4096,145.481
256,128,4,8192,277.992
256,128,4,16384,541.436
256,128,8,16,28.543
256,128,8,32,28.597
256,128,8,64,28.9067
256,128,8,128,32.181
256,128,8,256,35.904
256,128,8,512,51.711
256,128,8,1024,83.9137
256,128,8,2048,121.94
256,128,8,4096,186.09
256,128,8,8192,315.101
256,128,8,16384,570.256
256,128,16,16,35.2423
256,128,16,32,35.6053
256,128,16,64,35.9143
256,128,16,128,42.7733
256,128,16,256,50.656
256,128,16,512,74.0257
256,128,16,1024,119.434
256,128,16,2048,183.539
256,128,16,4096,315.848
256,128,16,8192,576.882
256,128,16,16384,1096.16
256,128,32,16,48.341
256,128,32,32,49.066
256,128,32,64,49.995
256,128,32,128,63.3167
256,128,32,256,80.031
256,128,32,512,118.41
256,128,32,1024,192.884
256,128,32,2048,321.491
256,128,32,4096,581.275
256,128,32,8192,1105.38
256,128,32,16384,2155.88
256,128,64,16,73.5893
256,128,64,32,74.197
256,128,64,64,75.8283
256,128,64,128,104.191
256,128,64,256,143.37
256,128,64,512,224.478
256,128,64,1024,376.104
256,128,64,2048,648.945
256,128,64,4096,1247.04
256,128,64,8192,2391.19
256,128,64,16384,4783.22
256,128,128,16,123.071
256,128,128,32,124.82
256,128,128,64,127.38
256,128,128,128,191.37
256,128,128,256,275.379
256,128,128,512,457.596
256,128,128,1024,812.922
256,128,128,2048,2334.97
256,128,128,4096,4584.08
256,128,128,8192,9096.9
256,128,128,16384,18066.8
256,256,0,0,23.9463
256,256,1,16,24.949
256,256,1,32,24.683
256,256,1,64,24.7253
256,256,1,128,24.6823
256,256,1,256,24.768
256,256,1,512,28.3517
256,256,1,1024,45.4077
256,256,1,2048,79.0927
256,256,1,4096,146.239
256,256,1,8192,280.222
256,256,1,16384,547.9
256,256,2,16,25.269
256,256,2,32,25.248
256,256,2,64,24.8957
256,256,2,128,25.0563
256,256,2,256,25.1623
256,256,2,512,28.981
256,256,2,1024,45.354
256,256,2,2048,78.3247
256,256,2,4096,143.999
256,256,2,8192,275.806
256,256,2,16384,538.247
256,256,4,16,26.2617
256,256,4,32,26.506
256,256,4,64,26.3253
256,256,4,128,26.3677
256,256,4,256,26.357
256,256,4,512,32.5867
256,256,4,1024,49.407
256,256,4,2048,81.1087
256,256,4,4096,145.779
256,256,4,8192,278.248
256,256,4,16384,541.692
256,256,8,16,32.3837
256,256,8,32,32.4577
256,256,8,64,32.8313
256,256,8,128,36.7367
256,256,8,256,40.8847
256,256,8,512,51.989
256,256,8,1024,83.7857
256,256,8,2048,133.162
256,256,8,4096,197.588
256,256,8,8192,326.515
256,256,8,16384,583.878
256,256,16,16,40.309
256,256,16,32,40.4263
256,256,16,64,40.9167
256,256,16,128,47.5947
256,256,16,256,56.0957
256,256,16,512,74.6557
256,256,16,1024,122.506
256,256,16,2048,191.679
256,256,16,4096,324.445
256,256,16,8192,584.742
256,256,16,16384,1104.17
256,256,32,16,54.005
256,256,32,32,54.5387
256,256,32,64,54.986
256,256,32,128,68.5113
256,256,32,256,84.564
256,256,32,512,119.423
256,256,32,1024,198.548
256,256,32,2048,330.205
256,256,32,4096,588.646
256,256,32,8192,1113.66
256,256,32,16384,2160
256,256,64,16,79.1033
256,256,64,32,80.042
256,256,64,64,81.407
256,256,64,128,109.812
256,256,64,256,145.79
256,256,64,512,227.178
256,256,64,1024,379.667
256,256,64,2048,652.945
256,256,64,4096,1250.63
256,256,64,8192,2382.93
256,256,64,16384,5008.84
256,256,128,16,128.863
256,256,128,32,130.271
256,256,128,64,133.481
256,256,128,128,193.46
256,256,128,256,279.241
256,256,128,512,457.64
256,256,128,1024,814.085
256,256,128,2048,2342.32
256,256,128,4096,4581.16
256,256,128,8192,9114.44
256,256,128,16384,18054.8
256,512,0,0,31.8187
256,512,1,16,32.8
256,512,1,32,32.8213
256,512,1,64,32.7893
256,512,1,128,32.7467
256,512,1,256,32.8427
256,512,1,512,32.7893
256,512,1,1024,45.5357
256,512,1,2048,78.6763
256,512,1,4096,146.388
256,512,1,8192,279.998
256,512,1,16384,548.284
256,512,2,16,33.2153
256,512,2,32,33.1407
256,512,2,64,33.013
256,512,2,128,33.162
256,512,2,256,33.3753
256,512,2,512,33.311
256,512,2,1024,45.29
256,512,2,2048,78.506
256,512,2,4096,143.967
256,512,2,8192,275.476
256,512,2,16384,538.842
256,512,4,16,34.1437
256,512,4,32,34.3033
256,512,4,64,34.5063
256,512,4,128,34.698
256,512,4,256,34.9863
256,512,4,512,35.1357
256,512,4,1024,49.6637
256,512,4,2048,81.5777
256,512,4,4096,146.324
256,512,4,8192,279.049
256,512,4,16384,541.446
256,512,8,16,40.554
256,512,8,32,40.48
256,512,8,64,41.1197
256,512,8,128,44.8427
256,512,8,256,49.621
256,512,8,512,57.994
256,512,8,1024,84.3833
256,512,8,2048,149.471
256,512,8,4096,221.107
256,512,8,8192,349.096
256,512,8,16384,607.302
256,512,16,16,49.28
256,512,16,32,49.728
256,512,16,64,49.8663
256,512,16,128,57.4607
256,512,16,256,64.4797
256,512,16,512,80.2017
256,512,16,1024,123.37
256,512,16,2048,207.102
256,512,16,4096,340.349
256,512,16,8192,601.264
256,512,16,16384,1123.72
256,512,32,16,64.3403
256,512,32,32,65.0017
256,512,32,64,65.5357
256,512,32,128,78.538
256,512,32,256,93.279
256,512,32,512,124.746
256,512,32,1024,199.486
256,512,32,2048,345.299
256,512,32,4096,605.19
256,512,32,8192,1126.48
256,512,32,16384,2168.34
256,512,64,16,89.9087
256,512,64,32,90.6873
256,512,64,64,92.3297
256,512,64,128,120.436
256,512,64,256,153.439
256,512,64,512,232.98
256,512,64,1024,390.664
256,512,64,2048,661.051
256,512,64,4096,1259.73
256,512,64,8192,2393.45
256,512,64,16384,4929.15
256,512,128,16,140.127
256,512,128,32,141.631
256,512,128,64,144.468
256,512,128,128,203.326
256,512,128,256,284.414
256,512,128,512,457.66
256,512,128,1024,810.543
256,512,128,2048,2336.71
256,512,128,4096,4591.22
256,512,128,8192,9092.57
256,512,128,16384,18056.1
256,1024,0,0,48.2013
256,1024,1,16,49.3323
256,1024,1,32,49.2257
256,1024,1,64,49.1733
256,1024,1,128,49.3217
256,1024,1,256,49.0127
256,1024,1,512,49.3867
256,1024,1,1024,49.5243
256,1024,1,2048,78.943
256,1024,1,4096,146.27
256,1024,1,8192,280.094
256,1024,1,16384,548.283
256,1024,2,16,49.29
256,1024,2,32,49.29
256,1024,2,64,49.301
256,1024,2,128,49.3223
256,1024,2,256,49.898
256,1024,2,512,49.77
256,1024,2,1024,49.7377
256,1024,2,2048,78.1547
256,1024,2,4096,144.158
256,1024,2,8192,276.073
256,1024,2,16384,539.142
256,1024,4,16,50.4847
256,1024,4,32,50.2187
256,1024,4,64,50.5277
256,1024,4,128,51.232
256,1024,4,256,51.6697
256,1024,4,512,52.1493
256,1024,4,1024,52.3733
256,1024,4,2048,81.823
256,1024,4,4096,146.164
256,1024,4,8192,278.386
256,1024,4,16384,542.47
256,1024,8,16,56.8313
256,1024,8,32,56.6507
256,1024,8,64,57.3113
256,1024,8,128,61.0553
256,1024,8,256,65.9837
256,1024,8,512,74.3567
256,1024,8,1024,90.1217
256,1024,8,2048,149.631
256,1024,8,4096,268.819
256,1024,8,8192,396.423
256,1024,8,16384,656.389
256,1024,16,16,65.5457
256,1024,16,32,66.09
256,1024,16,64,66.5703
256,1024,16,128,74.0047
256,1024,16,256,82.8903
256,1024,16,512,96.65
256,1024,16,1024,129.204
256,1024,16,2048,220.669
256,1024,16,4096,371.453
256,1024,16,8192,632.165
256,1024,16,16384,1153.62
256,1024,32,16,82.6023
256,1024,32,32,83.5403
256,1024,32,64,83.9997
256,1024,32,128,100.629
256,1024,32,256,112.82
256,1024,32,512,141.524
256,1024,32,1024,205.438
256,1024,32,2048,361.234
256,1024,32,4096,637.583
256,1024,32,8192,1159.01
256,1024,32,16384,2194.71
256,1024,64,16,110.686
256,1024,64,32,111.733
256,1024,64,64,113.258
256,1024,64,128,142.826
256,1024,64,256,173.641
256,1024,64,512,243.07
256,1024,64,1024,400.477
256,1024,64,2048,692.314
256,1024,64,4096,1276.2
256,1024,64,8192,2433.81
256,1024,64,16384,4757.47
256,1024,128,16,161.673
256,1024,128,32,163.412
256,1024,128,64,166.356
256,1024,128,128,226.024
256,1024,128,256,304.925
256,1024,128,512,467.591
256,1024,128,1024,809.071
256,1024,128,2048,2352.48
256,1024,128,4096,4597.24
256,1024,128,8192,9120.43
256,1024,128,16384,18063.4
256,2048,0,0,80.3407
256,2048,1,16,81.45
256,2048,1,32,81.7487
256,2048,1,64,81.503
256,2048,1,128,81.6527
256,2048,1,256,81.258
256,2048,1,512,81.7377
256,2048,1,1024,81.6843
256,2048,1,2048,81.4497
256,2048,1,4096,146.463
256,2048,1,8192,280.477
256,2048,1,16384,547.739
256,2048,2,16,81.4817
256,2048,2,32,81.802
256,2048,2,64,81.8343
256,2048,2,128,82.2923
256,2048,2,256,82.1323
256,2048,2,512,82.2073
256,2048,2,1024,81.7907
256,2048,2,2048,82.303
256,2048,2,4096,144.606
256,2048,2,8192,275.623
256,2048,2,16384,539.259
256,2048,4,16,82.5803
256,2048,4,32,82.7083
256,2048,4,64,82.6237
256,2048,4,128,83.1993
256,2048,4,256,83.764
256,2048,4,512,83.9457
256,2048,4,1024,84.4687
256,2048,4,2048,84.6077
256,2048,4,4096,146.633
256,2048,4,8192,278.803
256,2048,4,16384,541.84
256,2048,8,16,89.13
256,2048,8,32,89.1403
256,2048,8,64,89.5673
256,2048,8,128,92.8313
256,2048,8,256,97.6947
256,2048,8,512,106.111
256,2048,8,1024,122.655
256,2048,8,2048,155.369
256,2048,8,4096,282.216
256,2048,8,8192,493.958
256,2048,8,16384,753.967
256,2048,16,16,97.695
256,2048,16,32,97.9723
256,2048,16,64,98.6973
256,2048,16,128,106.144
256,2048,16,256,115.476
256,2048,16,512,130.826
256,2048,16,1024,162.068
256,2048,16,2048,226.515
256,2048,16,4096,417.394
256,2048,16,8192,699.406
256,2048,16,16384,1219.85
256,2048,32,16,114.665
256,2048,32,32,114.879
256,2048,32,64,115.903
256,2048,32,128,134.09
256,2048,32,256,154.41
256,2048,32,512,180.329
256,2048,32,1024,238.675
256,2048,32,2048,367.548
256,2048,32,4096,687.717
256,2048,32,8192,1226.33
256,2048,32,16384,2267.88
256,2048,64,16,147.796
256,2048,64,32,148.585
256,2048,64,64,150.398
256,2048,64,128,183.497
256,2048,64,256,216.382
256,2048,64,512,281.938
256,2048,64,1024,426.397
256,2048,64,2048,772.537
256,2048,64,4096,1438.47
256,2048,64,8192,2530.51
256,2048,64,16384,4936.38
256,2048,128,16,203.465
256,2048,128,32,204.841
256,2048,128,64,207.625
256,2048,128,128,269.459
256,2048,128,256,346.323
256,2048,128,512,504.444
256,2048,128,1024,823.449
256,2048,128,2048,2349.24
256,2048,128,4096,4603.52
256,2048,128,8192,9102.51
256,2048,128,16384,18093.2
256,4096,0,0,143.998
256,4096,1,16,145.727
256,4096,1,32,145.791
256,4096,1,64,146.004
256,4096,1,128,145.524
256,4096,1,256,145.822
256,4096,1,512,145.865
256,4096,1,1024,145.886
256,4096,1,2048,145.865
256,4096,1,4096,146.836
256,4096,1,8192,280.594
256,4096,1,16384,547.451
256,4096,2,16,145.832
256,4096,2,32,146.121
256,4096,2,64,145.716
256,4096,2,128,145.641
256,4096,2,256,145.449
256,4096,2,512,145.555
256,4096,2,1024,146.195
256,4096,2,2048,146.004
256,4096,2,4096,145.94
256,4096,2,8192,275.848
256,4096,2,16384,538.415
256,4096,4,16,146.175
256,4096,4,32,147.647
256,4096,4,64,147.242
256,4096,4,128,147.135
256,4096,4,256,147.508
256,4096,4,512,149.108
256,4096,4,1024,147.391
256,4096,4,2048,147.433
256,4096,4,4096,148.553
256,4096,4,8192,277.96
256,4096,4,16384,542.47
256,4096,8,16,153.129
256,4096,8,32,152.82
256,4096,8,64,153.002
256,4096,8,128,156.415
256,4096,8,256,161.022
256,4096,8,512,169.738
256,4096,8,1024,186.644
256,4096,8,2048,219.316
256,4096,8,4096,285.448
256,4096,8,8192,543.91
256,4096,8,16384,952.035
256,4096,16,16,161.77
256,4096,16,32,161.641
256,4096,16,64,162.644
256,4096,16,128,169.609
256,4096,16,256,178.355
256,4096,16,512,194.92
256,4096,16,1024,228.542
256,4096,16,2048,291.645
256,4096,16,4096,426.204
256,4096,16,8192,823.203
256,4096,16,16384,1391.01
256,4096,32,16,178.43
256,4096,32,32,178.899
256,4096,32,64,179.401
256,4096,32,128,198.089
256,4096,32,256,219.23
256,4096,32,512,259.933
256,4096,32,1024,325.832
256,4096,32,2048,432.945
256,4096,32,4096,727.843
256,4096,32,8192,1403.96
256,4096,32,16384,2653.19
256,4096,64,16,211.55
256,4096,64,32,212.425
256,4096,64,64,214.259
256,4096,64,128,253.864
256,4096,64,256,296.414
256,4096,64,512,363.432
256,4096,64,1024,503.292
256,4096,64,2048,843.299
256,4096,64,4096,1589.9
256,4096,64,8192,3774.03
256,4096,64,16384,7578.41
256,4096,128,16,278.718
256,4096,128,32,280.905
256,4096,128,64,283.719
256,4096,128,128,352.05
256,4096,128,256,428.881
256,4096,128,512,586.107
256,4096,128,1024,906.157
256,4096,128,2048,2377.14
256,4096,128,4096,4620.43
256,4096,128,8192,9160.57
256,4096,128,16384,18128.6
256,8192,0,0,275.112
256,8192,1,16,278.248
256,8192,1,32,278.183
256,8192,1,64,278.13
256,8192,1,128,278.525
256,8192,1,256,278.611
256,8192,1,512,278.43
256,8192,1,1024,278.856
256,8192,1,2048,278.845
256,8192,1,4096,279.325
256,8192,1,8192,280.946
256,8192,1,16384,548.997
256,8192,2,16,275.218
256,8192,2,32,276.264
256,8192,2,64,275.059
256,8192,2,128,275.783
256,8192,2,256,275.4
256,8192,2,512,276.221
256,8192,2,1024,275.805
256,8192,2,2048,276.029
256,8192,2,4096,276.275
256,8192,2,8192,277.885
256,8192,2,16384,538.96
256,8192,4,16,275.314
256,8192,4,32,277.278
256,8192,4,64,275.975
256,8192,4,128,276.392
256,8192,4,256,277.118
256,8192,4,512,276.658
256,8192,4,1024,277.619
256,8192,4,2048,277.533
256,8192,4,4096,277.918
256,8192,4,8192,281.651
256,8192,4,16384,542.896
256,8192,8,16,281.608
256,8192,8,32,282.451
256,8192,8,64,283.528
256,8192,8,128,285.693
256,8192,8,256,291.4
256,8192,8,512,299.048
256,8192,8,1024,314.834
256,8192,8,2048,348.349
256,8192,8,4096,415.814
256,8192,8,8192,550.811
256,8192,8,16384,1072.14
256,8192,16,16,289.843
256,8192,16,32,289.704
256,8192,16,64,290.643
256,8192,16,128,298.93
256,8192,16,256,307.816
256,8192,16,512,323.698
256,8192,16,1024,356.05
256,8192,16,2048,421.681
256,8192,16,4096,553.744
256,8192,16,8192,826.605
256,8192,16,16384,1625.76
256,8192,32,16,306.749
256,8192,32,32,306.493
256,8192,32,64,307.549
256,8192,32,128,326.536
256,8192,32,256,347.068
256,8192,32,512,387.527
256,8192,32,1024,467.782
256,8192,32,2048,616.815
256,8192,32,4096,868.355
256,8192,32,8192,1414.84
256,8192,32,16384,2857.72
256,8192,64,16,339.367
256,8192,64,32,340.189
256,8192,64,64,342.108
256,8192,64,128,381.959
256,8192,64,256,424.775
256,8192,64,512,515.388
256,8192,64,1024,660.367
256,8192,64,2048,983.138
256,8192,64,4096,1760.08
256,8192,64,8192,3133.45
256,8192,64,16384,7722.21
256,8192,128,16,406.833
256,8192,128,32,408.199
256,8192,128,64,411.762
256,8192,128,128,493.02
256,8192,128,256,584.379
256,8192,128,512,745.401
256,8192,128,1024,1069.61
256,8192,128,2048,2518.44
256,8192,128,4096,4661.13
256,8192,128,8192,9165.78
256,8192,128,16384,18154.5
256,16384,0,0,537.69
256,16384,1,16,543.92
256,16384,1,32,543.397
256,16384,1,64,543.835
256,16384,1,128,543.77
256,16384,1,256,543.941
256,16384,1,512,544.495
256,16384,1,1024,544.591
256,16384,1,2048,544.282
256,16384,1,4096,544.528
256,16384,1,8192,544.847
256,16384,1,16384,548.667
256,16384,2,16,537.424
256,16384,2,32,537.627
256,16384,2,64,538.737
256,16384,2,128,537.818
256,16384,2,256,539.151
256,16384,2,512,538.566
256,16384,2,1024,538.427
256,16384,2,2048,538.213
256,16384,2,4096,538.235
256,16384,2,8192,539.366
256,16384,2,16384,540.678
256,16384,4,16,537.701
256,16384,4,32,537.786
256,16384,4,64,538.127
256,16384,4,128,538.075
256,16384,4,256,539.249
256,16384,4,512,538.949
256,16384,4,1024,539.664
256,16384,4,2048,539.482
256,16384,4,4096,540.944
256,16384,4,8192,542.746
256,16384,4,16384,542.907
256,16384,8,16,538.373
256,16384,8,32,540.4
256,16384,8,64,542.522
256,16384,8,128,543.355
256,16384,8,256,549.338
256,16384,8,512,558.479
256,16384,8,1024,572.582
256,16384,8,2048,606.117
256,16384,8,4096,671.023
256,16384,8,8192,807.214
256,16384,8,16384,1077.91
256,16384,16,16,547.014
256,16384,16,32,547.493
256,16384,16,64,546.64
256,16384,16,128,553.861
256,16384,16,256,563.749
256,16384,16,512,579.675
256,16384,16,1024,613.284
256,16384,16,2048,679.022
256,16384,16,4096,814.637
256,16384,16,8192,1082.97
256,16384,16,16384,1621.06
256,16384,32,16,562.949
256,16384,32,32,562.96
256,16384,32,64,565.68
256,16384,32,128,583.739
256,16384,32,256,603.77
256,16384,32,512,643.365
256,16384,32,1024,725.573
256,16384,32,2048,886.52
256,16384,32,4096,1223.28
256,16384,32,8192,1699.88
256,16384,32,16384,2805.77
256,16384,64,16,595.407
256,16384,64,32,596.666
256,16384,64,64,599.205
256,16384,64,128,637.412
256,16384,64,256,681.338
256,16384,64,512,771.395
256,16384,64,1024,948.289
256,16384,64,2048,1295.06
256,16384,64,4096,2097.72
256,16384,64,8192,3758.9
256,16384,64,16384,7231.86
256,16384,128,16,661.584
256,16384,128,32,664.602
256,16384,128,64,666.33
256,16384,128,128,748.899
256,16384,128,256,842.733
256,16384,128,512,1037.94
256,16384,128,1024,1396.69
256,16384,128,2048,2810.45
256,16384,128,4096,4935.88
256,16384,128,8192,9266.31
256,16384,128,16384,18291.6
512,0,0,0,26.9333
512,0,1,16,33.5247
512,0,1,32,33.4287
512,0,1,64,33.5243
512,0,1,128,33.781
512,0,1,256,34.08
512,0,1,512,37.418
512,0,1,1024,53.717
512,0,1,2048,85.759
512,0,1,4096,149.577
512,0,1,8192,277.938
512,0,1,16384,539.973
512,0,2,16,34.207
512,0,2,32,33.9303
512,0,2,64,34.101
512,0,2,128,36.2657
512,0,2,256,36.511
512,0,2,512,40.885
512,0,2,1024,56.9597
512,0,2,2048,88.927
512,0,2,4096,152.831
512,0,2,8192,280.754
512,0,2,16384,542.202
512,0,4,16,36.149
512,0,4,32,35.9037
512,0,4,64,36.5867
512,0,4,128,38.037
512,0,4,256,41.482
512,0,4,512,47.7543
512,0,4,1024,64.0203
512,0,4,2048,96.0523
512,0,4,4096,159.976
512,0,4,8192,288.062
512,0,4,16384,544.623
512,0,8,16,41.4717
512,0,8,32,41.2687
512,0,8,64,41.6423
512,0,8,128,45.2047
512,0,8,256,47.3057
512,0,8,512,56.853
512,0,8,1024,87.0287
512,0,8,2048,151.178
512,0,8,4096,218.376
512,0,8,8192,347.058
512,0,8,16384,604.858
512,0,16,16,49.5783
512,0,16,32,49.5457
512,0,16,64,50.3253
512,0,16,128,57.172
512,0,16,256,62.8797
512,0,16,512,81.2683
512,0,16,1024,126.42
512,0,16,2048,208.755
512,0,16,4096,338.546
512,0,16,8192,597.403
512,0,16,16384,1113.95
512,0,32,16,65.738
512,0,32,32,65.834
512,0,32,64,66.3987
512,0,32,128,79.711
512,0,32,256,93.855
512,0,32,512,130.1
512,0,32,1024,205.832
512,0,32,2048,343.816
512,0,32,4096,602.703
512,0,32,8192,1125.41
512,0,32,16384,2170.39
512,0,64,16,96.5003
512,0,64,32,97.1727
512,0,64,64,98.7087
512,0,64,128,125.151
512,0,64,256,159.284
512,0,64,512,238.846
512,0,64,1024,395.41
512,0,64,2048,667.983
512,0,64,4096,1259.16
512,0,64,8192,2394.07
512,0,64,16384,4751.39
512,0,128,16,156.852
512,0,128,32,158.484
512,0,128,64,160.692
512,0,128,128,221.075
512,0,128,256,303.058
512,0,128,512,476.827
512,0,128,1024,835.555
512,0,128,2048,2349.94
512,0,128,4096,4599.34
512,0,128,8192,9119.85
512,0,128,16384,18068.7
512,16,0,0,30.624
512,16,1,16,37.3757
512,16,1,32,37.5993
512,16,1,64,37.738
512,16,1,128,38.186
512,16,1,256,38.2923
512,16,1,512,40.5547
512,16,1,1024,56.7253
512,16,1,2048,88.5643
512,16,1,4096,152.447
512,16,1,8192,280.105
512,16,1,16384,540.847
512,16,2,16,38.0263
512,16,2,32,38.3563
512,16,2,64,38.8367
512,16,2,128,40.9707
512,16,2,256,41.929
512,16,2,512,42.1543
512,16,2,1024,58.3143
512,16,2,2048,90.1857
512,16,2,4096,153.865
512,16,2,8192,281.511
512,16,2,16384,541.818
512,16,4,16,41.1093
512,16,4,32,41.173
512,16,4,64,41.258
512,16,4,128,42.869
512,16,4,256,46.2503
512,16,4,512,50.037
512,16,4,1024,66.1433
512,16,4,2048,98.1433
512,16,4,4096,162.451
512,16,4,8192,290.653
512,16,4,16384,547.397
512,16,8,16,45.8663
512,16,8,32,45.6533
512,16,8,64,46.132
512,16,8,128,50.943
512,16,8,256,52.714
512,16,8,512,58.3247
512,16,8,1024,87.4977
512,16,8,2048,151.22
512,16,8,4096,227.731
512,16,8,8192,355.037
512,16,8,16384,613.178
512,16,16,16,54.634
512,16,16,32,54.5377
512,16,16,64,54.9537
512,16,16,128,62.25
512,16,16,256,68.2873
512,16,16,512,82.9007
512,16,16,1024,127.049
512,16,16,2048,215.71
512,16,16,4096,345.181
512,16,16,8192,603.226
512,16,16,16384,1119.94
512,16,32,16,70.2603
512,16,32,32,70.698
512,16,32,64,71.9137
512,16,32,128,84.821
512,16,32,256,98.1537
512,16,32,512,131.86
512,16,32,1024,206.857
512,16,32,2048,349.49
512,16,32,4096,608.911
512,16,32,8192,1128.93
512,16,32,16384,2174.08
512,16,64,16,101.119
512,16,64,32,102.111
512,16,64,64,103.903
512,16,64,128,130.633
512,16,64,256,160.713
512,16,64,512,239.891
512,16,64,1024,398.076
512,16,64,2048,670.778
512,16,64,4096,1265.12
512,16,64,8192,2392.7
512,16,64,16384,4831.04
512,16,128,16,162.441
512,16,128,32,163.764
512,16,128,64,165.876
512,16,128,128,223.038
512,16,128,256,304.51
512,16,128,512,478.385
512,16,128,1024,836.974
512,16,128,2048,2344.61
512,16,128,4096,4601.57
512,16,128,8192,9101.64
512,16,128,16384,18059.4
512,32,0,0,30.741
512,32,1,16,37.8987
512,32,1,32,37.7703
512,32,1,64,38.2923
512,32,1,128,38.624
512,32,1,256,38.368
512,32,1,512,40.6073
512,32,1,1024,56.714
512,32,1,2048,88.4787
512,32,1,4096,152.105
512,32,1,8192,279.656
512,32,1,16384,540.015
512,32,2,16,38.751
512,32,2,32,38.4643
512,32,2,64,38.5813
512,32,2,128,40.81
512,32,2,256,42.186
512,32,2,512,42.0053
512,32,2,1024,58.1113
512,32,2,2048,90.1537
512,32,2,4096,154.174
512,32,2,8192,282.322
512,32,2,16384,541.146
512,32,4,16,41.322
512,32,4,32,41.3437
512,32,4,64,41.5463
512,32,4,128,42.6873
512,32,4,256,45.9513
512,32,4,512,50.0903
512,32,4,1024,66.549
512,32,4,2048,98.2177
512,32,4,4096,161.737
512,32,4,8192,291.336
512,32,4,16384,548.666
512,32,8,16,45.855
512,32,8,32,45.952
512,32,8,64,46.0367
512,32,8,128,50.581
512,32,8,256,52.2447
512,32,8,512,58.3033
512,32,8,1024,87.4123
512,32,8,2048,151.123
512,32,8,4096,227.592
512,32,8,8192,356.796
512,32,8,16384,613.796
512,32,16,16,54.325
512,32,16,32,55.018
512,32,16,64,54.805
512,32,16,128,62.1007
512,32,16,256,68.607
512,32,16,512,82.8367
512,32,16,1024,126.623
512,32,16,2048,216.094
512,32,16,4096,345.33
512,32,16,8192,604.314
512,32,16,16384,1121.97
512,32,32,16,70.719
512,32,32,32,70.9967
512,32,32,64,71.3807
512,32,32,128,84.5753
512,32,32,256,98.7617
512,32,32,512,131.967
512,32,32,1024,206.611
512,32,32,2048,349.308
512,32,32,4096,609.69
512,32,32,8192,1129.72
512,32,32,16384,2173.6
512,32,64,16,101.279
512,32,64,32,101.982
512,32,64,64,103.957
512,32,64,128,131.38
512,32,64,256,160.819
512,32,64,512,240.286
512,32,64,1024,398.758
512,32,64,2048,672.1
512,32,64,4096,1265.64
512,32,64,8192,2390.23
512,32,64,16384,4737.96
512,32,128,16,162.302
512,32,128,32,163.955
512,32,128,64,166.132
512,32,128,128,222.643
512,32,128,256,304.776
512,32,128,512,476.966
512,32,128,1024,837.208
512,32,128,2048,2352.39
512,32,128,4096,4604.59
512,32,128,8192,9132.84
512,32,128,16384,18059.1
512,64,0,0,30.9327
512,64,1,16,37.8667
512,64,1,32,37.7587
512,64,1,64,37.9617
512,64,1,128,38.7517
512,64,1,256,39.0293
512,64,1,512,40.2983
512,64,1,1024,56.7033
512,64,1,2048,88.361
512,64,1,4096,151.913
512,64,1,8192,280.317
512,64,1,16384,540.431
512,64,2,16,38.783
512,64,2,32,38.6667
512,64,2,64,38.9967
512,64,2,128,40.9267
512,64,2,256,41.7487
512,64,2,512,42.2607
512,64,2,1024,58.5063
512,64,2,2048,90.2597
512,64,2,4096,154.025
512,64,2,8192,282.365
512,64,2,16384,541.573
512,64,4,16,41.802
512,64,4,32,40.9277
512,64,4,64,41.4713
512,64,4,128,42.73
512,64,4,256,46.09
512,64,4,512,50.4957
512,64,4,1024,66.25
512,64,4,2048,98.4413
512,64,4,4096,162.43
512,64,4,8192,290.653
512,64,4,16384,548.229
512,64,8,16,46.0367
512,64,8,32,46.1007
512,64,8,64,46.41
512,64,8,128,50.805
512,64,8,256,52.4683
512,64,8,512,58.1113
512,64,8,1024,87.263
512,64,8,2048,151.37
512,64,8,4096,227.667
512,64,8,8192,356.156
512,64,8,16384,612.868
512,64,16,16,54.623
512,64,16,32,55.2523
512,64,16,64,55.0287
512,64,16,128,62.271
512,64,16,256,68.736
512,64,16,512,82.6763
512,64,16,1024,126.782
512,64,16,2048,215.71
512,64,16,4096,345.085
512,64,16,8192,603.642
512,64,16,16384,1121.08
512,64,32,16,70.826
512,64,32,32,70.6127
512,64,32,64,71.5087
512,64,32,128,85.247
512,64,32,256,98.2923
512,64,32,512,131.817
512,64,32,1024,206.43
512,64,32,2048,349.628
512,64,32,4096,609.04
512,64,32,8192,1132.3
512,64,32,16384,2175.3
512,64,64,16,101.696
512,64,64,32,102.165
512,64,64,64,104.202
512,64,64,128,130.751
512,64,64,256,160.83
512,64,64,512,239.763
512,64,64,1024,399.12
512,64,64,2048,671.193
512,64,64,4096,1265.84
512,64,64,8192,2396.24
512,64,64,16384,4779.27
512,64,128,16,162.73
512,64,128,32,163.454
512,64,128,64,166.27
512,64,128,128,222.717
512,64,128,256,304.861
512,64,128,512,478.203
512,64,128,1024,837.849
512,64,128,2048,2346.91
512,64,128,4096,4599.82
512,64,128,8192,9107.51
512,64,128,16384,18071.2
512,128,0,0,31.4873
512,128,1,16,41.269
512,128,1,32,40.5013
512,128,1,64,41.0233
512,128,1,128,41.5247
512,128,1,256,42.9007
512,128,1,512,42.73
512,128,1,1024,58.1437
512,128,1,2048,90.143
512,128,1,4096,154.622
512,128,1,8192,281.853
512,128,1,16384,540.74
512,128,2,16,40.789
512,128,2,32,40.586
512,128,2,64,41.0127
512,128,2,128,42.4
512,128,2,256,45.1197
512,128,2,512,45.546
512,128,2,1024,61.4393
512,128,2,2048,93.407
512,128,2,4096,157.118
512,128,2,8192,285.138
512,128,2,16384,542.715
512,128,4,16,43.392
512,128,4,32,43.2107
512,128,4,64,43.5517
512,128,4,128,44.6607
512,128,4,256,46.9857
512,128,4,512,52.714
512,128,4,1024,69.2363
512,128,4,2048,101.119
512,128,4,4096,165.513
512,128,4,8192,293.405
512,128,4,16384,549.604
512,128,8,16,48.0103
512,128,8,32,47.914
512,128,8,64,48.1923
512,128,8,128,52.7143
512,128,8,256,54.9007
512,128,8,512,60.117
512,128,8,1024,87.967
512,128,8,2048,151.508
512,128,8,4096,236.883
512,128,8,8192,365.564
512,128,8,16384,623.673
512,128,16,16,56.576
512,128,16,32,56.5647
512,128,16,64,56.97
512,128,16,128,64.458
512,128,16,256,71.0703
512,128,16,512,84.873
512,128,16,1024,127.881
512,128,16,2048,220.254
512,128,16,4096,351.879
512,128,16,8192,611.055
512,128,16,16384,1125.55
512,128,32,16,72.447
512,128,32,32,73.023
512,128,32,64,73.2263
512,128,32,128,87.0713
512,128,32,256,101.066
512,128,32,512,134.046
512,128,32,1024,207.934
512,128,32,2048,353.564
512,128,32,4096,613.295
512,128,32,8192,1133.81
512,128,32,16384,2177.6
512,128,64,16,103.69
512,128,64,32,104.479
512,128,64,64,105.94
512,128,64,128,133.695
512,128,64,256,163.369
512,128,64,512,241.811
512,128,64,1024,399.931
512,128,64,2048,674.638
512,128,64,4096,1266.95
512,128,64,8192,2397.34
512,128,64,16384,4759.6
512,128,128,16,164.766
512,128,128,32,165.567
512,128,128,64,168.159
512,128,128,128,225.641
512,128,128,256,306.834
512,128,128,512,478.544
512,128,128,1024,837.517
512,128,128,2048,2353.36
512,128,128,4096,4609.93
512,128,128,8192,9129.14
512,128,128,16384,18064.1
512,256,0,0,35.9683
512,256,1,16,47.0817
512,256,1,32,47.4553
512,256,1,64,47.6043
512,256,1,128,49.6843
512,256,1,256,50.1007
512,256,1,512,51.2743
512,256,1,1024,62.357
512,256,1,2048,94.303
512,256,1,4096,158.655
512,256,1,8192,286.002
512,256,1,16384,541.669
512,256,2,16,48.4473
512,256,2,32,49.2477
512,256,2,64,49.098
512,256,2,128,49.9303
512,256,2,256,50.8573
512,256,2,512,53.268
512,256,2,1024,65.3007
512,256,2,2048,96.863
512,256,2,4096,160.841
512,256,2,8192,289.213
512,256,2,16384,546.127
512,256,4,16,49.909
512,256,4,32,50.197
512,256,4,64,50.0153
512,256,4,128,51.8817
512,256,4,256,53.418
512,256,4,512,58.5813
512,256,4,1024,73.6203
512,256,4,2048,105.044
512,256,4,4096,169.587
512,256,4,8192,297.981
512,256,4,16384,553.156
512,256,8,16,54.7623
512,256,8,32,54.986
512,256,8,64,55.2313
512,256,8,128,59.146
512,256,8,256,62.5803
512,256,8,512,64.3197
512,256,8,1024,89.2573
512,256,8,2048,151.433
512,256,8,4096,257.565
512,256,8,8192,386.502
512,256,8,16384,644.154
512,256,16,16,63.3913
512,256,16,32,63.2523
512,256,16,64,63.6047
512,256,16,128,70.6763
512,256,16,256,78.7833
512,256,16,512,90.2813
512,256,16,1024,129.065
512,256,16,2048,221.982
512,256,16,4096,363.793
512,256,16,8192,620.953
512,256,16,16384,1138.96
512,256,32,16,79.007
512,256,32,32,79.893
512,256,32,64,80.3513
512,256,32,128,94.463
512,256,32,256,109.108
512,256,32,512,138.708
512,256,32,1024,210.483
512,256,32,2048,363.367
512,256,32,4096,623.236
512,256,32,8192,1144.99
512,256,32,16384,2185.98
512,256,64,16,110.57
512,256,64,32,111.668
512,256,64,64,112.767
512,256,64,128,140.979
512,256,64,256,171.497
512,256,64,512,245.523
512,256,64,1024,403.1
512,256,64,2048,681.87
512,256,64,4096,1269.36
512,256,64,8192,2400.39
512,256,64,16384,4731.11
512,256,128,16,171.924
512,256,128,32,173.396
512,256,128,64,175.39
512,256,128,128,232.969
512,256,128,256,311.229
512,256,128,512,479.974
512,256,128,1024,840.375
512,256,128,2048,2345.82
512,256,128,4096,4607.62
512,256,128,8192,9106.17
512,256,128,16384,18080.4
512,512,0,0,44.9063
512,512,1,16,55.957
512,512,1,32,55.8717
512,512,1,64,56.4797
512,512,1,128,63.3057
512,512,1,256,65.8443
512,512,1,512,66.7943
512,512,1,1024,71.53
512,512,1,2048,103.476
512,512,1,4096,167.294
512,512,1,8192,294.643
512,512,1,16384,550.799
512,512,2,16,57.9623
512,512,2,32,58.378
512,512,2,64,58.9117
512,512,2,128,65.386
512,512,2,256,66.1217
512,512,2,512,67.3167
512,512,2,1024,74.1753
512,512,2,2048,105.546
512,512,2,4096,169.342
512,512,2,8192,297.266
512,512,2,16384,554.809
512,512,4,16,65.685
512,512,4,32,65.322
512,512,4,64,65.514
512,512,4,128,67.1463
512,512,4,256,68.085
512,512,4,512,69.663
512,512,4,1024,81.1937
512,512,4,2048,113.822
512,512,4,4096,177.918
512,512,4,8192,305.171
512,512,4,16384,561.242
512,512,8,16,67.8497
512,512,8,32,68.223
512,512,8,64,68.6393
512,512,8,128,71.903
512,512,8,256,75.2847
512,512,8,512,79.1033
512,512,8,1024,95.9567
512,512,8,2048,152.66
512,512,8,4096,283.602
512,512,8,8192,425.809
512,512,8,16384,681.24
512,512,16,16,76.735
512,512,16,32,77.034
512,512,16,64,77.6843
512,512,16,128,83.5507
512,512,16,256,91.53
512,512,16,512,103.785
512,512,16,1024,135.849
512,512,16,2048,224.083
512,512,16,4096,389.776
512,512,16,8192,648.665
512,512,16,16384,1166.74
512,512,32,16,92.351
512,512,32,32,92.532
512,512,32,64,93.0977
512,512,32,128,108.01
512,512,32,256,122.697
512,512,32,512,149.993
512,512,32,1024,216.862
512,512,32,2048,367.687
512,512,32,4096,646.521
512,512,32,8192,1165.34
512,512,32,16384,2206.11
512,512,64,16,124.991
512,512,64,32,125.385
512,512,64,64,127.198
512,512,64,128,155.305
512,512,64,256,186.196
512,512,64,512,254.344
512,512,64,1024,408.924
512,512,64,2048,697.593
512,512,64,4096,1279.37
512,512,64,8192,2411.15
512,512,64,16384,4740.84
512,512,128,16,186.601
512,512,128,32,187.955
512,512,128,64,190.27
512,512,128,128,247.998
512,512,128,256,321.512
512,512,128,512,487.419
512,512,128,1024,839.682
512,512,128,2048,2357.1
512,512,128,4096,4612.69
512,512,128,8192,9140.04
512,512,128,16384,18077.3
512,1024,0,0,61.5457
512,1024,1,16,72.5223
512,1024,1,32,73.1407
512,1024,1,64,72.5223
512,1024,1,128,80.2767
512,1024,1,256,88.468
512,1024,1,512,98.7193
512,1024,1,1024,99.9777
512,1024,1,2048,120.298
512,1024,1,4096,183.912
512,1024,1,8192,311.878
512,1024,1,16384,567.747
512,1024,2,16,74.4423
512,1024,2,32,75.007
512,1024,2,64,75.0713
512,1024,2,128,81.962
512,1024,2,256,90.2283
512,1024,2,512,98.4413
512,1024,2,1024,100.223
512,1024,2,2048,121.769
512,1024,2,4096,186.067
512,1024,2,8192,313.863
512,1024,2,16384,571.139
512,1024,4,16,81.759
512,1024,4,32,81.9093
512,1024,4,64,82.164
512,1024,4,128,92.532
512,1024,4,256,98.9853
512,1024,4,512,100.575
512,1024,4,1024,102.025
512,1024,4,2048,129.759
512,1024,4,4096,193.705
512,1024,4,8192,321.959
512,1024,4,16384,579.087
512,1024,8,16,95.1133
512,1024,8,32,95.3267
512,1024,8,64,95.4763
512,1024,8,128,100.628
512,1024,8,256,103.177
512,1024,8,512,106.527
512,1024,8,1024,110.996
512,1024,8,2048,159.667
512,1024,8,4096,283.495
512,1024,8,8192,504.772
512,1024,8,16384,763.864
512,1024,16,16,104.021
512,1024,16,32,103.892
512,1024,16,64,104.916
512,1024,16,128,111.252
512,1024,16,256,118.376
512,1024,16,512,131.7
512,1024,16,1024,153.556
512,1024,16,2048,229.576
512,1024,16,4096,419.761
512,1024,16,8192,697.784
512,1024,16,16384,1215.99
512,1024,32,16,119.092
512,1024,32,32,119.06
512,1024,32,64,119.561
512,1024,32,128,134.463
512,1024,32,256,149.759
512,1024,32,512,179.593
512,1024,32,1024,236.776
512,1024,32,2048,375.655
512,1024,32,4096,692.334
512,1024,32,8192,1212.63
512,1024,32,16384,2247
512,1024,64,16,151.465
512,1024,64,32,152.361
512,1024,64,64,154.152
512,1024,64,128,182.825
512,1024,64,256,214.419
512,1024,64,512,280.925
512,1024,64,1024,427.089
512,1024,64,2048,750.286
512,1024,64,4096,1312.02
512,1024,64,8192,2436.61
512,1024,64,16384,4726.06
512,1024,128,16,215.091
512,1024,128,32,216.126
512,1024,128,64,218.717
512,1024,128,128,277.341
512,1024,128,256,350.578
512,1024,128,512,505.338
512,1024,128,1024,842.562
512,1024,128,2048,2351.35
512,1024,128,4096,4622.42
512,1024,128,8192,9115.49
512,1024,128,16384,18079
512,2048,0,0,93.8763
512,2048,1,16,104.745
512,2048,1,32,104.778
512,2048,1,64,105.215
512,2048,1,128,112.563
512,2048,1,256,120.884
512,2048,1,512,136.212
512,2048,1,1024,162.398
512,2048,1,2048,164.979
512,2048,1,4096,217.298
512,2048,1,8192,344.647
512,2048,1,16384,601.657
512,2048,2,16,106.73
512,2048,2,32,107.562
512,2048,2,64,107.284
512,2048,2,128,114.409
512,2048,2,256,122.953
512,2048,2,512,138.559
512,2048,2,1024,162.729
512,2048,2,2048,164.82
512,2048,2,4096,218.568
512,2048,2,8192,346.438
512,2048,2,16384,603.129
512,2048,4,16,113.928
512,2048,4,32,113.994
512,2048,4,64,114.719
512,2048,4,128,124.585
512,2048,4,256,137.428
512,2048,4,512,160.905
512,2048,4,1024,164.062
512,2048,4,2048,166.355
512,2048,4,4096,226.27
512,2048,4,8192,353.969
512,2048,4,16384,609.668
512,2048,8,16,126.686
512,2048,8,32,127.071
512,2048,8,64,127.455
512,2048,8,128,144.723
512,2048,8,256,163.795
512,2048,8,512,164.201
512,2048,8,1024,171.635
512,2048,8,2048,174.366
512,2048,8,4096,288.093
512,2048,8,8192,544.315
512,2048,8,16384,926.111
512,2048,16,16,151.827
512,2048,16,32,152.532
512,2048,16,64,153.513
512,2048,16,128,166.772
512,2048,16,256,171.453
512,2048,16,512,186.44
512,2048,16,1024,211.56
512,2048,16,2048,248.979
512,2048,16,4096,425.893
512,2048,16,8192,793.761
512,2048,16,16384,1334.65
512,2048,32,16,173.865
512,2048,32,32,173.63
512,2048,32,64,173.673
512,2048,32,128,186.696
512,2048,32,256,201.63
512,2048,32,512,234.525
512,2048,32,1024,290.866
512,2048,32,2048,397.735
512,2048,32,4096,717.956
512,2048,32,8192,1345.36
512,2048,32,16384,2429.06
512,2048,64,16,203.881
512,2048,64,32,204.179
512,2048,64,64,205.47
512,2048,64,128,235.944
512,2048,64,256,269.587
512,2048,64,512,336.049
512,2048,64,1024,474.406
512,2048,64,2048,810.946
512,2048,64,4096,2013.37
512,2048,64,8192,3779.39
512,2048,64,16384,5063
512,2048,128,16,269.384
512,2048,128,32,270.706
512,2048,128,64,272.275
512,2048,128,128,333.191
512,2048,128,256,404.486
512,2048,128,512,558.8
512,2048,128,1024,872.268
512,2048,128,2048,2362.61
512,2048,128,4096,4610.55
512,2048,128,8192,9158.26
512,2048,128,16384,18104.3
512,4096,0,0,157.908
512,4096,1,16,167.625
512,4096,1,32,168.894
512,4096,1,64,168.201
512,4096,1,128,175.177
512,4096,1,256,184.307
512,4096,1,512,199.763
512,4096,1,1024,232.36
512,4096,1,2048,290.439
512,4096,1,4096,293.81
512,4096,1,8192,409.605
512,4096,1,16384,665.453
512,4096,2,16,170.803
512,4096,2,32,170.377
512,4096,2,64,170.985
512,4096,2,128,178.025
512,4096,2,256,185.715
512,4096,2,512,201.918
512,4096,2,1024,233.331
512,4096,2,2048,290.205
512,4096,2,4096,294.236
512,4096,2,8192,410.79
512,4096,2,16384,667.661
512,4096,4,16,177.811
512,4096,4,32,177.503
512,4096,4,64,178.366
512,4096,4,128,189.14
512,4096,4,256,201.566
512,4096,4,512,224.573
512,4096,4,1024,272.935
512,4096,4,2048,291.367
512,4096,4,4096,294.909
512,4096,4,8192,417.596
512,4096,4,16384,673.753
512,4096,8,16,190.334
512,4096,8,32,190.675
512,4096,8,64,191.624
512,4096,8,128,208.574
512,4096,8,256,227.474
512,4096,8,512,259.987
512,4096,8,1024,290.781
512,4096,8,2048,299.378
512,4096,8,4096,300.552
512,4096,8,8192,546.895
512,4096,8,16384,1064.21
512,4096,16,16,215.742
512,4096,16,32,216.307
512,4096,16,64,216.862
512,4096,16,128,248.178
512,4096,16,256,281.874
512,4096,16,512,296.274
512,4096,16,1024,314.3
512,4096,16,2048,372.007
512,4096,16,4096,443.067
512,4096,16,8192,841.899
512,4096,16,16384,1610.7
512,4096,32,16,266.973
512,4096,32,32,267.741
512,4096,32,64,268.946
512,4096,32,128,297.042
512,4096,32,256,310.396
512,4096,32,512,339.816
512,4096,32,1024,396.433
512,4096,32,2048,518.213
512,4096,32,4096,744.152
512,4096,32,8192,1602.45
512,4096,32,16384,3134.56
512,4096,64,16,312.285
512,4096,64,32,313.704
512,4096,64,64,314.674
512,4096,64,128,341.713
512,4096,64,256,374.759
512,4096,64,512,442.427
512,4096,64,1024,571.205
512,4096,64,2048,905.494
512,4096,64,4096,1655.95
512,4096,64,8192,4240.29
512,4096,64,16384,8407.05
512,4096,128,16,372.764
512,4096,128,32,372.38
512,4096,128,64,376.092
512,4096,128,128,440.646
512,4096,128,256,508.827
512,4096,128,512,663.396
512,4096,128,1024,975.029
512,4096,128,2048,2387.13
512,4096,128,4096,4625.55
512,4096,128,8192,9136.1
512,4096,128,16384,18135
512,8192,0,0,286.962
512,8192,1,16,296.647
512,8192,1,32,296.359
512,8192,1,64,297.351
512,8192,1,128,304.018
512,8192,1,256,312.86
512,8192,1,512,327.793
512,8192,1,1024,360.124
512,8192,1,2048,424.123
512,8192,1,4096,551.77
512,8192,1,8192,553.38
512,8192,1,16384,797.099
512,8192,2,16,298.578
512,8192,2,32,299.549
512,8192,2,64,300.06
512,8192,2,128,305.532
512,8192,2,256,314.013
512,8192,2,512,330.578
512,8192,2,1024,362.769
512,8192,2,2048,427.536
512,8192,2,4096,546.03
512,8192,2,8192,553.594
512,8192,2,16384,799.008
512,8192,4,16,305.937
512,8192,4,32,305.661
512,8192,4,64,305.927
512,8192,4,128,317.084
512,8192,4,256,329.371
512,8192,4,512,353.031
512,8192,4,1024,402.459
512,8192,4,2048,497.509
512,8192,4,4096,548.816
512,8192,4,8192,555.289
512,8192,4,16384,808.726
512,8192,8,16,318.151
512,8192,8,32,317.873
512,8192,8,64,319.143
512,8192,8,128,336.86
512,8192,8,256,354.876
512,8192,8,512,387.708
512,8192,8,1024,452.56
512,8192,8,2048,547.877
512,8192,8,4096,557.061
512,8192,8,8192,559.781
512,8192,8,16384,1067.99
512,8192,16,16,343.623
512,8192,16,32,343.772
512,8192,16,64,346.033
512,8192,16,128,376.316
512,8192,16,256,410.15
512,8192,16,512,473.2
512,8192,16,1024,551.546
512,8192,16,2048,572.292
512,8192,16,4096,694.594
512,8192,16,8192,833.356
512,8192,16,16384,1655.14
512,8192,32,16,395.921
512,8192,32,32,396.604
512,8192,32,64,397.403
512,8192,32,128,455.376
512,8192,32,256,516.144
512,8192,32,512,557.296
512,8192,32,1024,604.76
512,8192,32,2048,718.19
512,8192,32,4096,996.821
512,8192,32,8192,1439.43
512,8192,32,16384,3343.45
512,8192,64,16,499.173
512,8192,64,32,501.061
512,8192,64,64,504.592
512,8192,64,128,565.273
512,8192,64,256,591.194
512,8192,64,512,651.972
512,8192,64,1024,784.994
512,8192,64,2048,1085.42
512,8192,64,4096,1858.56
512,8192,64,8192,3719.28
512,8192,64,16384,8408.25
512,8192,128,16,591.77
512,8192,128,32,594.447
512,8192,128,64,593.178
512,8192,128,128,649.87
512,8192,128,256,717.027
512,8192,128,512,871.116
512,8192,128,1024,1186.26
512,8192,128,2048,2505.36
512,8192,128,4096,4685.11
512,8192,128,8192,9183.34
512,8192,128,16384,18162
512,16384,0,0,550.67
512,16384,1,16,554.116
512,16384,1,32,555.268
512,16384,1,64,555.13
512,16384,1,128,564.26
512,16384,1,256,570.361
512,16384,1,512,586.501
512,16384,1,1024,618.927
512,16384,1,2048,683.021
512,16384,1,4096,811.949
512,16384,1,8192,1064.93
512,16384,1,16384,1069.6
512,16384,2,16,559.95
512,16384,2,32,558.703
512,16384,2,64,559.418
512,16384,2,128,565.614
512,16384,2,256,573.091
512,16384,2,512,587.854
512,16384,2,1024,621.496
512,16384,2,2048,686.425
512,16384,2,4096,816.567
512,16384,2,8192,1064.83
512,16384,2,16384,1072.05
512,16384,4,16,563.972
512,16384,4,32,564.847
512,16384,4,64,564.771
512,16384,4,128,575.727
512,16384,4,256,587.768
512,16384,4,512,611.097
512,16384,4,1024,659.885
512,16384,4,2048,755.384
512,16384,4,4096,949.067
512,16384,4,8192,1065.35
512,16384,4,16384,1077.64
512,16384,8,16,575.833
512,16384,8,32,576.815
512,16384,8,64,576.708
512,16384,8,128,594.682
512,16384,8,256,612.772
512,16384,8,512,645.976
512,16384,8,1024,710.273
512,16384,8,2048,837.196
512,16384,8,4096,1061.05
512,16384,8,8192,1074.77
512,16384,8,16384,1081.77
512,16384,16,16,600.462
512,16384,16,32,601.753
512,16384,16,64,602.466
512,16384,16,128,633.934
512,16384,16,256,667.437
512,16384,16,512,729.123
512,16384,16,1024,857.355
512,16384,16,2048,1063.34
512,16384,16,4096,1090.4
512,16384,16,8192,1349.95
512,16384,16,16384,1619.5
512,16384,32,16,652.323
512,16384,32,32,653.113
512,16384,32,64,655.598
512,16384,32,128,711.427
512,16384,32,256,774.435
512,16384,32,512,891.115
512,16384,32,1024,1065.53
512,16384,32,2048,1146.46
512,16384,32,4096,1396.24
512,16384,32,8192,1960.95
512,16384,32,16384,2911.02
512,16384,64,16,755.789
512,16384,64,32,757.453
512,16384,64,64,761.165
512,16384,64,128,869.441
512,16384,64,256,982.602
512,16384,64,512,1099.75
512,16384,64,1024,1211.59
512,16384,64,2048,1488.88
512,16384,64,4096,2262.47
512,16384,64,8192,3972.63
512,16384,64,16384,8092.92
512,16384,128,16,963.905
512,16384,128,32,965.675
512,16384,128,64,971.766
512,16384,128,128,1094.31
512,16384,128,256,1153.24
512,16384,128,512,1289.9
512,16384,128,1024,1593.6
512,16384,128,2048,2801.88
512,16384,128,4096,4927.34
512,16384,128,8192,9280.15
512,16384,128,16384,18243.9
1024,0,0,0,75.8923
1024,0,1,16,76.0847
1024,0,1,32,76.2657
1024,0,1,64,75.103
1024,0,1,128,75.6257
1024,0,1,256,76.5
1024,0,1,512,75.8923
1024,0,1,1024,82.7723
1024,0,1,2048,114.164
1024,0,1,4096,178.345
1024,0,1,8192,305.202
1024,0,1,16384,562.17
1024,0,2,16,76.7137
1024,0,2,32,76.159
1024,0,2,64,76.6283
1024,0,2,128,77.0233
1024,0,2,256,78.3453
1024,0,2,512,79.3803
1024,0,2,1024,87.604
1024,0,2,2048,120.063
1024,0,2,4096,183.134
1024,0,2,8192,311.367
1024,0,2,16384,567.918
1024,0,4,16,79.2633
1024,0,4,32,80.0203
1024,0,4,64,79.071
1024,0,4,128,80.767
1024,0,4,256,82.1427
1024,0,4,512,85.7697
1024,0,4,1024,97.748
1024,0,4,2048,136.915
1024,0,4,4096,200.382
1024,0,4,8192,328.434
1024,0,4,16384,584.867
1024,0,8,16,84.6393
1024,0,8,32,84.4473
1024,0,8,64,84.9483
1024,0,8,128,88.766
1024,0,8,256,93.525
1024,0,8,512,99.4443
1024,0,8,1024,119.455
1024,0,8,2048,172.126
1024,0,8,4096,286.289
1024,0,8,8192,470.908
1024,0,8,16384,729.976
1024,0,16,16,97.2157
1024,0,16,32,97.108
1024,0,16,64,97.4067
1024,0,16,128,104.863
1024,0,16,256,112.351
1024,0,16,512,125.492
1024,0,16,1024,161.299
1024,0,16,2048,242.963
1024,0,16,4096,422.149
1024,0,16,8192,688.675
1024,0,16,16384,1204.05
1024,0,32,16,119.561
1024,0,32,32,119.924
1024,0,32,64,120.851
1024,0,32,128,133.812
1024,0,32,256,149.225
1024,0,32,512,177.161
1024,0,32,1024,247.656
1024,0,32,2048,392.337
1024,0,32,4096,681.816
1024,0,32,8192,1198.73
1024,0,32,16384,2235.18
1024,0,64,16,162.665
1024,0,64,32,163.006
1024,0,64,64,164.297
1024,0,64,128,191.977
1024,0,64,256,222.28
1024,0,64,512,288.082
1024,0,64,1024,439.888
1024,0,64,2048,736.867
1024,0,64,4096,1308.4
1024,0,64,8192,2442.56
1024,0,64,16384,4716.11
1024,0,128,16,246.739
1024,0,128,32,248.276
1024,0,128,64,249.981
1024,0,128,128,306.876
1024,0,128,256,372.156
1024,0,128,512,541.147
1024,0,128,1024,891.628
1024,0,128,2048,2375.28
1024,0,128,4096,4635.95
1024,0,128,8192,9152.4
1024,0,128,16384,18098.9
1024,16,0,0,80.5743
1024,16,1,16,82.431
1024,16,1,32,82.6443
1024,16,1,64,82.389
1024,16,1,128,82.6443
1024,16,1,256,83.86
1024,16,1,512,83.1983
1024,16,1,1024,85.7803
1024,16,1,2048,117.321
1024,16,1,4096,181.481
1024,16,1,8192,308.849
1024,16,1,16384,564.259
1024,16,2,16,82.9853
1024,16,2,32,82.9433
1024,16,2,64,83.3267
1024,16,2,128,83.3587
1024,16,2,256,84.532
1024,16,2,512,86.068
1024,16,2,1024,89.759
1024,16,2,2048,124.158
1024,16,2,4096,187.379
1024,16,2,8192,315.079
1024,16,2,16384,571.278
1024,16,4,16,85.6093
1024,16,4,32,85.535
1024,16,4,64,85.6947
1024,16,4,128,86.6767
1024,16,4,256,89.1183
1024,16,4,512,92.8313
1024,16,4,1024,100.82
1024,16,4,2048,142.015
1024,16,4,4096,206.024
1024,16,4,8192,333.82
1024,16,4,16384,590.521
1024,16,8,16,91.476
1024,16,8,32,91.5727
1024,16,8,64,91.999
1024,16,8,128,96.0417
1024,16,8,256,99.0393
1024,16,8,512,106.473
1024,16,8,1024,122.644
1024,16,8,2048,176.585
1024,16,8,4096,286.759
1024,16,8,8192,489.296
1024,16,8,16384,749.442
1024,16,16,16,102.964
1024,16,16,32,103.082
1024,16,16,64,103.028
1024,16,16,128,110.772
1024,16,16,256,118.772
1024,16,16,512,132.041
1024,16,16,1024,165.939
1024,16,16,2048,247.463
1024,16,16,4096,423.857
1024,16,16,8192,695.384
1024,16,16,16384,1215.55
1024,16,32,16,126.26
1024,16,32,32,126.516
1024,16,32,64,126.783
1024,16,32,128,140.916
1024,16,32,256,155.422
1024,16,32,512,184.158
1024,16,32,1024,251.272
1024,16,32,2048,396.582
1024,16,32,4096,686.061
1024,16,32,8192,1205.68
1024,16,32,16384,2239.05
1024,16,64,16,169.299
1024,16,64,32,169.449
1024,16,64,64,170.782
1024,16,64,128,198.931
1024,16,64,256,229.011
1024,16,64,512,291.794
1024,16,64,1024,443.515
1024,16,64,2048,740.909
1024,16,64,4096,1316.41
1024,16,64,8192,2438.68
1024,16,64,16384,4728.6
1024,16,128,16,253.981
1024,16,128,32,254.824
1024,16,128,64,257.032
1024,16,128,128,314.194
1024,16,128,256,378.375
1024,16,128,512,544.73
1024,16,128,1024,893.911
1024,16,128,2048,2369.21
1024,16,128,4096,4640.57
1024,16,128,8192,9162.88
1024,16,128,16384,18105.6
1024,32,0,0,81.002
1024,32,1,16,83.0607
1024,32,1,32,83.0813
1024,32,1,64,82.7303
1024,32,1,128,82.9753
1024,32,1,256,83.7003
1024,32,1,512,83.7003
1024,32,1,1024,85.1933
1024,32,1,2048,116.831
1024,32,1,4096,181.352
1024,32,1,8192,308.434
1024,32,1,16384,564.708
1024,32,2,16,83.21
1024,32,2,32,82.8363
1024,32,2,64,83.3697
1024,32,2,128,83.903
1024,32,2,256,84.9697
1024,32,2,512,86.1533
1024,32,2,1024,89.7057
1024,32,2,2048,123.646
1024,32,2,4096,187.56
1024,32,2,8192,315.42
1024,32,2,16384,572.388
1024,32,4,16,85.5557
1024,32,4,32,85.0227
1024,32,4,64,85.225
1024,32,4,128,86.783
1024,32,4,256,88.8627
1024,32,4,512,92.8417
1024,32,4,1024,100.49
1024,32,4,2048,141.877
1024,32,4,4096,206.504
1024,32,4,8192,334.3
1024,32,4,16384,589.838
1024,32,8,16,91.4977
1024,32,8,32,91.5933
1024,32,8,64,91.4013
1024,32,8,128,94.783
1024,32,8,256,99.433
1024,32,8,512,106.591
1024,32,8,1024,123.22
1024,32,8,2048,175.795
1024,32,8,4096,287.442
1024,32,8,8192,489.776
1024,32,8,16384,748.802
1024,32,16,16,104.148
1024,32,16,32,103.582
1024,32,16,64,104.063
1024,32,16,128,111.807
1024,32,16,256,118.153
1024,32,16,512,131.743
1024,32,16,1024,165.47
1024,32,16,2048,247.741
1024,32,16,4096,423.793
1024,32,16,8192,699.127
1024,32,16,16384,1212.52
1024,32,32,16,126.495
1024,32,32,32,126.27
1024,32,32,64,127.433
1024,32,32,128,140.691
1024,32,32,256,155.679
1024,32,32,512,184.489
1024,32,32,1024,251.634
1024,32,32,2048,396.7
1024,32,32,4096,687.949
1024,32,32,8192,1208.53
1024,32,32,16384,2243.28
1024,32,64,16,169.321
1024,32,64,32,170.238
1024,32,64,64,170.846
1024,32,64,128,200.009
1024,32,64,256,229.16
1024,32,64,512,291.729
1024,32,64,1024,443.931
1024,32,64,2048,740.355
1024,32,64,4096,1314.9
1024,32,64,8192,2447.92
1024,32,64,16384,4716.03
1024,32,128,16,254.013
1024,32,128,32,254.941
1024,32,128,64,256.819
1024,32,128,128,314.332
1024,32,128,256,378.993
1024,32,128,512,544.656
1024,32,128,1024,894.017
1024,32,128,2048,2362.72
1024,32,128,4096,4630.96
1024,32,128,8192,9112.19
1024,32,128,16384,18094.5
1024,64,0,0,80.98
1024,64,1,16,82.2177
1024,64,1,32,82.549
1024,64,1,64,82.164
1024,64,1,128,82.9533
1024,64,1,256,83.2953
1024,64,1,512,83.7537
1024,64,1,1024,85.855
1024,64,1,2048,116.713
1024,64,1,4096,180.936
1024,64,1,8192,309.19
1024,64,1,16384,563.749
1024,64,2,16,83.3373
1024,64,2,32,83.1347
1024,64,2,64,83.444
1024,64,2,128,84.052
1024,64,2,256,84.4363
1024,64,2,512,86.3243
1024,64,2,1024,89.1613
1024,64,2,2048,123.433
1024,64,2,4096,187.592
1024,64,2,8192,315.11
1024,64,2,16384,572.494
1024,64,4,16,85.1187
1024,64,4,32,85.5023
1024,64,4,64,85.4503
1024,64,4,128,87.4657
1024,64,4,256,89.5877
1024,64,4,512,93.332
1024,64,4,1024,100.414
1024,64,4,2048,141.62
1024,64,4,4096,206.014
1024,64,4,8192,333.894
1024,64,4,16384,588.174
1024,64,8,16,91.2733
1024,64,8,32,91.6893
1024,64,8,64,91.8177
1024,64,8,128,95.1133
1024,64,8,256,98.804
1024,64,8,512,105.791
1024,64,8,1024,122.921
1024,64,8,2048,176.201
1024,64,8,4096,286.718
1024,64,8,8192,488.976
1024,64,8,16384,748.749
1024,64,16,16,104.148
1024,64,16,32,103.882
1024,64,16,64,103.743
1024,64,16,128,110.9
1024,64,16,256,118.665
1024,64,16,512,132.659
1024,64,16,1024,165.555
1024,64,16,2048,247.25
1024,64,16,4096,423.121
1024,64,16,8192,698.882
1024,64,16,16384,1212.05
1024,64,32,16,126.228
1024,64,32,32,126.793
1024,64,32,64,127.412
1024,64,32,128,141.011
1024,64,32,256,156.254
1024,64,32,512,183.667
1024,64,32,1024,251.421
1024,64,32,2048,396.743
1024,64,32,4096,689.816
1024,64,32,8192,1207.3
1024,64,32,16384,2243.89
1024,64,64,16,169.064
1024,64,64,32,170.269
1024,64,64,64,170.675
1024,64,64,128,199.977
1024,64,64,256,229.341
1024,64,64,512,292.008
1024,64,64,1024,444.005
1024,64,64,2048,741.389
1024,64,64,4096,1313.31
1024,64,64,8192,2435.01
1024,64,64,16384,4733.03
1024,64,128,16,254.056
1024,64,128,32,255.326
1024,64,128,64,256.818
1024,64,128,128,314.141
1024,64,128,256,379.163
1024,64,128,512,545.103
1024,64,128,1024,894.199
1024,64,128,2048,2371.34
1024,64,128,4096,4634
1024,64,128,8192,9161
1024,64,128,16384,18096.2
1024,128,0,0,84.2337
1024,128,1,16,85.7593
1024,128,1,32,85.6737
1024,128,1,64,86.1753
1024,128,1,128,86.4417
1024,128,1,256,86.8897
1024,128,1,512,87.6467
1024,128,1,1024,88.3727
1024,128,1,2048,119.529
1024,128,1,4096,183.773
1024,128,1,8192,311.633
1024,128,1,16384,565.892
1024,128,2,16,87.4123
1024,128,2,32,86.847
1024,128,2,64,87.2737
1024,128,2,128,87.082
1024,128,2,256,88.66
1024,128,2,512,89.5777
1024,128,2,1024,91.6257
1024,128,2,2048,127.604
1024,128,2,4096,192.136
1024,128,2,8192,320.572
1024,128,2,16384,576.633
1024,128,4,16,88.383
1024,128,4,32,88.703
1024,128,4,64,88.628
1024,128,4,128,90.3883
1024,128,4,256,92.671
1024,128,4,512,96.4363
1024,128,4,1024,104.842
1024,128,4,2048,147.657
1024,128,4,4096,210.803
1024,128,4,8192,338.481
1024,128,4,16384,594.787
1024,128,8,16,95.0177
1024,128,8,32,94.9
1024,128,8,64,95.967
1024,128,8,128,98.9107
1024,128,8,256,102.975
1024,128,8,512,110.399
1024,128,8,1024,126.697
1024,128,8,2048,179.87
1024,128,8,4096,288.477
1024,128,8,8192,503.407
1024,128,8,16384,763.843
1024,128,16,16,106.526
1024,128,16,32,107.402
1024,128,16,64,107.391
1024,128,16,128,114.42
1024,128,16,256,122.494
1024,128,16,512,136.916
1024,128,16,1024,168.99
1024,128,16,2048,252.37
1024,128,16,4096,425.083
1024,128,16,8192,708.589
1024,128,16,16384,1225.12
1024,128,32,16,130.27
1024,128,32,32,130.132
1024,128,32,64,131.497
1024,128,32,128,144.83
1024,128,32,256,159.892
1024,128,32,512,188.658
1024,128,32,1024,255.602
1024,128,32,2048,401.553
1024,128,32,4096,695.224
1024,128,32,8192,1214.89
1024,128,32,16384,2248.69
1024,128,64,16,173.278
1024,128,64,32,173.971
1024,128,64,64,174.558
1024,128,64,128,203.198
1024,128,64,256,233.064
1024,128,64,512,295.804
1024,128,64,1024,447.782
1024,128,64,2048,746.434
1024,128,64,4096,1323.15
1024,128,64,8192,2441.68
1024,128,64,16384,4733.89
1024,128,128,16,258.258
1024,128,128,32,259.56
1024,128,128,64,261.277
1024,128,128,128,317.778
1024,128,128,256,382.769
1024,128,128,512,548.122
1024,128,128,1024,896.929
1024,128,128,2048,2364.6
1024,128,128,4096,4638.78
1024,128,128,8192,9123.72
1024,128,128,16384,18108.8
1024,256,0,0,94.8793
1024,256,1,16,95.1987
1024,256,1,32,95.743
1024,256,1,64,95.657
1024,256,1,128,94.858
1024,256,1,256,95.092
1024,256,1,512,95.924
1024,256,1,1024,95.9987
1024,256,1,2048,127.465
1024,256,1,4096,190.643
1024,256,1,8192,318.748
1024,256,1,16384,574.755
1024,256,2,16,95.4123
1024,256,2,32,95.3473
1024,256,2,64,95.4763
1024,256,2,128,96.5957
1024,256,2,256,96.5747
1024,256,2,512,98.9423
1024,256,2,1024,103.231
1024,256,2,2048,136.382
1024,256,2,4096,200.562
1024,256,2,8192,327.953
1024,256,2,16384,585.082
1024,256,4,16,97.3853
1024,256,4,32,97.5667
1024,256,4,64,97.973
1024,256,4,128,100.617
1024,256,4,256,103.21
1024,256,4,512,106.986
1024,256,4,1024,113.972
1024,256,4,2048,153.172
1024,256,4,4096,220.978
1024,256,4,8192,348.934
1024,256,4,16384,604.824
1024,256,8,16,104.468
1024,256,8,32,104.351
1024,256,8,64,104.233
1024,256,8,128,109.481
1024,256,8,256,112.799
1024,256,8,512,119.679
1024,256,8,1024,132.724
1024,256,8,2048,187.239
1024,256,8,4096,291.474
1024,256,8,8192,536.538
1024,256,8,16384,795.287
1024,256,16,16,116.266
1024,256,16,32,117.342
1024,256,16,64,116.948
1024,256,16,128,125.108
1024,256,16,256,132.436
1024,256,16,512,146.931
1024,256,16,1024,174.921
1024,256,16,2048,259.88
1024,256,16,4096,428.646
1024,256,16,8192,733.869
1024,256,16,16384,1245.6
1024,256,32,16,140.318
1024,256,32,32,140.468
1024,256,32,64,140.788
1024,256,32,128,154.888
1024,256,32,256,170.292
1024,256,32,512,199.496
1024,256,32,1024,261.8
1024,256,32,2048,409.681
1024,256,32,4096,706.723
1024,256,32,8192,1228.61
1024,256,32,16384,2265.31
1024,256,64,16,183.614
1024,256,64,32,183.838
1024,256,64,64,185.353
1024,256,64,128,213.81
1024,256,64,256,245.394
1024,256,64,512,306.556
1024,256,64,1024,454.352
1024,256,64,2048,758.338
1024,256,64,4096,1335.63
1024,256,64,8192,2448.19
1024,256,64,16384,4730.47
1024,256,128,16,268.989
1024,256,128,32,270.28
1024,256,128,64,272.04
1024,256,128,128,329.074
1024,256,128,256,392.732
1024,256,128,512,554.351
1024,256,128,1024,900.289
1024,256,128,2048,2370.87
1024,256,128,4096,4637.73
1024,256,128,8192,9157.21
1024,256,128,16384,18131.7
1024,512,0,0,112.393
1024,512,1,16,112.042
1024,512,1,32,112.138
1024,512,1,64,112.296
1024,512,1,128,114.558
1024,512,1,256,114.783
1024,512,1,512,115.295
1024,512,1,1024,119.338
1024,512,1,2048,142.217
1024,512,1,4096,206.995
1024,512,1,8192,334.482
1024,512,1,16384,590.04
1024,512,2,16,112.926
1024,512,2,32,113.193
1024,512,2,64,113.076
1024,512,2,128,115.252
1024,512,2,256,116.425
1024,512,2,512,120.126
1024,512,2,1024,126.174
1024,512,2,2048,151.422
1024,512,2,4096,217.384
1024,512,2,8192,344.123
1024,512,2,16384,601.379
1024,512,4,16,117.385
1024,512,4,32,117.737
1024,512,4,64,117.396
1024,512,4,128,120.574
1024,512,4,256,123.22
1024,512,4,512,127.7
1024,512,4,1024,135.038
1024,512,4,2048,165.438
1024,512,4,4096,241.063
1024,512,4,8192,368.86
1024,512,4,16384,624.9
1024,512,8,16,123.605
1024,512,8,32,122.964
1024,512,8,64,123.775
1024,512,8,128,128.041
1024,512,8,256,132.212
1024,512,8,512,139.71
1024,512,8,1024,150.761
1024,512,8,2048,201.971
1024,512,8,4096,312.38
1024,512,8,8192,547.033
1024,512,8,16384,865.493
1024,512,16,16,136.862
1024,512,16,32,136.212
1024,512,16,64,137.641
1024,512,16,128,145.375
1024,512,16,256,152.158
1024,512,16,512,167.39
1024,512,16,1024,191.944
1024,512,16,2048,275.133
1024,512,16,4096,440.945
1024,512,16,8192,777.559
1024,512,16,16384,1297.24
1024,512,32,16,160.254
1024,512,32,32,160.51
1024,512,32,64,161.332
1024,512,32,128,175.71
1024,512,32,256,191.145
1024,512,32,512,220.669
1024,512,32,1024,278.247
1024,512,32,2048,425.221
1024,512,32,4096,719.33
1024,512,32,8192,1267.62
1024,512,32,16384,2305.28
1024,512,64,16,204.51
1024,512,64,32,205.331
1024,512,64,64,206.142
1024,512,64,128,235.251
1024,512,64,256,265.927
1024,512,64,512,328.828
1024,512,64,1024,467.953
1024,512,64,2048,784.812
1024,512,64,4096,1381.48
1024,512,64,8192,2488.68
1024,512,64,16384,4761.1
1024,512,128,16,289.863
1024,512,128,32,292.317
1024,512,128,64,294.055
1024,512,128,128,350.503
1024,512,128,256,414.022
1024,512,128,512,567.865
1024,512,128,1024,907.563
1024,512,128,2048,2366.52
1024,512,128,4096,4640.73
1024,512,128,8192,9119.35
1024,512,128,16384,18126.9
1024,1024,0,0,144.446
1024,1024,1,16,149.823
1024,1024,1,32,150.302
1024,1024,1,64,150.067
1024,1024,1,128,154.601
1024,1024,1,256,156.307
1024,1024,1,512,158.387
1024,1024,1,1024,163.049
1024,1024,1,2048,170.611
1024,1024,1,4096,238.408
1024,1024,1,8192,366.631
1024,1024,1,16384,620.995
1024,1024,2,16,151.614
1024,1024,2,32,151.091
1024,1024,2,64,151.668
1024,1024,2,128,153.875
1024,1024,2,256,158.056
1024,1024,2,512,163.273
1024,1024,2,1024,167.422
1024,1024,2,2048,180.211
1024,1024,2,4096,248.434
1024,1024,2,8192,376.39
1024,1024,2,16384,632.78
1024,1024,4,16,156.062
1024,1024,4,32,157.022
1024,1024,4,64,157.064
1024,1024,4,128,160.318
1024,1024,4,256,164.169
1024,1024,4,512,166.601
1024,1024,4,1024,175.731
1024,1024,4,2048,195.187
1024,1024,4,4096,281.703
1024,1024,4,8192,413.425
1024,1024,4,16384,670.798
1024,1024,8,16,163.038
1024,1024,8,32,162.558
1024,1024,8,64,163.219
1024,1024,8,128,168.851
1024,1024,8,256,172.969
1024,1024,8,512,181.16
1024,1024,8,1024,193.789
1024,1024,8,2048,228.425
1024,1024,8,4096,339.346
1024,1024,8,8192,551.001
1024,1024,8,16384,995.455
1024,1024,16,16,176.179
1024,1024,16,32,176.766
1024,1024,16,64,176.946
1024,1024,16,128,184.84
1024,1024,16,256,193.01
1024,1024,16,512,208.157
1024,1024,16,1024,235.88
1024,1024,16,2048,303.357
1024,1024,16,4096,475.056
1024,1024,16,8192,820.032
1024,1024,16,16384,1405.16
1024,1024,32,16,200.573
1024,1024,32,32,201.214
1024,1024,32,64,201.673
1024,1024,32,128,215.731
1024,1024,32,256,232.04
1024,1024,32,512,262.621
1024,1024,32,1024,320.573
1024,1024,32,2048,453.883
1024,1024,32,4096,770.753
1024,1024,32,8192,1466.07
1024,1024,32,16384,2674.66
1024,1024,64,16,245.212
1024,1024,64,32,246.024
1024,1024,64,64,246.941
1024,1024,64,128,277.17
1024,1024,64,256,308.732
1024,1024,64,512,372.71
1024,1024,64,1024,497.349
1024,1024,64,2048,828.492
1024,1024,64,4096,1602.37
1024,1024,64,8192,2721.76
1024,1024,64,16384,4905.75
1024,1024,128,16,333.362
1024,1024,128,32,334.034
1024,1024,128,64,336.039
1024,1024,128,128,393.99
1024,1024,128,256,457.424
1024,1024,128,512,606.254
1024,1024,128,1024,929.386
1024,1024,128,2048,2378.25
1024,1024,128,4096,4622.64
1024,1024,128,8192,9179.54
1024,1024,128,16384,18131.2
1024,2048,0,0,207.25
1024,2048,1,16,213.298
1024,2048,1,32,213.395
1024,2048,1,64,213.779
1024,2048,1,128,217.501
1024,2048,1,256,222.312
1024,2048,1,512,229.203
1024,2048,1,1024,246.163
1024,2048,1,2048,258.823
1024,2048,1,4096,297.628
1024,2048,1,8192,429.796
1024,2048,1,16384,686.593
1024,2048,2,16,214.781
1024,2048,2,32,214.334
1024,2048,2,64,214.419
1024,2048,2,128,217.95
1024,2048,2,256,223.368
1024,2048,2,512,239.837
1024,2048,2,1024,250.162
1024,2048,2,2048,262.876
1024,2048,2,4096,307.431
1024,2048,2,8192,440.603
1024,2048,2,16384,695.735
1024,2048,4,16,220.509
1024,2048,4,32,220.104
1024,2048,4,64,220.488
1024,2048,4,128,228.094
1024,2048,4,256,235.442
1024,2048,4,512,251.325
1024,2048,4,1024,262.642
1024,2048,4,2048,270.642
1024,2048,4,4096,325.308
1024,2048,4,8192,509.156
1024,2048,4,16384,765.911
1024,2048,8,16,226.963
1024,2048,8,32,227.443
1024,2048,8,64,227.624
1024,2048,8,128,238.546
1024,2048,8,256,252.989
1024,2048,8,512,265.672
1024,2048,8,1024,276.732
1024,2048,8,2048,291.879
1024,2048,8,4096,394.907
1024,2048,8,8192,623.044
1024,2048,8,16384,1076.5
1024,2048,16,16,246.429
1024,2048,16,32,247.581
1024,2048,16,64,247.261
1024,2048,16,128,265.735
1024,2048,16,256,276.146
1024,2048,16,512,290.29
1024,2048,16,1024,320.284
1024,2048,16,2048,365.585
1024,2048,16,4096,532.89
1024,2048,16,8192,886.442
1024,2048,16,16384,1610.2
1024,2048,32,16,281.233
1024,2048,32,32,281.959
1024,2048,32,64,281.927
1024,2048,32,128,298.215
1024,2048,32,256,313.074
1024,2048,32,512,344.38
1024,2048,32,1024,405.349
1024,2048,32,2048,520.986
1024,2048,32,4096,827.554
1024,2048,32,8192,1894.36
1024,2048,32,16384,3607.88
1024,2048,64,16,326.449
1024,2048,64,32,327.207
1024,2048,64,64,328.53
1024,2048,64,128,358.438
1024,2048,64,256,391.142
1024,2048,64,512,455.311
1024,2048,64,1024,589.21
1024,2048,64,2048,915.073
1024,2048,64,4096,2297.63
1024,2048,64,8192,4465.7
1024,2048,64,16384,8464.95
1024,2048,128,16,415.249
1024,2048,128,32,417.286
1024,2048,128,64,419.014
1024,2048,128,128,478.544
1024,2048,128,256,543.343
1024,2048,128,512,687.086
1024,2048,128,1024,991.316
1024,2048,128,2048,2389.44
1024,2048,128,4096,4634.69
1024,2048,128,8192,9134.18
1024,2048,128,16384,18131.9
1024,4096,0,0,334.246
1024,4096,1,16,340.658
1024,4096,1,32,341.148
1024,4096,1,64,340.028
1024,4096,1,128,344.465
1024,4096,1,256,348.294
1024,4096,1,512,356.049
1024,4096,1,1024,372.753
1024,4096,1,2048,405.904
1024,4096,1,4096,450.682
1024,4096,1,8192,552.259
1024,4096,1,16384,811.361
1024,4096,2,16,341.766
1024,4096,2,32,341.628
1024,4096,2,64,341.936
1024,4096,2,128,345.115
1024,4096,2,256,350.171
1024,4096,2,512,367.696
1024,4096,2,1024,397.296
1024,4096,2,2048,442.021
1024,4096,2,4096,453.253
1024,4096,2,8192,562.286
1024,4096,2,16384,823.743
1024,4096,4,16,346.736
1024,4096,4,32,347.218
1024,4096,4,64,347.185
1024,4096,4,128,353.511
1024,4096,4,256,361.586
1024,4096,4,512,378.8
1024,4096,4,1024,412.133
1024,4096,4,2048,452.143
1024,4096,4,4096,461.968
1024,4096,4,8192,580.611
1024,4096,4,16384,956.969
1024,4096,8,16,353.307
1024,4096,8,32,352.828
1024,4096,8,64,353.713
1024,4096,8,128,365.36
1024,4096,8,256,378.896
1024,4096,8,512,405.477
1024,4096,8,1024,450.853
1024,4096,8,2048,467.044
1024,4096,8,4096,480.9
1024,4096,8,8192,714.135
1024,4096,8,16384,1206.39
1024,4096,16,16,372.838
1024,4096,16,32,373.36
1024,4096,16,64,373.468
1024,4096,16,128,393.915
1024,4096,16,256,417.211
1024,4096,16,512,455.194
1024,4096,16,1024,483.087
1024,4096,16,2048,543.577
1024,4096,16,4096,621.838
1024,4096,16,8192,987.86
1024,4096,16,16384,1743.09
1024,4096,32,16,414.907
1024,4096,32,32,414.534
1024,4096,32,64,416.443
1024,4096,32,128,452.517
1024,4096,32,256,479.375
1024,4096,32,512,509.146
1024,4096,32,1024,567.054
1024,4096,32,2048,691.725
1024,4096,32,4096,931.594
1024,4096,32,8192,1790.54
1024,4096,32,16384,4056.43
1024,4096,64,16,490.522
1024,4096,64,32,490.917
1024,4096,64,64,491.12
1024,4096,64,128,521.999
1024,4096,64,256,553.551
1024,4096,64,512,619.406
1024,4096,64,1024,750.305
1024,4096,64,2048,1022.43
1024,4096,64,4096,1790.01
1024,4096,64,8192,4532.64
1024,4096,64,16384,8882.14
1024,4096,128,16,577.316
1024,4096,128,32,578.841
1024,4096,128,64,580.622
1024,4096,128,128,641.998
1024,4096,128,256,707.938
1024,4096,128,512,844.246
1024,4096,128,1024,1144.95
1024,4096,128,2048,2408.85
1024,4096,128,4096,4659.63
1024,4096,128,8192,9174.06
1024,4096,128,16384,18130.3
1024,8192,0,0,587.448
1024,8192,1,16,592.484
1024,8192,1,32,592.569
1024,8192,1,64,592.973
1024,8192,1,128,596.985
1024,8192,1,256,600.611
1024,8192,1,512,609.166
1024,8192,1,1024,625.528
1024,8192,1,2048,660.301
1024,8192,1,4096,725.346
1024,8192,1,8192,830.314
1024,8192,1,16384,1063.07
1024,8192,2,16,594.362
1024,8192,2,32,594.456
1024,8192,2,64,595.747
1024,8192,2,128,599.16
1024,8192,2,256,603.8
1024,8192,2,512,619.245
1024,8192,2,1024,651.619
1024,8192,2,2048,715.235
1024,8192,2,4096,823.733
1024,8192,2,8192,837.94
1024,8192,2,16384,1071.34
1024,8192,4,16,599.118
1024,8192,4,32,600.515
1024,8192,4,64,600.792
1024,8192,4,128,607.918
1024,8192,4,256,616.749
1024,8192,4,512,632.067
1024,8192,4,1024,665.112
1024,8192,4,2048,730.518
1024,8192,4,4096,833.312
1024,8192,4,8192,843.914
1024,8192,4,16384,1090.02
1024,8192,8,16,606.179
1024,8192,8,32,607.736
1024,8192,8,64,606.968
1024,8192,8,128,617.901
1024,8192,8,256,631.842
1024,8192,8,512,659.063
1024,8192,8,1024,715.82
1024,8192,8,2048,819.531
1024,8192,8,4096,848.19
1024,8192,8,8192,863.466
1024,8192,8,16384,1355.62
1024,8192,16,16,626.221
1024,8192,16,32,626.04
1024,8192,16,64,626.946
1024,8192,16,128,647.384
1024,8192,16,256,669.454
1024,8192,16,512,714.412
1024,8192,16,1024,794.209
1024,8192,16,2048,863.434
1024,8192,16,4096,989.567
1024,8192,16,8192,1133.91
1024,8192,16,16384,1908.5
1024,8192,32,16,668.653
1024,8192,32,32,669.571
1024,8192,32,64,669.634
1024,8192,32,128,705.912
1024,8192,32,256,744.929
1024,8192,32,512,821.121
1024,8192,32,1024,897.823
1024,8192,32,2048,1014.05
1024,8192,32,4096,1270.88
1024,8192,32,8192,1733.49
1024,8192,32,16384,4178.47
1024,8192,64,16,753.751
1024,8192,64,32,754.967
1024,8192,64,64,756.503
1024,8192,64,128,824.673
1024,8192,64,256,884.16
1024,8192,64,512,945.781
1024,8192,64,1024,1074.12
1024,8192,64,2048,1340.5
1024,8192,64,4096,2005.44
1024,8192,64,8192,4261.55
1024,8192,64,16384,8967.76
1024,8192,128,16,906.283
1024,8192,128,32,907.296
1024,8192,128,64,909.515
1024,8192,128,128,968.661
1024,8192,128,256,1033.74
1024,8192,128,512,1168.59
1024,8192,128,1024,1460.26
1024,8192,128,2048,2515.17
1024,8192,128,4096,4701.25
1024,8192,128,8192,9200.29
1024,8192,128,16384,18168.8
1024,16384,0,0,1095.56
1024,16384,1,16,1101.38
1024,16384,1,32,1101.33
1024,16384,1,64,1101.76
1024,16384,1,128,1106.32
1024,16384,1,256,1110.48
1024,16384,1,512,1118.13
1024,16384,1,1024,1135.22
1024,16384,1,2048,1168.51
1024,16384,1,4096,1231.76
1024,16384,1,8192,1363.05
1024,16384,1,16384,1596.67
1024,16384,2,16,1103.71
1024,16384,2,32,1102.98
1024,16384,2,64,1103.32
1024,16384,2,128,1107.23
1024,16384,2,256,1112.41
1024,16384,2,512,1128.72
1024,16384,2,1024,1160.06
1024,16384,2,2048,1225.62
1024,16384,2,4096,1354.73
1024,16384,2,8192,1589.83
1024,16384,2,16384,1603.61
1024,16384,4,16,1109.54
1024,16384,4,32,1110.54
1024,16384,4,64,1108.91
1024,16384,4,128,1116.5
1024,16384,4,256,1125.66
1024,16384,4,512,1141.53
1024,16384,4,1024,1174.26
1024,16384,4,2048,1240.22
1024,16384,4,4096,1369.55
1024,16384,4,8192,1597.46
1024,16384,4,16384,1616.9
1024,16384,8,16,1114.26
1024,16384,8,32,1114.88
1024,16384,8,64,1115.8
1024,16384,8,128,1126.69
1024,16384,8,256,1141.64
1024,16384,8,512,1169.3
1024,16384,8,1024,1225.02
1024,16384,8,2048,1328.45
1024,16384,8,4096,1519.67
1024,16384,8,8192,1616.01
1024,16384,8,16384,1632.96
1024,16384,16,16,1135.38
1024,16384,16,32,1135.47
1024,16384,16,64,1137.34
1024,16384,16,128,1157.33
1024,16384,16,256,1179.98
1024,16384,16,512,1223.64
1024,16384,16,1024,1303.4
1024,16384,16,2048,1464.73
1024,16384,16,4096,1630.4
1024,16384,16,8192,1891.58
1024,16384,16,16384,2166.6
1024,16384,32,16,1178.4
1024,16384,32,32,1178.12
1024,16384,32,64,1180.53
1024,16384,32,128,1216.37
1024,16384,32,256,1256.16
1024,16384,32,512,1332.86
1024,16384,32,1024,1482.64
1024,16384,32,2048,1684.73
1024,16384,32,4096,1917.57
1024,16384,32,8192,2447.3
1024,16384,32,16384,3382.98
1024,16384,64,16,1265.97
1024,16384,64,32,1266.8
1024,16384,64,64,1268.47
1024,16384,64,128,1335.8
1024,16384,64,256,1408.43
1024,16384,64,512,1552.09
1024,16384,64,1024,1737.3
1024,16384,64,2048,2008.91
1024,16384,64,4096,2682.69
1024,16384,64,8192,4360.73
1024,16384,64,16384,8708.62
1024,16384,128,16,1439.5
1024,16384,128,32,1440.19
1024,16384,128,64,1444.62
1024,16384,128,128,1573.77
1024,16384,128,256,1693.24
1024,16384,128,512,1823.62
1024,16384,128,1024,2113.51
1024,16384,128,2048,2907.9
1024,16384,128,4096,4915.97
1024,16384,128,8192,9308.05
1024,16384,128,16384,18240.2
2048,0,0,0,203.187
2048,0,1,16,205.469
2048,0,1,32,205.064
2048,0,1,64,205.182
2048,0,1,128,205.811
2048,0,1,256,206.29
2048,0,1,512,207.144
2048,0,1,1024,210.269
2048,0,1,2048,216.285
2048,0,1,4096,284.722
2048,0,1,8192,412.059
2048,0,1,16384,668.151
2048,0,2,16,206.547
2048,0,2,32,206.482
2048,0,2,64,206.11
2048,0,2,128,208.029
2048,0,2,256,209.426
2048,0,2,512,210.696
2048,0,2,1024,213.747
2048,0,2,2048,227.303
2048,0,2,4096,298.919
2048,0,2,8192,430.171
2048,0,2,16384,685.772
2048,0,4,16,210.248
2048,0,4,32,210.621
2048,0,4,64,211.261
2048,0,4,128,213.437
2048,0,4,256,215.272
2048,0,4,512,219.688
2048,0,4,1024,225.704
2048,0,4,2048,248.093
2048,0,4,4096,332.561
2048,0,4,8192,476.123
2048,0,4,16384,732.45
2048,0,8,16,219.208
2048,0,8,32,219.09
2048,0,8,64,219.005
2048,0,8,128,223.197
2048,0,8,256,226.141
2048,0,8,512,233.971
2048,0,8,1024,248.157
2048,0,8,2048,287.922
2048,0,8,4096,396.902
2048,0,8,8192,611.427
2048,0,8,16384,1083.11
2048,0,16,16,235.112
2048,0,16,32,235.752
2048,0,16,64,235.88
2048,0,16,128,243.144
2048,0,16,256,251.496
2048,0,16,512,266.429
2048,0,16,1024,294.93
2048,0,16,2048,367.035
2048,0,16,4096,533.498
2048,0,16,8192,872.874
2048,0,16,16384,1550.95
2048,0,32,16,270.567
2048,0,32,32,271.133
2048,0,32,64,270.929
2048,0,32,128,285.651
2048,0,32,256,301.009
2048,0,32,512,329.991
2048,0,32,1024,388.784
2048,0,32,2048,529.7
2048,0,32,4096,824.715
2048,0,32,8192,1728.9
2048,0,32,16384,3168.69
2048,0,64,16,337.628
2048,0,64,32,338.171
2048,0,64,64,339.057
2048,0,64,128,367.153
2048,0,64,256,397.894
2048,0,64,512,458.511
2048,0,64,1024,588.025
2048,0,64,2048,906.944
2048,0,64,4096,1880.31
2048,0,64,8192,3251.1
2048,0,64,16384,5217.18
2048,0,128,16,467.247
2048,0,128,32,469.008
2048,0,128,64,470.202
2048,0,128,128,527.077
2048,0,128,256,587.77
2048,0,128,512,719.906
2048,0,128,1024,1043.67
2048,0,128,2048,2403.59
2048,0,128,4096,4654.26
2048,0,128,8192,9173.95
2048,0,128,16384,18171
2048,16,0,0,214.6
2048,16,1,16,215.208
2048,16,1,32,215.378
2048,16,1,64,215.827
2048,16,1,128,216.264
2048,16,1,256,216.808
2048,16,1,512,217.884
2048,16,1,1024,220.029
2048,16,1,2048,222.962
2048,16,1,4096,291.228
2048,16,1,8192,420.357
2048,16,1,16384,676.577
2048,16,2,16,216.829
2048,16,2,32,216.734
2048,16,2,64,217.096
2048,16,2,128,218.387
2048,16,2,256,219.101
2048,16,2,512,221.277
2048,16,2,1024,224.679
2048,16,2,2048,234.697
2048,16,2,4096,307.335
2048,16,2,8192,439.216
2048,16,2,16384,695.438
2048,16,4,16,221.277
2048,16,4,32,221.757
2048,16,4,64,221.758
2048,16,4,128,223.282
2048,16,4,256,226.419
2048,16,4,512,229.448
2048,16,4,1024,237.128
2048,16,4,2048,255.303
2048,16,4,4096,339.569
2048,16,4,8192,486.415
2048,16,4,16384,740.898
2048,16,8,16,229.48
2048,16,8,32,229.682
2048,16,8,64,229.543
2048,16,8,128,234.355
2048,16,8,256,237.267
2048,16,8,512,245.426
2048,16,8,1024,260.274
2048,16,8,2048,294.642
2048,16,8,4096,405.894
2048,16,8,8192,618.189
2048,16,8,16384,1083.62
2048,16,16,16,245.277
2048,16,16,32,245.693
2048,16,16,64,246.088
2048,16,16,128,255.058
2048,16,16,256,261.149
2048,16,16,512,277.511
2048,16,16,1024,305.756
2048,16,16,2048,374.95
2048,16,16,4096,542.308
2048,16,16,8192,882.421
2048,16,16,16384,1580.58
2048,16,32,16,280.754
2048,16,32,32,280.85
2048,16,32,64,281.106
2048,16,32,128,296.135
2048,16,32,256,311.25
2048,16,32,512,341.159
2048,16,32,1024,399.43
2048,16,32,2048,537.178
2048,16,32,4096,836.672
2048,16,32,8192,1763.57
2048,16,32,16384,3241.57
2048,16,64,16,348.251
2048,16,64,32,348.306
2048,16,64,64,350.012
2048,16,64,128,377.616
2048,16,64,256,408.87
2048,16,64,512,468.528
2048,16,64,1024,595.812
2048,16,64,2048,914.165
2048,16,64,4096,1923.4
2048,16,64,8192,3667.67
2048,16,64,16384,5318.72
2048,16,128,16,478.49
2048,16,128,32,480.325
2048,16,128,64,480.879
2048,16,128,128,537.678
2048,16,128,256,598.372
2048,16,128,512,729.463
2048,16,128,1024,1049.78
2048,16,128,2048,2404.34
2048,16,128,4096,4655.63
2048,16,128,8192,9155.91
2048,16,128,16384,18163.5
2048,32,0,0,214.973
2048,32,1,16,216.168
2048,32,1,32,215.827
2048,32,1,64,215.987
2048,32,1,128,216.189
2048,32,1,256,217.01
2048,32,1,512,217.331
2048,32,1,1024,219.666
2048,32,1,2048,222.685
2048,32,1,4096,292.614
2048,32,1,8192,419.12
2048,32,1,16384,675.703
2048,32,2,16,217.64
2048,32,2,32,216.467
2048,32,2,64,216.969
2048,32,2,128,218.216
2048,32,2,256,219.559
2048,32,2,512,221.502
2048,32,2,1024,225.096
2048,32,2,2048,234.568
2048,32,2,4096,307.463
2048,32,2,8192,438.853
2048,32,2,16384,693.517
2048,32,4,16,220.882
2048,32,4,32,220.626
2048,32,4,64,221.363
2048,32,4,128,223.805
2048,32,4,256,225.725
2048,32,4,512,229.895
2048,32,4,1024,237.106
2048,32,4,2048,254.834
2048,32,4,4096,339.9
2048,32,4,8192,486.021
2048,32,4,16384,741.538
2048,32,8,16,229.159
2048,32,8,32,229.213
2048,32,8,64,229.373
2048,32,8,128,234.12
2048,32,8,256,237.597
2048,32,8,512,245.586
2048,32,8,1024,260.136
2048,32,8,2048,294.567
2048,32,8,4096,405.936
2048,32,8,8192,618.435
2048,32,8,16384,1082.79
2048,32,16,16,245.671
2048,32,16,32,245.991
2048,32,16,64,245.447
2048,32,16,128,253.992
2048,32,16,256,260.904
2048,32,16,512,277.597
2048,32,16,1024,306.129
2048,32,16,2048,374.993
2048,32,16,4096,542.19
2048,32,16,8192,881.632
2048,32,16,16384,1576.62
2048,32,32,16,280.434
2048,32,32,32,281.042
2048,32,32,64,281.575
2048,32,32,128,295.271
2048,32,32,256,310.93
2048,32,32,512,340.263
2048,32,32,1024,399.675
2048,32,32,2048,536.922
2048,32,32,4096,837.717
2048,32,32,8192,1771.47
2048,32,32,16384,3270.33
2048,32,64,16,347.868
2048,32,64,32,348.753
2048,32,64,64,349.873
2048,32,64,128,377.777
2048,32,64,256,408.4
2048,32,64,512,468.58
2048,32,64,1024,595.79
2048,32,64,2048,913.899
2048,32,64,4096,1918.54
2048,32,64,8192,3565.13
2048,32,64,16384,5297.77
2048,32,128,16,478.437
2048,32,128,32,479.547
2048,32,128,64,480.614
2048,32,128,128,537.914
2048,32,128,256,597.572
2048,32,128,512,728.707
2048,32,128,1024,1049.4
2048,32,128,2048,2407.32
2048,32,128,4096,4652.05
2048,32,128,8192,9210.45
2048,32,128,16384,18173.1
2048,64,0,0,215.056
2048,64,1,16,216.262
2048,64,1,32,216.037
2048,64,1,64,216.058
2048,64,1,128,216.613
2048,64,1,256,217.125
2048,64,1,512,218.138
2048,64,1,1024,220.315
2048,64,1,2048,223.077
2048,64,1,4096,291.993
2048,64,1,8192,419.595
2048,64,1,16384,676.388
2048,64,2,16,217.296
2048,64,2,32,217.381
2048,64,2,64,216.837
2048,64,2,128,218.148
2048,64,2,256,219.194
2048,64,2,512,221.402
2048,64,2,1024,224.752
2048,64,2,2048,234.34
2048,64,2,4096,307.16
2048,64,2,8192,438.453
2048,64,2,16384,694.02
2048,64,4,16,221.306
2048,64,4,32,220.816
2048,64,4,64,221.808
2048,64,4,128,223.397
2048,64,4,256,225.701
2048,64,4,512,230.853
2048,64,4,1024,236.634
2048,64,4,2048,255.737
2048,64,4,4096,340.194
2048,64,4,8192,486.281
2048,64,4,16384,741.56
2048,64,8,16,229.956
2048,64,8,32,229.744
2048,64,8,64,230.362
2048,64,8,128,233.957
2048,64,8,256,237.562
2048,64,8,512,245.455
2048,64,8,1024,260.388
2048,64,8,2048,295.16
2048,64,8,4096,406.005
2048,64,8,8192,619.238
2048,64,8,16384,1082.26
2048,64,16,16,244.879
2048,64,16,32,246.415
2048,64,16,64,246.671
2048,64,16,128,254.105
2048,64,16,256,260.964
2048,64,16,512,277.231
2048,64,16,1024,306.03
2048,64,16,2048,375.095
2048,64,16,4096,542.471
2048,64,16,8192,880.671
2048,64,16,16384,1576.51
2048,64,32,16,280.654
2048,64,32,32,280.825
2048,64,32,64,282.062
2048,64,32,128,296.376
2048,64,32,256,310.68
2048,64,32,512,341.228
2048,64,32,1024,398.859
2048,64,32,2048,537.298
2048,64,32,4096,836.63
2048,64,32,8192,1771.87
2048,64,32,16384,3245.44
2048,64,64,16,348.013
2048,64,64,32,349.207
2048,64,64,64,349.485
2048,64,64,128,378.178
2048,64,64,256,408.256
2048,64,64,512,468.266
2048,64,64,1024,595.932
2048,64,64,2048,914.772
2048,64,64,4096,1929.1
2048,64,64,8192,3628.7
2048,64,64,16384,5284.19
2048,64,128,16,478.367
2048,64,128,32,479.455
2048,64,128,64,481.076
2048,64,128,128,537.47
2048,64,128,256,598.876
2048,64,128,512,729.902
2048,64,128,1024,1049.97
2048,64,128,2048,2402.8
2048,64,128,4096,4656.96
2048,64,128,8192,9149.47
2048,64,128,16384,18155.7
2048,128,0,0,221.093
2048,128,1,16,223.546
2048,128,1,32,223.546
2048,128,1,64,223.205
2048,128,1,128,223.76
2048,128,1,256,223.61
2048,128,1,512,226.587
2048,128,1,1024,228.485
2048,128,1,2048,231.877
2048,128,1,4096,299.193
2048,128,1,8192,428.554
2048,128,1,16384,684.026
2048,128,2,16,225.413
2048,128,2,32,224.506
2048,128,2,64,224.709
2048,128,2,128,225.712
2048,128,2,256,226.458
2048,128,2,512,228.858
2048,128,2,1024,232.922
2048,128,2,2048,241.711
2048,128,2,4096,315.139
2048,128,2,8192,447.509
2048,128,2,16384,703.279
2048,128,4,16,228.751
2048,128,4,32,228.997
2048,128,4,64,228.987
2048,128,4,128,231.748
2048,128,4,256,233.156
2048,128,4,512,237.487
2048,128,4,1024,244.271
2048,128,4,2048,262.681
2048,128,4,4096,348.418
2048,128,4,8192,497.471
2048,128,4,16384,753.666
2048,128,8,16,236.635
2048,128,8,32,236.709
2048,128,8,64,236.282
2048,128,8,128,241.029
2048,128,8,256,244.858
2048,128,8,512,252.272
2048,128,8,1024,267.534
2048,128,8,2048,302.883
2048,128,8,4096,414.475
2048,128,8,8192,626.277
2048,128,8,16384,1083.57
2048,128,16,16,254.137
2048,128,16,32,253.957
2048,128,16,64,254.532
2048,128,16,128,261.007
2048,128,16,256,268.772
2048,128,16,512,284.313
2048,128,16,1024,313.593
2048,128,16,2048,382.507
2048,128,16,4096,550.856
2048,128,16,8192,889.375
2048,128,16,16384,1593.56
2048,128,32,16,288.75
2048,128,32,32,288.078
2048,128,32,64,288.996
2048,128,32,128,303.268
2048,128,32,256,318.851
2048,128,32,512,349.324
2048,128,32,1024,406.924
2048,128,32,2048,544.915
2048,128,32,4096,846.165
2048,128,32,8192,1788.29
2048,128,32,16384,3316.87
2048,128,64,16,356.109
2048,128,64,32,356.066
2048,128,64,64,356.482
2048,128,64,128,386.017
2048,128,64,256,416.673
2048,128,64,512,475.786
2048,128,64,1024,602.897
2048,128,64,2048,921.001
2048,128,64,4096,1950.67
2048,128,64,8192,3583.99
2048,128,64,16384,5429.45
2048,128,128,16,485.172
2048,128,128,32,486.484
2048,128,128,64,488.553
2048,128,128,128,545.106
2048,128,128,256,606.013
2048,128,128,512,736.313
2048,128,128,1024,1056.54
2048,128,128,2048,2408.38
2048,128,128,4096,4653.19
2048,128,128,8192,9229.41
2048,128,128,16384,18152.1
2048,256,0,0,240.688
2048,256,1,16,241.349
2048,256,1,32,241.551
2048,256,1,64,240.997
2048,256,1,128,241.509
2048,256,1,256,242.384
2048,256,1,512,243.716
2048,256,1,1024,245.765
2048,256,1,2048,249.21
2048,256,1,4096,312.974
2048,256,1,8192,443.114
2048,256,1,16384,698.585
2048,256,2,16,242.811
2048,256,2,32,242.831
2048,256,2,64,242.906
2048,256,2,128,243.802
2048,256,2,256,244.996
2048,256,2,512,247.791
2048,256,2,1024,250.201
2048,256,2,2048,256.303
2048,256,2,4096,330.466
2048,256,2,8192,463.967
2048,256,2,16384,720.847
2048,256,4,16,246.244
2048,256,4,32,246.639
2048,256,4,64,246.437
2048,256,4,128,249.093
2048,256,4,256,251.609
2048,256,4,512,255.439
2048,256,4,1024,262.586
2048,256,4,2048,278.244
2048,256,4,4096,362.551
2048,256,4,8192,518.109
2048,256,4,16384,775.117
2048,256,8,16,254.276
2048,256,8,32,254.457
2048,256,8,64,254.255
2048,256,8,128,259.321
2048,256,8,256,263.385
2048,256,8,512,271.396
2048,256,8,1024,285.327
2048,256,8,2048,318.52
2048,256,8,4096,429.408
2048,256,8,8192,641.884
2048,256,8,16384,1090.55
2048,256,16,16,271.428
2048,256,16,32,270.607
2048,256,16,64,271.908
2048,256,16,128,279.662
2048,256,16,256,286.852
2048,256,16,512,301.945
2048,256,16,1024,331.042
2048,256,16,2048,397.9
2048,256,16,4096,567.443
2048,256,16,8192,904.96
2048,256,16,16384,1639.71
2048,256,32,16,305.71
2048,256,32,32,305.891
2048,256,32,64,306.062
2048,256,32,128,321.56
2048,256,32,256,337.112
2048,256,32,512,366.572
2048,256,32,1024,426.123
2048,256,32,2048,560.584
2048,256,32,4096,867.83
2048,256,32,8192,1875.74
2048,256,32,16384,3423.79
2048,256,64,16,373.805
2048,256,64,32,373.879
2048,256,64,64,374.721
2048,256,64,128,403.798
2048,256,64,256,434.805
2048,256,64,512,494.335
2048,256,64,1024,619.473
2048,256,64,2048,934.879
2048,256,64,4096,2046.09
2048,256,64,8192,4162.64
2048,256,64,16384,5895.34
2048,256,128,16,503.796
2048,256,128,32,504.607
2048,256,128,64,506.687
2048,256,128,128,563.934
2048,256,128,256,624.54
2048,256,128,512,752.996
2048,256,128,1024,1068.32
2048,256,128,2048,2405.33
2048,256,128,4096,4653.89
2048,256,128,8192,9153.95
2048,256,128,16384,18168.7
2048,512,0,0,276.623
2048,512,1,16,277.796
2048,512,1,32,277.817
2048,512,1,64,277.017
2048,512,1,128,278.009
2048,512,1,256,278.959
2048,512,1,512,279.993
2048,512,1,1024,281.796
2048,512,1,2048,284.461
2048,512,1,4096,343.181
2048,512,1,8192,473.77
2048,512,1,16384,729.774
2048,512,2,16,279.022
2048,512,2,32,278.682
2048,512,2,64,278.894
2048,512,2,128,279.214
2048,512,2,256,280.772
2048,512,2,512,282.734
2048,512,2,1024,286.318
2048,512,2,2048,294.393
2048,512,2,4096,359.756
2048,512,2,8192,498.75
2048,512,2,16384,754.425
2048,512,4,16,283.076
2048,512,4,32,283.619
2048,512,4,64,283.268
2048,512,4,128,284.655
2048,512,4,256,287.022
2048,512,4,512,290.671
2048,512,4,1024,299.416
2048,512,4,2048,312.153
2048,512,4,4096,393.602
2048,512,4,8192,553.501
2048,512,4,16384,816.865
2048,512,8,16,290.148
2048,512,8,32,290.884
2048,512,8,64,290.883
2048,512,8,128,294.649
2048,512,8,256,299.416
2048,512,8,512,306.222
2048,512,8,1024,321.401
2048,512,8,2048,350.306
2048,512,8,4096,462.591
2048,512,8,8192,676.015
2048,512,8,16384,1117.78
2048,512,16,16,306.627
2048,512,16,32,306.915
2048,512,16,64,307.918
2048,512,16,128,315.683
2048,512,16,256,323.096
2048,512,16,512,338.53
2048,512,16,1024,368.045
2048,512,16,2048,429.504
2048,512,16,4096,601.169
2048,512,16,8192,935.967
2048,512,16,16384,1726.83
2048,512,32,16,341.112
2048,512,32,32,341.485
2048,512,32,64,341.891
2048,512,32,128,356.535
2048,512,32,256,372.695
2048,512,32,512,402.699
2048,512,32,1024,461.845
2048,512,32,2048,591.826
2048,512,32,4096,903.658
2048,512,32,8192,2014.81
2048,512,32,16384,3767.28
2048,512,64,16,409.057
2048,512,64,32,409.1
2048,512,64,64,410.241
2048,512,64,128,439.404
2048,512,64,256,470.602
2048,512,64,512,531.55
2048,512,64,1024,655.557
2048,512,64,2048,960.884
2048,512,64,4096,2270.63
2048,512,64,8192,4283.44
2048,512,64,16384,7916.19
2048,512,128,16,540.159
2048,512,128,32,541.183
2048,512,128,64,542.867
2048,512,128,128,599.901
2048,512,128,256,661.115
2048,512,128,512,788.483
2048,512,128,1024,1093.41
2048,512,128,2048,2410.57
2048,512,128,4096,4657
2048,512,128,8192,9220.56
2048,512,128,16384,18158.2
2048,1024,0,0,348.131
2048,1024,1,16,349.795
2048,1024,1,32,348.152
2048,1024,1,64,349.41
2048,1024,1,128,348.792
2048,1024,1,256,349.538
2048,1024,1,512,351.779
2048,1024,1,1024,355.16
2048,1024,1,2048,356.674
2048,1024,1,4096,399.958
2048,1024,1,8192,535.955
2048,1024,1,16384,791.406
2048,1024,2,16,351.074
2048,1024,2,32,351.096
2048,1024,2,64,351.095
2048,1024,2,128,351.479
2048,1024,2,256,353.24
2048,1024,2,512,355.501
2048,1024,2,1024,358.519
2048,1024,2,2048,365.559
2048,1024,2,4096,419.179
2048,1024,2,8192,561.831
2048,1024,2,16384,822.573
2048,1024,4,16,354.562
2048,1024,4,32,354.669
2048,1024,4,64,354.274
2048,1024,4,128,357.047
2048,1024,4,256,359.212
2048,1024,4,512,363.255
2048,1024,4,1024,370.786
2048,1024,4,2048,384.833
2048,1024,4,4096,453.92
2048,1024,4,8192,620.241
2048,1024,4,16384,900.544
2048,1024,8,16,361.73
2048,1024,8,32,361.356
2048,1024,8,64,361.517
2048,1024,8,128,365.037
2048,1024,8,256,370.006
2048,1024,8,512,378.626
2048,1024,8,1024,395.159
2048,1024,8,2048,422.273
2048,1024,8,4096,523.038
2048,1024,8,8192,737.977
2048,1024,8,16384,1168.62
2048,1024,16,16,377.111
2048,1024,16,32,377.665
2048,1024,16,64,378.658
2048,1024,16,128,385.388
2048,1024,16,256,394.273
2048,1024,16,512,409.452
2048,1024,16,1024,440.918
2048,1024,16,2048,498.601
2048,1024,16,4096,660.73
2048,1024,16,8192,998.046
2048,1024,16,16384,1908.15
2048,1024,32,16,410.902
2048,1024,32,32,411.575
2048,1024,32,64,412.182
2048,1024,32,128,427.744
2048,1024,32,256,442.966
2048,1024,32,512,474.869
2048,1024,32,1024,535.284
2048,1024,32,2048,650.939
2048,1024,32,4096,957.758
2048,1024,32,8192,2240.55
2048,1024,32,16384,4251.68
2048,1024,64,16,479.124
2048,1024,64,32,480.629
2048,1024,64,64,481.162
2048,1024,64,128,510.687
2048,1024,64,256,541.449
2048,1024,64,512,604.455
2048,1024,64,1024,732.494
2048,1024,64,2048,1012.6
2048,1024,64,4096,2350.56
2048,1024,64,8192,4569.98
2048,1024,64,16384,8772.26
2048,1024,128,16,612.413
2048,1024,128,32,613.532
2048,1024,128,64,614.781
2048,1024,128,128,672.518
2048,1024,128,256,734.17
2048,1024,128,512,858.487
2048,1024,128,1024,1144.79
2048,1024,128,2048,2408.36
2048,1024,128,4096,4663.32
2048,1024,128,8192,9142.71
2048,1024,128,16384,18128.5
2048,2048,0,0,489.268
2048,2048,1,16,491.039
2048,2048,1,32,490.42
2048,2048,1,64,491.156
2048,2048,1,128,490.794
2048,2048,1,256,491.679
2048,2048,1,512,492.884
2048,2048,1,1024,496.372
2048,2048,1,2048,500.308
2048,2048,1,4096,512.351
2048,2048,1,8192,652.805
2048,2048,1,16384,915.115
2048,2048,2,16,492.234
2048,2048,2,32,491.7
2048,2048,2,64,491.754
2048,2048,2,128,493.28
2048,2048,2,256,493.3
2048,2048,2,512,497.46
2048,2048,2,1024,500.98
2048,2048,2,2048,511.251
2048,2048,2,4096,534.228
2048,2048,2,8192,680.741
2048,2048,2,16384,953.408
2048,2048,4,16,494.687
2048,2048,4,32,495.594
2048,2048,4,64,494.271
2048,2048,4,128,496.042
2048,2048,4,256,499.604
2048,2048,4,512,504.5
2048,2048,4,1024,513.619
2048,2048,4,2048,528.905
2048,2048,4,4096,569.384
2048,2048,4,8192,743.716
2048,2048,4,16384,1067.34
2048,2048,8,16,499.828
2048,2048,8,32,501.119
2048,2048,8,64,500.084
2048,2048,8,128,504.33
2048,2048,8,256,509.918
2048,2048,8,512,520.522
2048,2048,8,1024,536.275
2048,2048,8,2048,566.034
2048,2048,8,4096,641.83
2048,2048,8,8192,868.31
2048,2048,8,16384,1294.78
2048,2048,16,16,514.483
2048,2048,16,32,514.442
2048,2048,16,64,515.23
2048,2048,16,128,524.915
2048,2048,16,256,533.823
2048,2048,16,512,552.808
2048,2048,16,1024,582.194
2048,2048,16,2048,644.7
2048,2048,16,4096,785.208
2048,2048,16,8192,1129.37
2048,2048,16,16384,2120.92
2048,2048,32,16,550.643
2048,2048,32,32,550.633
2048,2048,32,64,552.285
2048,2048,32,128,568.627
2048,2048,32,256,585.821
2048,2048,32,512,617.96
2048,2048,32,1024,679.109
2048,2048,32,2048,798.595
2048,2048,32,4096,1072.33
2048,2048,32,8192,2208.25
2048,2048,32,16384,4452.83
2048,2048,64,16,619.9
2048,2048,64,32,620.242
2048,2048,64,64,620.935
2048,2048,64,128,651.313
2048,2048,64,256,683.046
2048,2048,64,512,746.735
2048,2048,64,1024,883.201
2048,2048,64,2048,1125.98
2048,2048,64,4096,2412.79
2048,2048,64,8192,4686.83
2048,2048,64,16384,9152.93
2048,2048,128,16,753.572
2048,2048,128,32,755.055
2048,2048,128,64,756.218
2048,2048,128,128,815.96
2048,2048,128,256,877.09
2048,2048,128,512,1002.16
2048,2048,128,1024,1274.29
2048,2048,128,2048,2412.28
2048,2048,128,4096,4684.36
2048,2048,128,8192,9176.17
2048,2048,128,16384,18141.4
2048,4096,0,0,768.985
2048,4096,1,16,767.32
2048,4096,1,32,770.351
2048,4096,1,64,769.391
2048,4096,1,128,769.647
2048,4096,1,256,771.449
2048,4096,1,512,772.357
2048,4096,1,1024,776.836
2048,4096,1,2048,793.923
2048,4096,1,4096,812.013
2048,4096,1,8192,892.94
2048,4096,1,16384,1166.24
2048,4096,2,16,769.006
2048,4096,2,32,770.489
2048,4096,2,64,770.372
2048,4096,2,128,771.737
2048,4096,2,256,775.055
2048,4096,2,512,780.503
2048,4096,2,1024,788.856
2048,4096,2,2048,805.793
2048,4096,2,4096,828.195
2048,4096,2,8192,917.931
2048,4096,2,16384,1200.22
2048,4096,4,16,780.931
2048,4096,4,32,779.843
2048,4096,4,64,780.345
2048,4096,4,128,781.795
2048,4096,4,256,783.971
2048,4096,4,512,787.886
2048,4096,4,1024,798.072
2048,4096,4,2048,819.245
2048,4096,4,4096,844.225
2048,4096,4,8192,969.269
2048,4096,4,16384,1336.41
2048,4096,8,16,790.851
2048,4096,8,32,791.491
2048,4096,8,64,792.398
2048,4096,8,128,795.118
2048,4096,8,256,797.604
2048,4096,8,512,804.654
2048,4096,8,1024,821.412
2048,4096,8,2048,852.631
2048,4096,8,4096,905.74
2048,4096,8,8192,1107.4
2048,4096,8,16384,1557.33
2048,4096,16,16,803.289
2048,4096,16,32,803.129
2048,4096,16,64,803.32
2048,4096,16,128,810.488
2048,4096,16,256,818.862
2048,4096,16,512,831.309
2048,4096,16,1024,868.962
2048,4096,16,2048,926.423
2048,4096,16,4096,1033.09
2048,4096,16,8192,1373
2048,4096,16,16384,2210.49
2048,4096,32,16,821.166
2048,4096,32,32,820.399
2048,4096,32,64,822.862
2048,4096,32,128,837.432
2048,4096,32,256,859.042
2048,4096,32,512,900.524
2048,4096,32,1024,967.851
2048,4096,32,2048,1087.68
2048,4096,32,4096,1318.98
2048,4096,32,8192,2200.07
2048,4096,32,16384,4532.37
2048,4096,64,16,890.999
2048,4096,64,32,891.799
2048,4096,64,64,893.239
2048,4096,64,128,931.851
2048,4096,64,256,965.642
2048,4096,64,512,1031.59
2048,4096,64,1024,1159.74
2048,4096,64,2048,1442.51
2048,4096,64,4096,2136.93
2048,4096,64,8192,4728.31
2048,4096,64,16384,9210.03
2048,4096,128,16,1034.67
2048,4096,128,32,1036.54
2048,4096,128,64,1036.96
2048,4096,128,128,1096.79
2048,4096,128,256,1161.17
2048,4096,128,512,1287.65
2048,4096,128,1024,1554.45
2048,4096,128,2048,2436.15
2048,4096,128,4096,4702.19
2048,4096,128,8192,9196.26
2048,4096,128,16384,18153.1
2048,8192,0,0,1295.47
2048,8192,1,16,1302.41
2048,8192,1,32,1302.96
2048,8192,1,64,1303.01
2048,8192,1,128,1305.89
2048,8192,1,256,1312.44
2048,8192,1,512,1315.91
2048,8192,1,1024,1334.64
2048,8192,1,2048,1368.33
2048,8192,1,4096,1399.78
2048,8192,1,8192,1446.78
2048,8192,1,16384,1657.39
2048,8192,2,16,1299.22
2048,8192,2,32,1304.43
2048,8192,2,64,1301.46
2048,8192,2,128,1304.82
2048,8192,2,256,1310.2
2048,8192,2,512,1316.51
2048,8192,2,1024,1334.81
2048,8192,2,2048,1367.07
2048,8192,2,4096,1410.76
2048,8192,2,8192,1461.46
2048,8192,2,16384,1679.65
2048,8192,4,16,1299.9
2048,8192,4,32,1301.78
2048,8192,4,64,1302.49
2048,8192,4,128,1304.38
2048,8192,4,256,1309.18
2048,8192,4,512,1316.15
2048,8192,4,1024,1334.94
2048,8192,4,2048,1367.9
2048,8192,4,4096,1440.01
2048,8192,4,8192,1479.65
2048,8192,4,16384,1740.87
2048,8192,8,16,1303.87
2048,8192,8,32,1304.32
2048,8192,8,64,1306.39
2048,8192,8,128,1310.41
2048,8192,8,256,1311.31
2048,8192,8,512,1321.34
2048,8192,8,1024,1347.44
2048,8192,8,2048,1414.6
2048,8192,8,4096,1484.07
2048,8192,8,8192,1542.46
2048,8192,8,16384,1998.89
2048,8192,16,16,1310.35
2048,8192,16,32,1311.29
2048,8192,16,64,1310.91
2048,8192,16,128,1318.07
2048,8192,16,256,1326.34
2048,8192,16,512,1344.13
2048,8192,16,1024,1395.41
2048,8192,16,2048,1500.78
2048,8192,16,4096,1621.61
2048,8192,16,8192,1818.54
2048,8192,16,16384,2524.65
2048,8192,32,16,1327.96
2048,8192,32,32,1328.59
2048,8192,32,64,1330.48
2048,8192,32,128,1345.55
2048,8192,32,256,1366.33
2048,8192,32,512,1418
2048,8192,32,1024,1523.6
2048,8192,32,2048,1662.18
2048,8192,32,4096,1913.29
2048,8192,32,8192,2358.51
2048,8192,32,16384,4466.49
2048,8192,64,16,1398.04
2048,8192,64,32,1400.1
2048,8192,64,64,1400.25
2048,8192,64,128,1444.47
2048,8192,64,256,1494.05
2048,8192,64,512,1589.21
2048,8192,64,1024,1728.26
2048,8192,64,2048,1995.41
2048,8192,64,4096,2651.71
2048,8192,64,8192,4000.43
2048,8192,64,16384,9285.9
2048,8192,128,16,1570.12
2048,8192,128,32,1572.45
2048,8192,128,64,1575.21
2048,8192,128,128,1657.28
2048,8192,128,256,1726.73
2048,8192,128,512,1854.39
2048,8192,128,1024,2129.66
2048,8192,128,2048,2769.66
2048,8192,128,4096,4744.01
2048,8192,128,8192,9247.51
2048,8192,128,16384,18222
2048,16384,0,0,2308.73
2048,16384,1,16,2317.9
2048,16384,1,32,2318.35
2048,16384,1,64,2314.47
2048,16384,1,128,2319.78
2048,16384,1,256,2322.4
2048,16384,1,512,2334.01
2048,16384,1,1024,2348.19
2048,16384,1,2048,2381.96
2048,16384,1,4096,2445.12
2048,16384,1,8192,2574.59
2048,16384,1,16384,2718
2048,16384,2,16,2319.07
2048,16384,2,32,2317.54
2048,16384,2,64,2319.22
2048,16384,2,128,2322.47
2048,16384,2,256,2325.94
2048,16384,2,512,2335.19
2048,16384,2,1024,2353.83
2048,16384,2,2048,2381.08
2048,16384,2,4096,2450.53
2048,16384,2,8192,2582.56
2048,16384,2,16384,2734.21
2048,16384,4,16,2314.59
2048,16384,4,32,2313.25
2048,16384,4,64,2313.9
2048,16384,4,128,2319.39
2048,16384,4,256,2327.07
2048,16384,4,512,2329.57
2048,16384,4,1024,2345.38
2048,16384,4,2048,2383.87
2048,16384,4,4096,2513.16
2048,16384,4,8192,2710.73
2048,16384,4,16384,2752.68
2048,16384,8,16,2320.31
2048,16384,8,32,2322.36
2048,16384,8,64,2322.04
2048,16384,8,128,2325.84
2048,16384,8,256,2333.61
2048,16384,8,512,2338.61
2048,16384,8,1024,2365.39
2048,16384,8,2048,2428.98
2048,16384,8,4096,2614.79
2048,16384,8,8192,2755.96
2048,16384,8,16384,2812.26
2048,16384,16,16,2321.62
2048,16384,16,32,2323.64
2048,16384,16,64,2321.78
2048,16384,16,128,2330.15
2048,16384,16,256,2340.98
2048,16384,16,512,2356.78
2048,16384,16,1024,2407.54
2048,16384,16,2048,2540.75
2048,16384,16,4096,2773.5
2048,16384,16,8192,3033.44
2048,16384,16,16384,3340.79
2048,16384,32,16,2343.91
2048,16384,32,32,2343.94
2048,16384,32,64,2348.04
2048,16384,32,128,2361.03
2048,16384,32,256,2384.55
2048,16384,32,512,2435.74
2048,16384,32,1024,2541.23
2048,16384,32,2048,2748.93
2048,16384,32,4096,3051.38
2048,16384,32,8192,3606.01
2048,16384,32,16384,4422.39
2048,16384,64,16,2415.94
2048,16384,64,32,2417.32
2048,16384,64,64,2419.33
2048,16384,64,128,2463.51
2048,16384,64,256,2509.87
2048,16384,64,512,2609.17
2048,16384,64,1024,2801.14
2048,16384,64,2048,3134.65
2048,16384,64,4096,3726.92
2048,16384,64,8192,4866.47
2048,16384,64,16384,8851.23
2048,16384,128,16,2591.06
2048,16384,128,32,2591.01
2048,16384,128,64,2593.57
2048,16384,128,128,2676.85
2048,16384,128,256,2768.11
2048,16384,128,512,2948.67
2048,16384,128,1024,3266.32
2048,16384,128,2048,3862.44
2048,16384,128,4096,5180.96
2048,16384,128,8192,9323.64
2048,16384,128,16384,18306.7
