prefill_chunk,kv_prefill,n_decode,kv_decode,time_us
0,0,1,16,6.17533
0,0,1,64,7.872
0,0,1,256,10.986
0,0,1,1024,11.9357
0,0,1,4096,15.5723
0,0,1,16384,32.0297
0,0,2,32,10.218
0,0,2,128,13.652
0,0,2,512,14.4633
0,0,2,2048,18.9323
0,0,2,8192,37.9917
0,0,4,16,10.1533
0,0,4,64,11.5513
0,0,4,256,14.208
0,0,4,1024,17.6523
0,0,4,4096,35.496
0,0,4,16384,98.224
0,0,8,32,10.345
0,0,8,128,14.0683
0,0,8,512,17.2257
0,0,8,2048,34.237
0,0,8,8192,95.9627
0,0,16,16,10.5383
0,0,16,64,12.2447
0,0,16,256,18.9217
0,0,16,1024,34.0997
0,0,16,4096,95.8257
0,0,16,16384,336.505
0,0,32,32,11.221
0,0,32,128,19.572
0,0,32,512,34.249
0,0,32,2048,100.389
0,0,32,8192,338.083
0,0,64,16,12.4263
0,0,64,64,16.2227
0,0,64,256,32.2113
0,0,64,1024,96.752
0,0,64,4096,345.134
0,0,64,16384,1296.68
0,0,128,32,18.1743
0,0,128,128,34.3027
0,0,128,512,95.675
0,0,128,2048,345.208
0,0,128,8192,1321.6
16,0,0,0,8.29833
16,0,1,32,8.26633
16,0,1,128,10.8587
16,0,1,512,21.2363
16,0,1,2048,63.3037
16,0,1,8192,231.722
16,0,2,16,8.181
16,0,2,64,8.213
16,0,2,256,14.2717
16,0,2,1024,35.2623
16,0,2,4096,119.471
16,0,2,16384,455.624
16,0,4,32,8.12733
16,0,4,128,10.773
16,0,4,512,21.236
16,0,4,2048,63.5377
16,0,4,8192,232.232
16,0,8,16,8.04167
16,0,8,64,8.20233
16,0,8,256,14.2717
16,0,8,1024,35.369
16,0,8,4096,120.901
16,0,8,16384,479.603
16,0,16,32,12.981
16,0,16,128,19.423
16,0,16,512,40.7123
16,0,16,2048,126.17
16,0,16,8192,480.412
16,0,32,16,22.3133
16,0,32,64,22.7297
16,0,32,256,49.4697
16,0,32,1024,134.574
16,0,32,4096,480.199
16,0,32,16384,1878.11
16,0,64,32,36.766
16,0,64,128,60.0287
16,0,64,512,134.894
16,0,64,2048,439.113
16,0,64,8192,1794.67
16,16,0,0,8.533
16,16,1,32,8.49033
16,16,1,128,10.8153
16,16,1,512,21.2573
16,16,1,2048,63.282
16,16,1,8192,231.87
16,16,2,16,8.37267
16,16,2,64,8.447
16,16,2,256,14.26
16,16,2,1024,35.198
16,16,2,4096,119.332
16,16,2,16384,455.795
16,16,4,32,8.30933
16,16,4,128,10.7943
16,16,4,512,21.1937
16,16,4,2048,63.581
16,16,4,8192,232.01
16,16,8,16,8.26633
16,16,8,64,8.51167
16,16,8,256,14.2603
16,16,8,1024,35.4757
16,16,8,4096,120.911
16,16,8,16384,478.194
16,16,16,32,13.119
16,16,16,128,19.3697
16,16,16,512,40.787
16,16,16,2048,126.094
16,16,16,8192,479.741
16,16,32,16,22.495
16,16,32,64,22.985
16,16,32,256,49.256
16,16,32,1024,134.628
16,16,32,4096,479.922
16,16,32,16384,1878.71
16,16,64,32,36.9683
16,16,64,128,60.0187
16,16,64,512,134.734
16,16,64,2048,439.007
16,16,64,8192,1798.63
16,32,0,0,8.554
16,32,1,32,8.565
16,32,1,128,10.9113
16,32,1,512,21.1937
16,32,1,2048,63.314
16,32,1,8192,231.71
16,32,2,16,8.426
16,32,2,64,8.48967
16,32,2,256,14.2817
16,32,2,1024,35.187
16,32,2,4096,119.353
16,32,2,16384,456.168
16,32,4,32,8.30833
16,32,4,128,10.7513
16,32,4,512,21.1723
16,32,4,2048,63.5587
16,32,4,8192,232.169
16,32,8,16,8.341
16,32,8,64,8.49
16,32,8,256,14.3453
16,32,8,1024,35.507
16,32,8,4096,120.975
16,32,8,16384,477.479
16,32,16,32,13.1503
16,32,16,128,19.423
16,32,16,512,40.6917
16,32,16,2048,126.287
16,32,16,8192,479.486
16,32,32,16,22.463
16,32,32,64,22.9863
16,32,32,256,49.3953
16,32,32,1024,134.254
16,32,32,4096,479.667
16,32,32,16384,1877.04
16,32,64,32,36.9903
16,32,64,128,60.008
16,32,64,512,134.724
16,32,64,2048,439.871
16,32,64,8192,1802.41
16,64,0,0,8.597
16,64,1,32,8.522
16,64,1,128,10.8047
16,64,1,512,21.2147
16,64,1,2048,63.037
16,64,1,8192,230.56
16,64,2,16,8.309
16,64,2,64,8.43733
16,64,2,256,14.1863
16,64,2,1024,35.0697
16,64,2,4096,119.076
16,64,2,16384,454.569
16,64,4,32,8.34067
16,64,4,128,10.7833
16,64,4,512,21.0763
16,64,4,2048,63.2817
16,64,4,8192,231.252
16,64,8,16,8.31933
16,64,8,64,8.522
16,64,8,256,14.3137
16,64,8,1024,35.4543
16,64,8,4096,120.517
16,64,8,16384,475.73
16,64,16,32,13.4073
16,64,16,128,19.3163
16,64,16,512,40.5527
16,64,16,2048,125.679
16,64,16,8192,478.397
16,64,32,16,22.3773
16,64,32,64,22.9113
16,64,32,256,49.3313
16,64,32,1024,133.935
16,64,32,4096,478.109
16,64,32,16384,1873.43
16,64,64,32,36.8623
16,64,64,128,59.9117
16,64,64,512,134.223
16,64,64,2048,439.04
16,64,64,8192,1789.12
16,128,0,0,11.807
16,128,1,32,10.8257
16,128,1,128,11.807
16,128,1,512,21.2463
16,128,1,2048,63.282
16,128,1,8192,231.849
16,128,2,16,10.8693
16,128,2,64,10.8047
16,128,2,256,14.2823
16,128,2,1024,35.2513
16,128,2,4096,119.449
16,128,2,16384,456.584
16,128,4,32,10.7947
16,128,4,128,11.5087
16,128,4,512,21.1617
16,128,4,2048,63.453
16,128,4,8192,232.202
16,128,8,16,10.762
16,128,8,64,10.8043
16,128,8,256,14.261
16,128,8,1024,35.5177
16,128,8,4096,121.039
16,128,8,16384,477.15
16,128,16,32,16.6817
16,128,16,128,20.3087
16,128,16,512,40.67
16,128,16,2048,126.49
16,128,16,8192,480.296
16,128,32,16,25.8863
16,128,32,64,26.313
16,128,32,256,49.405
16,128,32,1024,134.34
16,128,32,4096,480.36
16,128,32,16384,1875.12
16,128,64,32,40.457
16,128,64,128,61.1703
16,128,64,512,134.82
16,128,64,2048,439.103
16,128,64,8192,1801.67
16,256,0,0,15.0927
16,256,1,32,14.367
16,256,1,128,14.378
16,256,1,512,21.2477
16,256,1,2048,63.2607
16,256,1,8192,231.573
16,256,2,16,14.3453
16,256,2,64,14.3137
16,256,2,256,14.8793
16,256,2,1024,35.22
16,256,2,4096,119.461
16,256,2,16384,456.436
16,256,4,32,14.1967
16,256,4,128,14.261
16,256,4,512,21.1937
16,256,4,2048,63.6553
16,256,4,8192,232.234
16,256,8,16,14.2607
16,256,8,64,14.3997
16,256,8,256,14.826
16,256,8,1024,35.38
16,256,8,4096,121.104
16,256,8,16384,479.284
16,256,16,32,20.2767
16,256,16,128,23.6787
16,256,16,512,40.649
16,256,16,2048,126.277
16,256,16,8192,479.977
16,256,32,16,29.4807
16,256,32,64,30.0143
16,256,32,256,50.4507
16,256,32,1024,133.658
16,256,32,4096,478.377
16,256,32,16384,1871.02
16,256,64,32,43.8167
16,256,64,128,64.4877
16,256,64,512,134.298
16,256,64,2048,438.272
16,256,64,8192,1789.83
16,512,0,0,21.8767
16,512,1,32,21.151
16,512,1,128,21.151
16,512,1,512,21.8017
16,512,1,2048,63.0467
16,512,1,8192,230.474
16,512,2,16,21.1617
16,512,2,64,21.1507
16,512,2,256,21.1613
16,512,2,1024,35.1013
16,512,2,4096,118.863
16,512,2,16384,454.87
16,512,4,32,21.023
16,512,4,128,21.023
16,512,4,512,21.588
16,512,4,2048,63.186
16,512,4,8192,231.221
16,512,8,16,21.0767
16,512,8,64,21.1083
16,512,8,256,21.0977
16,512,8,1024,35.4007
16,512,8,4096,120.453
16,512,8,16384,474.676
16,512,16,32,27.081
16,512,16,128,30.6443
16,512,16,512,41.3103
16,512,16,2048,125.808
16,512,16,8192,478.025
16,512,32,16,36.2967
16,512,32,64,36.755
16,512,32,256,57.458
16,512,32,1024,133.796
16,512,32,4096,474.174
16,512,32,16384,1872.91
16,512,64,32,51.0167
16,512,64,128,71.698
16,512,64,512,135.748
16,512,64,2048,438.721
16,512,64,8192,1793.6
16,1024,0,0,35.8493
16,1024,1,32,35.1127
16,1024,1,128,35.1027
16,1024,1,512,35.1123
16,1024,1,2048,63.0897
16,1024,1,8192,230.581
16,1024,2,16,35.1447
16,1024,2,64,35.092
16,1024,2,256,35.1547
16,1024,2,1024,35.507
16,1024,2,4096,118.938
16,1024,2,16384,454.335
16,1024,4,32,34.9317
16,1024,4,128,34.985
16,1024,4,512,34.921
16,1024,4,2048,63.293
16,1024,4,8192,231.199
16,1024,8,16,34.9423
16,1024,8,64,34.9953
16,1024,8,256,35.0067
16,1024,8,1024,35.6677
16,1024,8,4096,120.741
16,1024,8,16384,473.887
16,1024,16,32,41.182
16,1024,16,128,44.5953
16,1024,16,512,55.3253
16,1024,16,2048,125.914
16,1024,16,8192,479.358
16,1024,32,16,50.1627
16,1024,32,64,50.728
16,1024,32,256,71.346
16,1024,32,1024,135.61
16,1024,32,4096,475.967
16,1024,32,16384,1871.91
16,1024,64,32,64.9253
16,1024,64,128,85.7447
16,1024,64,512,149.7
16,1024,64,2048,437.601
16,1024,64,8192,1794.71
16,2048,0,0,63.4743
16,2048,1,32,62.9303
16,2048,1,128,63.016
16,2048,1,512,63.0157
16,2048,1,2048,63.2823
16,2048,1,8192,230.72
16,2048,2,16,63.0157
16,2048,2,64,63.037
16,2048,2,256,63.005
16,2048,2,1024,62.962
16,2048,2,4096,119.046
16,2048,2,16384,454.442
16,2048,4,32,62.8453
16,2048,4,128,62.8127
16,2048,4,512,62.7703
16,2048,4,2048,63.2613
16,2048,4,8192,231.274
16,2048,8,16,62.791
16,2048,8,64,62.7703
16,2048,8,256,62.8557
16,2048,8,1024,63.2077
16,2048,8,4096,121.232
16,2048,8,16384,477.289
16,2048,16,32,68.871
16,2048,16,128,72.519
16,2048,16,512,83.356
16,2048,16,2048,126.725
16,2048,16,8192,479.647
16,2048,32,16,78.0653
16,2048,32,64,78.354
16,2048,32,256,99.334
16,2048,32,1024,163.203
16,2048,32,4096,474.804
16,2048,32,16384,1872.73
16,2048,64,32,92.9867
16,2048,64,128,113.478
16,2048,64,512,177.911
16,2048,64,2048,443.574
16,2048,64,8192,1816.9
16,4096,0,0,119.109
16,4096,1,32,118.746
16,4096,1,128,118.705
16,4096,1,512,118.735
16,4096,1,2048,118.767
16,4096,1,8192,230.901
16,4096,2,16,118.778
16,4096,2,64,118.811
16,4096,2,256,118.906
16,4096,2,1024,118.736
16,4096,2,4096,119.057
16,4096,2,16384,454.624
16,4096,4,32,118.544
16,4096,4,128,118.491
16,4096,4,512,118.458
16,4096,4,2048,118.693
16,4096,4,8192,231.338
16,4096,8,16,118.447
16,4096,8,64,118.715
16,4096,8,256,118.629
16,4096,8,1024,119.013
16,4096,8,4096,121.178
16,4096,8,16384,474.922
16,4096,16,32,124.752
16,4096,16,128,128.047
16,4096,16,512,138.98
16,4096,16,2048,181.602
16,4096,16,8192,480.202
16,4096,32,16,133.263
16,4096,32,64,133.775
16,4096,32,256,154.585
16,4096,32,1024,219.222
16,4096,32,4096,483.391
16,4096,32,16384,1856.5
16,4096,64,32,148.409
16,4096,64,128,169.229
16,4096,64,512,233.664
16,4096,64,2048,498.964
16,4096,64,8192,1829.71
16,8192,0,0,230.826
16,8192,1,32,230.08
16,8192,1,128,229.994
16,8192,1,512,230.176
16,8192,1,2048,230.219
16,8192,1,8192,231.061
16,8192,2,16,230.773
16,8192,2,64,230.666
16,8192,2,256,230.463
16,8192,2,1024,230.698
16,8192,2,4096,230.581
16,8192,2,16384,455.136
16,8192,4,32,230.048
16,8192,4,128,229.984
16,8192,4,512,230.058
16,8192,4,2048,229.92
16,8192,4,8192,231.318
16,8192,8,16,230.123
16,8192,8,64,230.1
16,8192,8,256,229.835
16,8192,8,1024,230.229
16,8192,8,4096,234.346
16,8192,8,16384,474.485
16,8192,16,32,236.064
16,8192,16,128,239.103
16,8192,16,512,250.143
16,8192,16,2048,293.17
16,8192,16,8192,479.711
16,8192,32,16,244.245
16,8192,32,64,245.14
16,8192,32,256,265.375
16,8192,32,1024,330.46
16,8192,32,4096,591.781
16,8192,32,16384,1874.73
16,8192,64,32,259.988
16,8192,64,128,280.052
16,8192,64,512,345.361
16,8192,64,2048,608.473
16,8192,64,8192,1824.27
16,16384,0,0,454.293
16,16384,1,32,453.312
16,16384,1,128,453.568
16,16384,1,512,453.515
16,16384,1,2048,453.237
16,16384,1,8192,453.846
16,16384,2,16,453.589
16,16384,2,64,453.952
16,16384,2,256,453.569
16,16384,2,1024,454.24
16,16384,2,4096,453.994
16,16384,2,16384,457.526
16,16384,4,32,452.897
16,16384,4,128,453.163
16,16384,4,512,453.195
16,16384,4,2048,453.12
16,16384,4,8192,465.034
16,16384,8,16,452.662
16,16384,8,64,452.876
16,16384,8,256,452.887
16,16384,8,1024,453.045
16,16384,8,4096,469.226
16,16384,8,16384,475.551
16,16384,16,32,458.006
16,16384,16,128,461.536
16,16384,16,512,472.703
16,16384,16,2048,516.221
16,16384,16,8192,709.995
16,16384,32,16,466.506
16,16384,32,64,466.069
16,16384,32,256,487.305
16,16384,32,1024,552.882
16,16384,32,4096,819.952
16,16384,32,16384,1886.92
16,16384,64,32,482.751
16,16384,64,128,502.292
16,16384,64,512,568.455
16,16384,64,2048,832.314
16,16384,64,8192,2059.4
32,0,0,0,8.59733
32,0,1,32,8.52233
32,0,1,128,10.9973
32,0,1,512,21.2897
32,0,1,2048,63.1863
32,0,1,8192,230.901
32,0,2,16,8.52233
32,0,2,64,8.565
32,0,2,256,14.5063
32,0,2,1024,35.295
32,0,2,4096,119.077
32,0,2,16384,454.495
32,0,4,32,8.362
32,0,4,128,10.9327
32,0,4,512,21.3323
32,0,4,2048,63.4213
32,0,4,8192,231.467
32,0,8,16,8.38333
32,0,8,64,8.469
32,0,8,256,14.431
32,0,8,1024,35.5073
32,0,8,4096,120.912
32,0,8,16384,475.755
32,0,16,32,13.3003
32,0,16,128,19.3057
32,0,16,512,40.5533
32,0,16,2048,125.84
32,0,16,8192,478.997
32,0,32,16,22.3987
32,0,32,64,22.7507
32,0,32,256,49.5023
32,0,32,1024,133.7
32,0,32,4096,478.069
32,0,32,16384,1873.3
32,0,64,32,36.9583
32,0,64,128,59.8903
32,0,64,512,134.383
32,0,64,2048,438.113
32,0,64,8192,1789.56
32,16,0,0,8.78833
32,16,1,32,8.81067
32,16,1,128,10.9547
32,16,1,512,21.2683
32,16,1,2048,63.0797
32,16,1,8192,230.923
32,16,2,16,8.544
32,16,2,64,8.66033
32,16,2,256,14.4417
32,16,2,1024,35.284
32,16,2,4096,119.259
32,16,2,16384,454.891
32,16,4,32,8.554
32,16,4,128,11.029
32,16,4,512,21.3217
32,16,4,2048,63.4747
32,16,4,8192,231.499
32,16,8,16,8.47967
32,16,8,64,8.672
32,16,8,256,14.495
32,16,8,1024,35.3693
32,16,8,4096,120.783
32,16,8,16384,474.39
32,16,16,32,13.439
32,16,16,128,19.3163
32,16,16,512,40.6383
32,16,16,2048,125.989
32,16,16,8192,478.752
32,16,32,16,22.4097
32,16,32,64,22.9857
32,16,32,256,49.1817
32,16,32,1024,133.561
32,16,32,4096,478.72
32,16,32,16384,1873
32,16,64,32,36.937
32,16,64,128,60.0083
32,16,64,512,134.65
32,16,64,2048,438.712
32,16,64,8192,1788.21
32,32,0,0,8.71433
32,32,1,32,8.62933
32,32,1,128,11.0187
32,32,1,512,21.321
32,32,1,2048,63.2077
32,32,1,8192,230.965
32,32,2,16,8.71433
32,32,2,64,8.767
32,32,2,256,14.4417
32,32,2,1024,35.295
32,32,2,4096,119.27
32,32,2,16384,454.71
32,32,4,32,8.469
32,32,4,128,10.9867
32,32,4,512,21.322
32,32,4,2048,63.4957
32,32,4,8192,231.627
32,32,8,16,8.437
32,32,8,64,8.72467
32,32,8,256,14.411
32,32,8,1024,35.4117
32,32,8,4096,120.966
32,32,8,16384,475.904
32,32,16,32,13.461
32,32,16,128,19.316
32,32,16,512,40.6387
32,32,16,2048,125.978
32,32,16,8192,478.379
32,32,32,16,22.5587
32,32,32,64,22.8897
32,32,32,256,49.4807
32,32,32,1024,133.647
32,32,32,4096,478.273
32,32,32,16384,1871.4
32,32,64,32,37.0543
32,32,64,128,59.8587
32,32,64,512,134.352
32,32,64,2048,437.623
32,32,64,8192,1788.06
32,64,0,0,8.77833
32,64,1,32,8.69333
32,64,1,128,10.9967
32,64,1,512,21.322
32,64,1,2048,63.144
32,64,1,8192,230.689
32,64,2,16,8.62833
32,64,2,64,8.85267
32,64,2,256,14.421
32,64,2,1024,35.3477
32,64,2,4096,119.098
32,64,2,16384,454.827
32,64,4,32,8.52267
32,64,4,128,11.0073
32,64,4,512,21.279
32,64,4,2048,63.485
32,64,4,8192,231.521
32,64,8,16,8.52267
32,64,8,64,8.70367
32,64,8,256,14.399
32,64,8,1024,35.5717
32,64,8,4096,120.752
32,64,8,16384,476.065
32,64,16,32,13.5033
32,64,16,128,19.2737
32,64,16,512,40.6597
32,64,16,2048,125.968
32,64,16,8192,478.913
32,64,32,16,22.5487
32,64,32,64,23.103
32,64,32,256,49.3847
32,64,32,1024,134.031
32,64,32,4096,477.59
32,64,32,16384,1872.33
32,64,64,32,37.1607
32,64,64,128,59.8903
32,64,64,512,134.575
32,64,64,2048,438.53
32,64,64,8192,1788.65
32,128,0,0,12.0323
32,128,1,32,11.0607
32,128,1,128,11.9037
32,128,1,512,21.2577
32,128,1,2048,63.2073
32,128,1,8192,231.019
32,128,2,16,11.1567
32,128,2,64,11.135
32,128,2,256,14.4413
32,128,2,1024,35.3367
32,128,2,4096,119.174
32,128,2,16384,454.668
32,128,4,32,10.9867
32,128,4,128,11.7973
32,128,4,512,21.3323
32,128,4,2048,63.5597
32,128,4,8192,231.489
32,128,8,16,10.9957
32,128,8,64,10.9863
32,128,8,256,14.3883
32,128,8,1024,35.7427
32,128,8,4096,121.05
32,128,8,16384,475.243
32,128,16,32,17.0657
32,128,16,128,20.3293
32,128,16,512,40.606
32,128,16,2048,126.096
32,128,16,8192,479.777
32,128,32,16,25.9937
32,128,32,64,26.3777
32,128,32,256,49.374
32,128,32,1024,133.552
32,128,32,4096,479.212
32,128,32,16384,1872.58
32,128,64,32,40.607
32,128,64,128,61.0003
32,128,64,512,134.33
32,128,64,2048,437.838
32,128,64,8192,1793.77
32,256,0,0,15.242
32,256,1,32,14.6347
32,256,1,128,14.559
32,256,1,512,21.3113
32,256,1,2048,63.1867
32,256,1,8192,230.785
32,256,2,16,14.624
32,256,2,64,14.5913
32,256,2,256,15.1357
32,256,2,1024,35.3263
32,256,2,4096,119.163
32,256,2,16384,454.882
32,256,4,32,14.463
32,256,4,128,14.5707
32,256,4,512,21.3113
32,256,4,2048,63.4213
32,256,4,8192,231.67
32,256,8,16,14.5277
32,256,8,64,14.56
32,256,8,256,14.9543
32,256,8,1024,35.465
32,256,8,4096,120.976
32,256,8,16384,476.428
32,256,16,32,20.522
32,256,16,128,23.796
32,256,16,512,40.4683
32,256,16,2048,126.053
32,256,16,8192,479.809
32,256,32,16,29.5563
32,256,32,64,30.2283
32,256,32,256,50.4727
32,256,32,1024,133.968
32,256,32,4096,479.233
32,256,32,16384,1858.82
32,256,64,32,44.2217
32,256,64,128,64.8503
32,256,64,512,134.491
32,256,64,2048,438.841
32,256,64,8192,1791.33
32,512,0,0,22.1323
32,512,1,32,21.4603
32,512,1,128,21.45
32,512,1,512,21.919
32,512,1,2048,63.176
32,512,1,8192,231.168
32,512,2,16,21.546
32,512,2,64,21.4917
32,512,2,256,21.4817
32,512,2,1024,35.348
32,512,2,4096,119.205
32,512,2,16384,454.711
32,512,4,32,21.3967
32,512,4,128,21.343
32,512,4,512,21.6953
32,512,4,2048,63.4743
32,512,4,8192,231.788
32,512,8,16,21.311
32,512,8,64,21.4283
32,512,8,256,21.4073
32,512,8,1024,35.529
32,512,8,4096,121.083
32,512,8,16384,476.343
32,512,16,32,27.4657
32,512,16,128,30.708
32,512,16,512,41.4493
32,512,16,2048,126.118
32,512,16,8192,478.892
32,512,32,16,36.553
32,512,32,64,36.9473
32,512,32,256,57.619
32,512,32,1024,133.743
32,512,32,4096,477.804
32,512,32,16384,1873.15
32,512,64,32,51.134
32,512,64,128,71.912
32,512,64,512,135.931
32,512,64,2048,438.809
32,512,64,8192,1797.18
32,1024,0,0,36.0413
32,1024,1,32,35.379
32,1024,1,128,35.432
32,1024,1,512,35.3587
32,1024,1,2048,63.1647
32,1024,1,8192,230.913
32,1024,2,16,35.476
32,1024,2,64,35.4547
32,1024,2,256,35.423
32,1024,2,1024,35.7423
32,1024,2,4096,119.131
32,1024,2,16384,454.605
32,1024,4,32,35.1663
32,1024,4,128,35.2627
32,1024,4,512,35.2733
32,1024,4,2048,63.4423
32,1024,4,8192,231.329
32,1024,8,16,35.2727
32,1024,8,64,35.2417
32,1024,8,256,35.476
32,1024,8,1024,35.828
32,1024,8,4096,121.19
32,1024,8,16384,474.849
32,1024,16,32,41.2253
32,1024,16,128,44.7553
32,1024,16,512,55.4753
32,1024,16,2048,126.149
32,1024,16,8192,479.991
32,1024,32,16,50.2593
32,1024,32,64,50.8247
32,1024,32,256,71.5603
32,1024,32,1024,135.61
32,1024,32,4096,477.037
32,1024,32,16384,1870.91
32,1024,64,32,65.2237
32,1024,64,128,86.0553
32,1024,64,512,149.839
32,1024,64,2048,437.678
32,1024,64,8192,1798.61
32,2048,0,0,63.9227
32,2048,1,32,63.2723
32,2048,1,128,63.2183
32,2048,1,512,63.2293
32,2048,1,2048,63.624
32,2048,1,8192,230.977
32,2048,2,16,63.378
32,2048,2,64,63.3783
32,2048,2,256,63.336
32,2048,2,1024,63.5067
32,2048,2,4096,119.12
32,2048,2,16384,454.615
32,2048,4,32,63.2397
32,2048,4,128,63.1117
32,2048,4,512,63.2183
32,2048,4,2048,63.5073
32,2048,4,8192,231.532
32,2048,8,16,63.144
32,2048,8,64,63.134
32,2048,8,256,63.3363
32,2048,8,1024,63.7727
32,2048,8,4096,121.488
32,2048,8,16384,478.177
32,2048,16,32,69.213
32,2048,16,128,72.498
32,2048,16,512,83.3777
32,2048,16,2048,126.725
32,2048,16,8192,479.426
32,2048,32,16,78.1307
32,2048,32,64,78.482
32,2048,32,256,99.356
32,2048,32,1024,163.247
32,2048,32,4096,477.783
32,2048,32,16384,1874.36
32,2048,64,32,93.18
32,2048,64,128,113.916
32,2048,64,512,178.264
32,2048,64,2048,443.929
32,2048,64,8192,1804
32,4096,0,0,119.568
32,4096,1,32,118.971
32,4096,1,128,119.088
32,4096,1,512,118.961
32,4096,1,2048,118.982
32,4096,1,8192,231.02
32,4096,2,16,119.217
32,4096,2,64,119.195
32,4096,2,256,119.216
32,4096,2,1024,119.345
32,4096,2,4096,119.28
32,4096,2,16384,454.968
32,4096,4,32,118.982
32,4096,4,128,118.875
32,4096,4,512,118.833
32,4096,4,2048,118.875
32,4096,4,8192,231.585
32,4096,8,16,118.821
32,4096,8,64,118.896
32,4096,8,256,118.854
32,4096,8,1024,119.334
32,4096,8,4096,121.467
32,4096,8,16384,479.138
32,4096,16,32,124.816
32,4096,16,128,128.112
32,4096,16,512,139.067
32,4096,16,2048,182.318
32,4096,16,8192,480.418
32,4096,32,16,133.584
32,4096,32,64,134.384
32,4096,32,256,154.959
32,4096,32,1024,219.319
32,4096,32,4096,484.141
32,4096,32,16384,1872.91
32,4096,64,32,148.762
32,4096,64,128,169.668
32,4096,64,512,234.22
32,4096,64,2048,499.127
32,4096,64,8192,1832.5
32,8192,0,0,231.255
32,8192,1,32,230.593
32,8192,1,128,230.582
32,8192,1,512,230.508
32,8192,1,2048,230.742
32,8192,1,8192,230.871
32,8192,2,16,231.276
32,8192,2,64,230.998
32,8192,2,256,230.945
32,8192,2,1024,230.978
32,8192,2,4096,231.03
32,8192,2,16384,454.979
32,8192,4,32,230.348
32,8192,4,128,230.614
32,8192,4,512,230.252
32,8192,4,2048,230.593
32,8192,4,8192,231.617
32,8192,8,16,230.348
32,8192,8,64,230.539
32,8192,8,256,230.316
32,8192,8,1024,231.083
32,8192,8,4096,235.606
32,8192,8,16384,476.578
32,8192,16,32,236.417
32,8192,16,128,239.638
32,8192,16,512,250.092
32,8192,16,2048,293.716
32,8192,16,8192,480.237
32,8192,32,16,244.31
32,8192,32,64,245.259
32,8192,32,256,265.909
32,8192,32,1024,329.619
32,8192,32,4096,592.733
32,8192,32,16384,1875.6
32,8192,64,32,260.971
32,8192,64,128,281.088
32,8192,64,512,345.63
32,8192,64,2048,608.562
32,8192,64,8192,1824.07
32,16384,0,0,454.681
32,16384,1,32,454.019
32,16384,1,128,453.837
32,16384,1,512,454.35
32,16384,1,2048,453.433
32,16384,1,8192,453.774
32,16384,2,16,454.701
32,16384,2,64,454.754
32,16384,2,256,454.541
32,16384,2,1024,454.84
32,16384,2,4096,454.424
32,16384,2,16384,458.712
32,16384,4,32,453.624
32,16384,4,128,454.147
32,16384,4,512,454.093
32,16384,4,2048,453.987
32,16384,4,8192,464.195
32,16384,8,16,453.453
32,16384,8,64,453.849
32,16384,8,256,453.401
32,16384,8,1024,453.709
32,16384,8,4096,473.581
32,16384,8,16384,476.344
32,16384,16,32,458.67
32,16384,16,128,461.826
32,16384,16,512,472.344
32,16384,16,2048,517.174
32,16384,16,8192,710.255
32,16384,32,16,465.177
32,16384,32,64,467.576
32,16384,32,256,487.683
32,16384,32,1024,552.201
32,16384,32,4096,820.821
32,16384,32,16384,1878.68
32,16384,64,32,484.066
32,16384,64,128,503.895
32,16384,64,512,568.671
32,16384,64,2048,832.8
32,16384,64,8192,2057.43
64,0,0,0,8.67167
64,0,1,32,8.73567
64,0,1,128,11.029
64,0,1,512,21.3853
64,0,1,2048,63.3257
64,0,1,8192,231.084
64,0,2,16,8.64
64,0,2,64,8.725
64,0,2,256,14.5593
64,0,2,1024,35.2943
64,0,2,4096,119.644
64,0,2,16384,454.627
64,0,4,32,8.54367
64,0,4,128,11.1143
64,0,4,512,21.3647
64,0,4,2048,63.624
64,0,4,8192,231.704
64,0,8,16,8.51133
64,0,8,64,8.629
64,0,8,256,14.5483
64,0,8,1024,35.7643
64,0,8,4096,121.051
64,0,8,16384,475.79
64,0,16,32,13.6313
64,0,16,128,19.4337
64,0,16,512,40.628
64,0,16,2048,126.064
64,0,16,8192,479.085
64,0,32,16,22.7297
64,0,32,64,23.1993
64,0,32,256,49.2143
64,0,32,1024,133.903
64,0,32,4096,475.513
64,0,32,16384,1870.9
64,0,64,32,37.236
64,0,64,128,59.7953
64,0,64,512,134.47
64,0,64,2048,439.279
64,0,64,8192,1791.02
64,16,0,0,8.714
64,16,1,32,8.89533
64,16,1,128,11.0607
64,16,1,512,21.375
64,16,1,2048,63.2827
64,16,1,8192,231.138
64,16,2,16,8.62933
64,16,2,64,8.757
64,16,2,256,14.485
64,16,2,1024,35.348
64,16,2,4096,119.451
64,16,2,16384,454.842
64,16,4,32,8.54367
64,16,4,128,10.944
64,16,4,512,21.3213
64,16,4,2048,63.784
64,16,4,8192,231.904
64,16,8,16,8.60767
64,16,8,64,8.757
64,16,8,256,14.474
64,16,8,1024,35.9667
64,16,8,4096,120.944
64,16,8,16384,475.95
64,16,16,32,13.653
64,16,16,128,19.4233
64,16,16,512,40.4997
64,16,16,2048,126.043
64,16,16,8192,479.852
64,16,32,16,22.9217
64,16,32,64,23.199
64,16,32,256,49.32
64,16,32,1024,133.937
64,16,32,4096,478.382
64,16,32,16384,1872.91
64,16,64,32,37.2573
64,16,64,128,59.901
64,16,64,512,134.736
64,16,64,2048,440.164
64,16,64,8192,1797.2
64,32,0,0,8.832
64,32,1,32,8.83167
64,32,1,128,11.0503
64,32,1,512,21.439
64,32,1,2048,63.3363
64,32,1,8192,231.095
64,32,2,16,8.65
64,32,2,64,8.81033
64,32,2,256,14.463
64,32,2,1024,35.4547
64,32,2,4096,119.345
64,32,2,16384,454.81
64,32,4,32,8.49
64,32,4,128,10.9757
64,32,4,512,21.3217
64,32,4,2048,63.5387
64,32,4,8192,231.884
64,32,8,16,8.38433
64,32,8,64,8.682
64,32,8,256,14.4527
64,32,8,1024,35.8487
64,32,8,4096,120.87
64,32,8,16384,477.838
64,32,16,32,13.738
64,32,16,128,19.4337
64,32,16,512,40.6287
64,32,16,2048,126.107
64,32,16,8192,479.406
64,32,32,16,22.794
64,32,32,64,23.4973
64,32,32,256,49.3633
64,32,32,1024,134.331
64,32,32,4096,476.654
64,32,32,16384,1871.53
64,32,64,32,37.2993
64,32,64,128,59.9337
64,32,64,512,134.566
64,32,64,2048,439.621
64,32,64,8192,1793.32
64,64,0,0,8.70367
64,64,1,32,8.704
64,64,1,128,11.0393
64,64,1,512,21.375
64,64,1,2048,63.326
64,64,1,8192,231.405
64,64,2,16,8.72467
64,64,2,64,8.66067
64,64,2,256,14.452
64,64,2,1024,35.4113
64,64,2,4096,119.377
64,64,2,16384,455.429
64,64,4,32,8.46933
64,64,4,128,10.9967
64,64,4,512,21.3643
64,64,4,2048,63.5823
64,64,4,8192,231.724
64,64,8,16,8.45833
64,64,8,64,8.565
64,64,8,256,14.506
64,64,8,1024,35.9983
64,64,8,4096,120.955
64,64,8,16384,477.124
64,64,16,32,13.781
64,64,16,128,19.5193
64,64,16,512,40.7123
64,64,16,2048,126.204
64,64,16,8192,480.568
64,64,32,16,22.9003
64,64,32,64,23.391
64,64,32,256,49.5233
64,64,32,1024,134.299
64,64,32,4096,478.233
64,64,32,16384,1871.84
64,64,64,32,37.3637
64,64,64,128,59.87
64,64,64,512,134.694
64,64,64,2048,438.938
64,64,64,8192,1791.68
64,128,0,0,12.1593
64,128,1,32,11.4123
64,128,1,128,12.01
64,128,1,512,21.3643
64,128,1,2048,63.219
64,128,1,8192,230.935
64,128,2,16,11.3707
64,128,2,64,11.4237
64,128,2,256,14.474
64,128,2,1024,35.3587
64,128,2,4096,119.409
64,128,2,16384,454.65
64,128,4,32,11.2953
64,128,4,128,11.7013
64,128,4,512,21.3543
64,128,4,2048,63.465
64,128,4,8192,231.501
64,128,8,16,11.2957
64,128,8,64,11.2317
64,128,8,256,14.4957
64,128,8,1024,35.5297
64,128,8,4096,120.966
64,128,8,16384,476.527
64,128,16,32,17.2573
64,128,16,128,20.81
64,128,16,512,40.532
64,128,16,2048,125.883
64,128,16,8192,479.203
64,128,32,16,26.474
64,128,32,64,26.8467
64,128,32,256,49.4697
64,128,32,1024,134.118
64,128,32,4096,479.268
64,128,32,16384,1873.39
64,128,64,32,40.7347
64,128,64,128,61.4163
64,128,64,512,134.694
64,128,64,2048,439.813
64,128,64,8192,1795.26
64,256,0,0,15.4347
64,256,1,32,14.9113
64,256,1,128,14.879
64,256,1,512,21.386
64,256,1,2048,63.3153
64,256,1,8192,231.298
64,256,2,16,14.879
64,256,2,64,14.9013
64,256,2,256,15.071
64,256,2,1024,35.3803
64,256,2,4096,119.473
64,256,2,16384,454.693
64,256,4,32,14.7727
64,256,4,128,14.7837
64,256,4,512,21.354
64,256,4,2048,63.4643
64,256,4,8192,231.383
64,256,8,16,14.72
64,256,8,64,14.794
64,256,8,256,15.0717
64,256,8,1024,35.8387
64,256,8,4096,120.912
64,256,8,16384,476.708
64,256,16,32,20.8207
64,256,16,128,24.2123
64,256,16,512,40.5107
64,256,16,2048,126.033
64,256,16,8192,480.131
64,256,32,16,29.8227
64,256,32,64,30.4303
64,256,32,256,50.7503
64,256,32,1024,134.246
64,256,32,4096,478.436
64,256,32,16384,1871.26
64,256,64,32,44.447
64,256,64,128,64.9473
64,256,64,512,134.63
64,256,64,2048,438.981
64,256,64,8192,1793.7
64,512,0,0,22.3353
64,512,1,32,21.791
64,512,1,128,21.7913
64,512,1,512,22.0467
64,512,1,2048,63.2617
64,512,1,8192,231.394
64,512,2,16,21.738
64,512,2,64,21.7273
64,512,2,256,21.8763
64,512,2,1024,35.4117
64,512,2,4096,119.473
64,512,2,16384,454.458
64,512,4,32,21.589
64,512,4,128,21.6207
64,512,4,512,21.824
64,512,4,2048,63.592
64,512,4,8192,231.618
64,512,8,16,21.631
64,512,8,64,21.6093
64,512,8,256,21.9403
64,512,8,1024,35.892
64,512,8,4096,120.988
64,512,8,16384,479.395
64,512,16,32,27.5297
64,512,16,128,31.0067
64,512,16,512,41.6407
64,512,16,2048,126.171
64,512,16,8192,479.982
64,512,32,16,36.9053
64,512,32,64,37.3323
64,512,32,256,57.9393
64,512,32,1024,134.267
64,512,32,4096,478.224
64,512,32,16384,1872.47
64,512,64,32,51.5077
64,512,64,128,72.2637
64,512,64,512,136.101
64,512,64,2048,438.885
64,512,64,8192,1796.01
64,1024,0,0,36.2333
64,1024,1,32,35.796
64,1024,1,128,35.7747
64,1024,1,512,35.8073
64,1024,1,2048,63.3793
64,1024,1,8192,230.904
64,1024,2,16,35.8493
64,1024,2,64,35.7203
64,1024,2,256,35.6787
64,1024,2,1024,35.9023
64,1024,2,4096,119.473
64,1024,2,16384,454.63
64,1024,4,32,35.5297
64,1024,4,128,35.5187
64,1024,4,512,35.5827
64,1024,4,2048,63.582
64,1024,4,8192,231.884
64,1024,8,16,35.636
64,1024,8,64,35.5083
64,1024,8,256,35.8923
64,1024,8,1024,36.287
64,1024,8,4096,121.297
64,1024,8,16384,476.687
64,1024,16,32,41.6517
64,1024,16,128,44.9893
64,1024,16,512,55.667
64,1024,16,2048,126.044
64,1024,16,8192,479.801
64,1024,32,16,50.8357
64,1024,32,64,51.273
64,1024,32,256,71.8267
64,1024,32,1024,136.091
64,1024,32,4096,476.74
64,1024,32,16384,1857.42
64,1024,64,32,65.448
64,1024,64,128,86.3013
64,1024,64,512,149.84
64,1024,64,2048,438.064
64,1024,64,8192,1798.36
64,2048,0,0,63.9863
64,2048,1,32,63.752
64,2048,1,128,63.5813
64,2048,1,512,63.6667
64,2048,1,2048,63.8483
64,2048,1,8192,231.341
64,2048,2,16,63.6453
64,2048,2,64,63.6453
64,2048,2,256,63.5923
64,2048,2,1024,63.752
64,2048,2,4096,119.174
64,2048,2,16384,454.736
64,2048,4,32,63.5077
64,2048,4,128,63.5497
64,2048,4,512,63.304
64,2048,4,2048,63.667
64,2048,4,8192,231.714
64,2048,8,16,63.4857
64,2048,8,64,63.4007
64,2048,8,256,63.6557
64,2048,8,1024,64.211
64,2048,8,4096,121.286
64,2048,8,16384,478.191
64,2048,16,32,69.5443
64,2048,16,128,72.7867
64,2048,16,512,83.5807
64,2048,16,2048,126.993
64,2048,16,8192,480.239
64,2048,32,16,78.6633
64,2048,32,64,78.877
64,2048,32,256,99.783
64,2048,32,1024,163.578
64,2048,32,4096,476.239
64,2048,32,16384,1873.82
64,2048,64,32,93.1163
64,2048,64,128,114.108
64,2048,64,512,178.212
64,2048,64,2048,444.411
64,2048,64,8192,1816.61
64,4096,0,0,119.654
64,4096,1,32,119.506
64,4096,1,128,119.527
64,4096,1,512,119.442
64,4096,1,2048,119.612
64,4096,1,8192,231.34
64,4096,2,16,119.633
64,4096,2,64,119.75
64,4096,2,256,119.804
64,4096,2,1024,119.686
64,4096,2,4096,119.772
64,4096,2,16384,459.131
64,4096,4,32,119.11
64,4096,4,128,119.217
64,4096,4,512,119.249
64,4096,4,2048,119.494
64,4096,4,8192,232.653
64,4096,8,16,119.271
64,4096,8,64,119.1
64,4096,8,256,119.847
64,4096,8,1024,120.038
64,4096,8,4096,121.51
64,4096,8,16384,477.701
64,4096,16,32,125.222
64,4096,16,128,128.561
64,4096,16,512,139.206
64,4096,16,2048,182.617
64,4096,16,8192,480.591
64,4096,32,16,134.107
64,4096,32,64,134.694
64,4096,32,256,154.992
64,4096,32,1024,219.416
64,4096,32,4096,482.938
64,4096,32,16384,1876.71
64,4096,64,32,149.008
64,4096,64,128,169.69
64,4096,64,512,234.179
64,4096,64,2048,498.863
64,4096,64,8192,1833.61
64,8192,0,0,231.288
64,8192,1,32,231.181
64,8192,1,128,230.807
64,8192,1,512,231.545
64,8192,1,2048,231.363
64,8192,1,8192,231.064
64,8192,2,16,231.639
64,8192,2,64,232.077
64,8192,2,256,231.821
64,8192,2,1024,231.373
64,8192,2,4096,231.351
64,8192,2,16384,459.152
64,8192,4,32,230.968
64,8192,4,128,231.065
64,8192,4,512,230.84
64,8192,4,2048,230.914
64,8192,4,8192,231.885
64,8192,8,16,230.732
64,8192,8,64,230.605
64,8192,8,256,230.936
64,8192,8,1024,231.788
64,8192,8,4096,238.637
64,8192,8,16384,477.071
64,8192,16,32,236.568
64,8192,16,128,239.842
64,8192,16,512,250.487
64,8192,16,2048,293.931
64,8192,16,8192,482.01
64,8192,32,16,245.207
64,8192,32,64,246.402
64,8192,32,256,266.06
64,8192,32,1024,331.21
64,8192,32,4096,598.913
64,8192,32,16384,1875.86
64,8192,64,32,260.876
64,8192,64,128,280.673
64,8192,64,512,345.769
64,8192,64,2048,609.461
64,8192,64,8192,1822.5
64,16384,0,0,454.96
64,16384,1,32,454.544
64,16384,1,128,455.013
64,16384,1,512,454.757
64,16384,1,2048,454.256
64,16384,1,8192,455.034
64,16384,2,16,455.696
64,16384,2,64,455.419
64,16384,2,256,454.417
64,16384,2,1024,454.65
64,16384,2,4096,454.512
64,16384,2,16384,460.08
64,16384,4,32,455.067
64,16384,4,128,454.981
64,16384,4,512,455.173
64,16384,4,2048,454.32
64,16384,4,8192,466.672
64,16384,8,16,454.086
64,16384,8,64,453.617
64,16384,8,256,454.129
64,16384,8,1024,454.512
64,16384,8,4096,481.316
64,16384,8,16384,479.279
64,16384,16,32,460.314
64,16384,16,128,462.65
64,16384,16,512,473.327
64,16384,16,2048,517.646
64,16384,16,8192,710.408
64,16384,32,16,467.877
64,16384,32,64,467.962
64,16384,32,256,487.482
64,16384,32,1024,553.271
64,16384,32,4096,822.009
64,16384,32,16384,1883.97
64,16384,64,32,484.677
64,16384,64,128,504.441
64,16384,64,512,568.6
64,16384,64,2048,832.185
64,16384,64,8192,2057.68
128,0,0,0,8.639
128,0,1,32,8.704
128,0,1,128,11.232
128,0,1,512,21.5143
128,0,1,2048,63.4213
128,0,1,8192,231.704
128,0,2,16,8.59667
128,0,2,64,8.59667
128,0,2,256,14.5597
128,0,2,1024,35.5083
128,0,2,4096,119.718
128,0,2,16384,456.261
128,0,4,32,8.59767
128,0,4,128,11.1357
128,0,4,512,21.4603
128,0,4,2048,64.0407
128,0,4,8192,232.567
128,0,8,16,9.098
128,0,8,64,9.02333
128,0,8,256,15.3487
128,0,8,1024,36.447
128,0,8,4096,121.286
128,0,8,16384,476.805
128,0,16,32,14.389
128,0,16,128,19.903
128,0,16,512,41.001
128,0,16,2048,126.983
128,0,16,8192,481.029
128,0,32,16,23.071
128,0,32,64,23.583
128,0,32,256,49.5987
128,0,32,1024,135.046
128,0,32,4096,480.389
128,0,32,16384,1873.54
128,0,64,32,38.8683
128,0,64,128,61.2143
128,0,64,512,135.836
128,0,64,2048,440.998
128,0,64,8192,1794.08
128,16,0,0,11.157
128,16,1,32,11.2953
128,16,1,128,11.3167
128,16,1,512,21.6313
128,16,1,2048,63.507
128,16,1,8192,231.651
128,16,2,16,11.2423
128,16,2,64,11.2427
128,16,2,256,14.591
128,16,2,1024,35.5723
128,16,2,4096,119.836
128,16,2,16384,455.697
128,16,4,32,11.157
128,16,4,128,11.3277
128,16,4,512,21.5567
128,16,4,2048,64.2
128,16,4,8192,232.621
128,16,8,16,12.2133
128,16,8,64,12.2017
128,16,8,256,15.295
128,16,8,1024,36.5217
128,16,8,4096,121.286
128,16,8,16384,475.963
128,16,16,32,17.642
128,16,16,128,20.2767
128,16,16,512,41.0013
128,16,16,2048,126.918
128,16,16,8192,481.434
128,16,32,16,26.5383
128,16,32,64,26.9323
128,16,32,256,49.8327
128,16,32,1024,135.175
128,16,32,4096,480.282
128,16,32,16384,1870.87
128,16,64,32,42.2493
128,16,64,128,61.9603
128,16,64,512,136.134
128,16,64,2048,440.625
128,16,64,8192,1795.94
128,32,0,0,11.1783
128,32,1,32,11.3063
128,32,1,128,11.349
128,32,1,512,21.5133
128,32,1,2048,63.432
128,32,1,8192,231.566
128,32,2,16,11.4017
128,32,2,64,11.306
128,32,2,256,14.5697
128,32,2,1024,35.476
128,32,2,4096,119.591
128,32,2,16384,455.653
128,32,4,32,11.1997
128,32,4,128,11.274
128,32,4,512,21.5887
128,32,4,2048,63.9977
128,32,4,8192,232.451
128,32,8,16,12.1177
128,32,8,64,12.192
128,32,8,256,15.221
128,32,8,1024,36.372
128,32,8,4096,121.255
128,32,8,16384,477.36
128,32,16,32,17.7277
128,32,16,128,20.255
128,32,16,512,41.0437
128,32,16,2048,126.811
128,32,16,8192,481.019
128,32,32,16,26.6443
128,32,32,64,26.9003
128,32,32,256,49.9183
128,32,32,1024,134.929
128,32,32,4096,480.059
128,32,32,16384,1871.22
128,32,64,32,42.1537
128,32,64,128,61.9497
128,32,64,512,135.963
128,32,64,2048,440.177
128,32,64,8192,1794.17
128,64,0,0,11.2853
128,64,1,32,11.435
128,64,1,128,11.53
128,64,1,512,21.535
128,64,1,2048,63.603
128,64,1,8192,231.255
128,64,2,16,11.381
128,64,2,64,11.3387
128,64,2,256,14.559
128,64,2,1024,35.3693
128,64,2,4096,119.729
128,64,2,16384,455.751
128,64,4,32,11.2953
128,64,4,128,11.4027
128,64,4,512,21.4707
128,64,4,2048,64.158
128,64,4,8192,232.259
128,64,8,16,12.33
128,64,8,64,12.5017
128,64,8,256,15.0613
128,64,8,1024,36.447
128,64,8,4096,121.436
128,64,8,16384,476.976
128,64,16,32,17.7593
128,64,16,128,20.2767
128,64,16,512,41.0547
128,64,16,2048,126.919
128,64,16,8192,481.595
128,64,32,16,26.7197
128,64,32,64,26.997
128,64,32,256,49.6947
128,64,32,1024,134.929
128,64,32,4096,480.56
128,64,32,16384,1874.26
128,64,64,32,42.388
128,64,64,128,62.046
128,64,64,512,135.932
128,64,64,2048,441.437
128,64,64,8192,1796.19
128,128,0,0,12.1703
128,128,1,32,11.7653
128,128,1,128,11.9677
128,128,1,512,21.4923
128,128,1,2048,63.486
128,128,1,8192,231.363
128,128,2,16,11.69
128,128,2,64,11.6793
128,128,2,256,14.5273
128,128,2,1024,35.465
128,128,2,4096,119.751
128,128,2,16384,455.676
128,128,4,32,11.6803
128,128,4,128,11.7543
128,128,4,512,21.557
128,128,4,2048,64.03
128,128,4,8192,232.568
128,128,8,16,12.7147
128,128,8,64,12.6397
128,128,8,256,15.2957
128,128,8,1024,36.6283
128,128,8,4096,121.66
128,128,8,16384,478.587
128,128,16,32,18.2503
128,128,16,128,21.14
128,128,16,512,41.0433
128,128,16,2048,126.908
128,128,16,8192,481.136
128,128,32,16,26.986
128,128,32,64,27.434
128,128,32,256,49.8977
128,128,32,1024,134.993
128,128,32,4096,479.409
128,128,32,16384,1874.75
128,128,64,32,42.6973
128,128,64,128,63.0597
128,128,64,512,136.135
128,128,64,2048,440.424
128,128,64,8192,1795.27
128,256,0,0,15.5193
128,256,1,32,15.114
128,256,1,128,15.146
128,256,1,512,21.5247
128,256,1,2048,63.475
128,256,1,8192,231.566
128,256,2,16,15.029
128,256,2,64,15.0387
128,256,2,256,15.146
128,256,2,1024,35.4547
128,256,2,4096,119.644
128,256,2,16384,455.814
128,256,4,32,15.0717
128,256,4,128,15.0927
128,256,4,512,21.568
128,256,4,2048,64.1463
128,256,4,8192,232.302
128,256,8,16,16.2017
128,256,8,64,16.234
128,256,8,256,16.0207
128,256,8,1024,36.5107
128,256,8,4096,121.436
128,256,8,16384,477.041
128,256,16,32,21.5247
128,256,16,128,24.6713
128,256,16,512,41.236
128,256,16,2048,126.812
128,256,16,8192,481.541
128,256,32,16,30.7507
128,256,32,64,31.1457
128,256,32,256,51.593
128,256,32,1024,134.758
128,256,32,4096,479.665
128,256,32,16384,1873.49
128,256,64,32,46.494
128,256,64,128,66.8883
128,256,64,512,136.06
128,256,64,2048,441.041
128,256,64,8192,1794.2
128,512,0,0,22.3993
128,512,1,32,22.048
128,512,1,128,22.047
128,512,1,512,22.2607
128,512,1,2048,63.614
128,512,1,8192,231.268
128,512,2,16,21.9627
128,512,2,64,21.9617
128,512,2,256,22.1537
128,512,2,1024,35.4657
128,512,2,4096,119.602
128,512,2,16384,455.537
128,512,4,32,21.9833
128,512,4,128,22.0363
128,512,4,512,22.282
128,512,4,2048,63.998
128,512,4,8192,232.408
128,512,8,16,22.9537
128,512,8,64,22.965
128,512,8,256,23.0073
128,512,8,1024,36.5103
128,512,8,4096,121.393
128,512,8,16384,480.379
128,512,16,32,28.4793
128,512,16,128,31.7857
128,512,16,512,42.174
128,512,16,2048,126.844
128,512,16,8192,481.148
128,512,32,16,37.7803
128,512,32,64,38.335
128,512,32,256,58.6967
128,512,32,1024,135.1
128,512,32,4096,478.523
128,512,32,16384,1874.3
128,512,64,32,53.8647
128,512,64,128,74.3223
128,512,64,512,138.363
128,512,64,2048,440.296
128,512,64,8192,1791.73
128,1024,0,0,36.351
128,1024,1,32,36.0093
128,1024,1,128,36.0203
128,1024,1,512,36.0307
128,1024,1,2048,63.5067
128,1024,1,8192,231.576
128,1024,2,16,35.9673
128,1024,2,64,35.9887
128,1024,2,256,36.0733
128,1024,2,1024,36.2443
128,1024,2,4096,119.879
128,1024,2,16384,455.516
128,1024,4,32,35.9563
128,1024,4,128,36.1377
128,1024,4,512,36.0953
128,1024,4,2048,64.0833
128,1024,4,8192,232.782
128,1024,8,16,37.108
128,1024,8,64,36.9797
128,1024,8,256,36.9477
128,1024,8,1024,37.0337
128,1024,8,4096,121.991
128,1024,8,16384,479.632
128,1024,16,32,42.42
128,1024,16,128,45.6307
128,1024,16,512,56.5527
128,1024,16,2048,127.079
128,1024,16,8192,479.558
128,1024,32,16,51.7857
128,1024,32,64,52.3713
128,1024,32,256,73.1073
128,1024,32,1024,137.34
128,1024,32,4096,478.054
128,1024,32,16384,1874.38
128,1024,64,32,68.691
128,1024,64,128,88.8077
128,1024,64,512,152.454
128,1024,64,2048,439.57
128,1024,64,8192,1798.18
128,2048,0,0,64.2003
128,2048,1,32,64.0303
128,2048,1,128,64.0407
128,2048,1,512,64.0083
128,2048,1,2048,64.2217
128,2048,1,8192,231.119
128,2048,2,16,63.9443
128,2048,2,64,64.094
128,2048,2,256,63.966
128,2048,2,1024,64.1477
128,2048,2,4096,119.591
128,2048,2,16384,455.986
128,2048,4,32,63.88
128,2048,4,128,63.9447
128,2048,4,512,63.998
128,2048,4,2048,64.51
128,2048,4,8192,232.643
128,2048,8,16,64.6693
128,2048,8,64,64.7443
128,2048,8,256,64.83
128,2048,8,1024,65.15
128,2048,8,4096,122.407
128,2048,8,16384,477.628
128,2048,16,32,70.536
128,2048,16,128,73.522
128,2048,16,512,84.4777
128,2048,16,2048,128.198
128,2048,16,8192,479.74
128,2048,32,16,79.5713
128,2048,32,64,80.0937
128,2048,32,256,101.117
128,2048,32,1024,165.36
128,2048,32,4096,479.792
128,2048,32,16384,1875.92
128,2048,64,32,96.6907
128,2048,64,128,117.532
128,2048,64,512,181.605
128,2048,64,2048,444.647
128,2048,64,8192,1845.49
128,4096,0,0,120.06
128,4096,1,32,119.74
128,4096,1,128,119.751
128,4096,1,512,120.135
128,4096,1,2048,119.921
128,4096,1,8192,231.736
128,4096,2,16,120.028
128,4096,2,64,119.942
128,4096,2,256,120.113
128,4096,2,1024,120.071
128,4096,2,4096,120.369
128,4096,2,16384,457.639
128,4096,4,32,119.709
128,4096,4,128,120.06
128,4096,4,512,119.985
128,4096,4,2048,120.252
128,4096,4,8192,233.304
128,4096,8,16,120.369
128,4096,8,64,120.583
128,4096,8,256,120.498
128,4096,8,1024,120.935
128,4096,8,4096,122.844
128,4096,8,16384,479.879
128,4096,16,32,126.108
128,4096,16,128,129.617
128,4096,16,512,140.134
128,4096,16,2048,183.877
128,4096,16,8192,476.848
128,4096,32,16,135.676
128,4096,32,64,135.505
128,4096,32,256,156.817
128,4096,32,1024,221.199
128,4096,32,4096,487.601
128,4096,32,16384,1887.69
128,4096,64,32,152.156
128,4096,64,128,173.242
128,4096,64,512,238.179
128,4096,64,2048,498.652
128,4096,64,8192,1865.8
128,8192,0,0,231.747
128,8192,1,32,231.342
128,8192,1,128,231.544
128,8192,1,512,231.544
128,8192,1,2048,231.588
128,8192,1,8192,232.174
128,8192,2,16,232.12
128,8192,2,64,231.683
128,8192,2,256,232.045
128,8192,2,1024,231.971
128,8192,2,4096,232.11
128,8192,2,16384,458.877
128,8192,4,32,231.662
128,8192,4,128,231.748
128,8192,4,512,231.321
128,8192,4,2048,232.025
128,8192,4,8192,232.771
128,8192,8,16,232.206
128,8192,8,64,231.897
128,8192,8,256,232.196
128,8192,8,1024,232.525
128,8192,8,4096,240.91
128,8192,8,16384,477.981
128,8192,16,32,237.604
128,8192,16,128,241.486
128,8192,16,512,251.8
128,8192,16,2048,296.449
128,8192,16,8192,482.726
128,8192,32,16,246.808
128,8192,32,64,246.99
128,8192,32,256,268.002
128,8192,32,1024,332.875
128,8192,32,4096,596.46
128,8192,32,16384,1885.27
128,8192,64,32,264.173
128,8192,64,128,284.876
128,8192,64,512,349.835
128,8192,64,2048,612.771
128,8192,64,8192,1818.09
128,16384,0,0,456.199
128,16384,1,32,455.612
128,16384,1,128,456.007
128,16384,1,512,455.751
128,16384,1,2048,454.855
128,16384,1,8192,455.111
128,16384,2,16,456.306
128,16384,2,64,455.751
128,16384,2,256,455.837
128,16384,2,1024,455.772
128,16384,2,4096,456.36
128,16384,2,16384,459.942
128,16384,4,32,455.271
128,16384,4,128,455.858
128,16384,4,512,455.314
128,16384,4,2048,455.495
128,16384,4,8192,467.441
128,16384,8,16,455.484
128,16384,8,64,455.217
128,16384,8,256,455.57
128,16384,8,1024,455.644
128,16384,8,4096,481.553
128,16384,8,16384,479.655
128,16384,16,32,461.309
128,16384,16,128,464.22
128,16384,16,512,474.929
128,16384,16,2048,519.483
128,16384,16,8192,711.264
128,16384,32,16,469.596
128,16384,32,64,469.766
128,16384,32,256,491.089
128,16384,32,1024,556.185
128,16384,32,4096,826.044
128,16384,32,16384,1898.78
128,16384,64,32,486.844
128,16384,64,128,508.283
128,16384,64,512,573.615
128,16384,64,2048,837.703
128,16384,64,8192,2027.88
256,0,0,0,11.6157
256,0,1,32,11.5307
256,0,1,128,11.5727
256,0,1,512,21.3863
256,0,1,2048,63.2627
256,0,1,8192,231.501
256,0,2,16,11.7223
256,0,2,64,11.722
256,0,2,256,14.3993
256,0,2,1024,35.5293
256,0,2,4096,119.346
256,0,2,16384,454.578
256,0,4,32,12.149
256,0,4,128,12.0217
256,0,4,512,22.0253
256,0,4,2048,64.041
256,0,4,8192,232.174
256,0,8,16,17.3433
256,0,8,64,17.546
256,0,8,256,21.2367
256,0,8,1024,42.2497
256,0,8,4096,126.962
256,0,8,16384,476.647
256,0,16,32,20.4053
256,0,16,128,22.5377
256,0,16,512,42.5053
256,0,16,2048,128.135
256,0,16,8192,481.33
256,0,32,16,29.2897
256,0,32,64,29.5567
256,0,32,256,51.4017
256,0,32,1024,135.793
256,0,32,4096,480.177
256,0,32,16384,1874.22
256,0,64,32,46.8143
256,0,64,128,66.2807
256,0,64,512,138.502
256,0,64,2048,443.518
256,0,64,8192,1794.49
256,16,0,0,14.8257
256,16,1,32,14.72
256,16,1,128,14.6983
256,16,1,512,21.482
256,16,1,2048,63.4757
256,16,1,8192,231.47
256,16,2,16,14.9643
256,16,2,64,14.848
256,16,2,256,14.996
256,16,2,1024,35.604
256,16,2,4096,119.463
256,16,2,16384,454.899
256,16,4,32,15.1463
256,16,4,128,15.189
256,16,4,512,22.153
256,16,4,2048,64.2227
256,16,4,8192,231.96
256,16,8,16,20.5217
256,16,8,64,20.5643
256,16,8,256,23.647
256,16,8,1024,44.4043
256,16,8,4096,129.458
256,16,8,16384,477.234
256,16,16,32,24.095
256,16,16,128,26.3777
256,16,16,512,42.58
256,16,16,2048,128.327
256,16,16,8192,480.754
256,16,32,16,32.671
256,16,32,64,32.8317
256,16,32,256,51.945
256,16,32,1024,135.922
256,16,32,4096,480.22
256,16,32,16384,1866.45
256,16,64,32,50.4627
256,16,64,128,69.8003
256,16,64,512,138.94
256,16,64,2048,443.614
256,16,64,8192,1801.94
256,32,0,0,14.8267
256,32,1,32,14.6873
256,32,1,128,14.73
256,32,1,512,21.4923
256,32,1,2048,63.4963
256,32,1,8192,231.45
256,32,2,16,15.04
256,32,2,64,14.976
256,32,2,256,15.0077
256,32,2,1024,35.6257
256,32,2,4096,119.41
256,32,2,16384,454.621
256,32,4,32,15.114
256,32,4,128,15.263
256,32,4,512,22.0473
256,32,4,2048,64.19
256,32,4,8192,232.184
256,32,8,16,20.5637
256,32,8,64,20.7567
256,32,8,256,23.7327
256,32,8,1024,44.6487
256,32,8,4096,129.479
256,32,8,16384,474.898
256,32,16,32,24.5
256,32,16,128,26.559
256,32,16,512,42.4733
256,32,16,2048,128.199
256,32,16,8192,481.671
256,32,32,16,32.6493
256,32,32,64,33.002
256,32,32,256,52.2013
256,32,32,1024,135.889
256,32,32,4096,477.597
256,32,32,16384,1873.24
256,32,64,32,50.4947
256,32,64,128,70.057
256,32,64,512,138.737
256,32,64,2048,442.931
256,32,64,8192,1799.59
256,64,0,0,14.9007
256,64,1,32,14.7943
256,64,1,128,14.8263
256,64,1,512,21.503
256,64,1,2048,63.454
256,64,1,8192,231.695
256,64,2,16,14.954
256,64,2,64,15.05
256,64,2,256,15.1247
256,64,2,1024,35.6257
256,64,2,4096,119.559
256,64,2,16384,455.506
256,64,4,32,15.349
256,64,4,128,15.253
256,64,4,512,22.036
256,64,4,2048,64.062
256,64,4,8192,232.089
256,64,8,16,20.6607
256,64,8,64,20.7677
256,64,8,256,23.8607
256,64,8,1024,44.5537
256,64,8,4096,129.639
256,64,8,16384,478.035
256,64,16,32,24.2763
256,64,16,128,26.2607
256,64,16,512,42.463
256,64,16,2048,128.22
256,64,16,8192,481.361
256,64,32,16,32.895
256,64,32,64,33.1403
256,64,32,256,51.9983
256,64,32,1024,135.846
256,64,32,4096,480.072
256,64,32,16384,1875.83
256,64,64,32,50.751
256,64,64,128,69.9827
256,64,64,512,138.759
256,64,64,2048,444.03
256,64,64,8192,1800.95
256,128,0,0,15.0823
256,128,1,32,14.9647
256,128,1,128,15.0073
256,128,1,512,21.4497
256,128,1,2048,63.3903
256,128,1,8192,231.567
256,128,2,16,15.1887
256,128,2,64,15.2637
256,128,2,256,15.1677
256,128,2,1024,35.5827
256,128,2,4096,119.335
256,128,2,16384,454.824
256,128,4,32,15.7003
256,128,4,128,15.6043
256,128,4,512,22.1113
256,128,4,2048,64.2333
256,128,4,8192,232.143
256,128,8,16,20.8847
256,128,8,64,21.045
256,128,8,256,25.482
256,128,8,1024,45.9393
256,128,8,4096,131.047
256,128,8,16384,477.352
256,128,16,32,25.343
256,128,16,128,27.423
256,128,16,512,42.7187
256,128,16,2048,128.263
256,128,16,8192,481.351
256,128,32,16,33.588
256,128,32,64,33.823
256,128,32,256,52.8193
256,128,32,1024,135.793
256,128,32,4096,480.647
256,128,32,16384,1872.95
256,128,64,32,51.3363
256,128,64,128,71.0487
256,128,64,512,139.217
256,128,64,2048,443.102
256,128,64,8192,1803.62
256,256,0,0,18.4203
256,256,1,32,18.357
256,256,1,128,18.346
256,256,1,512,21.3863
256,256,1,2048,63.4113
256,256,1,8192,231.545
256,256,2,16,18.6983
256,256,2,64,18.869
256,256,2,256,18.6983
256,256,2,1024,35.4123
256,256,2,4096,119.346
256,256,2,16384,455.241
256,256,4,32,19.0507
256,256,4,128,18.975
256,256,4,512,22.1113
256,256,4,2048,64.1693
256,256,4,8192,232.494
256,256,8,16,24.3617
256,256,8,64,24.4047
256,256,8,256,31.0817
256,256,8,1024,49.3857
256,256,8,4096,134.599
256,256,8,16384,477.597
256,256,16,32,29.29
256,256,16,128,32.3833
256,256,16,512,42.7083
256,256,16,2048,128.444
256,256,16,8192,481.32
256,256,32,16,37.7803
256,256,32,64,38.0147
256,256,32,256,57.4273
256,256,32,1024,136.413
256,256,32,4096,479.997
256,256,32,16384,1879.25
256,256,64,32,55.7857
256,256,64,128,75.3043
256,256,64,512,139.943
256,256,64,2048,442.761
256,256,64,8192,1806.24
256,512,0,0,25.407
256,512,1,32,25.3753
256,512,1,128,25.3537
256,512,1,512,25.4817
256,512,1,2048,63.529
256,512,1,8192,231.492
256,512,2,16,25.823
256,512,2,64,25.8343
256,512,2,256,25.706
256,512,2,1024,35.477
256,512,2,4096,119.346
256,512,2,16384,454.376
256,512,4,32,26.0263
256,512,4,128,25.9407
256,512,4,512,26.0897
256,512,4,2048,64.3187
256,512,4,8192,232.271
256,512,8,16,31.1563
256,512,8,64,31.5297
256,512,8,256,38.1647
256,512,8,1024,56.5207
256,512,8,4096,141.724
256,512,8,16384,480.402
256,512,16,32,36.1483
256,512,16,128,42.9217
256,512,16,512,48.5747
256,512,16,2048,128.668
256,512,16,8192,480.626
256,512,32,16,45.8337
256,512,32,64,46.1743
256,512,32,256,64.734
256,512,32,1024,137.084
256,512,32,4096,478.994
256,512,32,16384,1871.8
256,512,64,32,64.3923
256,512,64,128,84.6267
256,512,64,512,146.172
256,512,64,2048,440.617
256,512,64,8192,1802.56
256,1024,0,0,39.508
256,1024,1,32,39.391
256,1024,1,128,39.3267
256,1024,1,512,39.5407
256,1024,1,2048,63.3367
256,1024,1,8192,231.098
256,1024,2,16,39.807
256,1024,2,64,39.6577
256,1024,2,256,39.8817
256,1024,2,1024,39.903
256,1024,2,4096,119.24
256,1024,2,16384,455.219
256,1024,4,32,39.999
256,1024,4,128,39.8493
256,1024,4,512,40.0203
256,1024,4,2048,64.5633
256,1024,4,8192,232.548
256,1024,8,16,45.204
256,1024,8,64,45.4493
256,1024,8,256,52.1377
256,1024,8,1024,73.2037
256,1024,8,4096,156.145
256,1024,8,16384,494.663
256,1024,16,32,50.2807
256,1024,16,128,56.841
256,1024,16,512,73.9493
256,1024,16,2048,128.871
256,1024,16,8192,480.115
256,1024,32,16,60.0513
256,1024,32,64,60.34
256,1024,32,256,80.6163
256,1024,32,1024,143.025
256,1024,32,4096,477.672
256,1024,32,16384,1876.08
256,1024,64,32,80.8617
256,1024,64,128,102.494
256,1024,64,512,161.275
256,1024,64,2048,441.001
256,1024,64,8192,1808.14
256,2048,0,0,67.7103
256,2048,1,32,67.5927
256,2048,1,128,67.6353
256,2048,1,512,67.4967
256,2048,1,2048,67.6033
256,2048,1,8192,231.556
256,2048,2,16,67.849
256,2048,2,64,67.8913
256,2048,2,256,67.8697
256,2048,2,1024,67.838
256,2048,2,4096,119.58
256,2048,2,16384,454.782
256,2048,4,32,67.7847
256,2048,4,128,67.838
256,2048,4,512,67.988
256,2048,4,2048,68.382
256,2048,4,8192,233.017
256,2048,8,16,73.1393
256,2048,8,64,73.3533
256,2048,8,256,79.934
256,2048,8,1024,101.459
256,2048,8,4096,184.475
256,2048,8,16384,523.431
256,2048,16,32,77.9603
256,2048,16,128,84.894
256,2048,16,512,106.674
256,2048,16,2048,134.952
256,2048,16,8192,480.264
256,2048,32,16,87.774
256,2048,32,64,88.4453
256,2048,32,256,110.131
256,2048,32,1024,171.824
256,2048,32,4096,481.235
256,2048,32,16384,1881.16
256,2048,64,32,109.287
256,2048,64,128,133.917
256,2048,64,512,196.058
256,2048,64,2048,450.569
256,2048,64,8192,1893.84
256,4096,0,0,123.708
256,4096,1,32,123.09
256,4096,1,128,123.25
256,4096,1,512,123.036
256,4096,1,2048,123.591
256,4096,1,8192,231.598
256,4096,2,16,123.527
256,4096,2,64,123.634
256,4096,2,256,123.793
256,4096,2,1024,123.741
256,4096,2,4096,123.911
256,4096,2,16384,456.201
256,4096,4,32,124.028
256,4096,4,128,123.9
256,4096,4,512,123.752
256,4096,4,2048,124.103
256,4096,4,8192,233.156
256,4096,8,16,129.202
256,4096,8,64,129.148
256,4096,8,256,135.623
256,4096,8,1024,157.158
256,4096,8,4096,242.948
256,4096,8,16384,579.952
256,4096,16,32,133.884
256,4096,16,128,140.668
256,4096,16,512,161.937
256,4096,16,2048,241.338
256,4096,16,8192,476.808
256,4096,32,16,143.761
256,4096,32,64,144.231
256,4096,32,256,165.66
256,4096,32,1024,231.119
256,4096,32,4096,490.813
256,4096,32,16384,1916.73
256,4096,64,32,165.435
256,4096,64,128,189.915
256,4096,64,512,264.559
256,4096,64,2048,505.917
256,4096,64,8192,1925.92
256,8192,0,0,235.854
256,8192,1,32,234.926
256,8192,1,128,234.927
256,8192,1,512,235.023
256,8192,1,2048,235.098
256,8192,1,8192,235.002
256,8192,2,16,235.643
256,8192,2,64,236.121
256,8192,2,256,236.132
256,8192,2,1024,235.876
256,8192,2,4096,235.983
256,8192,2,16384,460.648
256,8192,4,32,235.514
256,8192,4,128,235.609
256,8192,4,512,235.834
256,8192,4,2048,235.961
256,8192,4,8192,236.367
256,8192,8,16,241.006
256,8192,8,64,240.942
256,8192,8,256,247.513
256,8192,8,1024,268.483
256,8192,8,4096,354.529
256,8192,8,16384,717.729
256,8192,16,32,245.7
256,8192,16,128,252.014
256,8192,16,512,273.603
256,8192,16,2048,359.254
256,8192,16,8192,481.437
256,8192,32,16,255.267
256,8192,32,64,255.779
256,8192,32,256,277.326
256,8192,32,1024,342.849
256,8192,32,4096,603.013
256,8192,32,16384,1900.24
256,8192,64,32,277.103
256,8192,64,128,301.602
256,8192,64,512,376.896
256,8192,64,2048,676.216
256,8192,64,8192,1783.21
256,16384,0,0,459.303
256,16384,1,32,458.996
256,16384,1,128,458.899
256,16384,1,512,459.07
256,16384,1,2048,459.145
256,16384,1,8192,459.23
256,16384,2,16,459.871
256,16384,2,64,459.752
256,16384,2,256,460.094
256,16384,2,1024,459.773
256,16384,2,4096,459.475
256,16384,2,16384,460.904
256,16384,4,32,459.444
256,16384,4,128,459.4
256,16384,4,512,459.892
256,16384,4,2048,459.752
256,16384,4,8192,469.512
256,16384,8,16,464.979
256,16384,8,64,463.572
256,16384,8,256,470.685
256,16384,8,1024,492.573
256,16384,8,4096,577.798
256,16384,8,16384,951.825
256,16384,16,32,468.467
256,16384,16,128,475.934
256,16384,16,512,495.73
256,16384,16,2048,581.926
256,16384,16,8192,918.184
256,16384,32,16,477.907
256,16384,32,64,478.28
256,16384,32,256,500.978
256,16384,32,1024,565.467
256,16384,32,4096,829.973
256,16384,32,16384,1903.71
256,16384,64,32,501.991
256,16384,64,128,524.754
256,16384,64,512,599.739
256,16384,64,2048,910.012
256,16384,64,8192,2017.32
512,0,0,0,19.765
512,0,1,32,20.17
512,0,1,128,20.1057
512,0,1,512,22.837
512,0,1,2048,64.692
512,0,1,8192,232.474
512,0,2,16,20.7147
512,0,2,64,20.789
512,0,2,256,20.7357
512,0,2,1024,37.3213
512,0,2,4096,121.17
512,0,2,16384,457.363
512,0,4,32,25.2693
512,0,4,128,26.2607
512,0,4,512,29.0873
512,0,4,2048,70.8893
512,0,4,8192,239.151
512,0,8,16,27.3277
512,0,8,64,27.4343
512,0,8,256,32.9373
512,0,8,1024,54.601
512,0,8,4096,139.441
512,0,8,16384,478.089
512,0,16,32,34.1213
512,0,16,128,38.4733
512,0,16,512,52.99
512,0,16,2048,137.106
512,0,16,8192,483.059
512,0,32,16,45.0657
512,0,32,64,45.5773
512,0,32,256,63.6463
512,0,32,1024,140.38
512,0,32,4096,483.517
512,0,32,16384,1878.24
512,0,64,32,66.6327
512,0,64,128,86.418
512,0,64,512,149.158
512,0,64,2048,446.463
512,0,64,8192,1811.11
512,16,0,0,23.0287
512,16,1,32,23.3173
512,16,1,128,23.4233
512,16,1,512,23.3593
512,16,1,2048,64.777
512,16,1,8192,232.121
512,16,2,16,23.765
512,16,2,64,23.957
512,16,2,256,23.786
512,16,2,1024,37.3433
512,16,2,4096,121.085
512,16,2,16384,457.556
512,16,4,32,28.5537
512,16,4,128,30.7083
512,16,4,512,31.4447
512,16,4,2048,72.9903
512,16,4,8192,240.462
512,16,8,16,30.8683
512,16,8,64,30.954
512,16,8,256,36.1053
512,16,8,1024,56.8093
512,16,8,4096,142.151
512,16,8,16384,480.329
512,16,16,32,37.578
512,16,16,128,42.1533
512,16,16,512,56.0303
512,16,16,2048,138.641
512,16,16,8192,481.832
512,16,32,16,48.5857
512,16,32,64,48.9377
512,16,32,256,67.593
512,16,32,1024,141.201
512,16,32,4096,482.398
512,16,32,16384,1877.64
512,16,64,32,70.6327
512,16,64,128,90.3983
512,16,64,512,150.727
512,16,64,2048,446.101
512,16,64,8192,1810.47
512,32,0,0,22.954
512,32,1,32,23.3603
512,32,1,128,23.317
512,32,1,512,23.349
512,32,1,2048,64.7343
512,32,1,8192,232.068
512,32,2,16,23.8923
512,32,2,64,23.9033
512,32,2,256,23.8073
512,32,2,1024,37.396
512,32,2,4096,120.945
512,32,2,16384,457.417
512,32,4,32,28.4363
512,32,4,128,30.847
512,32,4,512,31.53
512,32,4,2048,73.033
512,32,4,8192,240.09
512,32,8,16,30.8153
512,32,8,64,31.1137
512,32,8,256,36.0633
512,32,8,1024,56.8203
512,32,8,4096,142.46
512,32,8,16384,480.734
512,32,16,32,37.9933
512,32,16,128,42.4417
512,32,16,512,55.743
512,32,16,2048,138.439
512,32,16,8192,482.515
512,32,32,16,48.948
512,32,32,64,49.108
512,32,32,256,67.4003
512,32,32,1024,141.063
512,32,32,4096,483.294
512,32,32,16384,1878.82
512,32,64,32,70.7397
512,32,64,128,90.387
512,32,64,512,150.727
512,32,64,2048,444.916
512,32,64,8192,1811.57
512,64,0,0,23.167
512,64,1,32,23.4873
512,64,1,128,23.3063
512,64,1,512,23.38
512,64,1,2048,64.6913
512,64,1,8192,232.581
512,64,2,16,23.871
512,64,2,64,24.0107
512,64,2,256,23.8393
512,64,2,1024,37.3323
512,64,2,4096,121.053
512,64,2,16384,457.983
512,64,4,32,28.682
512,64,4,128,30.8793
512,64,4,512,31.6153
512,64,4,2048,72.7763
512,64,4,8192,240.282
512,64,8,16,31.1673
512,64,8,64,31.082
512,64,8,256,36.2763
512,64,8,1024,57.087
512,64,8,4096,142.087
512,64,8,16384,479.699
512,64,16,32,38.015
512,64,16,128,42.505
512,64,16,512,55.7853
512,64,16,2048,138.877
512,64,16,8192,483.198
512,64,32,16,48.9373
512,64,32,64,49.1933
512,64,32,256,67.6783
512,64,32,1024,141.084
512,64,32,4096,482.686
512,64,32,16384,1877.38
512,64,64,32,70.3873
512,64,64,128,90.8453
512,64,64,512,150.78
512,64,64,2048,445.46
512,64,64,8192,1813.2
512,128,0,0,23.274
512,128,1,32,23.69
512,128,1,128,23.6043
512,128,1,512,23.6687
512,128,1,2048,65.0757
512,128,1,8192,232.644
512,128,2,16,24.298
512,128,2,64,24.1697
512,128,2,256,24.1807
512,128,2,1024,37.3427
512,128,2,4096,121.085
512,128,2,16384,456.307
512,128,4,32,28.8313
512,128,4,128,31.9667
512,128,4,512,33.258
512,128,4,2048,74.825
512,128,4,8192,243.119
512,128,8,16,32.2447
512,128,8,64,32.3193
512,128,8,256,36.7457
512,128,8,1024,58.7927
512,128,8,4096,144.081
512,128,8,16384,481.95
512,128,16,32,39.242
512,128,16,128,43.6143
512,128,16,512,58.1853
512,128,16,2048,140.679
512,128,16,8192,482.793
512,128,32,16,50.239
512,128,32,64,50.932
512,128,32,256,69.043
512,128,32,1024,141.639
512,128,32,4096,482.249
512,128,32,16384,1879.47
512,128,64,32,72.148
512,128,64,128,92.2433
512,128,64,512,151.986
512,128,64,2048,444.714
512,128,64,8192,1807.89
512,256,0,0,26.8363
512,256,1,32,27.263
512,256,1,128,27.1777
512,256,1,512,27.1773
512,256,1,2048,64.9153
512,256,1,8192,232.101
512,256,2,16,27.85
512,256,2,64,27.8287
512,256,2,256,27.8713
512,256,2,1024,37.407
512,256,2,4096,121.074
512,256,2,16384,456.936
512,256,4,32,32.5543
512,256,4,128,35.743
512,256,4,512,40.2017
512,256,4,2048,78.5263
512,256,4,8192,246.319
512,256,8,16,36.1697
512,256,8,64,36.4147
512,256,8,256,41.4923
512,256,8,1024,62.7923
512,256,8,4096,148.295
512,256,8,16384,486.217
512,256,16,32,43.988
512,256,16,128,48.532
512,256,16,512,65.395
512,256,16,2048,144.626
512,256,16,8192,485.022
512,256,32,16,55.1877
512,256,32,64,56.1477
512,256,32,256,75.8703
512,256,32,1024,142.567
512,256,32,4096,482.334
512,256,32,16384,1878.34
512,256,64,32,77.2783
512,256,64,128,97.7037
512,256,64,512,157.286
512,256,64,2048,444.778
512,256,64,8192,1805.24
512,512,0,0,33.8983
512,512,1,32,34.1853
512,512,1,128,34.122
512,512,1,512,34.143
512,512,1,2048,65.1073
512,512,1,8192,232.356
512,512,2,16,34.815
512,512,2,64,34.911
512,512,2,256,34.7623
512,512,2,1024,37.471
512,512,2,4096,121.202
512,512,2,16384,456.947
512,512,4,32,39.5403
512,512,4,128,42.7083
512,512,4,512,53.118
512,512,4,2048,85.5767
512,512,4,8192,253.231
512,512,8,16,43.2947
512,512,8,64,43.3907
512,512,8,256,50.2813
512,512,8,1024,69.4277
512,512,8,4096,155.666
512,512,8,16384,494.142
512,512,16,32,52.6493
512,512,16,128,58.964
512,512,16,512,75.1657
512,512,16,2048,152.156
512,512,16,8192,491.977
512,512,32,16,65.4593
512,512,32,64,65.3843
512,512,32,256,86.963
512,512,32,1024,143.634
512,512,32,4096,482.975
512,512,32,16384,1877.01
512,512,64,32,88.1153
512,512,64,128,108.563
512,512,64,512,170.086
512,512,64,2048,445.823
512,512,64,8192,1815.51
512,1024,0,0,48.1053
512,1024,1,32,48.3403
512,1024,1,128,48.3297
512,1024,1,512,48.3617
512,1024,1,2048,65.2777
512,1024,1,8192,232.955
512,1024,2,16,48.8517
512,1024,2,64,48.8093
512,1024,2,256,48.99
512,1024,2,1024,49.236
512,1024,2,4096,122.216
512,1024,2,16384,457.642
512,1024,4,32,53.46
512,1024,4,128,56.905
512,1024,4,512,67.7213
512,1024,4,2048,100.157
512,1024,4,8192,268.249
512,1024,8,16,57.5023
512,1024,8,64,57.6093
512,1024,8,256,64.404
512,1024,8,1024,84.0933
512,1024,8,4096,170.011
512,1024,8,16384,508.521
512,1024,16,32,66.6863
512,1024,16,128,76.8083
512,1024,16,512,91.4003
512,1024,16,2048,167.303
512,1024,16,8192,506.91
512,1024,32,16,83.838
512,1024,32,64,84.649
512,1024,32,256,106.803
512,1024,32,1024,161.436
512,1024,32,4096,482.163
512,1024,32,16384,1881.52
512,1024,64,32,108.413
512,1024,64,128,130.13
512,1024,64,512,193.766
512,1024,64,2048,447.882
512,1024,64,8192,1865.47
512,2048,0,0,76.7873
512,2048,1,32,76.563
512,2048,1,128,76.606
512,2048,1,512,76.627
512,2048,1,2048,76.7983
512,2048,1,8192,234.309
512,2048,2,16,77.1073
512,2048,2,64,77.5877
512,2048,2,256,77.214
512,2048,2,1024,77.7897
512,2048,2,4096,123.016
512,2048,2,16384,458.879
512,2048,4,32,81.801
512,2048,4,128,85.1073
512,2048,4,512,95.9867
512,2048,4,2048,138.322
512,2048,4,8192,297.251
512,2048,8,16,85.747
512,2048,8,64,85.8003
512,2048,8,256,92.9893
512,2048,8,1024,114.568
512,2048,8,4096,198.662
512,2048,8,16384,538.162
512,2048,16,32,95.0057
512,2048,16,128,105.245
512,2048,16,512,137.426
512,2048,16,2048,203.514
512,2048,16,8192,533.821
512,2048,32,16,112.519
512,2048,32,64,113.79
512,2048,32,256,147.271
512,2048,32,1024,215.024
512,2048,32,4096,483.86
512,2048,32,16384,1930.22
512,2048,64,32,147.858
512,2048,64,128,171.548
512,2048,64,512,236.08
512,2048,64,2048,468.681
512,2048,64,8192,1979.75
512,4096,0,0,132.818
512,4096,1,32,132.477
512,4096,1,128,132.317
512,4096,1,512,132.743
512,4096,1,2048,132.967
512,4096,1,8192,234.266
512,4096,2,16,133.543
512,4096,2,64,133.202
512,4096,2,256,133.458
512,4096,2,1024,133.895
512,4096,2,4096,134.951
512,4096,2,16384,463.913
512,4096,4,32,137.67
512,4096,4,128,140.945
512,4096,4,512,151.793
512,4096,4,2048,194.672
512,4096,4,8192,353.996
512,4096,8,16,141.212
512,4096,8,64,141.436
512,4096,8,256,148.679
512,4096,8,1024,170.63
512,4096,8,4096,253.827
512,4096,8,16384,592.721
512,4096,16,32,150.877
512,4096,16,128,160.7
512,4096,16,512,192.881
512,4096,16,2048,261.551
512,4096,16,8192,603.526
512,4096,32,16,168.487
512,4096,32,64,169.126
512,4096,32,256,207.728
512,4096,32,1024,290.468
512,4096,32,4096,498.164
512,4096,32,16384,2015.82
512,4096,64,32,205.211
512,4096,64,128,242.959
512,4096,64,512,318.382
512,4096,64,2048,582.343
512,4096,64,8192,1994.97
512,8192,0,0,244.473
512,8192,1,32,243.823
512,8192,1,128,243.993
512,8192,1,512,244.026
512,8192,1,2048,244.452
512,8192,1,8192,244.761
512,8192,2,16,245.498
512,8192,2,64,245.316
512,8192,2,256,245.594
512,8192,2,1024,246.02
512,8192,2,4096,247.343
512,8192,2,16384,464.97
512,8192,4,32,249.091
512,8192,4,128,252.794
512,8192,4,512,263.033
512,8192,4,2048,306.157
512,8192,4,8192,476.99
512,8192,8,16,252.879
512,8192,8,64,252.805
512,8192,8,256,260.068
512,8192,8,1024,281.764
512,8192,8,4096,367.222
512,8192,8,16384,718.713
512,8192,16,32,262.692
512,8192,16,128,272.057
512,8192,16,512,304.121
512,8192,16,2048,431.647
512,8192,16,8192,720.526
512,8192,32,16,280.014
512,8192,32,64,280.868
512,8192,32,256,319.096
512,8192,32,1024,427.157
512,8192,32,4096,720.857
512,8192,32,16384,1961.22
512,8192,64,32,316.751
512,8192,64,128,354.999
512,8192,64,512,471.146
512,8192,64,2048,743.534
512,8192,64,8192,1814.86
512,16384,0,0,469.385
512,16384,1,32,468.404
512,16384,1,128,468.105
512,16384,1,512,469.001
512,16384,1,2048,468.671
512,16384,1,8192,469.001
512,16384,2,16,469.939
512,16384,2,64,470.547
512,16384,2,256,470.527
512,16384,2,1024,470.175
512,16384,2,4096,471.285
512,16384,2,16384,473.247
512,16384,4,32,473.695
512,16384,4,128,476.906
512,16384,4,512,487.221
512,16384,4,2048,530.291
512,16384,4,8192,702.372
512,16384,8,16,476.649
512,16384,8,64,476.841
512,16384,8,256,483.539
512,16384,8,1024,505.204
512,16384,8,4096,592.434
512,16384,8,16384,954.537
512,16384,16,32,485.972
512,16384,16,128,495.998
512,16384,16,512,528.786
512,16384,16,2048,655.61
512,16384,16,8192,947.027
512,16384,32,16,503.871
512,16384,32,64,504.191
512,16384,32,256,542.525
512,16384,32,1024,651.909
512,16384,32,4096,1042.91
512,16384,32,16384,1900.39
512,16384,64,32,541.31
512,16384,64,128,579.111
512,16384,64,512,693.914
512,16384,64,2048,1057.81
512,16384,64,8192,2320.02
1024,0,0,0,50.9317
1024,0,1,32,51.3907
1024,0,1,128,52.255
1024,0,1,512,54.111
1024,0,1,2048,82.8993
1024,0,1,8192,250.755
1024,0,2,16,53.4497
1024,0,2,64,53.5243
1024,0,2,256,54.484
1024,0,2,1024,59.0817
1024,0,2,4096,142.631
1024,0,2,16384,477.844
1024,0,4,32,54.7827
1024,0,4,128,55.9023
1024,0,4,512,59.017
1024,0,4,2048,95.144
1024,0,4,8192,262.852
1024,0,8,16,59.38
1024,0,8,64,59.316
1024,0,8,256,64.2437
1024,0,8,1024,76.9473
1024,0,8,4096,179.398
1024,0,8,16384,516.403
1024,0,16,32,67.657
1024,0,16,128,72.798
1024,0,16,512,87.3043
1024,0,16,2048,164.679
1024,0,16,8192,504.703
1024,0,32,16,82.2167
1024,0,32,64,82.8777
1024,0,32,256,103.88
1024,0,32,1024,163.484
1024,0,32,4096,490.207
1024,0,32,16384,1887.2
1024,0,64,32,112.179
1024,0,64,128,133.181
1024,0,64,512,194.278
1024,0,64,2048,463.775
1024,0,64,8192,1848.45
1024,16,0,0,56.9473
1024,16,1,32,56.98
1024,16,1,128,57.1287
1024,16,1,512,57.8543
1024,16,1,2048,85.3847
1024,16,1,8192,252.293
1024,16,2,16,58.1637
1024,16,2,64,58.036
1024,16,2,256,60.1157
1024,16,2,1024,63.412
1024,16,2,4096,145.479
1024,16,2,16384,481.024
1024,16,4,32,60.169
1024,16,4,128,61.1083
1024,16,4,512,64.6493
1024,16,4,2048,97.8967
1024,16,4,8192,265.583
1024,16,8,16,64.361
1024,16,8,64,64.3287
1024,16,8,256,69.2787
1024,16,8,1024,80.691
1024,16,8,4096,184.561
1024,16,8,16384,521.716
1024,16,16,32,72.1907
1024,16,16,128,77.5553
1024,16,16,512,92.4887
1024,16,16,2048,167.879
1024,16,16,8192,506.772
1024,16,32,16,87.0163
1024,16,32,64,87.859
1024,16,32,256,108.595
1024,16,32,1024,167.036
1024,16,32,4096,486.08
1024,16,32,16384,1891.35
1024,16,64,32,117.181
1024,16,64,128,137.853
1024,16,64,512,199.74
1024,16,64,2048,465.503
1024,16,64,8192,1854.83
1024,32,0,0,57.0657
1024,32,1,32,57.0013
1024,32,1,128,57.0227
1024,32,1,512,57.8443
1024,32,1,2048,85.3093
1024,32,1,8192,252.506
1024,32,2,16,58.26
1024,32,2,64,58.0573
1024,32,2,256,60.4573
1024,32,2,1024,63.7533
1024,32,2,4096,145.608
1024,32,2,16384,481.236
1024,32,4,32,60.0517
1024,32,4,128,61.2037
1024,32,4,512,64.5427
1024,32,4,2048,97.704
1024,32,4,8192,266.458
1024,32,8,16,64.4893
1024,32,8,64,64.6707
1024,32,8,256,69.1287
1024,32,8,1024,80.8083
1024,32,8,4096,184.368
1024,32,8,16384,522.42
1024,32,16,32,72.3613
1024,32,16,128,77.8433
1024,32,16,512,92.8617
1024,32,16,2048,167.718
1024,32,16,8192,506.292
1024,32,32,16,87.4747
1024,32,32,64,87.6673
1024,32,32,256,109.191
1024,32,32,1024,166.823
1024,32,32,4096,488.831
1024,32,32,16384,1887.14
1024,32,64,32,117.725
1024,32,64,128,138.535
1024,32,64,512,199.91
1024,32,64,2048,466.133
1024,32,64,8192,1857.13
1024,64,0,0,57.2463
1024,64,1,32,57.0013
1024,64,1,128,57.2357
1024,64,1,512,57.9287
1024,64,1,2048,85.6513
1024,64,1,8192,252.58
1024,64,2,16,58.1207
1024,64,2,64,58.1533
1024,64,2,256,60.6603
1024,64,2,1024,63.6783
1024,64,2,4096,145.543
1024,64,2,16384,480.043
1024,64,4,32,60.457
1024,64,4,128,61.2253
1024,64,4,512,64.5527
1024,64,4,2048,97.885
1024,64,4,8192,265.231
1024,64,8,16,64.6387
1024,64,8,64,64.489
1024,64,8,256,69.225
1024,64,8,1024,80.7873
1024,64,8,4096,184.241
1024,64,8,16384,521.428
1024,64,16,32,72.7127
1024,64,16,128,77.79
1024,64,16,512,92.8297
1024,64,16,2048,167.708
1024,64,16,8192,506.57
1024,64,32,16,87.5713
1024,64,32,64,88.2223
1024,64,32,256,108.915
1024,64,32,1024,167.708
1024,64,32,4096,487.402
1024,64,32,16384,1889.96
1024,64,64,32,117.042
1024,64,64,128,138.536
1024,64,64,512,199.324
1024,64,64,2048,465.643
1024,64,64,8192,1858.52
1024,128,0,0,57.9073
1024,128,1,32,60.287
1024,128,1,128,60.6173
1024,128,1,512,61.0113
1024,128,1,2048,88.382
1024,128,1,8192,256.005
1024,128,2,16,60.787
1024,128,2,64,60.6807
1024,128,2,256,61.9183
1024,128,2,1024,65.4273
1024,128,2,4096,148.209
1024,128,2,16384,482.676
1024,128,4,32,62.164
1024,128,4,128,63.9457
1024,128,4,512,67.54
1024,128,4,2048,100.616
1024,128,4,8192,268.293
1024,128,8,16,66.6223
1024,128,8,64,66.7287
1024,128,8,256,71.7423
1024,128,8,1024,83.6353
1024,128,8,4096,188.731
1024,128,8,16384,526.292
1024,128,16,32,74.4087
1024,128,16,128,80.6383
1024,128,16,512,95.0907
1024,128,16,2048,171.26
1024,128,16,8192,508.457
1024,128,32,16,90.0033
1024,128,32,64,90.5363
1024,128,32,256,111.933
1024,128,32,1024,170.407
1024,128,32,4096,486.826
1024,128,32,16384,1891.07
1024,128,64,32,119.602
1024,128,64,128,140.872
1024,128,64,512,202.694
1024,128,64,2048,467.157
1024,128,64,8192,1864.68
1024,256,0,0,65.0977
1024,256,1,32,67.6463
1024,256,1,128,67.657
1024,256,1,512,67.9987
1024,256,1,2048,92.4033
1024,256,1,8192,259.631
1024,256,2,16,67.827
1024,256,2,64,67.8493
1024,256,2,256,68.8617
1024,256,2,1024,73.2033
1024,256,2,4096,152.604
1024,256,2,16384,488.479
1024,256,4,32,69.9823
1024,256,4,128,71.689
1024,256,4,512,75.092
1024,256,4,2048,105.213
1024,256,4,8192,273.284
1024,256,8,16,74.014
1024,256,8,64,74.0667
1024,256,8,256,79.4117
1024,256,8,1024,93.0967
1024,256,8,4096,198.416
1024,256,8,16384,534.868
1024,256,16,32,81.6097
1024,256,16,128,87.369
1024,256,16,512,103.283
1024,256,16,2048,177.681
1024,256,16,8192,513.332
1024,256,32,16,97.2993
1024,256,32,64,97.7893
1024,256,32,256,119.464
1024,256,32,1024,180.305
1024,256,32,4096,488.469
1024,256,32,16384,1888.52
1024,256,64,32,127.336
1024,256,64,128,148.839
1024,256,64,512,210.929
1024,256,64,2048,471.445
1024,256,64,8192,1887.49
1024,512,0,0,79.2407
1024,512,1,32,81.8217
1024,512,1,128,81.8227
1024,512,1,512,82.3667
1024,512,1,2048,100.157
1024,512,1,8192,267.161
1024,512,2,16,82.238
1024,512,2,64,82.1317
1024,512,2,256,83.1557
1024,512,2,1024,86.014
1024,512,2,4096,160.839
1024,512,2,16384,496.874
1024,512,4,32,83.753
1024,512,4,128,85.6407
1024,512,4,512,89.4593
1024,512,4,2048,115.154
1024,512,4,8192,283.45
1024,512,8,16,88.371
1024,512,8,64,88.9043
1024,512,8,256,93.2353
1024,512,8,1024,110.482
1024,512,8,4096,217.168
1024,512,8,16384,553.939
1024,512,16,32,95.87
1024,512,16,128,101.32
1024,512,16,512,118.355
1024,512,16,2048,192.273
1024,512,16,8192,522.633
1024,512,32,16,111.336
1024,512,32,64,112.498
1024,512,32,256,134.792
1024,512,32,1024,195.633
1024,512,32,4096,491.669
1024,512,32,16384,1901.28
1024,512,64,32,142.407
1024,512,64,128,163.996
1024,512,64,512,227.077
1024,512,64,2048,481.696
1024,512,64,8192,1917.44
1024,1024,0,0,107.645
1024,1024,1,32,109.854
1024,1024,1,128,110.11
1024,1024,1,512,110.44
1024,1024,1,2048,114.749
1024,1024,1,8192,281.988
1024,1024,2,16,110.312
1024,1024,2,64,110.42
1024,1024,2,256,111.474
1024,1024,2,1024,114.088
1024,1024,2,4096,175.548
1024,1024,2,16384,510.304
1024,1024,4,32,112.03
1024,1024,4,128,114.098
1024,1024,4,512,117.629
1024,1024,4,2048,129.842
1024,1024,4,8192,303.993
1024,1024,8,16,116.392
1024,1024,8,64,116.744
1024,1024,8,256,121.021
1024,1024,8,1024,138.312
1024,1024,8,4096,244.048
1024,1024,8,16384,595.314
1024,1024,16,32,123.923
1024,1024,16,128,129.789
1024,1024,16,512,146.834
1024,1024,16,2048,200.145
1024,1024,16,8192,538.036
1024,1024,32,16,139.058
1024,1024,32,64,139.634
1024,1024,32,256,163.783
1024,1024,32,1024,225.125
1024,1024,32,4096,499.081
1024,1024,32,16384,1903.56
1024,1024,64,32,171.26
1024,1024,64,128,193.489
1024,1024,64,512,258.052
1024,1024,64,2048,504.064
1024,1024,64,8192,1981.1
1024,2048,0,0,163.804
1024,2048,1,32,165.628
1024,2048,1,128,166.033
1024,2048,1,512,166.684
1024,2048,1,2048,166.738
1024,2048,1,8192,311.299
1024,2048,2,16,166.3
1024,2048,2,64,166.31
1024,2048,2,256,167.484
1024,2048,2,1024,168.327
1024,2048,2,4096,204.689
1024,2048,2,16384,540.884
1024,2048,4,32,167.879
1024,2048,4,128,169.777
1024,2048,4,512,173.34
1024,2048,4,2048,175.132
1024,2048,4,8192,333.006
1024,2048,8,16,172.348
1024,2048,8,64,172.423
1024,2048,8,256,176.604
1024,2048,8,1024,194.801
1024,2048,8,4096,273.924
1024,2048,8,16384,678.203
1024,2048,16,32,179.836
1024,2048,16,128,184.518
1024,2048,16,512,200.764
1024,2048,16,2048,280.623
1024,2048,16,8192,603.698
1024,2048,32,16,194.193
1024,2048,32,64,195.27
1024,2048,32,256,218.459
1024,2048,32,1024,286.17
1024,2048,32,4096,540.937
1024,2048,32,16384,1998.22
1024,2048,64,32,226.896
1024,2048,64,128,251.536
1024,2048,64,512,318.564
1024,2048,64,2048,565.747
1024,2048,64,8192,2354.05
1024,4096,0,0,274.553
1024,4096,1,32,275.801
1024,4096,1,128,276.666
1024,4096,1,512,276.869
1024,4096,1,2048,276.857
1024,4096,1,8192,367.597
1024,4096,2,16,276.612
1024,4096,2,64,276.89
1024,4096,2,256,278.063
1024,4096,2,1024,278.532
1024,4096,2,4096,280.697
1024,4096,2,16384,596.637
1024,4096,4,32,279.076
1024,4096,4,128,280.58
1024,4096,4,512,283.673
1024,4096,4,2048,284.068
1024,4096,4,8192,390.359
1024,4096,8,16,282.756
1024,4096,8,64,283.044
1024,4096,8,256,286.617
1024,4096,8,1024,302.681
1024,4096,8,4096,391.533
1024,4096,8,16384,845.804
1024,4096,16,32,290.126
1024,4096,16,128,295.129
1024,4096,16,512,310.169
1024,4096,16,2048,397.516
1024,4096,16,8192,706.853
1024,4096,32,16,304.675
1024,4096,32,64,304.398
1024,4096,32,256,325.944
1024,4096,32,1024,403.095
1024,4096,32,4096,645.607
1024,4096,32,16384,1976.84
1024,4096,64,32,334.574
1024,4096,64,128,357.389
1024,4096,64,512,433.612
1024,4096,64,2048,684.571
1024,4096,64,8192,2307.02
1024,8192,0,0,493.642
1024,8192,1,32,495.657
1024,8192,1,128,495.605
1024,8192,1,512,495.701
1024,8192,1,2048,496.01
1024,8192,1,8192,496.587
1024,8192,2,16,496.501
1024,8192,2,64,496.48
1024,8192,2,256,497.909
1024,8192,2,1024,498.474
1024,8192,2,4096,499.22
1024,8192,2,16384,709.936
1024,8192,4,32,498.419
1024,8192,4,128,499.871
1024,8192,4,512,502.686
1024,8192,4,2048,503.252
1024,8192,4,8192,505.589
1024,8192,8,16,502.153
1024,8192,8,64,502.293
1024,8192,8,256,505.749
1024,8192,8,1024,521.513
1024,8192,8,4096,611.133
1024,8192,8,16384,943.072
1024,8192,16,32,509.663
1024,8192,16,128,513.994
1024,8192,16,512,529.47
1024,8192,16,2048,611.773
1024,8192,16,8192,967.957
1024,8192,32,16,524.031
1024,8192,32,64,524.873
1024,8192,32,256,545.15
1024,8192,32,1024,615.292
1024,8192,32,4096,870.53
1024,8192,32,16384,1925.59
1024,8192,64,32,554.569
1024,8192,64,128,575.763
1024,8192,64,512,650.534
1024,8192,64,2048,937.132
1024,8192,64,8192,2060.88
1024,16384,0,0,935.829
1024,16384,1,32,936.086
1024,16384,1,128,935.413
1024,16384,1,512,937.749
1024,16384,1,2048,936.918
1024,16384,1,8192,938.017
1024,16384,2,16,937.322
1024,16384,2,64,938.452
1024,16384,2,256,937.398
1024,16384,2,1024,940.502
1024,16384,2,4096,942.027
1024,16384,2,16384,951.807
1024,16384,4,32,939.466
1024,16384,4,128,940.725
1024,16384,4,512,944.533
1024,16384,4,2048,944.714
1024,16384,4,8192,946.687
1024,16384,8,16,942.283
1024,16384,8,64,943.594
1024,16384,8,256,947.978
1024,16384,8,1024,963.531
1024,16384,8,4096,1053.29
1024,16384,8,16384,1405.77
1024,16384,16,32,952.319
1024,16384,16,128,957.482
1024,16384,16,512,972.66
1024,16384,16,2048,1019.58
1024,16384,16,8192,1410.01
1024,16384,32,16,966.901
1024,16384,32,64,967.221
1024,16384,32,256,987.326
1024,16384,32,1024,1055.97
1024,16384,32,4096,1330.52
1024,16384,32,16384,2376.18
1024,16384,64,32,1000.47
1024,16384,64,128,1022.6
1024,16384,64,512,1089.32
1024,16384,64,2048,1402.82
1024,16384,64,8192,2495.48
2048,0,0,0,142.461
2048,0,1,32,143.559
2048,0,1,128,144.541
2048,0,1,512,145.074
2048,0,1,2048,148.872
2048,0,1,8192,315.001
2048,0,2,16,144.914
2048,0,2,64,145.725
2048,0,2,256,146.556
2048,0,2,1024,151.239
2048,0,2,4096,212.624
2048,0,2,16384,548.607
2048,0,4,32,147.005
2048,0,4,128,148.477
2048,0,4,512,153.564
2048,0,4,2048,166.962
2048,0,4,8192,345.774
2048,0,8,16,152.999
2048,0,8,64,152.573
2048,0,8,256,158.449
2048,0,8,1024,174.257
2048,0,8,4096,275.92
2048,0,8,16384,647.196
2048,0,16,32,163.601
2048,0,16,128,169.212
2048,0,16,512,185.99
2048,0,16,2048,245.168
2048,0,16,8192,586.856
2048,0,32,16,187.175
2048,0,32,64,187.59
2048,0,32,256,209.713
2048,0,32,1024,270.852
2048,0,32,4096,549.898
2048,0,32,16384,2000.16
2048,0,64,32,232.496
2048,0,64,128,253.008
2048,0,64,512,316.942
2048,0,64,2048,559.508
2048,0,64,8192,2139.39
2048,16,0,0,149.639
2048,16,1,32,150.908
2048,16,1,128,150.94
2048,16,1,512,152.433
2048,16,1,2048,155.602
2048,16,1,8192,319.257
2048,16,2,16,152.551
2048,16,2,64,152.487
2048,16,2,256,154.013
2048,16,2,1024,158.961
2048,16,2,4096,217.275
2048,16,2,16384,553.396
2048,16,4,32,154.503
2048,16,4,128,155.751
2048,16,4,512,159.921
2048,16,4,2048,174.812
2048,16,4,8192,351.618
2048,16,8,16,159.303
2048,16,8,64,160.178
2048,16,8,256,165.543
2048,16,8,1024,181.34
2048,16,8,4096,281.648
2048,16,8,16384,655.73
2048,16,16,32,170.492
2048,16,16,128,176.636
2048,16,16,512,193.148
2048,16,16,2048,251.93
2048,16,16,8192,592.317
2048,16,32,16,194.438
2048,16,32,64,194.982
2048,16,32,256,216.625
2048,16,32,1024,278.682
2048,16,32,4096,553.087
2048,16,32,16384,2014.51
2048,16,64,32,238.811
2048,16,64,128,260.89
2048,16,64,512,324.163
2048,16,64,2048,569.161
2048,16,64,8192,2153.93
2048,32,0,0,149.319
2048,32,1,32,151.688
2048,32,1,128,151.464
2048,32,1,512,152.295
2048,32,1,2048,155.527
2048,32,1,8192,319.182
2048,32,2,16,153.202
2048,32,2,64,152.178
2048,32,2,256,154.589
2048,32,2,1024,158.77
2048,32,2,4096,217.318
2048,32,2,16384,552.852
2048,32,4,32,154.471
2048,32,4,128,155.655
2048,32,4,512,160.252
2048,32,4,2048,175.484
2048,32,4,8192,352.259
2048,32,8,16,160.444
2048,32,8,64,159.964
2048,32,8,256,165.895
2048,32,8,1024,183.09
2048,32,8,4096,282.02
2048,32,8,16384,654.791
2048,32,16,32,170.589
2048,32,16,128,176.487
2048,32,16,512,193.862
2048,32,16,2048,252.293
2048,32,16,8192,591.379
2048,32,32,16,193.585
2048,32,32,64,194.876
2048,32,32,256,217.179
2048,32,32,1024,278.671
2048,32,32,4096,554.303
2048,32,32,16384,2004.1
2048,32,64,32,239.077
2048,32,64,128,260.4
2048,32,64,512,324.665
2048,32,64,2048,569.31
2048,32,64,8192,2163.5
2048,64,0,0,149.725
2048,64,1,32,151.602
2048,64,1,128,152.178
2048,64,1,512,152.924
2048,64,1,2048,156.178
2048,64,1,8192,319.225
2048,64,2,16,152.69
2048,64,2,64,152.924
2048,64,2,256,153.543
2048,64,2,1024,158.631
2048,64,2,4096,217.424
2048,64,2,16384,552.66
2048,64,4,32,154.781
2048,64,4,128,156.477
2048,64,4,512,160.658
2048,64,4,2048,175.548
2048,64,4,8192,351.714
2048,64,8,16,160.104
2048,64,8,64,160.477
2048,64,8,256,166.012
2048,64,8,1024,182.194
2048,64,8,4096,281.55
2048,64,8,16384,656.135
2048,64,16,32,170.524
2048,64,16,128,176.797
2048,64,16,512,193.031
2048,64,16,2048,251.664
2048,64,16,8192,591.539
2048,64,32,16,194.427
2048,64,32,64,195.388
2048,64,32,256,217.776
2048,64,32,1024,279.333
2048,64,32,4096,553.396
2048,64,32,16384,2013.25
2048,64,64,32,239.429
2048,64,64,128,260.336
2048,64,64,512,324.355
2048,64,64,2048,569.492
2048,64,64,8192,2170.09
2048,128,0,0,155.122
2048,128,1,32,155.346
2048,128,1,128,156.754
2048,128,1,512,157.81
2048,128,1,2048,161.745
2048,128,1,8192,323.523
2048,128,2,16,157.394
2048,128,2,64,156.732
2048,128,2,256,159.666
2048,128,2,1024,162.833
2048,128,2,4096,222.747
2048,128,2,16384,557.812
2048,128,4,32,159.654
2048,128,4,128,161.105
2048,128,4,512,165.351
2048,128,4,2048,181.052
2048,128,4,8192,357.87
2048,128,8,16,165.085
2048,128,8,64,165.393
2048,128,8,256,171.143
2048,128,8,1024,187.111
2048,128,8,4096,286.65
2048,128,8,16384,664.711
2048,128,16,32,176.06
2048,128,16,128,181.309
2048,128,16,512,198.268
2048,128,16,2048,257.798
2048,128,16,8192,597.279
2048,128,32,16,199.633
2048,128,32,64,199.889
2048,128,32,256,222.054
2048,128,32,1024,284.293
2048,128,32,4096,558.356
2048,128,32,16384,2032.98
2048,128,64,32,244.134
2048,128,64,128,265.541
2048,128,64,512,330.019
2048,128,64,2048,576.318
2048,128,64,8192,2183.9
2048,256,0,0,168.209
2048,256,1,32,169.18
2048,256,1,128,169.404
2048,256,1,512,170.311
2048,256,1,2048,173.81
2048,256,1,8192,333.869
2048,256,2,16,170.492
2048,256,2,64,170.471
2048,256,2,256,171.644
2048,256,2,1024,176.721
2048,256,2,4096,232.987
2048,256,2,16384,569.054
2048,256,4,32,172.529
2048,256,4,128,174.332
2048,256,4,512,178.641
2048,256,4,2048,193.564
2048,256,4,8192,369.965
2048,256,8,16,177.511
2048,256,8,64,177.512
2048,256,8,256,183.271
2048,256,8,1024,200.924
2048,256,8,4096,296.804
2048,256,8,16384,682.493
2048,256,16,32,188.06
2048,256,16,128,194.151
2048,256,16,512,210.555
2048,256,16,2048,269.392
2048,256,16,8192,609.406
2048,256,32,16,212.081
2048,256,32,64,212.197
2048,256,32,256,234.629
2048,256,32,1024,296.474
2048,256,32,4096,569.471
2048,256,32,16384,2066.02
2048,256,64,32,256.09
2048,256,64,128,278.671
2048,256,64,512,342.424
2048,256,64,2048,590.089
2048,256,64,8192,2232.99
2048,512,0,0,193.596
2048,512,1,32,194.235
2048,512,1,128,194.738
2048,512,1,512,196.283
2048,512,1,2048,199.164
2048,512,1,8192,351.864
2048,512,2,16,194.726
2048,512,2,64,194.919
2048,512,2,256,196.369
2048,512,2,1024,201.915
2048,512,2,4096,248.88
2048,512,2,16384,588.126
2048,512,4,32,197.734
2048,512,4,128,199.184
2048,512,4,512,203.739
2048,512,4,2048,217.52
2048,512,4,8192,394.039
2048,512,8,16,201.873
2048,512,8,64,202.577
2048,512,8,256,208.124
2048,512,8,1024,223.12
2048,512,8,4096,315.684
2048,512,8,16384,719.644
2048,512,16,32,212.369
2048,512,16,128,217.873
2048,512,16,512,236.379
2048,512,16,2048,296.709
2048,512,16,8192,635.101
2048,512,32,16,235.888
2048,512,32,64,236.389
2048,512,32,256,258.65
2048,512,32,1024,321.785
2048,512,32,4096,592.788
2048,512,32,16384,2125.15
2048,512,64,32,281.914
2048,512,64,128,303.866
2048,512,64,512,367.661
2048,512,64,2048,616.361
2048,512,64,8192,2363.76
2048,1024,0,0,242.437
2048,1024,1,32,242.875
2048,1024,1,128,243.056
2048,1024,1,512,244.346
2048,1024,1,2048,248.059
2048,1024,1,8192,387.725
2048,1024,2,16,243.888
2048,1024,2,64,244.07
2048,1024,2,256,246.202
2048,1024,2,1024,250.895
2048,1024,2,4096,285.167
2048,1024,2,16384,625.394
2048,1024,4,32,245.83
2048,1024,4,128,247.59
2048,1024,4,512,251.91
2048,1024,4,2048,269.477
2048,1024,4,8192,439.777
2048,1024,8,16,250.021
2048,1024,8,64,250.223
2048,1024,8,256,256.539
2048,1024,8,1024,274.746
2048,1024,8,4096,354.446
2048,1024,8,16384,794.501
2048,1024,16,32,260.635
2048,1024,16,128,266.864
2048,1024,16,512,284.325
2048,1024,16,2048,348.345
2048,1024,16,8192,685.554
2048,1024,32,16,283.514
2048,1024,32,64,284.08
2048,1024,32,256,307.791
2048,1024,32,1024,372.377
2048,1024,32,4096,633.299
2048,1024,32,16384,2143.88
2048,1024,64,32,330.905
2048,1024,64,128,353.049
2048,1024,64,512,417.603
2048,1024,64,2048,667.378
2048,1024,64,8192,2460.18
2048,2048,0,0,336.717
2048,2048,1,32,337.88
2048,2048,1,128,338.04
2048,2048,1,512,340.398
2048,2048,1,2048,346.829
2048,2048,1,8192,455.147
2048,2048,2,16,340.014
2048,2048,2,64,340.003
2048,2048,2,256,340.217
2048,2048,2,1024,347.097
2048,2048,2,4096,364.484
2048,2048,2,16384,706.673
2048,2048,4,32,340.462
2048,2048,4,128,342.903
2048,2048,4,512,348.365
2048,2048,4,2048,368.973
2048,2048,4,8192,514.655
2048,2048,8,16,346.777
2048,2048,8,64,345.741
2048,2048,8,256,350.979
2048,2048,8,1024,372.941
2048,2048,8,4096,430.38
2048,2048,8,16384,944.024
2048,2048,16,32,352.355
2048,2048,16,128,361.229
2048,2048,16,512,384.067
2048,2048,16,2048,447.926
2048,2048,16,8192,760.923
2048,2048,32,16,378.371
2048,2048,32,64,379.575
2048,2048,32,256,404.045
2048,2048,32,1024,471.201
2048,2048,32,4096,717.404
2048,2048,32,16384,2309.35
2048,2048,64,32,427.244
2048,2048,64,128,449.292
2048,2048,64,512,515.819
2048,2048,64,2048,771.483
2048,2048,64,8192,2456.82
2048,4096,0,0,546.089
2048,4096,1,32,551.124
2048,4096,1,128,551.081
2048,4096,1,512,552.244
2048,4096,1,2048,553.877
2048,4096,1,8192,573.321
2048,4096,2,16,553.641
2048,4096,2,64,552.659
2048,4096,2,256,553.983
2048,4096,2,1024,554.9
2048,4096,2,4096,575.561
2048,4096,2,16384,873.047
2048,4096,4,32,558.633
2048,4096,4,128,558.378
2048,4096,4,512,559.059
2048,4096,4,2048,574.025
2048,4096,4,8192,662.353
2048,4096,8,16,564.233
2048,4096,8,64,562.655
2048,4096,8,256,567.647
2048,4096,8,1024,571.028
2048,4096,8,4096,613.012
2048,4096,8,16384,1078.82
2048,4096,16,32,573.204
2048,4096,16,128,574.835
2048,4096,16,512,580.478
2048,4096,16,2048,646.599
2048,4096,16,8192,918.466
2048,4096,32,16,581.598
2048,4096,32,64,581.599
2048,4096,32,256,597.695
2048,4096,32,1024,670.194
2048,4096,32,4096,927.502
2048,4096,32,16384,2408.78
2048,4096,64,32,618.888
2048,4096,64,128,644.883
2048,4096,64,512,711.41
2048,4096,64,2048,971.98
2048,4096,64,8192,2406.64
2048,8192,0,0,987.671
2048,8192,1,32,993.311
2048,8192,1,128,992.705
2048,8192,1,512,994.229
2048,8192,1,2048,997.676
2048,8192,1,8192,1008.59
2048,8192,2,16,997.462
2048,8192,2,64,994.879
2048,8192,2,256,995.371
2048,8192,2,1024,994.423
2048,8192,2,4096,1000.13
2048,8192,2,16384,1182.38
2048,8192,4,32,998.518
2048,8192,4,128,997.622
2048,8192,4,512,1000.38
2048,8192,4,2048,1001.25
2048,8192,4,8192,1035.05
2048,8192,8,16,1003.84
2048,8192,8,64,1002.26
2048,8192,8,256,1006.37
2048,8192,8,1024,1007.79
2048,8192,8,4096,1034.92
2048,8192,8,16384,1429.67
2048,8192,16,32,1010.7
2048,8192,16,128,1012.68
2048,8192,16,512,1020.14
2048,8192,16,2048,1043.46
2048,8192,16,8192,1282.26
2048,8192,32,16,1023.04
2048,8192,32,64,1022.02
2048,8192,32,256,1027.23
2048,8192,32,1024,1065.88
2048,8192,32,4096,1314.33
2048,8192,32,16384,2459.32
2048,8192,64,32,1031.52
2048,8192,64,128,1029.25
2048,8192,64,512,1107.03
2048,8192,64,2048,1379.27
2048,8192,64,8192,2569.07
2048,16384,0,0,1873.27
2048,16384,1,32,1878.38
2048,16384,1,128,1880.73
2048,16384,1,512,1880.55
2048,16384,1,2048,1883.76
2048,16384,1,8192,1884.34
2048,16384,2,16,1882.38
2048,16384,2,64,1887.16
2048,16384,2,256,1882.51
2048,16384,2,1024,1885.64
2048,16384,2,4096,1885.11
2048,16384,2,16384,1910
2048,16384,4,32,1885.26
2048,16384,4,128,1883.26
2048,16384,4,512,1887.28
2048,16384,4,2048,1890.07
2048,16384,4,8192,1907.94
2048,16384,8,16,1891.58
2048,16384,8,64,1889.11
2048,16384,8,256,1890.71
2048,16384,8,1024,1899.69
2048,16384,8,4096,1901.72
2048,16384,8,16384,1952.67
2048,16384,16,32,1897.38
2048,16384,16,128,1896.76
2048,16384,16,512,1904.2
2048,16384,16,2048,1904.52
2048,16384,16,8192,2148.77
2048,16384,32,16,1916.88
2048,16384,32,64,1913.42
2048,16384,32,256,1916.46
2048,16384,32,1024,1927.95
2048,16384,32,4096,2098.94
2048,16384,32,16384,3342.65
2048,16384,64,32,1925.18
2048,16384,64,128,1929.77
2048,16384,64,512,1940.07
2048,16384,64,2048,2163.13
2048,16384,64,8192,3229.98
0,0,1,32,6.325
0,0,1,128,10.73
0,0,1,512,11.4453
0,0,1,2048,13.268
0,0,1,8192,25.2147
0,0,2,16,10.2607
0,0,2,64,11.6683
0,0,2,256,14.0357
0,0,2,1024,15.5933
0,0,2,4096,27.54
0,0,2,16384,57.7997
0,0,4,32,10.3343
0,0,4,128,13.8553
0,0,4,512,15.3273
0,0,4,2048,25.407
0,0,4,8192,55.1113
0,0,8,16,10.3463
0,0,8,64,11.7543
0,0,8,256,14.8793
0,0,8,1024,24.0527
0,0,8,4096,54.621
0,0,8,16384,180.62
0,0,16,32,10.7623
0,0,16,128,14.8153
0,0,16,512,23.54
0,0,16,2048,53.8963
0,0,16,8192,176.087
0,0,32,16,10.8907
0,0,32,64,13.621
0,0,32,256,25.0543
0,0,32,1024,55.698
0,0,32,4096,182.071
0,0,32,16384,663.571
0,0,64,32,13.289
0,0,64,128,21.631
0,0,64,512,55.1537
0,0,64,2048,180.034
0,0,64,8192,660.328
0,0,128,16,16.9597
0,0,128,64,23.8287
0,0,128,256,54.6417
0,0,128,1024,179.457
0,0,128,4096,670.248
0,0,128,16384,2630.19
16,0,1,16,8.224
16,0,1,64,8.33
16,0,1,256,14.3997
16,0,1,1024,35.4
16,0,1,4096,119.93
16,0,1,16384,458.398
16,0,2,32,8.29767
16,0,2,128,10.9227
16,0,2,512,21.311
16,0,2,2048,63.6443
16,0,2,8192,232.745
16,0,4,16,8.159
16,0,4,64,8.08467
16,0,4,256,14.2823
16,0,4,1024,35.3473
16,0,4,4096,120.313
16,0,4,16384,469.544
16,0,8,32,8.181
16,0,8,128,10.9007
16,0,8,512,21.3323
16,0,8,2048,64.3697
16,0,8,8192,237.47
16,0,16,16,13.0767
16,0,16,64,13.0447
16,0,16,256,26.612
16,0,16,1024,69.3303
16,0,16,4096,241.417
16,0,16,16384,955.887
16,0,32,32,22.5163
16,0,32,128,35.2407
16,0,32,512,77.7777
16,0,32,2048,247.497
16,0,32,8192,948.368
16,0,64,16,36.691
16,0,64,64,37.3853
16,0,64,256,85.4147
16,0,64,1024,233.78
16,0,64,4096,905.064
16,0,64,16384,3601.71
16,16,1,16,8.60733
16,16,1,64,8.48
16,16,1,256,14.3777
16,16,1,1024,35.3787
16,16,1,4096,119.844
16,16,1,16384,457.79
16,16,2,32,8.458
16,16,2,128,10.8903
16,16,2,512,21.4177
16,16,2,2048,63.496
16,16,2,8192,232.649
16,16,4,16,8.25567
16,16,4,64,8.36233
16,16,4,256,14.261
16,16,4,1024,35.3687
16,16,4,4096,120.175
16,16,4,16384,469.118
16,16,8,32,8.39467
16,16,8,128,10.911
16,16,8,512,21.3003
16,16,8,2048,64.434
16,16,8,8192,237.439
16,16,16,16,13.2573
16,16,16,64,13.3857
16,16,16,256,26.6653
16,16,16,1024,69.4477
16,16,16,4096,241.47
16,16,16,16384,956.368
16,16,32,32,22.6867
16,16,32,128,35.2513
16,16,32,512,77.8087
16,16,32,2048,246.995
16,16,32,8192,946.619
16,16,64,16,36.777
16,16,64,64,37.833
16,16,64,256,85.2437
16,16,64,1024,234.047
16,16,64,4096,910.045
16,16,64,16384,3587.1
16,32,1,16,8.48967
16,32,1,64,8.55467
16,32,1,256,14.474
16,32,1,1024,35.454
16,32,1,4096,119.898
16,32,1,16384,458.355
16,32,2,32,8.426
16,32,2,128,10.933
16,32,2,512,21.279
16,32,2,2048,63.6437
16,32,2,8192,232.681
16,32,4,16,8.34067
16,32,4,64,8.319
16,32,4,256,14.2927
16,32,4,1024,35.4433
16,32,4,4096,120.165
16,32,4,16384,469.023
16,32,8,32,8.37333
16,32,8,128,10.9007
16,32,8,512,21.439
16,32,8,2048,64.2523
16,32,8,8192,237.972
16,32,16,16,13.258
16,32,16,64,13.429
16,32,16,256,26.6117
16,32,16,1024,69.3513
16,32,16,4096,241.108
16,32,16,16384,955.996
16,32,32,32,22.7617
16,32,32,128,35.252
16,32,32,512,77.894
16,32,32,2048,246.079
16,32,32,8192,945.703
16,32,64,16,36.5213
16,32,64,64,37.47
16,32,64,256,85.0303
16,32,64,1024,232.853
16,32,64,4096,906.046
16,32,64,16384,3578.91
16,64,1,16,8.51167
16,64,1,64,8.56467
16,64,1,256,14.2927
16,64,1,1024,35.167
16,64,1,4096,119.29
16,64,1,16384,455.657
16,64,2,32,8.49
16,64,2,128,10.911
16,64,2,512,21.215
16,64,2,2048,63.2067
16,64,2,8192,231.497
16,64,4,16,8.23467
16,64,4,64,8.36233
16,64,4,256,14.1963
16,64,4,1024,35.209
16,64,4,4096,119.557
16,64,4,16384,467.497
16,64,8,32,8.38333
16,64,8,128,10.8483
16,64,8,512,21.215
16,64,8,2048,63.9543
16,64,8,8192,236.628
16,64,16,16,13.2903
16,64,16,64,13.5247
16,64,16,256,26.5053
16,64,16,1024,68.989
16,64,16,4096,240.564
16,64,16,16384,951.943
16,64,32,32,22.8257
16,64,32,128,35.0807
16,64,32,512,77.596
16,64,32,2048,246.143
16,64,32,8192,942.014
16,64,64,16,36.7657
16,64,64,64,37.652
16,64,64,256,84.9237
16,64,64,1024,232.97
16,64,64,4096,907.924
16,64,64,16384,3582.09
16,128,1,16,10.794
16,128,1,64,10.858
16,128,1,256,14.3567
16,128,1,1024,35.2517
16,128,1,4096,119.419
16,128,1,16384,455.871
16,128,2,32,10.9327
16,128,2,128,11.6687
16,128,2,512,21.2253
16,128,2,2048,63.293
16,128,2,8192,231.359
16,128,4,16,10.741
16,128,4,64,10.7403
16,128,4,256,14.229
16,128,4,1024,35.188
16,128,4,4096,119.664
16,128,4,16384,465.375
16,128,8,32,10.7947
16,128,8,128,11.594
16,128,8,512,21.1933
16,128,8,2048,63.879
16,128,8,8192,236.885
16,128,16,16,16.5537
16,128,16,64,17.0763
16,128,16,256,26.5267
16,128,16,1024,69.063
16,128,16,4096,240.639
16,128,16,16384,950.365
16,128,32,32,26.057
16,128,32,128,36.255
16,128,32,512,77.607
16,128,32,2048,246.335
16,128,32,8192,943.934
16,128,64,16,40.329
16,128,64,64,41.107
16,128,64,256,84.9987
16,128,64,1024,232.8
16,128,64,4096,907.295
16,128,64,16384,3582.32
16,256,1,16,14.324
16,256,1,64,14.2823
16,256,1,256,14.9857
16,256,1,1024,35.1773
16,256,1,4096,119.322
16,256,1,16384,455.615
16,256,2,32,14.346
16,256,2,128,14.357
16,256,2,512,21.2577
16,256,2,2048,63.2397
16,256,2,8192,231.412
16,256,4,16,14.208
16,256,4,64,14.2287
16,256,4,256,14.7303
16,256,4,1024,35.2097
16,256,4,4096,119.599
16,256,4,16384,466.484
16,256,8,32,14.2287
16,256,8,128,14.2077
16,256,8,512,21.2143
16,256,8,2048,64.0183
16,256,8,8192,236.266
16,256,16,16,20.1913
16,256,16,64,20.5003
16,256,16,256,27.465
16,256,16,1024,68.999
16,256,16,4096,240.628
16,256,16,16384,949.203
16,256,32,32,29.652
16,256,32,128,39.8167
16,256,32,512,77.3083
16,256,32,2048,246.377
16,256,32,8192,943.432
16,256,64,16,43.6243
16,256,64,64,44.585
16,256,64,256,86.0227
16,256,64,1024,232.831
16,256,64,4096,906.389
16,256,64,16384,3582.75
16,512,1,16,21.2367
16,512,1,64,21.1937
16,512,1,256,21.172
16,512,1,1024,35.2733
16,512,1,4096,119.408
16,512,1,16384,455.84
16,512,2,32,21.2257
16,512,2,128,21.2467
16,512,2,512,21.77
16,512,2,2048,63.282
16,512,2,8192,231.626
16,512,4,16,21.1507
16,512,4,64,21.0657
16,512,4,256,21.141
16,512,4,1024,35.2413
16,512,4,4096,119.578
16,512,4,16384,467.338
16,512,8,32,21.1827
16,512,8,128,21.1403
16,512,8,512,21.6633
16,512,8,2048,64.0503
16,512,8,8192,237.696
16,512,16,16,27.1237
16,512,16,64,27.4117
16,512,16,256,34.3237
16,512,16,1024,69.0517
16,512,16,4096,241.556
16,512,16,16384,950.729
16,512,32,32,36.5317
16,512,32,128,46.8243
16,512,32,512,78.769
16,512,32,2048,246.069
16,512,32,8192,944.66
16,512,64,16,50.7173
16,512,64,64,51.7197
16,512,64,256,93.105
16,512,64,1024,232.949
16,512,64,4096,908.107
16,512,64,16384,3581.67
16,1024,1,16,35.2837
16,1024,1,64,35.188
16,1024,1,256,35.2087
16,1024,1,1024,35.688
16,1024,1,4096,119.279
16,1024,1,16384,455.509
16,1024,2,32,35.2413
16,1024,2,128,35.231
16,1024,2,512,35.2727
16,1024,2,2048,63.3677
16,1024,2,8192,231.552
16,1024,4,16,35.0167
16,1024,4,64,35.092
16,1024,4,256,35.0173
16,1024,4,1024,35.5503
16,1024,4,4096,119.62
16,1024,4,16384,471.284
16,1024,8,32,35.0487
16,1024,8,128,35.124
16,1024,8,512,35.1237
16,1024,8,2048,64.2843
16,1024,8,8192,239.231
16,1024,16,16,41.1393
16,1024,16,64,41.5347
16,1024,16,256,48.296
16,1024,16,1024,69.927
16,1024,16,4096,240.597
16,1024,16,16384,952.446
16,1024,32,32,50.611
16,1024,32,128,60.658
16,1024,32,512,92.6997
16,1024,32,2048,246.453
16,1024,32,8192,943.914
16,1024,64,16,64.7863
16,1024,64,64,65.746
16,1024,64,256,107.473
16,1024,64,1024,234.529
16,1024,64,4096,911.009
16,1024,64,16384,3586.93
16,2048,1,16,63.1223
16,2048,1,64,63.207
16,2048,1,256,63.112
16,2048,1,1024,63.1757
16,2048,1,4096,119.472
16,2048,1,16384,455.946
16,2048,2,32,63.2397
16,2048,2,128,63.1967
16,2048,2,512,63.1973
16,2048,2,2048,63.464
16,2048,2,8192,231.648
16,2048,4,16,62.9517
16,2048,4,64,62.9623
16,2048,4,256,63.0053
16,2048,4,1024,63.1863
16,2048,4,4096,119.707
16,2048,4,16384,468.959
16,2048,8,32,62.9943
16,2048,8,128,62.9623
16,2048,8,512,63.048
16,2048,8,2048,64.328
16,2048,8,8192,237.813
16,2048,16,16,68.9897
16,2048,16,64,69.4157
16,2048,16,256,76.06
16,2048,16,1024,97.9043
16,2048,16,4096,241.642
16,2048,16,16384,950.197
16,2048,32,32,78.3213
16,2048,32,128,88.5503
16,2048,32,512,120.634
16,2048,32,2048,248.372
16,2048,32,8192,945.205
16,2048,64,16,92.5827
16,2048,64,64,93.6277
16,2048,64,256,135.578
16,2048,64,1024,262.249
16,2048,64,4096,919.254
16,2048,64,16384,3600.12
16,4096,1,16,119.226
16,4096,1,64,119.11
16,4096,1,256,119.13
16,4096,1,1024,119.13
16,4096,1,4096,119.354
16,4096,1,16384,455.775
16,4096,2,32,119.301
16,4096,2,128,119.227
16,4096,2,512,119.269
16,4096,2,2048,119.354
16,4096,2,8192,231.627
16,4096,4,16,118.854
16,4096,4,64,118.768
16,4096,4,256,118.778
16,4096,4,1024,118.885
16,4096,4,4096,119.749
16,4096,4,16384,471.402
16,4096,8,32,118.885
16,4096,8,128,118.788
16,4096,8,512,118.843
16,4096,8,2048,120.101
16,4096,8,8192,239.456
16,4096,16,16,125.007
16,4096,16,64,125.317
16,4096,16,256,131.92
16,4096,16,1024,153.763
16,4096,16,4096,242.539
16,4096,16,16384,951.573
16,4096,32,32,134.212
16,4096,32,128,144.11
16,4096,32,512,176.429
16,4096,32,2048,303.774
16,4096,32,8192,942.987
16,4096,64,16,148.665
16,4096,64,64,149.444
16,4096,64,256,191.245
16,4096,64,1024,319.142
16,4096,64,4096,924.363
16,4096,64,16384,3690.12
16,8192,1,16,230.847
16,8192,1,64,230.858
16,8192,1,256,230.838
16,8192,1,1024,230.859
16,8192,1,4096,231.062
16,8192,1,16384,455.851
16,8192,2,32,231.381
16,8192,2,128,231.316
16,8192,2,512,231.445
16,8192,2,2048,231.509
16,8192,2,8192,231.67
16,8192,4,16,230.602
16,8192,4,64,230.581
16,8192,4,256,230.624
16,8192,4,1024,230.741
16,8192,4,4096,231.189
16,8192,4,16384,471.2
16,8192,8,32,230.689
16,8192,8,128,230.603
16,8192,8,512,230.518
16,8192,8,2048,231.274
16,8192,8,8192,238.411
16,8192,16,16,236.651
16,8192,16,64,236.96
16,8192,16,256,243.595
16,8192,16,1024,265.696
16,8192,16,4096,353.626
16,8192,16,16384,952.373
16,8192,32,32,245.375
16,8192,32,128,255.637
16,8192,32,512,287.625
16,8192,32,2048,415.704
16,8192,32,8192,953.355
16,8192,64,16,259.977
16,8192,64,64,261.407
16,8192,64,256,303.421
16,8192,64,1024,430.125
16,8192,64,4096,1036.2
16,8192,64,16384,3691.32
16,16384,1,16,454.593
16,16384,1,64,454.902
16,16384,1,256,454.988
16,16384,1,1024,454.838
16,16384,1,4096,454.87
16,16384,1,16384,455.724
16,16384,2,32,455.232
16,16384,2,128,455.148
16,16384,2,512,455.361
16,16384,2,2048,455.456
16,16384,2,8192,455.467
16,16384,4,16,454.571
16,16384,4,64,454.571
16,16384,4,256,454.828
16,16384,4,1024,454.86
16,16384,4,4096,454.913
16,16384,4,16384,473.142
16,16384,8,32,453.771
16,16384,8,128,453.644
16,16384,8,512,454.166
16,16384,8,2048,454.987
16,16384,8,8192,478.912
16,16384,16,16,459.542
16,16384,16,64,459.712
16,16384,16,256,466.7
16,16384,16,1024,488.427
16,16384,16,4096,575.718
16,16384,16,16384,952.886
16,16384,32,32,467.915
16,16384,32,128,477.61
16,16384,32,512,510.1
16,16384,32,2048,638.863
16,16384,32,8192,1182.56
16,16384,64,16,482.336
16,16384,64,64,484.342
16,16384,64,256,526.793
16,16384,64,1024,654.105
16,16384,64,4096,1255.26
16,16384,64,16384,3639.86
32,0,1,16,8.468
32,0,1,64,8.543
32,0,1,256,14.4953
32,0,1,1024,35.401
32,0,1,4096,119.472
32,0,1,16384,455.542
32,0,2,32,8.57567
32,0,2,128,11.1353
32,0,2,512,21.418
32,0,2,2048,63.5167
32,0,2,8192,231.659
32,0,4,16,8.38367
32,0,4,64,8.27667
32,0,4,256,14.4633
32,0,4,1024,35.3587
32,0,4,4096,119.77
32,0,4,16384,467.99
32,0,8,32,8.38433
32,0,8,128,10.996
32,0,8,512,21.4177
32,0,8,2048,64.3063
32,0,8,8192,237.835
32,0,16,16,13.2363
32,0,16,64,13.577
32,0,16,256,26.463
32,0,16,1024,69.341
32,0,16,4096,240.661
32,0,16,16384,951.777
32,0,32,32,22.5913
32,0,32,128,35.2203
32,0,32,512,77.6717
32,0,32,2048,246.783
32,0,32,8192,943.563
32,0,64,16,36.6913
32,0,64,64,37.535
32,0,64,256,85.0633
32,0,64,1024,232.736
32,0,64,4096,905.145
32,0,64,16384,3571.2
32,16,1,16,8.597
32,16,1,64,8.68233
32,16,1,256,14.4847
32,16,1,1024,35.337
32,16,1,4096,119.515
32,16,1,16384,455.628
32,16,2,32,8.73567
32,16,2,128,11.029
32,16,2,512,21.4497
32,16,2,2048,63.5387
32,16,2,8192,231.691
32,16,4,16,8.415
32,16,4,64,8.661
32,16,4,256,14.368
32,16,4,1024,35.422
32,16,4,4096,119.707
32,16,4,16384,467.916
32,16,8,32,8.52233
32,16,8,128,10.9973
32,16,8,512,21.3853
32,16,8,2048,64.2957
32,16,8,8192,237.098
32,16,16,16,13.4393
32,16,16,64,13.8343
32,16,16,256,26.537
32,16,16,1024,69.181
32,16,16,4096,240.812
32,16,16,16384,951.874
32,16,32,32,22.6877
32,16,32,128,35.1987
32,16,32,512,77.5647
32,16,32,2048,246.496
32,16,32,8192,942.456
32,16,64,16,36.7027
32,16,64,64,37.8543
32,16,64,256,85.0203
32,16,64,1024,232.971
32,16,64,4096,905.07
32,16,64,16384,3574.32
32,32,1,16,8.56467
32,32,1,64,8.73533
32,32,1,256,14.4107
32,32,1,1024,35.39
32,32,1,4096,119.44
32,32,1,16384,455.607
32,32,2,32,8.60733
32,32,2,128,11.0717
32,32,2,512,21.3857
32,32,2,2048,63.421
32,32,2,8192,231.542
32,32,4,16,8.52233
32,32,4,64,8.501
32,32,4,256,14.431
32,32,4,1024,35.3797
32,32,4,4096,119.792
32,32,4,16384,467.852
32,32,8,32,8.75633
32,32,8,128,11.0077
32,32,8,512,21.4503
32,32,8,2048,64.274
32,32,8,8192,236.961
32,32,16,16,13.4187
32,32,16,64,13.8127
32,32,16,256,26.484
32,32,16,1024,69.1383
32,32,16,4096,240.673
32,32,16,16384,951.416
32,32,32,32,22.6013
32,32,32,128,35.1453
32,32,32,512,77.778
32,32,32,2048,246.496
32,32,32,8192,943.331
32,32,64,16,36.9157
32,32,64,64,37.769
32,32,64,256,85.1157
32,32,64,1024,233.452
32,32,64,4096,906.33
32,32,64,16384,3581.91
32,64,1,16,8.725
32,64,1,64,8.821
32,64,1,256,14.4527
32,64,1,1024,35.369
32,64,1,4096,119.418
32,64,1,16384,455.437
32,64,2,32,8.73533
32,64,2,128,11.061
32,64,2,512,21.4283
32,64,2,2048,63.421
32,64,2,8192,231.648
32,64,4,16,8.43633
32,64,4,64,8.66067
32,64,4,256,14.378
32,64,4,1024,35.3693
32,64,4,4096,119.739
32,64,4,16384,467.447
32,64,8,32,8.682
32,64,8,128,11.0717
32,64,8,512,21.3963
32,64,8,2048,64.2527
32,64,8,8192,236.353
32,64,16,16,13.5887
32,64,16,64,13.813
32,64,16,256,26.58
32,64,16,1024,69.2127
32,64,16,4096,240.747
32,64,16,16384,951.085
32,64,32,32,22.8897
32,64,32,128,35.1663
32,64,32,512,77.6823
32,64,32,2048,246.657
32,64,32,8192,942.351
32,64,64,16,36.8617
32,64,64,64,37.812
32,64,64,256,85.0637
32,64,64,1024,233.259
32,64,64,4096,906.064
32,64,64,16384,3587.49
32,128,1,16,11.1353
32,128,1,64,11.1037
32,128,1,256,14.4203
32,128,1,1024,35.369
32,128,1,4096,119.387
32,128,1,16384,455.735
32,128,2,32,11.1567
32,128,2,128,11.85
32,128,2,512,21.4177
32,128,2,2048,63.5283
32,128,2,8192,231.607
32,128,4,16,11.1137
32,128,4,64,11.0287
32,128,4,256,14.3997
32,128,4,1024,35.3907
32,128,4,4096,119.782
32,128,4,16384,466.21
32,128,8,32,11.0927
32,128,8,128,11.818
32,128,8,512,21.3857
32,128,8,2048,64.253
32,128,8,8192,238.059
32,128,16,16,16.8847
32,128,16,64,17.3113
32,128,16,256,26.612
32,128,16,1024,69.1067
32,128,16,4096,240.768
32,128,16,16384,950.798
32,128,32,32,26.1857
32,128,32,128,36.4147
32,128,32,512,77.6717
32,128,32,2048,246.411
32,128,32,8192,944.377
32,128,64,16,40.3923
32,128,64,64,41.0753
32,128,64,256,84.9993
32,128,64,1024,233.217
32,128,64,4096,905.808
32,128,64,16384,3588.13
32,256,1,16,14.623
32,256,1,64,14.549
32,256,1,256,15.0927
32,256,1,1024,35.3477
32,256,1,4096,119.355
32,256,1,16384,455.789
32,256,2,32,14.7413
32,256,2,128,14.6023
32,256,2,512,21.418
32,256,2,2048,63.465
32,256,2,8192,231.617
32,256,4,16,14.506
32,256,4,64,14.506
32,256,4,256,14.933
32,256,4,1024,35.4227
32,256,4,4096,119.835
32,256,4,16384,466.732
32,256,8,32,14.5167
32,256,8,128,14.57
32,256,8,512,21.418
32,256,8,2048,64.2853
32,256,8,8192,236.705
32,256,16,16,20.5863
32,256,16,64,20.693
32,256,16,256,27.5187
32,256,16,1024,69.0633
32,256,16,4096,240.801
32,256,16,16384,951.534
32,256,32,32,29.812
32,256,32,128,39.9023
32,256,32,512,77.565
32,256,32,2048,246.486
32,256,32,8192,944.207
32,256,64,16,43.923
32,256,64,64,44.9473
32,256,64,256,86.3
32,256,64,1024,233.024
32,256,64,4096,908.379
32,256,64,16384,3573.6
32,512,1,16,21.4923
32,512,1,64,21.4603
32,512,1,256,21.428
32,512,1,1024,35.348
32,512,1,4096,119.398
32,512,1,16384,455.512
32,512,2,32,21.5463
32,512,2,128,21.556
32,512,2,512,21.9193
32,512,2,2048,63.507
32,512,2,8192,231.522
32,512,4,16,21.4287
32,512,4,64,21.3857
32,512,4,256,21.4177
32,512,4,1024,35.412
32,512,4,4096,119.92
32,512,4,16384,467.66
32,512,8,32,21.3963
32,512,8,128,21.577
32,512,8,512,21.8873
32,512,8,2048,64.275
32,512,8,8192,238.038
32,512,16,16,27.3693
32,512,16,64,27.6893
32,512,16,256,34.3883
32,512,16,1024,69.021
32,512,16,4096,241.814
32,512,16,16384,950.489
32,512,32,32,36.6383
32,512,32,128,46.878
32,512,32,512,78.642
32,512,32,2048,246.176
32,512,32,8192,944.827
32,512,64,16,50.8457
32,512,64,64,51.902
32,512,64,256,93.404
32,512,64,1024,233.185
32,512,64,4096,906.321
32,512,64,16384,3585.54
32,1024,1,16,35.4653
32,1024,1,64,35.4117
32,1024,1,256,35.4757
32,1024,1,1024,35.9237
32,1024,1,4096,119.503
32,1024,1,16384,455.565
32,1024,2,32,35.646
32,1024,2,128,35.6143
32,1024,2,512,35.5827
32,1024,2,2048,63.4853
32,1024,2,8192,231.617
32,1024,4,16,35.348
32,1024,4,64,35.3153
32,1024,4,256,35.3263
32,1024,4,1024,35.7843
32,1024,4,4096,119.825
32,1024,4,16384,471.491
32,1024,8,32,35.326
32,1024,8,128,35.3587
32,1024,8,512,35.6367
32,1024,8,2048,64.3813
32,1024,8,8192,239.019
32,1024,16,16,41.385
32,1024,16,64,41.6297
32,1024,16,256,48.3603
32,1024,16,1024,70.0557
32,1024,16,4096,241.259
32,1024,16,16384,953.05
32,1024,32,32,50.6217
32,1024,32,128,60.9463
32,1024,32,512,92.796
32,1024,32,2048,246.71
32,1024,32,8192,943.963
32,1024,64,16,65.0743
32,1024,64,64,65.9173
32,1024,64,256,107.558
32,1024,64,1024,234.85
32,1024,64,4096,905.852
32,1024,64,16384,3584.03
32,2048,1,16,63.421
32,2048,1,64,63.443
32,2048,1,256,63.4213
32,2048,1,1024,63.3997
32,2048,1,4096,119.429
32,2048,1,16384,455.566
32,2048,2,32,63.528
32,2048,2,128,63.5493
32,2048,2,512,63.5173
32,2048,2,2048,63.805
32,2048,2,8192,231.575
32,2048,4,16,63.2933
32,2048,4,64,63.2717
32,2048,4,256,63.272
32,2048,4,1024,63.2083
32,2048,4,4096,119.846
32,2048,4,16384,468.248
32,2048,8,32,63.24
32,2048,8,128,63.3037
32,2048,8,512,63.4753
32,2048,8,2048,64.4983
32,2048,8,8192,238.668
32,2048,16,16,69.277
32,2048,16,64,69.4587
32,2048,16,256,76.3487
32,2048,16,1024,98.1077
32,2048,16,4096,241.195
32,2048,16,16384,951.205
32,2048,32,32,78.5997
32,2048,32,128,88.743
32,2048,32,512,120.816
32,2048,32,2048,248.619
32,2048,32,8192,945.062
32,2048,64,16,92.8607
32,2048,64,64,93.82
32,2048,64,256,135.696
32,2048,64,1024,262.667
32,2048,64,4096,918.631
32,2048,64,16384,3609.95
32,4096,1,16,119.398
32,4096,1,64,119.44
32,4096,1,256,119.248
32,4096,1,1024,119.483
32,4096,1,4096,119.494
32,4096,1,16384,455.62
32,4096,2,32,119.558
32,4096,2,128,119.526
32,4096,2,512,119.611
32,4096,2,2048,119.75
32,4096,2,8192,231.799
32,4096,4,16,119.047
32,4096,4,64,119.131
32,4096,4,256,119.025
32,4096,4,1024,119.067
32,4096,4,4096,119.91
32,4096,4,16384,471.31
32,4096,8,32,119.1
32,4096,8,128,119.238
32,4096,8,512,119.153
32,4096,8,2048,119.995
32,4096,8,8192,239.979
32,4096,16,16,125.137
32,4096,16,64,125.222
32,4096,16,256,132.006
32,4096,16,1024,153.977
32,4096,16,4096,243.115
32,4096,16,16384,952.048
32,4096,32,32,134.46
32,4096,32,128,144.464
32,4096,32,512,176.132
32,4096,32,2048,304.372
32,4096,32,8192,946.459
32,4096,64,16,148.773
32,4096,64,64,149.882
32,4096,64,256,191.747
32,4096,64,1024,318.943
32,4096,64,4096,926.108
32,4096,64,16384,3693.38
32,8192,1,16,230.945
32,8192,1,64,231.062
32,8192,1,256,231.265
32,8192,1,1024,230.956
32,8192,1,4096,231.393
32,8192,1,16384,455.683
32,8192,2,32,231.767
32,8192,2,128,231.724
32,8192,2,512,231.714
32,8192,2,2048,231.841
32,8192,2,8192,231.767
32,8192,4,16,230.924
32,8192,4,64,231.094
32,8192,4,256,230.871
32,8192,4,1024,230.882
32,8192,4,4096,231.18
32,8192,4,16384,470.563
32,8192,8,32,230.999
32,8192,8,128,231.158
32,8192,8,512,231.03
32,8192,8,2048,232.428
32,8192,8,8192,239.372
32,8192,16,16,236.429
32,8192,16,64,237.069
32,8192,16,256,243.318
32,8192,16,1024,265.483
32,8192,16,4096,353.575
32,8192,16,16384,951.227
32,8192,32,32,245.804
32,8192,32,128,255.393
32,8192,32,512,287.199
32,8192,32,2048,415.387
32,8192,32,8192,948.891
32,8192,64,16,260.172
32,8192,64,64,261.355
32,8192,64,256,303.06
32,8192,64,1024,431.482
32,8192,64,4096,1031
32,8192,64,16384,3673.91
32,16384,1,16,455.375
32,16384,1,64,455.033
32,16384,1,256,455.128
32,16384,1,1024,455.363
32,16384,1,4096,455.395
32,16384,1,16384,455.694
32,16384,2,32,456.121
32,16384,2,128,455.651
32,16384,2,512,455.449
32,16384,2,2048,455.631
32,16384,2,8192,455.64
32,16384,4,16,454.702
32,16384,4,64,454.99
32,16384,4,256,454.947
32,16384,4,1024,455.107
32,16384,4,4096,455.033
32,16384,4,16384,471.801
32,16384,8,32,454.425
32,16384,8,128,454.254
32,16384,8,512,454.564
32,16384,8,2048,455.694
32,16384,8,8192,477.709
32,16384,16,16,459.939
32,16384,16,64,460.174
32,16384,16,256,466.382
32,16384,16,1024,488.706
32,16384,16,4096,576.98
32,16384,16,16384,953.041
32,16384,32,32,466.82
32,16384,32,128,478.178
32,16384,32,512,509.804
32,16384,32,2048,639.101
32,16384,32,8192,1179.39
32,16384,64,16,484.173
32,16384,64,64,483.672
32,16384,64,256,527.468
32,16384,64,1024,654.416
32,16384,64,4096,1254.02
32,16384,64,16384,3632.28
64,0,1,16,8.736
64,0,1,64,8.83167
64,0,1,256,14.549
64,0,1,1024,35.37
64,0,1,4096,119.537
64,0,1,16384,455.779
64,0,2,32,8.672
64,0,2,128,11.0287
64,0,2,512,21.471
64,0,2,2048,63.4213
64,0,2,8192,231.756
64,0,4,16,8.41633
64,0,4,64,8.50133
64,0,4,256,14.4843
64,0,4,1024,35.4973
64,0,4,4096,119.878
64,0,4,16384,469.678
64,0,8,32,8.55433
64,0,8,128,11.0073
64,0,8,512,21.61
64,0,8,2048,64.1677
64,0,8,8192,238.326
64,0,16,16,13.5883
64,0,16,64,13.7487
64,0,16,256,26.5267
64,0,16,1024,69.0643
64,0,16,4096,240.908
64,0,16,16384,951.143
64,0,32,32,22.986
64,0,32,128,35.2097
64,0,32,512,77.6293
64,0,32,2048,246.7
64,0,32,8192,944.305
64,0,64,16,37.0017
64,0,64,64,37.8123
64,0,64,256,85.0317
64,0,64,1024,233.154
64,0,64,4096,907.603
64,0,64,16384,3581.98
64,16,1,16,8.672
64,16,1,64,8.90667
64,16,1,256,14.5703
64,16,1,1024,35.4117
64,16,1,4096,119.536
64,16,1,16384,456.015
64,16,2,32,8.67167
64,16,2,128,11.0723
64,16,2,512,21.4177
64,16,2,2048,63.4963
64,16,2,8192,231.714
64,16,4,16,8.437
64,16,4,64,8.618
64,16,4,256,14.41
64,16,4,1024,35.38
64,16,4,4096,119.782
64,16,4,16384,469.038
64,16,8,32,8.544
64,16,8,128,11.061
64,16,8,512,21.4607
64,16,8,2048,64.2323
64,16,8,8192,238.743
64,16,16,16,13.813
64,16,16,64,13.8237
64,16,16,256,26.548
64,16,16,1024,69.1703
64,16,16,4096,241.751
64,16,16,16384,950.45
64,16,32,32,23.1453
64,16,32,128,35.2523
64,16,32,512,77.6503
64,16,32,2048,246.615
64,16,32,8192,944.37
64,16,64,16,37.1613
64,16,64,64,38.068
64,16,64,256,85.213
64,16,64,1024,233.346
64,16,64,4096,905.609
64,16,64,16384,3575.24
64,32,1,16,8.66133
64,32,1,64,8.81067
64,32,1,256,14.5377
64,32,1,1024,35.348
64,32,1,4096,119.558
64,32,1,16384,455.61
64,32,2,32,8.726
64,32,2,128,11.0613
64,32,2,512,21.386
64,32,2,2048,63.454
64,32,2,8192,231.875
64,32,4,16,8.512
64,32,4,64,8.66067
64,32,4,256,14.4523
64,32,4,1024,35.3267
64,32,4,4096,119.825
64,32,4,16384,468.622
64,32,8,32,8.53233
64,32,8,128,11.0073
64,32,8,512,21.3753
64,32,8,2048,64.147
64,32,8,8192,237.879
64,32,16,16,13.7067
64,32,16,64,13.8233
64,32,16,256,26.644
64,32,16,1024,69.128
64,32,16,4096,241.581
64,32,16,16384,951.101
64,32,32,32,22.9643
64,32,32,128,35.22
64,32,32,512,77.608
64,32,32,2048,246.423
64,32,32,8192,944.381
64,32,64,16,37.1073
64,32,64,64,38.0363
64,32,64,256,84.9883
64,32,64,1024,233.271
64,32,64,4096,909.738
64,32,64,16384,3591.91
64,64,1,16,8.704
64,64,1,64,8.70367
64,64,1,256,14.4747
64,64,1,1024,35.3793
64,64,1,4096,119.442
64,64,1,16384,455.557
64,64,2,32,8.75733
64,64,2,128,11.093
64,64,2,512,21.493
64,64,2,2048,63.4637
64,64,2,8192,231.597
64,64,4,16,8.437
64,64,4,64,8.66067
64,64,4,256,14.4423
64,64,4,1024,35.433
64,64,4,4096,119.857
64,64,4,16384,467.076
64,64,8,32,8.55467
64,64,8,128,11.05
64,64,8,512,22.0573
64,64,8,2048,64.317
64,64,8,8192,237.804
64,64,16,16,13.8773
64,64,16,64,14.0477
64,64,16,256,26.6877
64,64,16,1024,69.1393
64,64,16,4096,241.698
64,64,16,16384,952.434
64,64,32,32,23.1457
64,64,32,128,35.1983
64,64,32,512,77.5753
64,64,32,2048,246.956
64,64,32,8192,943.486
64,64,64,16,37.2257
64,64,64,64,37.9933
64,64,64,256,84.9673
64,64,64,1024,233.218
64,64,64,4096,908.799
64,64,64,16384,3585.28
64,128,1,16,11.4233
64,128,1,64,11.4237
64,128,1,256,14.474
64,128,1,1024,35.4123
64,128,1,4096,119.569
64,128,1,16384,455.738
64,128,2,32,11.413
64,128,2,128,11.8933
64,128,2,512,21.365
64,128,2,2048,63.4643
64,128,2,8192,231.639
64,128,4,16,11.3177
64,128,4,64,11.2323
64,128,4,256,14.4637
64,128,4,1024,35.5183
64,128,4,4096,119.803
64,128,4,16384,467.759
64,128,8,32,11.3173
64,128,8,128,11.797
64,128,8,512,21.8657
64,128,8,2048,64.2533
64,128,8,8192,238.54
64,128,16,16,17.365
64,128,16,64,17.5137
64,128,16,256,26.4427
64,128,16,1024,69.0637
64,128,16,4096,240.983
64,128,16,16384,951.23
64,128,32,32,26.6333
64,128,32,128,36.7137
64,128,32,512,77.5867
64,128,32,2048,246.7
64,128,32,8192,943.518
64,128,64,16,40.628
64,128,64,64,41.524
64,128,64,256,85.053
64,128,64,1024,233.346
64,128,64,4096,907.093
64,128,64,16384,3578.97
64,256,1,16,14.8583
64,256,1,64,14.9753
64,256,1,256,15.253
64,256,1,1024,35.38
64,256,1,4096,119.419
64,256,1,16384,455.226
64,256,2,32,14.9003
64,256,2,128,14.858
64,256,2,512,21.3857
64,256,2,2048,63.4643
64,256,2,8192,231.778
64,256,4,16,14.73
64,256,4,64,14.73
64,256,4,256,15.071
64,256,4,1024,35.4433
64,256,4,4096,119.857
64,256,4,16384,468.304
64,256,8,32,14.7623
64,256,8,128,14.9753
64,256,8,512,21.471
64,256,8,2048,64.2963
64,256,8,8192,237.655
64,256,16,16,20.7887
64,256,16,64,21.034
64,256,16,256,27.6467
64,256,16,1024,69.107
64,256,16,4096,241.176
64,256,16,16384,950.666
64,256,32,32,30.1967
64,256,32,128,40.222
64,256,32,512,77.4697
64,256,32,2048,247.032
64,256,32,8192,943.785
64,256,64,16,44.2113
64,256,64,64,45.1183
64,256,64,256,86.5247
64,256,64,1024,233.271
64,256,64,4096,908.927
64,256,64,16384,3578.36
64,512,1,16,21.8127
64,512,1,64,21.7807
64,512,1,256,21.781
64,512,1,1024,35.412
64,512,1,4096,119.537
64,512,1,16384,455.727
64,512,2,32,21.823
64,512,2,128,21.8447
64,512,2,512,22.0153
64,512,2,2048,63.422
64,512,2,8192,231.671
64,512,4,16,21.6203
64,512,4,64,21.6417
64,512,4,256,21.5993
64,512,4,1024,35.4977
64,512,4,4096,119.878
64,512,4,16384,471.493
64,512,8,32,21.6633
64,512,8,128,21.834
64,512,8,512,22.24
64,512,8,2048,64.2753
64,512,8,8192,238.53
64,512,16,16,27.647
64,512,16,64,28.0313
64,512,16,256,34.5687
64,512,16,1024,69.107
64,512,16,4096,241.997
64,512,16,16384,952.319
64,512,32,32,36.9807
64,512,32,128,47.1447
64,512,32,512,79.1013
64,512,32,2048,246.989
64,512,32,8192,945.182
64,512,64,16,51.337
64,512,64,64,51.9557
64,512,64,256,93.8103
64,512,64,1024,233.368
64,512,64,4096,907.947
64,512,64,16384,3586.41
64,1024,1,16,35.8813
64,1024,1,64,35.7747
64,1024,1,256,35.7637
64,1024,1,1024,36.0203
64,1024,1,4096,119.495
64,1024,1,16384,455.791
64,1024,2,32,35.8283
64,1024,2,128,35.871
64,1024,2,512,35.8807
64,1024,2,2048,63.464
64,1024,2,8192,231.779
64,1024,4,16,35.5613
64,1024,4,64,35.508
64,1024,4,256,35.5503
64,1024,4,1024,35.8497
64,1024,4,4096,119.857
64,1024,4,16384,470.928
64,1024,8,32,35.6467
64,1024,8,128,35.935
64,1024,8,512,36.223
64,1024,8,2048,64.3173
64,1024,8,8192,239.927
64,1024,16,16,41.737
64,1024,16,64,41.801
64,1024,16,256,48.8083
64,1024,16,1024,70.0673
64,1024,16,4096,241.688
64,1024,16,16384,952.222
64,1024,32,32,51.081
64,1024,32,128,61.0647
64,1024,32,512,93.2557
64,1024,32,2048,246.359
64,1024,32,8192,944.906
64,1024,64,16,65.3417
64,1024,64,64,66.3443
64,1024,64,256,107.815
64,1024,64,1024,235.15
64,1024,64,4096,910.07
64,1024,64,16384,3585.82
64,2048,1,16,63.7633
64,2048,1,64,63.6353
64,2048,1,256,63.6563
64,2048,1,1024,63.8167
64,2048,1,4096,119.42
64,2048,1,16384,455.707
64,2048,2,32,63.8057
64,2048,2,128,63.7627
64,2048,2,512,63.8483
64,2048,2,2048,63.9553
64,2048,2,8192,231.64
64,2048,4,16,63.4643
64,2048,4,64,63.5173
64,2048,4,256,63.4757
64,2048,4,1024,63.752
64,2048,4,4096,119.729
64,2048,4,16384,470.308
64,2048,8,32,63.5177
64,2048,8,128,63.7637
64,2048,8,512,64.1263
64,2048,8,2048,64.627
64,2048,8,8192,239.618
64,2048,16,16,69.609
64,2048,16,64,70.1203
64,2048,16,256,76.5203
64,2048,16,1024,98.2043
64,2048,16,4096,241.431
64,2048,16,16384,953.907
64,2048,32,32,78.952
64,2048,32,128,88.925
64,2048,32,512,121.297
64,2048,32,2048,248.897
64,2048,32,8192,944.426
64,2048,64,16,93.1807
64,2048,64,64,94.0663
64,2048,64,256,135.942
64,2048,64,1024,262.956
64,2048,64,4096,917.142
64,2048,64,16384,3613.03
64,4096,1,16,119.655
64,4096,1,64,119.623
64,4096,1,256,119.729
64,4096,1,1024,119.676
64,4096,1,4096,119.708
64,4096,1,16384,455.782
64,4096,2,32,119.847
64,4096,2,128,119.825
64,4096,2,512,119.846
64,4096,2,2048,120.07
64,4096,2,8192,231.629
64,4096,4,16,119.324
64,4096,4,64,119.377
64,4096,4,256,119.249
64,4096,4,1024,119.483
64,4096,4,4096,119.953
64,4096,4,16384,472.944
64,4096,8,32,119.356
64,4096,8,128,119.633
64,4096,8,512,119.729
64,4096,8,2048,120.742
64,4096,8,8192,241.389
64,4096,16,16,125.403
64,4096,16,64,125.575
64,4096,16,256,132.582
64,4096,16,1024,153.979
64,4096,16,4096,243.32
64,4096,16,16384,952.213
64,4096,32,32,134.544
64,4096,32,128,144.677
64,4096,32,512,176.965
64,4096,32,2048,304.608
64,4096,32,8192,943.808
64,4096,64,16,149.285
64,4096,64,64,149.989
64,4096,64,256,191.844
64,4096,64,1024,319.189
64,4096,64,4096,923.222
64,4096,64,16384,3684.62
64,8192,1,16,231.288
64,8192,1,64,231.384
64,8192,1,256,231.544
64,8192,1,1024,231.363
64,8192,1,4096,231.426
64,8192,1,16384,456.006
64,8192,2,32,232.013
64,8192,2,128,231.843
64,8192,2,512,232.023
64,8192,2,2048,231.981
64,8192,2,8192,232.184
64,8192,4,16,231.118
64,8192,4,64,231.128
64,8192,4,256,231.171
64,8192,4,1024,231.278
64,8192,4,4096,231.683
64,8192,4,16384,471.994
64,8192,8,32,231.043
64,8192,8,128,231.267
64,8192,8,512,231.629
64,8192,8,2048,232.419
64,8192,8,8192,238.649
64,8192,16,16,236.941
64,8192,16,64,237.08
64,8192,16,256,243.565
64,8192,16,1024,265.505
64,8192,16,4096,354.271
64,8192,16,16384,954.186
64,8192,32,32,245.773
64,8192,32,128,255.863
64,8192,32,512,288.278
64,8192,32,2048,416.456
64,8192,32,8192,952.022
64,8192,64,16,261.217
64,8192,64,64,262.221
64,8192,64,256,303.36
64,8192,64,1024,431.399
64,8192,64,4096,1036.15
64,8192,64,16384,3678.09
64,16384,1,16,455.963
64,16384,1,64,455.248
64,16384,1,256,455.238
64,16384,1,1024,456.304
64,16384,1,4096,455.579
64,16384,1,16384,455.729
64,16384,2,32,456.08
64,16384,2,128,456.209
64,16384,2,512,456.145
64,16384,2,2048,456.112
64,16384,2,8192,456.464
64,16384,4,16,455.504
64,16384,4,64,455.431
64,16384,4,256,454.897
64,16384,4,1024,454.918
64,16384,4,4096,455.226
64,16384,4,16384,473.115
64,16384,8,32,454.769
64,16384,8,128,455.003
64,16384,8,512,455.09
64,16384,8,2048,455.729
64,16384,8,8192,480.368
64,16384,16,16,460.08
64,16384,16,64,460.614
64,16384,16,256,466.938
64,16384,16,1024,488.143
64,16384,16,4096,576.993
64,16384,16,16384,951.456
64,16384,32,32,469.209
64,16384,32,128,478.884
64,16384,32,512,511.172
64,16384,32,2048,639.017
64,16384,32,8192,1177.61
64,16384,64,16,483.664
64,16384,64,64,484.09
64,16384,64,256,526.745
64,16384,64,1024,654.421
64,16384,64,4096,1253.61
64,16384,64,16384,3634.99
128,0,1,16,8.73533
128,0,1,64,8.70367
128,0,1,256,14.623
128,0,1,1024,35.519
128,0,1,4096,119.666
128,0,1,16384,455.591
128,0,2,32,8.59733
128,0,2,128,11.2217
128,0,2,512,21.514
128,0,2,2048,63.71
128,0,2,8192,231.758
128,0,4,16,8.629
128,0,4,64,8.544
128,0,4,256,14.6343
128,0,4,1024,35.8707
128,0,4,4096,120.444
128,0,4,16384,468.955
128,0,8,32,9.01233
128,0,8,128,11.7863
128,0,8,512,22.4527
128,0,8,2048,64.7123
128,0,8,8192,237.88
128,0,16,16,14.261
128,0,16,64,14.442
128,0,16,256,27.039
128,0,16,1024,69.7687
128,0,16,4096,242.157
128,0,16,16384,953.59
128,0,32,32,23.3273
128,0,32,128,35.594
128,0,32,512,78.301
128,0,32,2048,247.565
128,0,32,8192,946.38
128,0,64,16,38.687
128,0,64,64,39.561
128,0,64,256,86.4613
128,0,64,1024,234.765
128,0,64,4096,909.293
128,0,64,16384,3589.81
128,16,1,16,11.3063
128,16,1,64,11.3487
128,16,1,256,14.7733
128,16,1,1024,35.6147
128,16,1,4096,119.761
128,16,1,16384,456.572
128,16,2,32,11.285
128,16,2,128,11.306
128,16,2,512,21.5357
128,16,2,2048,63.656
128,16,2,8192,232.014
128,16,4,16,11.2313
128,16,4,64,11.2207
128,16,4,256,14.72
128,16,4,1024,35.7953
128,16,4,4096,120.615
128,16,4,16384,468.123
128,16,8,32,12.1063
128,16,8,128,12.0313
128,16,8,512,22.314
128,16,8,2048,64.7977
128,16,8,8192,238.787
128,16,16,16,17.674
128,16,16,64,17.823
128,16,16,256,27.028
128,16,16,1024,69.7903
128,16,16,4096,242.307
128,16,16,16384,952.63
128,16,32,32,26.7517
128,16,32,128,36.2333
128,16,32,512,78.024
128,16,32,2048,247.586
128,16,32,8192,944.897
128,16,64,16,42.0363
128,16,64,64,42.6013
128,16,64,256,86.557
128,16,64,1024,235.065
128,16,64,4096,908.963
128,16,64,16384,3579.73
128,32,1,16,11.3063
128,32,1,64,11.3273
128,32,1,256,14.6983
128,32,1,1024,35.6253
128,32,1,4096,119.59
128,32,1,16384,455.633
128,32,2,32,11.2527
128,32,2,128,11.264
128,32,2,512,21.5247
128,32,2,2048,63.5173
128,32,2,8192,231.736
128,32,4,16,11.253
128,32,4,64,11.2743
128,32,4,256,14.6347
128,32,4,1024,36.0093
128,32,4,4096,120.37
128,32,4,16384,467.931
128,32,8,32,12.181
128,32,8,128,12.01
128,32,8,512,22.3877
128,32,8,2048,64.798
128,32,8,8192,237.56
128,32,16,16,17.653
128,32,16,64,17.7383
128,32,16,256,26.9853
128,32,16,1024,69.7473
128,32,16,4096,242.349
128,32,16,16384,955.745
128,32,32,32,26.719
128,32,32,128,36.137
128,32,32,512,78.0457
128,32,32,2048,247.64
128,32,32,8192,944.685
128,32,64,16,42.1207
128,32,64,64,42.868
128,32,64,256,86.4723
128,32,64,1024,234.851
128,32,64,4096,905.656
128,32,64,16384,3580.11
128,64,1,16,11.3913
128,64,1,64,11.4983
128,64,1,256,14.5913
128,64,1,1024,35.5077
128,64,1,4096,119.58
128,64,1,16384,455.868
128,64,2,32,11.4127
128,64,2,128,11.391
128,64,2,512,21.3857
128,64,2,2048,63.5607
128,64,2,8192,231.886
128,64,4,16,11.3387
128,64,4,64,11.328
128,64,4,256,14.592
128,64,4,1024,35.6893
128,64,4,4096,120.295
128,64,4,16384,468.252
128,64,8,32,12.287
128,64,8,128,12.1493
128,64,8,512,22.3563
128,64,8,2048,64.702
128,64,8,8192,237.805
128,64,16,16,17.5887
128,64,16,64,17.866
128,64,16,256,26.9537
128,64,16,1024,69.5977
128,64,16,4096,242.158
128,64,16,16384,954.316
128,64,32,32,26.7937
128,64,32,128,36.351
128,64,32,512,78.0457
128,64,32,2048,247.576
128,64,32,8192,946.348
128,64,64,16,42.079
128,64,64,64,42.9737
128,64,64,256,86.514
128,64,64,1024,235.096
128,64,64,4096,906.947
128,64,64,16384,3589.69
128,128,1,16,11.7543
128,128,1,64,11.7223
128,128,1,256,14.677
128,128,1,1024,35.508
128,128,1,4096,119.826
128,128,1,16384,455.698
128,128,2,32,11.69
128,128,2,128,11.8927
128,128,2,512,21.5247
128,128,2,2048,63.6993
128,128,2,8192,231.651
128,128,4,16,11.6907
128,128,4,64,11.7227
128,128,4,256,14.751
128,128,4,1024,35.8283
128,128,4,4096,120.209
128,128,4,16384,468.902
128,128,8,32,12.703
128,128,8,128,12.565
128,128,8,512,22.5267
128,128,8,2048,64.8297
128,128,8,8192,238.434
128,128,16,16,17.9617
128,128,16,64,18.1107
128,128,16,256,27.06
128,128,16,1024,69.64
128,128,16,4096,241.71
128,128,16,16384,952.994
128,128,32,32,27.189
128,128,32,128,37.4173
128,128,32,512,77.9817
128,128,32,2048,247.619
128,128,32,8192,938.456
128,128,64,16,42.548
128,128,64,64,43.3697
128,128,64,256,86.6737
128,128,64,1024,235.075
128,128,64,4096,910.136
128,128,64,16384,3583.15
128,256,1,16,15.1037
128,256,1,64,15.1147
128,256,1,256,15.338
128,256,1,1024,35.4657
128,256,1,4096,119.549
128,256,1,16384,455.687
128,256,2,32,15.1037
128,256,2,128,15.1357
128,256,2,512,21.46
128,256,2,2048,63.6133
128,256,2,8192,231.577
128,256,4,16,15.103
128,256,4,64,15.082
128,256,4,256,15.221
128,256,4,1024,35.615
128,256,4,4096,120.444
128,256,4,16384,468.38
128,256,8,32,16.2557
128,256,8,128,16.064
128,256,8,512,22.3567
128,256,8,2048,64.947
128,256,8,8192,238.35
128,256,16,16,21.4283
128,256,16,64,21.6847
128,256,16,256,28.255
128,256,16,1024,69.779
128,256,16,4096,242.115
128,256,16,16384,954.284
128,256,32,32,30.8583
128,256,32,128,41.0547
128,256,32,512,78.003
128,256,32,2048,247.47
128,256,32,8192,947.31
128,256,64,16,46.324
128,256,64,64,47.1663
128,256,64,256,88.5413
128,256,64,1024,234.766
128,256,64,4096,909.636
128,256,64,16384,3586.95
128,512,1,16,22.0257
128,512,1,64,22.0687
128,512,1,256,22.0577
128,512,1,1024,35.551
128,512,1,4096,119.698
128,512,1,16384,455.707
128,512,2,32,22.004
128,512,2,128,22.1437
128,512,2,512,22.1427
128,512,2,2048,63.582
128,512,2,8192,231.705
128,512,4,16,21.9523
128,512,4,64,22.0583
128,512,4,256,22.1217
128,512,4,1024,35.9137
128,512,4,4096,120.38
128,512,4,16384,471.825
128,512,8,32,22.9853
128,512,8,128,22.965
128,512,8,512,23.1777
128,512,8,2048,64.8303
128,512,8,8192,238.158
128,512,16,16,28.49
128,512,16,64,28.6177
128,512,16,256,35.444
128,512,16,1024,69.6193
128,512,16,4096,242.318
128,512,16,16384,954.445
128,512,32,32,38.11
128,512,32,128,48.2117
128,512,32,512,80.2963
128,512,32,2048,247.918
128,512,32,8192,946.615
128,512,64,16,53.7367
128,512,64,64,54.686
128,512,64,256,95.7943
128,512,64,1024,235.149
128,512,64,4096,909.998
128,512,64,16384,3589.54
128,1024,1,16,35.9987
128,1024,1,64,35.9887
128,1024,1,256,36.0307
128,1024,1,1024,36.18
128,1024,1,4096,119.688
128,1024,1,16384,455.696
128,1024,2,32,36.116
128,1024,2,128,36.1267
128,1024,2,512,36.1483
128,1024,2,2048,63.6887
128,1024,2,8192,232.014
128,1024,4,16,35.9567
128,1024,4,64,35.9663
128,1024,4,256,36.1587
128,1024,4,1024,36.3833
128,1024,4,4096,120.306
128,1024,4,16384,472.465
128,1024,8,32,36.9057
128,1024,8,128,36.831
128,1024,8,512,37.0017
128,1024,8,2048,65.268
128,1024,8,8192,240.088
128,1024,16,16,42.569
128,1024,16,64,42.8683
128,1024,16,256,49.172
128,1024,16,1024,70.8027
128,1024,16,4096,242.093
128,1024,16,16384,952.44
128,1024,32,32,51.956
128,1024,32,128,62.2057
128,1024,32,512,94.579
128,1024,32,2048,247.405
128,1024,32,8192,948.388
128,1024,64,16,68.2113
128,1024,64,64,69.0753
128,1024,64,256,110.546
128,1024,64,1024,237.592
128,1024,64,4096,911.237
128,1024,64,16384,3583.19
128,2048,1,16,64.1153
128,2048,1,64,64.0517
128,2048,1,256,64.0297
128,2048,1,1024,64.1257
128,2048,1,4096,119.516
128,2048,1,16384,456.05
128,2048,2,32,64.1047
128,2048,2,128,64.1583
128,2048,2,512,64.19
128,2048,2,2048,64.2433
128,2048,2,8192,231.619
128,2048,4,16,64.1687
128,2048,4,64,64.0617
128,2048,4,256,64.116
128,2048,4,1024,64.2117
128,2048,4,4096,120.327
128,2048,4,16384,470.215
128,2048,8,32,64.7767
128,2048,8,128,64.7983
128,2048,8,512,65.0433
128,2048,8,2048,65.5447
128,2048,8,8192,240.238
128,2048,16,16,70.4723
128,2048,16,64,70.5367
128,2048,16,256,77.0323
128,2048,16,1024,99.3137
128,2048,16,4096,242.339
128,2048,16,16384,955.629
128,2048,32,32,79.8807
128,2048,32,128,90.3763
128,2048,32,512,122.908
128,2048,32,2048,250.637
128,2048,32,8192,946.49
128,2048,64,16,96.3703
128,2048,64,64,97.2023
128,2048,64,256,139.399
128,2048,64,1024,265.912
128,2048,64,4096,929.123
128,2048,64,16384,3662.95
128,4096,1,16,119.932
128,4096,1,64,119.964
128,4096,1,256,120.007
128,4096,1,1024,119.996
128,4096,1,4096,120.135
128,4096,1,16384,455.783
128,4096,2,32,120.135
128,4096,2,128,120.188
128,4096,2,512,120.209
128,4096,2,2048,120.327
128,4096,2,8192,231.566
128,4096,4,16,119.825
128,4096,4,64,119.986
128,4096,4,256,120.103
128,4096,4,1024,120.21
128,4096,4,4096,120.807
128,4096,4,16384,472.476
128,4096,8,32,120.658
128,4096,8,128,120.402
128,4096,8,512,120.796
128,4096,8,2048,121.884
128,4096,8,8192,240.974
128,4096,16,16,125.884
128,4096,16,64,126.343
128,4096,16,256,132.913
128,4096,16,1024,154.843
128,4096,16,4096,245.998
128,4096,16,16384,956.356
128,4096,32,32,135.816
128,4096,32,128,146.161
128,4096,32,512,178.832
128,4096,32,2048,306.764
128,4096,32,8192,949.401
128,4096,64,16,152.155
128,4096,64,64,153.137
128,4096,64,256,195.524
128,4096,64,1024,322.54
128,4096,64,4096,923.737
128,4096,64,16384,3750.54
128,8192,1,16,231.726
128,8192,1,64,231.844
128,8192,1,256,231.791
128,8192,1,1024,231.907
128,8192,1,4096,231.684
128,8192,1,16384,456.327
128,8192,2,32,232.463
128,8192,2,128,232.548
128,8192,2,512,232.398
128,8192,2,2048,232.462
128,8192,2,8192,232.302
128,8192,4,16,231.907
128,8192,4,64,231.972
128,8192,4,256,232.089
128,8192,4,1024,231.918
128,8192,4,4096,232.292
128,8192,4,16384,471.569
128,8192,8,32,232.249
128,8192,8,128,232.388
128,8192,8,512,232.548
128,8192,8,2048,233.283
128,8192,8,8192,239.481
128,8192,16,16,237.997
128,8192,16,64,238.03
128,8192,16,256,244.75
128,8192,16,1024,266.989
128,8192,16,4096,355.531
128,8192,16,16384,954.649
128,8192,32,32,247.374
128,8192,32,128,257.848
128,8192,32,512,290.454
128,8192,32,2048,418.558
128,8192,32,8192,959.641
128,8192,64,16,263.704
128,8192,64,64,264.749
128,8192,64,256,307.329
128,8192,64,1024,435.166
128,8192,64,4096,1025.58
128,8192,64,16384,3744.98
128,16384,1,16,455.751
128,16384,1,64,455.634
128,16384,1,256,455.795
128,16384,1,1024,455.806
128,16384,1,4096,456.029
128,16384,1,16384,456.478
128,16384,2,32,456.359
128,16384,2,128,456.52
128,16384,2,512,456.124
128,16384,2,2048,456.626
128,16384,2,8192,456.381
128,16384,4,16,455.752
128,16384,4,64,455.742
128,16384,4,256,455.943
128,16384,4,1024,456.36
128,16384,4,4096,456.722
128,16384,4,16384,473.564
128,16384,8,32,455.805
128,16384,8,128,456.275
128,16384,8,512,455.549
128,16384,8,2048,465.991
128,16384,8,8192,481.746
128,16384,16,16,461.831
128,16384,16,64,461.639
128,16384,16,256,468.189
128,16384,16,1024,490.342
128,16384,16,4096,578.82
128,16384,16,16384,955.374
128,16384,32,32,471.217
128,16384,32,128,480.07
128,16384,32,512,514.107
128,16384,32,2048,641.325
128,16384,32,8192,1176.77
128,16384,64,16,488.625
128,16384,64,64,489.233
128,16384,64,256,531.664
128,16384,64,1024,658.967
128,16384,64,4096,1241.31
128,16384,64,16384,3620.2
256,0,1,16,11.562
256,0,1,64,11.5727
256,0,1,256,14.5597
256,0,1,1024,35.433
256,0,1,4096,119.506
256,0,1,16384,455.954
256,0,2,32,11.8403
256,0,2,128,11.7117
256,0,2,512,21.3647
256,0,2,2048,63.6463
256,0,2,8192,231.566
256,0,4,16,12.0633
256,0,4,64,12.0427
256,0,4,256,15.1033
256,0,4,1024,36.1167
256,0,4,4096,120.167
256,0,4,16384,466.386
256,0,8,32,17.429
256,0,8,128,18.559
256,0,8,512,28.191
256,0,8,2048,70.8237
256,0,8,8192,239.907
256,0,16,16,20.5973
256,0,16,64,20.4693
256,0,16,256,28.8843
256,0,16,1024,71.144
256,0,16,4096,243.054
256,0,16,16384,955.62
256,0,32,32,29.2897
256,0,32,128,38.4623
256,0,32,512,79.101
256,0,32,2048,248.547
256,0,32,8192,945.125
256,0,64,16,46.6653
256,0,64,64,47.444
256,0,64,256,89.928
256,0,64,1024,237.145
256,0,64,4096,913.424
256,0,64,16384,3585.53
256,16,1,16,14.709
256,16,1,64,14.762
256,16,1,256,14.7513
256,16,1,1024,35.455
256,16,1,4096,119.666
256,16,1,16384,456.062
256,16,2,32,14.954
256,16,2,128,15.082
256,16,2,512,21.62
256,16,2,2048,63.7637
256,16,2,8192,231.769
256,16,4,16,15.0397
256,16,4,64,15.221
256,16,4,256,15.2107
256,16,4,1024,36.2123
256,16,4,4096,120.466
256,16,4,16384,467.272
256,16,8,32,20.49
256,16,8,128,22.9857
256,16,8,512,30.5593
256,16,8,2048,72.883
256,16,8,8192,241.913
256,16,16,16,24.085
256,16,16,64,24.0527
256,16,16,256,28.8523
256,16,16,1024,71.048
256,16,16,4096,243.064
256,16,16,16384,953.775
256,16,32,32,32.5857
256,16,32,128,42.0467
256,16,32,512,79.5603
256,16,32,2048,249.081
256,16,32,8192,946.212
256,16,64,16,50.015
256,16,64,64,51.1343
256,16,64,256,90.6537
256,16,64,1024,237.305
256,16,64,4096,914.416
256,16,64,16384,3582.99
256,32,1,16,14.7837
256,32,1,64,14.8373
256,32,1,256,14.7517
256,32,1,1024,35.5083
256,32,1,4096,119.634
256,32,1,16384,456.487
256,32,2,32,14.965
256,32,2,128,14.9433
256,32,2,512,21.536
256,32,2,2048,63.689
256,32,2,8192,231.523
256,32,4,16,15.1353
256,32,4,64,15.1567
256,32,4,256,15.274
256,32,4,1024,35.967
256,32,4,4096,120.274
256,32,4,16384,467.421
256,32,8,32,20.6927
256,32,8,128,23.0287
256,32,8,512,30.495
256,32,8,2048,73.1287
256,32,8,8192,241.976
256,32,16,16,24.3833
256,32,16,64,24.2233
256,32,16,256,29.3437
256,32,16,1024,70.942
256,32,16,4096,243.065
256,32,16,16384,954.01
256,32,32,32,33.0447
256,32,32,128,41.833
256,32,32,512,79.3787
256,32,32,2048,249.198
256,32,32,8192,947.514
256,32,64,16,50.207
256,32,64,64,51.2097
256,32,64,256,90.5997
256,32,64,1024,237.22
256,32,64,4096,914.118
256,32,64,16384,3581.26
256,64,1,16,14.762
256,64,1,64,14.858
256,64,1,256,14.7303
256,64,1,1024,35.476
256,64,1,4096,119.57
256,64,1,16384,456.179
256,64,2,32,14.9863
256,64,2,128,15.0823
256,64,2,512,21.4603
256,64,2,2048,63.7313
256,64,2,8192,231.876
256,64,4,16,15.3057
256,64,4,64,15.2523
256,64,4,256,15.402
256,64,4,1024,35.9883
256,64,4,4096,120.231
256,64,4,16384,468.573
256,64,8,32,20.768
256,64,8,128,23.0503
256,64,8,512,30.527
256,64,8,2048,73.2993
256,64,8,8192,241.636
256,64,16,16,24.404
256,64,16,64,24.3513
256,64,16,256,28.9267
256,64,16,1024,70.9953
256,64,16,4096,243.331
256,64,16,16384,953.124
256,64,32,32,32.852
256,64,32,128,42.047
256,64,32,512,79.421
256,64,32,2048,249.134
256,64,32,8192,948.208
256,64,64,16,50.4843
256,64,64,64,50.9963
256,64,64,256,90.8873
256,64,64,1024,237.54
256,64,64,4096,914.224
256,64,64,16384,3586.77
256,128,1,16,14.9857
256,128,1,64,14.9653
256,128,1,256,14.997
256,128,1,1024,35.4333
256,128,1,4096,119.431
256,128,1,16384,455.934
256,128,2,32,15.285
256,128,2,128,15.178
256,128,2,512,21.4817
256,128,2,2048,63.603
256,128,2,8192,231.662
256,128,4,16,15.519
256,128,4,64,15.6483
256,128,4,256,15.6897
256,128,4,1024,36.191
256,128,4,4096,120.253
256,128,4,16384,467.592
256,128,8,32,20.949
256,128,8,128,24.2023
256,128,8,512,31.9133
256,128,8,2048,74.4717
256,128,8,8192,243.352
256,128,16,16,25.322
256,128,16,64,25.7377
256,128,16,256,29.7913
256,128,16,1024,70.963
256,128,16,4096,243.769
256,128,16,16384,952.517
256,128,32,32,33.6737
256,128,32,128,42.964
256,128,32,512,79.87
256,128,32,2048,249.102
256,128,32,8192,947.92
256,128,64,16,51.0813
256,128,64,64,51.9453
256,128,64,256,91.7413
256,128,64,1024,236.932
256,128,64,4096,913.884
256,128,64,16384,3593.98
256,256,1,16,18.3997
256,256,1,64,18.41
256,256,1,256,18.3783
256,256,1,1024,35.4123
256,256,1,4096,119.559
256,256,1,16384,456.414
256,256,2,32,18.677
256,256,2,128,18.762
256,256,2,512,21.3647
256,256,2,2048,63.562
256,256,2,8192,231.663
256,256,4,16,19.0393
256,256,4,64,19.0077
256,256,4,256,19.2097
256,256,4,1024,36.1697
256,256,4,4096,120.38
256,256,4,16384,469.895
256,256,8,32,24.4907
256,256,8,128,27.637
256,256,8,512,35.3163
256,256,8,2048,77.8857
256,256,8,8192,247.246
256,256,16,16,29.45
256,256,16,64,29.4067
256,256,16,256,34.3563
256,256,16,1024,70.878
256,256,16,4096,243.129
256,256,16,16384,953.243
256,256,32,32,37.887
256,256,32,128,47.103
256,256,32,512,80.1047
256,256,32,2048,248.932
256,256,32,8192,948.027
256,256,64,16,55.6567
256,256,64,64,56.4463
256,256,64,256,96.1463
256,256,64,1024,238.021
256,256,64,4096,913.436
256,256,64,16384,3591.95
256,512,1,16,25.3223
256,512,1,64,25.3963
256,512,1,256,25.365
256,512,1,1024,35.476
256,512,1,4096,119.677
256,512,1,16384,455.923
256,512,2,32,25.791
256,512,2,128,25.7693
256,512,2,512,25.9087
256,512,2,2048,63.529
256,512,2,8192,231.375
256,512,4,16,25.9297
256,512,4,64,26.0473
256,512,4,256,25.8873
256,512,4,1024,36.4473
256,512,4,4096,120.242
256,512,4,16384,470.131
256,512,8,32,31.5723
256,512,8,128,34.6657
256,512,8,512,44.948
256,512,8,2048,85.1597
256,512,8,8192,254.67
256,512,16,16,36.2333
256,512,16,64,36.3933
256,512,16,256,45.8973
256,512,16,1024,71.486
256,512,16,4096,243.13
256,512,16,16384,952.613
256,512,32,32,46.1217
256,512,32,128,54.974
256,512,32,512,85.9813
256,512,32,2048,248.996
256,512,32,8192,946.715
256,512,64,16,64.2757
256,512,64,64,65.054
256,512,64,256,104.52
256,512,64,1024,238.159
256,512,64,4096,916.956
256,512,64,16384,3585.42
256,1024,1,16,39.433
256,1024,1,64,39.4123
256,1024,1,256,39.4443
256,1024,1,1024,39.5617
256,1024,1,4096,119.495
256,1024,1,16384,455.731
256,1024,2,32,39.829
256,1024,2,128,39.8813
256,1024,2,512,39.8493
256,1024,2,2048,63.5187
256,1024,2,8192,231.663
256,1024,4,16,40.0097
256,1024,4,64,39.9563
256,1024,4,256,40.1163
256,1024,4,1024,40.1057
256,1024,4,4096,120.679
256,1024,4,16384,470.888
256,1024,8,32,45.3957
256,1024,8,128,48.649
256,1024,8,512,59.188
256,1024,8,2048,99.6447
256,1024,8,8192,268.941
256,1024,16,16,50.1963
256,1024,16,64,50.4523
256,1024,16,256,64.244
256,1024,16,1024,76.5527
256,1024,16,4096,243.471
256,1024,16,16384,953.926
256,1024,32,32,60.3077
256,1024,32,128,71.294
256,1024,32,512,100.541
256,1024,32,2048,250.788
256,1024,32,8192,949.798
256,1024,64,16,80.4027
256,1024,64,64,81.5123
256,1024,64,256,122.323
256,1024,64,1024,245.412
256,1024,64,4096,918.301
256,1024,64,16384,3592.84
256,2048,1,16,67.539
256,2048,1,64,67.592
256,2048,1,256,67.5287
256,2048,1,1024,67.614
256,2048,1,4096,119.687
256,2048,1,16384,455.71
256,2048,2,32,68.0193
256,2048,2,128,67.859
256,2048,2,512,68.0937
256,2048,2,2048,67.998
256,2048,2,8192,231.566
256,2048,4,16,67.8917
256,2048,4,64,67.9453
256,2048,4,256,68.137
256,2048,4,1024,68.2223
256,2048,4,4096,121.159
256,2048,4,16384,470.323
256,2048,8,32,73.406
256,2048,8,128,76.6163
256,2048,8,512,87.0057
256,2048,8,2048,130.247
256,2048,8,8192,297.731
256,2048,16,16,78.0463
256,2048,16,64,78.451
256,2048,16,256,91.9973
256,2048,16,1024,130.044
256,2048,16,4096,243.599
256,2048,16,16384,954.332
256,2048,32,32,88.232
256,2048,32,128,99.1653
256,2048,32,512,131.633
256,2048,32,2048,257.081
256,2048,32,8192,948.39
256,2048,64,16,109.342
256,2048,64,64,110.29
256,2048,64,256,158.204
256,2048,64,1024,275.257
256,2048,64,4096,930.119
256,2048,64,16384,3751.92
256,4096,1,16,123.41
256,4096,1,64,123.581
256,4096,1,256,123.505
256,4096,1,1024,123.378
256,4096,1,4096,123.708
256,4096,1,16384,455.806
256,4096,2,32,123.954
256,4096,2,128,123.869
256,4096,2,512,124.007
256,4096,2,2048,124.284
256,4096,2,8192,231.791
256,4096,4,16,123.687
256,4096,4,64,123.815
256,4096,4,256,123.815
256,4096,4,1024,123.932
256,4096,4,4096,124.551
256,4096,4,16384,472.35
256,4096,8,32,128.989
256,4096,8,128,132.381
256,4096,8,512,142.865
256,4096,8,2048,185.733
256,4096,8,8192,354.241
256,4096,16,16,134.044
256,4096,16,64,133.874
256,4096,16,256,147.794
256,4096,16,1024,191.217
256,4096,16,4096,248.388
256,4096,16,16384,956.209
256,4096,32,32,143.868
256,4096,32,128,154.791
256,4096,32,512,187.654
256,4096,32,2048,313.175
256,4096,32,8192,957.382
256,4096,64,16,164.976
256,4096,64,64,165.83
256,4096,64,256,215.695
256,4096,64,1024,348.278
256,4096,64,4096,910.237
256,4096,64,16384,3994.04
256,8192,1,16,235.194
256,8192,1,64,235.321
256,8192,1,256,235.449
256,8192,1,1024,234.991
256,8192,1,4096,235.215
256,8192,1,16384,456.234
256,8192,2,32,236.111
256,8192,2,128,236.185
256,8192,2,512,236.132
256,8192,2,2048,236.387
256,8192,2,8192,236.303
256,8192,4,16,235.354
256,8192,4,64,235.407
256,8192,4,256,235.813
256,8192,4,1024,235.844
256,8192,4,4096,236.09
256,8192,4,16384,471.39
256,8192,8,32,241.305
256,8192,8,128,244.196
256,8192,8,512,254.435
256,8192,8,2048,296.973
256,8192,8,8192,477.032
256,8192,16,16,245.529
256,8192,16,64,246.042
256,8192,16,256,259.651
256,8192,16,1024,302.338
256,8192,16,4096,468.82
256,8192,16,16384,950.705
256,8192,32,32,255.492
256,8192,32,128,266.201
256,8192,32,512,299.288
256,8192,32,2048,428.81
256,8192,32,8192,967.835
256,8192,64,16,277.294
256,8192,64,64,277.518
256,8192,64,256,328.055
256,8192,64,1024,475.187
256,8192,64,4096,1027.88
256,8192,64,16384,3967.17
256,16384,1,16,459.101
256,16384,1,64,459.167
256,16384,1,256,459.668
256,16384,1,1024,459.422
256,16384,1,4096,459.455
256,16384,1,16384,459.827
256,16384,2,32,461.129
256,16384,2,128,460.818
256,16384,2,512,460.862
256,16384,2,2048,460.542
256,16384,2,8192,460.905
256,16384,4,16,459.689
256,16384,4,64,459.731
256,16384,4,256,459.966
256,16384,4,1024,460.105
256,16384,4,4096,460.105
256,16384,4,16384,472.82
256,16384,8,32,464.392
256,16384,8,128,468.094
256,16384,8,512,477.449
256,16384,8,2048,521.628
256,16384,8,8192,700.717
256,16384,16,16,469.181
256,16384,16,64,469.193
256,16384,16,256,483.624
256,16384,16,1024,526.801
256,16384,16,4096,696.867
256,16384,16,16384,954.503
256,16384,32,32,479.231
256,16384,32,128,490.056
256,16384,32,512,523.069
256,16384,32,2048,651.012
256,16384,32,8192,1184.35
256,16384,64,16,501.341
256,16384,64,64,502.343
256,16384,64,256,551.281
256,16384,64,1024,700.312
256,16384,64,4096,1394.41
256,16384,64,16384,3553.9
512,0,1,16,20.1813
512,0,1,64,20.213
512,0,1,256,20.2233
512,0,1,1024,36.8093
512,0,1,4096,120.903
512,0,1,16384,456.073
512,0,2,32,20.6503
512,0,2,128,20.9587
512,0,2,512,23.6257
512,0,2,2048,65.4277
512,0,2,8192,233.316
512,0,4,16,25.2367
512,0,4,64,25.3653
512,0,4,256,26.3033
512,0,4,1024,42.964
512,0,4,4096,127.165
512,0,4,16384,471.657
512,0,8,32,27.5623
512,0,8,128,29.9723
512,0,8,512,40.1273
512,0,8,2048,83.0377
512,0,8,8192,252.655
512,0,16,16,33.8763
512,0,16,64,34.0363
512,0,16,256,44.2977
512,0,16,1024,80.5307
512,0,16,4096,251.62
512,0,16,16384,957.126
512,0,32,32,45.247
512,0,32,128,54.601
512,0,32,512,85.2457
512,0,32,2048,251.279
512,0,32,8192,949.959
512,0,64,16,66.4937
512,0,64,64,67.1663
512,0,64,256,106.589
512,0,64,1024,245.166
512,0,64,4096,924.349
512,0,64,16384,3594.03
512,16,1,16,23.4447
512,16,1,64,23.349
512,16,1,256,23.4343
512,16,1,1024,36.991
512,16,1,4096,120.733
512,16,1,16384,456.447
512,16,2,32,24.0957
512,16,2,128,23.818
512,16,2,512,23.8717
512,16,2,2048,65.2997
512,16,2,8192,233.476
512,16,4,16,28.575
512,16,4,64,28.522
512,16,4,256,31.5193
512,16,4,1024,45.0227
512,16,4,4096,129.063
512,16,4,16384,470.218
512,16,8,32,31.2097
512,16,8,128,33.3537
512,16,8,512,41.727
512,16,8,2048,85.363
512,16,8,8192,254.927
512,16,16,16,37.6633
512,16,16,64,37.8333
512,16,16,256,47.956
512,16,16,1024,82.3977
512,16,16,4096,253.209
512,16,16,16384,956.807
512,16,32,32,48.9587
512,16,32,128,58.6013
512,16,32,512,86.2593
512,16,32,2048,251.162
512,16,32,8192,951.388
512,16,64,16,70.452
512,16,64,64,70.889
512,16,64,256,110.953
512,16,64,1024,245.753
512,16,64,4096,917.554
512,16,64,16384,3594.68
512,32,1,16,23.3273
512,32,1,64,23.4237
512,32,1,256,23.402
512,32,1,1024,36.8737
512,32,1,4096,120.7
512,32,1,16384,456.224
512,32,2,32,24.0853
512,32,2,128,24.032
512,32,2,512,23.9883
512,32,2,2048,65.2143
512,32,2,8192,233.306
512,32,4,16,28.5003
512,32,4,64,28.6497
512,32,4,256,31.636
512,32,4,1024,44.9807
512,32,4,4096,128.957
512,32,4,16384,473.065
512,32,8,32,31.0817
512,32,8,128,33.6203
512,32,8,512,41.8753
512,32,8,2048,85.3843
512,32,8,8192,254.393
512,32,16,16,37.5027
512,32,16,64,38.143
512,32,16,256,47.7637
512,32,16,1024,82.27
512,32,16,4096,252.9
512,32,16,16384,957.81
512,32,32,32,49.2467
512,32,32,128,58.6223
512,32,32,512,86.3757
512,32,32,2048,251.823
512,32,32,8192,951.506
512,32,64,16,70.3237
512,32,64,64,71.1447
512,32,64,256,110.845
512,32,64,1024,245.572
512,32,64,4096,923.102
512,32,64,16384,3591.92
512,64,1,16,23.5297
512,64,1,64,23.562
512,64,1,256,23.498
512,64,1,1024,36.9373
512,64,1,4096,120.979
512,64,1,16384,456.479
512,64,2,32,23.957
512,64,2,128,23.967
512,64,2,512,24.0953
512,64,2,2048,65.4063
512,64,2,8192,233.487
512,64,4,16,28.778
512,64,4,64,28.7887
512,64,4,256,31.6367
512,64,4,1024,45.044
512,64,4,4096,128.723
512,64,4,16384,470.718
512,64,8,32,31.2317
512,64,8,128,33.5137
512,64,8,512,41.791
512,64,8,2048,85.5017
512,64,8,8192,255.172
512,64,16,16,37.876
512,64,16,64,38.026
512,64,16,256,48.2863
512,64,16,1024,82.4833
512,64,16,4096,252.495
512,64,16,16384,952.669
512,64,32,32,49.204
512,64,32,128,58.793
512,64,32,512,86.557
512,64,32,2048,251.385
512,64,32,8192,948.818
512,64,64,16,70.2807
512,64,64,64,71.3587
512,64,64,256,111.251
512,64,64,1024,245.37
512,64,64,4096,924.244
512,64,64,16384,3597.22
512,128,1,16,23.8283
512,128,1,64,23.6907
512,128,1,256,23.7753
512,128,1,1024,36.874
512,128,1,4096,120.925
512,128,1,16384,456.053
512,128,2,32,24.426
512,128,2,128,24.3407
512,128,2,512,24.33
512,128,2,2048,65.5763
512,128,2,8192,233.295
512,128,4,16,28.9487
512,128,4,64,28.9587
512,128,4,256,33.2687
512,128,4,1024,46.6123
512,128,4,4096,130.952
512,128,4,16384,471.497
512,128,8,32,32.2767
512,128,8,128,34.495
512,128,8,512,42.559
512,128,8,2048,87.4647
512,128,8,8192,256.388
512,128,16,16,39.1777
512,128,16,64,39.231
512,128,16,256,49.2567
512,128,16,1024,84.6697
512,128,16,4096,254.884
512,128,16,16384,955.08
512,128,32,32,50.4093
512,128,32,128,60.617
512,128,32,512,87.6033
512,128,32,2048,251.13
512,128,32,8192,949.821
512,128,64,16,71.6247
512,128,64,64,72.7023
512,128,64,256,113.149
512,128,64,1024,246.138
512,128,64,4096,923.187
512,128,64,16384,3590.28
512,256,1,16,27.2737
512,256,1,64,27.2203
512,256,1,256,27.242
512,256,1,1024,37.119
512,256,1,4096,120.893
512,256,1,16384,456.489
512,256,2,32,27.85
512,256,2,128,27.797
512,256,2,512,27.9357
512,256,2,2048,65.4483
512,256,2,8192,233.156
512,256,4,16,32.425
512,256,4,64,32.554
512,256,4,256,39.3487
512,256,4,1024,50.111
512,256,4,4096,134.215
512,256,4,16384,471.689
512,256,8,32,36.212
512,256,8,128,39.401
512,256,8,512,46.548
512,256,8,2048,91.8913
512,256,8,8192,260.59
512,256,16,16,43.935
512,256,16,64,44.1053
512,256,16,256,53.919
512,256,16,1024,88.3927
512,256,16,4096,258.628
512,256,16,16384,955.443
512,256,32,32,55.9023
512,256,32,128,65.513
512,256,32,512,92.9043
512,256,32,2048,252.261
512,256,32,8192,953.213
512,256,64,16,77.225
512,256,64,64,78.2057
512,256,64,256,118.92
512,256,64,1024,248.143
512,256,64,4096,926.633
512,256,64,16384,3596.2
512,512,1,16,34.2817
512,512,1,64,34.3137
512,512,1,256,34.2073
512,512,1,1024,37.108
512,512,1,4096,120.861
512,512,1,16384,456.361
512,512,2,32,34.879
512,512,2,128,35.0073
512,512,2,512,34.943
512,512,2,2048,65.6197
512,512,2,8192,233.509
512,512,4,16,39.4557
512,512,4,64,39.9247
512,512,4,256,46.3767
512,512,4,1024,57.2037
512,512,4,4096,141.788
512,512,4,16384,478.248
512,512,8,32,43.167
512,512,8,128,46.6333
512,512,8,512,55.5717
512,512,8,2048,99.1013
512,512,8,8192,268.409
512,512,16,16,52.3503
512,512,16,64,52.873
512,512,16,256,63.1557
512,512,16,1024,96.5313
512,512,16,4096,265.433
512,512,16,16384,955.059
512,512,32,32,65.5133
512,512,32,128,76.158
512,512,32,512,104.872
512,512,32,2048,254.543
512,512,32,8192,949.235
512,512,64,16,87.998
512,512,64,64,89.0213
512,512,64,256,129.64
512,512,64,1024,250.063
512,512,64,4096,929.236
512,512,64,16384,3593.28
512,1024,1,16,48.2017
512,1024,1,64,48.2763
512,1024,1,256,48.3297
512,1024,1,1024,48.318
512,1024,1,4096,121.415
512,1024,1,16384,456.767
512,1024,2,32,49.1083
512,1024,2,128,49.1403
512,1024,2,512,48.9693
512,1024,2,2048,66.238
512,1024,2,8192,234.511
512,1024,4,16,53.7267
512,1024,4,64,53.823
512,1024,4,256,60.4457
512,1024,4,1024,81.5873
512,1024,4,4096,156.231
512,1024,4,16384,492.574
512,1024,8,32,57.609
512,1024,8,128,60.9367
512,1024,8,512,71.8487
512,1024,8,2048,113.554
512,1024,8,8192,282.894
512,1024,16,16,66.4517
512,1024,16,64,66.6433
512,1024,16,256,85.9923
512,1024,16,1024,118.536
512,1024,16,4096,279.78
512,1024,16,16384,958.74
512,1024,32,32,84.2643
512,1024,32,128,96.723
512,1024,32,512,129.831
512,1024,32,2048,256.783
512,1024,32,8192,951.774
512,1024,64,16,108.231
512,1024,64,64,109.224
512,1024,64,256,152.529
512,1024,64,1024,269.039
512,1024,64,4096,940.244
512,1024,64,16384,3667.95
512,2048,1,16,76.617
512,2048,1,64,76.6807
512,2048,1,256,76.5953
512,2048,1,1024,76.8087
512,2048,1,4096,122.003
512,2048,1,16384,458.261
512,2048,2,32,77.449
512,2048,2,128,77.47
512,2048,2,512,77.459
512,2048,2,2048,77.9393
512,2048,2,8192,235.407
512,2048,4,16,81.673
512,2048,4,64,82.1523
512,2048,4,256,89.1073
512,2048,4,1024,110.44
512,2048,4,4096,185.104
512,2048,4,16384,521.267
512,2048,8,32,85.9603
512,2048,8,128,89.5233
512,2048,8,512,100.424
512,2048,8,2048,141.639
512,2048,8,8192,312.077
512,2048,16,16,94.931
512,2048,16,64,95.219
512,2048,16,256,116.499
512,2048,16,1024,148.871
512,2048,16,4096,309.88
512,2048,16,16384,985.822
512,2048,32,32,113.181
512,2048,32,128,132.552
512,2048,32,512,167.313
512,2048,32,2048,273.732
512,2048,32,8192,967.177
512,2048,64,16,146.61
512,2048,64,64,148.956
512,2048,64,256,194.171
512,2048,64,1024,321.592
512,2048,64,4096,906.335
512,2048,64,16384,4080.96
512,4096,1,16,132.636
512,4096,1,64,132.69
512,4096,1,256,132.583
512,4096,1,1024,132.626
512,4096,1,4096,133.426
512,4096,1,16384,458.271
512,4096,2,32,133.585
512,4096,2,128,133.479
512,4096,2,512,133.842
512,4096,2,2048,134.385
512,4096,2,8192,235.824
512,4096,4,16,138.162
512,4096,4,64,137.895
512,4096,4,256,144.711
512,4096,4,1024,166.129
512,4096,4,4096,250.639
512,4096,4,16384,577.511
512,4096,8,32,141.629
512,4096,8,128,144.988
512,4096,8,512,156.167
512,4096,8,2048,199.504
512,4096,8,8192,369.015
512,4096,16,16,150.599
512,4096,16,64,150.973
512,4096,16,256,171.751
512,4096,16,1024,235.93
512,4096,16,4096,372.727
512,4096,16,16384,1077.56
512,4096,32,32,169.02
512,4096,32,128,188.389
512,4096,32,512,245.103
512,4096,32,2048,382.806
512,4096,32,8192,987.87
512,4096,64,16,205.179
512,4096,64,64,206.395
512,4096,64,256,272.207
512,4096,64,1024,408.203
512,4096,64,4096,933.492
512,4096,64,16384,4320.86
512,8192,1,16,244.143
512,8192,1,64,244.314
512,8192,1,256,244.719
512,8192,1,1024,244.612
512,8192,1,4096,244.666
512,8192,1,16384,458.068
512,8192,2,32,245.466
512,8192,2,128,245.401
512,8192,2,512,245.818
512,8192,2,2048,246.298
512,8192,2,8192,247.279
512,8192,4,16,249.626
512,8192,4,64,249.829
512,8192,4,256,256.687
512,8192,4,1024,277.539
512,8192,4,4096,362.934
512,8192,4,16384,693.125
512,8192,8,32,253.018
512,8192,8,128,256.783
512,8192,8,512,267.652
512,8192,8,2048,311.363
512,8192,8,8192,481.257
512,8192,16,16,262.692
512,8192,16,64,262.607
512,8192,16,256,283.598
512,8192,16,1024,347.704
512,8192,16,4096,485.834
512,8192,16,16384,1194.16
512,8192,32,32,280.185
512,8192,32,128,300.259
512,8192,32,512,357.025
512,8192,32,2048,540.072
512,8192,32,8192,966.227
512,8192,64,16,316.899
512,8192,64,64,318.093
512,8192,64,256,393.9
512,8192,64,1024,562.578
512,8192,64,4096,1184.98
512,8192,64,16384,4160.02
512,16384,1,16,469.044
512,16384,1,64,468.778
512,16384,1,256,469.514
512,16384,1,1024,469.44
512,16384,1,4096,469.363
512,16384,1,16384,470.004
512,16384,2,32,470.058
512,16384,2,128,469.909
512,16384,2,512,470.101
512,16384,2,2048,471.05
512,16384,2,8192,472.244
512,16384,4,16,473.097
512,16384,4,64,473.705
512,16384,4,256,480.659
512,16384,4,1024,502.558
512,16384,4,4096,586.961
512,16384,4,16384,942.483
512,16384,8,32,477.397
512,16384,8,128,480.916
512,16384,8,512,491.252
512,16384,8,2048,534.611
512,16384,8,8192,707.012
512,16384,16,16,486.303
512,16384,16,64,486.538
512,16384,16,256,507.827
512,16384,16,1024,571.219
512,16384,16,4096,825.761
512,16384,16,16384,1425.34
512,16384,32,32,504.179
512,16384,32,128,524.093
512,16384,32,512,580.167
512,16384,32,2048,793.313
512,16384,32,8192,1416.58
512,16384,64,16,541.949
512,16384,64,64,542.162
512,16384,64,256,618.77
512,16384,64,1024,850.891
512,16384,64,4096,1458.81
512,16384,64,16384,3571.47
1024,0,1,16,51.3377
1024,0,1,64,51.4443
1024,0,1,256,53.1397
1024,0,1,1024,54.889
1024,0,1,4096,138.898
1024,0,1,16384,474.303
1024,0,2,32,53.108
1024,0,2,128,53.5343
1024,0,2,512,54.9427
1024,0,2,2048,86.9843
1024,0,2,8192,254.523
1024,0,4,16,54.7723
1024,0,4,64,54.7617
1024,0,4,256,57.8863
1024,0,4,1024,66.8147
1024,0,4,4096,151.101
1024,0,4,16384,486.793
1024,0,8,32,59.316
1024,0,8,128,62.3983
1024,0,8,512,68.7453
1024,0,8,2048,122.877
1024,0,8,8192,291.886
1024,0,16,16,67.7537
1024,0,16,64,67.6883
1024,0,16,256,78.75
1024,0,16,1024,109.128
1024,0,16,4096,277.198
1024,0,16,16384,961.492
1024,0,32,32,83.006
1024,0,32,128,93.7257
1024,0,32,512,123.901
1024,0,32,2048,266.297
1024,0,32,8192,967.401
1024,0,64,16,112.115
1024,0,64,64,112.84
1024,0,64,256,154.076
1024,0,64,1024,276.762
1024,0,64,4096,956.425
1024,0,64,16384,3631.02
1024,16,1,16,57.001
1024,16,1,64,57.0973
1024,16,1,256,57.4703
1024,16,1,1024,60.2437
1024,16,1,4096,141.18
1024,16,1,16384,476.138
1024,16,2,32,57.8977
1024,16,2,128,58.2707
1024,16,2,512,60.393
1024,16,2,2048,90.024
1024,16,2,8192,257.54
1024,16,4,16,60.116
1024,16,4,64,59.8177
1024,16,4,256,62.516
1024,16,4,1024,69.4813
1024,16,4,4096,154.087
1024,16,4,16384,490.142
1024,16,8,32,64.7877
1024,16,8,128,66.8787
1024,16,8,512,73.832
1024,16,8,2048,127.219
1024,16,8,8192,296.121
1024,16,16,16,72.169
1024,16,16,64,72.297
1024,16,16,256,82.4723
1024,16,16,1024,110.472
1024,16,16,4096,279.364
1024,16,16,16384,965.225
1024,16,32,32,87.5813
1024,16,32,128,97.9177
1024,16,32,512,128.957
1024,16,32,2048,267.557
1024,16,32,8192,962.922
1024,16,64,16,116.701
1024,16,64,64,117.736
1024,16,64,256,159.058
1024,16,64,1024,280.303
1024,16,64,4096,957.94
1024,16,64,16384,3632.22
1024,32,1,16,57.0537
1024,32,1,64,57.0117
1024,32,1,256,57.6303
1024,32,1,1024,60.275
1024,32,1,4096,141.191
1024,32,1,16384,476.244
1024,32,2,32,58.0577
1024,32,2,128,58.4307
1024,32,2,512,60.3717
1024,32,2,2048,89.9713
1024,32,2,8192,257.466
1024,32,4,16,59.689
1024,32,4,64,60.3827
1024,32,4,256,63.0067
1024,32,4,1024,69.609
1024,32,4,4096,153.713
1024,32,4,16384,489.471
1024,32,8,32,64.4787
1024,32,8,128,66.8567
1024,32,8,512,73.897
1024,32,8,2048,127.432
1024,32,8,8192,296.142
1024,32,16,16,72.4147
1024,32,16,64,72.5103
1024,32,16,256,83.219
1024,32,16,1024,110.952
1024,32,16,4096,279.759
1024,32,16,16384,963.914
1024,32,32,32,87.2833
1024,32,32,128,98.3763
1024,32,32,512,128.882
1024,32,32,2048,267.684
1024,32,32,8192,956.446
1024,32,64,16,117.064
1024,32,64,64,118.002
1024,32,64,256,159.516
1024,32,64,1024,280.036
1024,32,64,4096,956.02
1024,32,64,16384,3636.98
1024,64,1,16,57.044
1024,64,1,64,57.2683
1024,64,1,256,57.4383
1024,64,1,1024,60.0303
1024,64,1,4096,141.052
1024,64,1,16384,476.085
1024,64,2,32,57.7373
1024,64,2,128,58.388
1024,64,2,512,60.4993
1024,64,2,2048,90.0887
1024,64,2,8192,257.519
1024,64,4,16,60.0943
1024,64,4,64,60.1053
1024,64,4,256,62.8997
1024,64,4,1024,69.7367
1024,64,4,4096,153.852
1024,64,4,16384,489.077
1024,64,8,32,64.532
1024,64,8,128,67.145
1024,64,8,512,74.3657
1024,64,8,2048,127.293
1024,64,8,8192,296.409
1024,64,16,16,72.2867
1024,64,16,64,72.8843
1024,64,16,256,82.9743
1024,64,16,1024,111.272
1024,64,16,4096,279.439
1024,64,16,16384,964.948
1024,64,32,32,87.7203
1024,64,32,128,98.9417
1024,64,32,512,128.445
1024,64,32,2048,267.609
1024,64,32,8192,960.735
1024,64,64,16,116.999
1024,64,64,64,118.29
1024,64,64,256,159.463
1024,64,64,1024,280.495
1024,64,64,4096,960.095
1024,64,64,16384,3641.05
1024,128,1,16,60.4577
1024,128,1,64,60.5427
1024,128,1,256,60.5633
1024,128,1,1024,61.588
1024,128,1,4096,144.434
1024,128,1,16384,479.093
1024,128,2,32,60.564
1024,128,2,128,60.8203
1024,128,2,512,62.2597
1024,128,2,2048,92.9363
1024,128,2,8192,260.154
1024,128,4,16,62.3877
1024,128,4,64,62.228
1024,128,4,256,65.3217
1024,128,4,1024,72.4567
1024,128,4,4096,156.316
1024,128,4,16384,492.138
1024,128,8,32,66.9323
1024,128,8,128,70.0673
1024,128,8,512,76.905
1024,128,8,2048,129.554
1024,128,8,8192,301.209
1024,128,16,16,74.911
1024,128,16,64,74.5583
1024,128,16,256,85.6087
1024,128,16,1024,112.957
1024,128,16,4096,281.903
1024,128,16,16384,965.546
1024,128,32,32,90.248
1024,128,32,128,100.894
1024,128,32,512,131.912
1024,128,32,2048,269.253
1024,128,32,8192,958.453
1024,128,64,16,119.848
1024,128,64,64,120.638
1024,128,64,256,162.066
1024,128,64,1024,283.748
1024,128,64,4096,959.989
1024,128,64,16384,3636.59
1024,256,1,16,67.3907
1024,256,1,64,67.5923
1024,256,1,256,67.6883
1024,256,1,1024,70.2923
1024,256,1,4096,148.263
1024,256,1,16384,483.551
1024,256,2,32,67.828
1024,256,2,128,68.4677
1024,256,2,512,69.6517
1024,256,2,2048,96.9793
1024,256,2,8192,264.762
1024,256,4,16,69.972
1024,256,4,64,69.832
1024,256,4,256,72.2333
1024,256,4,1024,77.5343
1024,256,4,4096,161.479
1024,256,4,16384,497.311
1024,256,8,32,74.3553
1024,256,8,128,76.723
1024,256,8,512,84.03
1024,256,8,2048,130.962
1024,256,8,8192,310.318
1024,256,16,16,81.6727
1024,256,16,64,82.1097
1024,256,16,256,92.9677
1024,256,16,1024,119.357
1024,256,16,4096,286.81
1024,256,16,16384,971.54
1024,256,32,32,97.6087
1024,256,32,128,108.574
1024,256,32,512,139.527
1024,256,32,2048,273.06
1024,256,32,8192,960.437
1024,256,64,16,127.453
1024,256,64,64,128.242
1024,256,64,256,170.343
1024,256,64,1024,292.228
1024,256,64,4096,966.943
1024,256,64,16384,3681.82
1024,512,1,16,81.6513
1024,512,1,64,81.6833
1024,512,1,256,81.982
1024,512,1,1024,82.729
1024,512,1,4096,155.633
1024,512,1,16384,490.836
1024,512,2,32,82.153
1024,512,2,128,83.091
1024,512,2,512,85.854
1024,512,2,2048,104.958
1024,512,2,8192,272.718
1024,512,4,16,83.9657
1024,512,4,64,84.0403
1024,512,4,256,87.0263
1024,512,4,1024,90.323
1024,512,4,4096,171.462
1024,512,4,16384,508.03
1024,512,8,32,88.7127
1024,512,8,128,91.3047
1024,512,8,512,97.6407
1024,512,8,2048,135.517
1024,512,8,8192,329.603
1024,512,16,16,96.1793
1024,512,16,64,96.136
1024,512,16,256,107.4
1024,512,16,1024,135.794
1024,512,16,4096,298.168
1024,512,16,16384,981.812
1024,512,32,32,112.126
1024,512,32,128,122.888
1024,512,32,512,156.188
1024,512,32,2048,283.77
1024,512,32,8192,964.351
1024,512,64,16,141.842
1024,512,64,64,142.824
1024,512,64,256,185.991
1024,512,64,1024,307.673
1024,512,64,4096,962.261
1024,512,64,16384,3781.18
1024,1024,1,16,109.864
1024,1024,1,64,109.907
1024,1024,1,256,110.259
1024,1024,1,1024,111.09
1024,1024,1,4096,170.695
1024,1024,1,16384,505.525
1024,1024,2,32,110.398
1024,1024,2,128,111.144
1024,1024,2,512,112.222
1024,1024,2,2048,119.656
1024,1024,2,8192,287.716
1024,1024,4,16,112.093
1024,1024,4,64,112.157
1024,1024,4,256,114.717
1024,1024,4,1024,118.824
1024,1024,4,4096,192.476
1024,1024,4,16384,528.415
1024,1024,8,32,116.456
1024,1024,8,128,119.271
1024,1024,8,512,126.344
1024,1024,8,2048,161.671
1024,1024,8,8192,371.566
1024,1024,16,16,123.955
1024,1024,16,64,124.498
1024,1024,16,256,135.752
1024,1024,16,1024,169.532
1024,1024,16,4096,327.129
1024,1024,16,16384,999.007
1024,1024,32,32,139.688
1024,1024,32,128,151.879
1024,1024,32,512,185.841
1024,1024,32,2048,307.129
1024,1024,32,8192,962.069
1024,1024,64,16,171.708
1024,1024,64,64,172.466
1024,1024,64,256,216.582
1024,1024,64,1024,340.579
1024,1024,64,4096,950.048
1024,1024,64,16384,4017.09
1024,2048,1,16,165.884
1024,2048,1,64,165.927
1024,2048,1,256,166.076
1024,2048,1,1024,166.343
1024,2048,1,4096,199.856
1024,2048,1,16384,534.046
1024,2048,2,32,166.514
1024,2048,2,128,167.089
1024,2048,2,512,168.05
1024,2048,2,2048,170.236
1024,2048,2,8192,316.719
1024,2048,4,16,168.05
1024,2048,4,64,167.868
1024,2048,4,256,171.025
1024,2048,4,1024,173.628
1024,2048,4,4096,221.392
1024,2048,4,16384,558.259
1024,2048,8,32,172.583
1024,2048,8,128,174.791
1024,2048,8,512,180.476
1024,2048,8,2048,223.984
1024,2048,8,8192,454.155
1024,2048,16,16,179.953
1024,2048,16,64,180.22
1024,2048,16,256,190.332
1024,2048,16,1024,230.192
1024,2048,16,4096,367.33
1024,2048,16,16384,1024.99
1024,2048,32,32,194.716
1024,2048,32,128,205.361
1024,2048,32,512,244.218
1024,2048,32,2048,364.984
1024,2048,32,8192,975.722
1024,2048,64,16,225.894
1024,2048,64,64,227.302
1024,2048,64,256,274.447
1024,2048,64,1024,402.359
1024,2048,64,4096,1023.08
1024,2048,64,16384,4558.31
1024,4096,1,16,276.004
1024,4096,1,64,276.57
1024,4096,1,256,276.835
1024,4096,1,1024,276.89
1024,4096,1,4096,277.38
1024,4096,1,16384,590.365
1024,4096,2,32,277.337
1024,4096,2,128,277.625
1024,4096,2,512,278.863
1024,4096,2,2048,279.183
1024,4096,2,8192,373.239
1024,4096,4,16,278.65
1024,4096,4,64,278.404
1024,4096,4,256,281.626
1024,4096,4,1024,283.652
1024,4096,4,4096,285.636
1024,4096,4,16384,613.33
1024,4096,8,32,283.044
1024,4096,8,128,285.913
1024,4096,8,512,290.33
1024,4096,8,2048,333.539
1024,4096,8,8192,495.914
1024,4096,16,16,290.447
1024,4096,16,64,290.585
1024,4096,16,256,300.1
1024,4096,16,1024,335.299
1024,4096,16,4096,505.919
1024,4096,16,16384,1106.93
1024,4096,32,32,304.484
1024,4096,32,128,314.734
1024,4096,32,512,350.263
1024,4096,32,2048,481.408
1024,4096,32,8192,1001.65
1024,4096,64,16,333.987
1024,4096,64,64,334.915
1024,4096,64,256,385.378
1024,4096,64,1024,524.266
1024,4096,64,4096,1073.22
1024,4096,64,16384,4742.17
1024,8192,1,16,495.307
1024,8192,1,64,495.551
1024,8192,1,256,495.999
1024,8192,1,1024,496.415
1024,8192,1,4096,496.34
1024,8192,1,16384,703.759
1024,8192,2,32,497.013
1024,8192,2,128,498.122
1024,8192,2,512,498.677
1024,8192,2,2048,499.839
1024,8192,2,8192,500.575
1024,8192,4,16,498.131
1024,8192,4,64,498.336
1024,8192,4,256,502.037
1024,8192,4,1024,502.975
1024,8192,4,4096,504.159
1024,8192,4,16384,726.469
1024,8192,8,32,502.677
1024,8192,8,128,504.937
1024,8192,8,512,510.549
1024,8192,8,2048,550.963
1024,8192,8,8192,729.477
1024,8192,16,16,510.762
1024,8192,16,64,511.102
1024,8192,16,256,519.775
1024,8192,16,1024,548.638
1024,8192,16,4096,732.933
1024,8192,16,16384,1421.36
1024,8192,32,32,524.255
1024,8192,32,128,534.73
1024,8192,32,512,566.078
1024,8192,32,2048,714.096
1024,8192,32,8192,1229.94
1024,8192,64,16,553.95
1024,8192,64,64,554.868
1024,8192,64,256,600.275
1024,8192,64,1024,757.988
1024,8192,64,4096,1296.77
1024,8192,64,16384,4706.24
1024,16384,1,16,936.47
1024,16384,1,64,937.526
1024,16384,1,256,938.795
1024,16384,1,1024,938.955
1024,16384,1,4096,939.264
1024,16384,1,16384,937.878
1024,16384,2,32,939.905
1024,16384,2,128,939.478
1024,16384,2,512,942.624
1024,16384,2,2048,943.137
1024,16384,2,8192,942.155
1024,16384,4,16,941.067
1024,16384,4,64,941.547
1024,16384,4,256,944.073
1024,16384,4,1024,945.439
1024,16384,4,4096,946.389
1024,16384,4,16384,962.741
1024,16384,8,32,944.607
1024,16384,8,128,947.54
1024,16384,8,512,952.704
1024,16384,8,2048,994.996
1024,16384,8,8192,1181.79
1024,16384,16,16,952.415
1024,16384,16,64,954.581
1024,16384,16,256,961.877
1024,16384,16,1024,990.559
1024,16384,16,4096,1171.39
1024,16384,16,16384,1871.23
1024,16384,32,32,967.669
1024,16384,32,128,978.015
1024,16384,32,512,1011.75
1024,16384,32,2048,1144.9
1024,16384,32,8192,1689.36
1024,16384,64,16,1002.52
1024,16384,64,64,1000.66
1024,16384,64,256,1043.72
1024,16384,64,1024,1190.61
1024,16384,64,4096,1795.44
1024,16384,64,16384,4047.98
2048,0,1,16,143.432
2048,0,1,64,144.028
2048,0,1,256,144.573
2048,0,1,1024,147.41
2048,0,1,4096,203.75
2048,0,1,16384,538.793
2048,0,2,32,145.277
2048,0,2,128,145.948
2048,0,2,512,147.719
2048,0,2,2048,156.551
2048,0,2,8192,324.697
2048,0,4,16,147.954
2048,0,4,64,147.815
2048,0,4,256,150.076
2048,0,4,1024,158.642
2048,0,4,4096,234.854
2048,0,4,16384,569.865
2048,0,8,32,152.679
2048,0,8,128,156.082
2048,0,8,512,163.634
2048,0,8,2048,193.201
2048,0,8,8192,422.188
2048,0,16,16,164.125
2048,0,16,64,164.807
2048,0,16,256,175.537
2048,0,16,1024,206.833
2048,0,16,4096,369.005
2048,0,16,16384,1036.3
2048,0,32,32,188.006
2048,0,32,128,198.716
2048,0,32,512,230.64
2048,0,32,2048,350.521
2048,0,32,8192,990.827
2048,0,64,16,231.835
2048,0,64,64,232.976
2048,0,64,256,274.97
2048,0,64,1024,400.248
2048,0,64,4096,1015.51
2048,0,64,16384,4149.54
2048,16,1,16,151.004
2048,16,1,64,151.463
2048,16,1,256,151.293
2048,16,1,1024,154.802
2048,16,1,4096,208.187
2048,16,1,16384,543.263
2048,16,2,32,152.113
2048,16,2,128,154.429
2048,16,2,512,155.495
2048,16,2,2048,163.601
2048,16,2,8192,329.103
2048,16,4,16,154.545
2048,16,4,64,154.93
2048,16,4,256,157.159
2048,16,4,1024,165.949
2048,16,4,4096,240.827
2048,16,4,16384,575.326
2048,16,8,32,160.818
2048,16,8,128,163.452
2048,16,8,512,172.049
2048,16,8,2048,200.379
2048,16,8,8192,431.393
2048,16,16,16,171.75
2048,16,16,64,172.018
2048,16,16,256,184.081
2048,16,16,1024,213.734
2048,16,16,4096,373.527
2048,16,16,16384,1040.96
2048,16,32,32,194.406
2048,16,32,128,206.128
2048,16,32,512,237.968
2048,16,32,2048,356.536
2048,16,32,8192,998.848
2048,16,64,16,239.611
2048,16,64,64,241.456
2048,16,64,256,283.097
2048,16,64,1024,407.575
2048,16,64,4096,1030.16
2048,16,64,16384,4177.79
2048,32,1,16,151.548
2048,32,1,64,152.049
2048,32,1,256,151.901
2048,32,1,1024,155.281
2048,32,1,4096,208.603
2048,32,1,16384,542.804
2048,32,2,32,152.37
2048,32,2,128,153.533
2048,32,2,512,155.42
2048,32,2,2048,163.293
2048,32,2,8192,329.262
2048,32,4,16,155.27
2048,32,4,64,154.418
2048,32,4,256,158.119
2048,32,4,1024,165.383
2048,32,4,4096,240.529
2048,32,4,16384,576.393
2048,32,8,32,160.871
2048,32,8,128,163.794
2048,32,8,512,172.017
2048,32,8,2048,199.525
2048,32,8,8192,431.34
2048,32,16,16,171.686
2048,32,16,64,172.135
2048,32,16,256,182.801
2048,32,16,1024,214.108
2048,32,16,4096,373.4
2048,32,16,16384,1041.36
2048,32,32,32,194.343
2048,32,32,128,205.627
2048,32,32,512,238.501
2048,32,32,2048,356.131
2048,32,32,8192,995.126
2048,32,64,16,239.398
2048,32,64,64,240.315
2048,32,64,256,282.223
2048,32,64,1024,407.522
2048,32,64,4096,1029.25
2048,32,64,16384,4114.86
2048,64,1,16,151.708
2048,64,1,64,151.74
2048,64,1,256,151.997
2048,64,1,1024,154.386
2048,64,1,4096,208.006
2048,64,1,16384,543.754
2048,64,2,32,153.02
2048,64,2,128,153.416
2048,64,2,512,155.41
2048,64,2,2048,163.014
2048,64,2,8192,329.411
2048,64,4,16,154.908
2048,64,4,64,155.911
2048,64,4,256,158.994
2048,64,4,1024,165.714
2048,64,4,4096,240.378
2048,64,4,16384,576.883
2048,64,8,32,160.391
2048,64,8,128,164.028
2048,64,8,512,172.455
2048,64,8,2048,199.27
2048,64,8,8192,431.042
2048,64,16,16,172.263
2048,64,16,64,171.591
2048,64,16,256,183.495
2048,64,16,1024,213.916
2048,64,16,4096,373.133
2048,64,16,16384,1042.03
2048,64,32,32,195.249
2048,64,32,128,206.076
2048,64,32,512,238.32
2048,64,32,2048,355.8
2048,64,32,8192,997.461
2048,64,64,16,239.312
2048,64,64,64,240.017
2048,64,64,256,283.077
2048,64,64,1024,407.384
2048,64,64,4096,1030.88
2048,64,64,16384,4165.11
2048,128,1,16,156.562
2048,128,1,64,156.423
2048,128,1,256,157.629
2048,128,1,1024,159.709
2048,128,1,4096,213.084
2048,128,1,16384,547.935
2048,128,2,32,157.138
2048,128,2,128,158.824
2048,128,2,512,161.127
2048,128,2,2048,167.976
2048,128,2,8192,335.096
2048,128,4,16,160.37
2048,128,4,64,160.626
2048,128,4,256,163.293
2048,128,4,1024,170.93
2048,128,4,4096,246.586
2048,128,4,16384,583.412
2048,128,8,32,166.375
2048,128,8,128,168.626
2048,128,8,512,176.817
2048,128,8,2048,205.798
2048,128,8,8192,441.079
2048,128,16,16,176.423
2048,128,16,64,176.455
2048,128,16,256,188.54
2048,128,16,1024,219.131
2048,128,16,4096,376.611
2048,128,16,16384,1045.48
2048,128,32,32,200.679
2048,128,32,128,211.046
2048,128,32,512,243.845
2048,128,32,2048,361.262
2048,128,32,8192,1000.61
2048,128,64,16,244.219
2048,128,64,64,245.765
2048,128,64,256,288.101
2048,128,64,1024,413.687
2048,128,64,4096,1037.82
2048,128,64,16384,4238.83
2048,256,1,16,169.288
2048,256,1,64,169.777
2048,256,1,256,169.799
2048,256,1,1024,171.687
2048,256,1,4096,223.162
2048,256,1,16384,558.249
2048,256,2,32,170.919
2048,256,2,128,171.229
2048,256,2,512,173.789
2048,256,2,2048,180.689
2048,256,2,8192,344.601
2048,256,4,16,172.967
2048,256,4,64,173.138
2048,256,4,256,175.378
2048,256,4,1024,183.921
2048,256,4,4096,251.877
2048,256,4,16384,594.718
2048,256,8,32,177.767
2048,256,8,128,181.404
2048,256,8,512,189.84
2048,256,8,2048,218.886
2048,256,8,8192,459.414
2048,256,16,16,188.593
2048,256,16,64,188.817
2048,256,16,256,200.263
2048,256,16,1024,231.536
2048,256,16,4096,385.293
2048,256,16,16384,1059.26
2048,256,32,32,212.379
2048,256,32,128,223.633
2048,256,32,512,256.122
2048,256,32,2048,374.819
2048,256,32,8192,1014.39
2048,256,64,16,257.509
2048,256,64,64,258
2048,256,64,256,300.611
2048,256,64,1024,426.785
2048,256,64,4096,1051.85
2048,256,64,16384,4392.93
2048,512,1,16,194.727
2048,512,1,64,194.78
2048,512,1,256,195.196
2048,512,1,1024,196.924
2048,512,1,4096,240.155
2048,512,1,16384,577.299
2048,512,2,32,194.876
2048,512,2,128,196.55
2048,512,2,512,198.865
2048,512,2,2048,206.171
2048,512,2,8192,364.375
2048,512,4,16,197.937
2048,512,4,64,197.489
2048,512,4,256,200.539
2048,512,4,1024,209.617
2048,512,4,4096,273.36
2048,512,4,16384,618.611
2048,512,8,32,203.441
2048,512,8,128,205.585
2048,512,8,512,215.216
2048,512,8,2048,245.307
2048,512,8,8192,481.633
2048,512,16,16,213.649
2048,512,16,64,212.721
2048,512,16,256,224.912
2048,512,16,1024,256.997
2048,512,16,4096,407.074
2048,512,16,16384,1077.63
2048,512,32,32,236.795
2048,512,32,128,247.781
2048,512,32,512,281.22
2048,512,32,2048,403.373
2048,512,32,8192,1035.48
2048,512,64,16,281.936
2048,512,64,64,282.522
2048,512,64,256,325.519
2048,512,64,1024,451.159
2048,512,64,4096,1112.21
2048,512,64,16384,4681.19
2048,1024,1,16,243.547
2048,1024,1,64,242.938
2048,1024,1,256,244.048
2048,1024,1,1024,246.256
2048,1024,1,4096,271.471
2048,1024,1,16384,610.291
2048,1024,2,32,244.976
2048,1024,2,128,245.883
2048,1024,2,512,248.048
2048,1024,2,2048,256.325
2048,1024,2,8192,402.264
2048,1024,4,16,246.001
2048,1024,4,64,246.832
2048,1024,4,256,248.847
2048,1024,4,1024,258.192
2048,1024,4,4096,309.967
2048,1024,4,16384,665.906
2048,1024,8,32,250.822
2048,1024,8,128,254.427
2048,1024,8,512,262.821
2048,1024,8,2048,294.724
2048,1024,8,8192,522.986
2048,1024,16,16,260.09
2048,1024,16,64,260.41
2048,1024,16,256,273.487
2048,1024,16,1024,307.15
2048,1024,16,4096,445.591
2048,1024,16,16384,1124.66
2048,1024,32,32,284.601
2048,1024,32,128,296.139
2048,1024,32,512,329.475
2048,1024,32,2048,454.24
2048,1024,32,8192,1085.21
2048,1024,64,16,330.639
2048,1024,64,64,331.417
2048,1024,64,256,373.869
2048,1024,64,1024,503.627
2048,1024,64,4096,1036.18
2048,1024,64,16384,4892.18
2048,2048,1,16,337.229
2048,2048,1,64,337.966
2048,2048,1,256,338.318
2048,2048,1,1024,342.948
2048,2048,1,4096,351.822
2048,2048,1,16384,679.292
2048,2048,2,32,340.227
2048,2048,2,128,340.644
2048,2048,2,512,343.929
2048,2048,2,2048,354.937
2048,2048,2,8192,477.867
2048,2048,4,16,340.761
2048,2048,4,64,341.123
2048,2048,4,256,343.876
2048,2048,4,1024,357.41
2048,2048,4,4096,389.325
2048,2048,4,16384,749.915
2048,2048,8,32,346.691
2048,2048,8,128,348.548
2048,2048,8,512,361.421
2048,2048,8,2048,391.97
2048,2048,8,8192,591.913
2048,2048,16,16,352.665
2048,2048,16,64,355.822
2048,2048,16,256,370.317
2048,2048,16,1024,406.413
2048,2048,16,4096,526.421
2048,2048,16,16384,1232.86
2048,2048,32,32,379.128
2048,2048,32,128,393.357
2048,2048,32,512,429.719
2048,2048,32,2048,555.551
2048,2048,32,8192,1132.19
2048,2048,64,16,427.148
2048,2048,64,64,427.778
2048,2048,64,256,472.311
2048,2048,64,1024,603.529
2048,2048,64,4096,1131.14
2048,2048,64,16384,4880.21
2048,4096,1,16,552.115
2048,4096,1,64,551.979
2048,4096,1,256,552.681
2048,4096,1,1024,552.342
2048,4096,1,4096,568.851
2048,4096,1,16384,831.138
2048,4096,2,32,554.879
2048,4096,2,128,555.689
2048,4096,2,512,556.575
2048,4096,2,2048,561.929
2048,4096,2,8192,629.79
2048,4096,4,16,558.901
2048,4096,4,64,558.708
2048,4096,4,256,559.241
2048,4096,4,1024,560.724
2048,4096,4,4096,592.596
2048,4096,4,16384,918.807
2048,4096,8,32,565.225
2048,4096,8,128,566.451
2048,4096,8,512,568.703
2048,4096,8,2048,596.169
2048,4096,8,8192,748.667
2048,4096,16,16,572.223
2048,4096,16,64,572.106
2048,4096,16,256,578.452
2048,4096,16,1024,606.397
2048,4096,16,4096,726.289
2048,4096,16,16384,1404.26
2048,4096,32,32,582.612
2048,4096,32,128,582.239
2048,4096,32,512,624.542
2048,4096,32,2048,756.454
2048,4096,32,8192,1292.46
2048,4096,64,16,619.144
2048,4096,64,64,620.873
2048,4096,64,256,669.138
2048,4096,64,1024,804.197
2048,4096,64,4096,1366.38
2048,4096,64,16384,4905.4
2048,8192,1,16,994.239
2048,8192,1,64,992.863
2048,8192,1,256,993.281
2048,8192,1,1024,996.736
2048,8192,1,4096,995.306
2048,8192,1,16384,1019.89
2048,8192,2,32,999.062
2048,8192,2,128,999.744
2048,8192,2,512,1000.66
2048,8192,2,2048,999.241
2048,8192,2,8192,1020.72
2048,8192,4,16,1002.94
2048,8192,4,64,999.98
2048,8192,4,256,999.98
2048,8192,4,1024,1003.77
2048,8192,4,4096,1018.67
2048,8192,4,16384,1220.99
2048,8192,8,32,1005.56
2048,8192,8,128,1004.96
2048,8192,8,512,1010.7
2048,8192,8,2048,1012.5
2048,8192,8,8192,1059.17
2048,8192,16,16,1012.02
2048,8192,16,64,1013.68
2048,8192,16,256,1017.25
2048,8192,16,1024,1020.48
2048,8192,16,4096,1143.64
2048,8192,16,16384,1720.86
2048,8192,32,32,1024.95
2048,8192,32,128,1027.47
2048,8192,32,512,1031.2
2048,8192,32,2048,1148.36
2048,8192,32,8192,1750.42
2048,8192,64,16,1031.09
2048,8192,64,64,1034.46
2048,8192,64,256,1052.41
2048,8192,64,1024,1195.39
2048,8192,64,4096,1734.11
2048,8192,64,16384,4786.93
2048,16384,1,16,1883.85
2048,16384,1,64,1885.7
2048,16384,1,256,1882.86
2048,16384,1,1024,1879.77
2048,16384,1,4096,1886.36
2048,16384,1,16384,1900.54
2048,16384,2,32,1887.23
2048,16384,2,128,1890.29
2048,16384,2,512,1889.62
2048,16384,2,2048,1890.58
2048,16384,2,8192,1896.87
2048,16384,4,16,1889.69
2048,16384,4,64,1890.51
2048,16384,4,256,1889.99
2048,16384,4,1024,1892.69
2048,16384,4,4096,1901.5
2048,16384,4,16384,1931.05
2048,16384,8,32,1889.82
2048,16384,8,128,1897.09
2048,16384,8,512,1893.76
2048,16384,8,2048,1898.47
2048,16384,8,8192,1931.12
2048,16384,16,16,1897.41
2048,16384,16,64,1899.56
2048,16384,16,256,1901.6
2048,16384,16,1024,1909.51
2048,16384,16,4096,1937.05
2048,16384,16,16384,2412.2
2048,16384,32,32,1920.55
2048,16384,32,128,1919.23
2048,16384,32,512,1927.69
2048,16384,32,2048,1956.59
2048,16384,32,8192,2462.24
2048,16384,64,16,1926.7
2048,16384,64,64,1926.3
2048,16384,64,256,1938.08
2048,16384,64,1024,1996.56
2048,16384,64,4096,2568.81
2048,16384,64,16384,5013.65
