prefill_chunk,kv_prefill,n_decode,kv_decode,time_us
0,0,1,16,14.89
0,0,1,32,14.8057
0,0,1,64,16.619
0,0,1,128,24.5337
0,0,1,256,25.0987
0,0,1,512,25.6117
0,0,1,1024,27.9783
0,0,1,2048,34.677
0,0,1,4096,41.525
0,0,2,16,25.4507
0,0,2,32,25.547
0,0,2,64,27.5303
0,0,2,128,31.7123
0,0,2,256,32.6723
0,0,2,512,33.803
0,0,2,1024,39.52
0,0,2,2048,45.8347
0,0,2,4096,55.862
0,0,4,16,25.9413
0,0,4,32,26.038
0,0,4,64,27.9673
0,0,4,128,32.2993
0,0,4,256,33.4823
0,0,4,512,38.7947
0,0,4,1024,45.3867
0,0,4,2048,55.0833
0,0,4,4096,75.7113
0,0,8,16,26.679
0,0,8,32,26.5597
0,0,8,64,28.8213
0,0,8,128,37.109
0,0,8,256,38.4637
0,0,8,512,43.9147
0,0,8,1024,54.07
0,0,8,2048,75.7013
0,0,8,4096,110.656
0,0,16,16,28.8537
0,0,16,32,29.0453
0,0,16,64,31.7973
0,0,16,128,35.5093
0,0,16,256,49.8137
0,0,16,512,59.6793
0,0,16,1024,79.9677
0,0,16,2048,121.27
0,0,16,4096,191.585
0,0,32,16,34.5173
0,0,32,32,35.425
0,0,32,64,38.8157
0,0,32,128,46.923
0,0,32,256,62.8487
0,0,32,512,93.441
0,0,32,1024,146.528
0,0,32,2048,262.006
0,0,32,4096,482.039
0,0,64,16,42.155
0,0,64,32,42.6673
0,0,64,64,50.3897
0,0,64,128,63.7863
0,0,64,256,89.387
0,0,64,512,135.724
0,0,64,1024,223.382
0,0,64,2048,393.324
0,0,64,4096,737.623
0,0,128,16,57.7817
0,0,128,32,58.8693
0,0,128,64,74.902
0,0,128,128,96.832
0,0,128,256,136.918
0,0,128,512,216.918
0,0,128,1024,367.137
0,0,128,2048,667.991
0,0,128,4096,1263.88
16,0,0,0,16.4693
16,0,1,16,16.6187
16,0,1,32,16.5653
16,0,1,64,16.4907
16,0,1,128,18.8373
16,0,1,256,22.752
16,0,1,512,29.8983
16,0,1,1024,44.6723
16,0,1,2048,74.7097
16,0,1,4096,134.795
16,0,2,16,16.7577
16,0,2,32,16.9073
16,0,2,64,16.853
16,0,2,128,19.1783
16,0,2,256,23.094
16,0,2,512,30.3253
16,0,2,1024,45.4723
16,0,2,2048,75.9467
16,0,2,4096,136.8
16,0,4,16,18.3357
16,0,4,32,18.4853
16,0,4,64,18.6563
16,0,4,128,24.2137
16,0,4,256,31.3493
16,0,4,512,42.8053
16,0,4,1024,65.7173
16,0,4,2048,111.755
16,0,4,4096,205.035
16,0,8,16,28.875
16,0,8,32,28.981
16,0,8,64,29.2477
16,0,8,128,35.7657
16,0,8,256,45.7283
16,0,8,512,66.6557
16,0,8,1024,102.966
16,0,8,2048,176.672
16,0,8,4096,383.179
16,0,16,16,36.9063
16,0,16,32,36.6187
16,0,16,64,37.5357
16,0,16,128,51.2537
16,0,16,256,66.4217
16,0,16,512,96.8427
16,0,16,1024,156.363
16,0,16,2048,276.448
16,0,16,4096,515.649
16,0,32,16,54.9113
16,0,32,32,55.094
16,0,32,64,55.7013
16,0,32,128,82.3367
16,0,32,256,113.067
16,0,32,512,170.785
16,0,32,1024,284.597
16,0,32,2048,517.868
16,0,32,4096,979.618
16,0,64,16,95.7547
16,0,64,32,95.8297
16,0,64,64,96.5223
16,0,64,128,151.381
16,0,64,256,209.334
16,0,64,512,317.559
16,0,64,1024,543.895
16,0,64,2048,1023.32
16,0,64,4096,2175.27
16,16,0,0,16.661
16,16,1,16,16.608
16,16,1,32,16.6507
16,16,1,64,16.7993
16,16,1,128,18.8593
16,16,1,256,22.528
16,16,1,512,29.9203
16,16,1,1024,44.8963
16,16,1,2048,74.8057
16,16,1,4096,136.821
16,16,2,16,16.9383
16,16,2,32,16.8207
16,16,2,64,17.0347
16,16,2,128,19.3387
16,16,2,256,22.9867
16,16,2,512,30.4643
16,16,2,1024,45.472
16,16,2,2048,75.6163
16,16,2,4096,137.195
16,16,4,16,18.6347
16,16,4,32,18.2187
16,16,4,64,18.5603
16,16,4,128,24.2353
16,16,4,256,31.3173
16,16,4,512,42.72
16,16,4,1024,66.315
16,16,4,2048,112.522
16,16,4,4096,204.993
16,16,8,16,28.9283
16,16,8,32,28.704
16,16,8,64,29.312
16,16,8,128,35.851
16,16,8,256,45.8237
16,16,8,512,67.1043
16,16,8,1024,102.539
16,16,8,2048,176.363
16,16,8,4096,379.447
16,16,16,16,36.4697
16,16,16,32,37.141
16,16,16,64,37.2693
16,16,16,128,50.848
16,16,16,256,66.3363
16,16,16,512,97.3547
16,16,16,1024,156.097
16,16,16,2048,276.896
16,16,16,4096,516.598
16,16,32,16,55.3283
16,16,32,32,55.019
16,16,32,64,55.6907
16,16,32,128,82.1653
16,16,32,256,113.195
16,16,32,512,171.126
16,16,32,1024,284.673
16,16,32,2048,516.033
16,16,32,4096,980.653
16,16,64,16,95.6167
16,16,64,32,95.6263
16,16,64,64,96.5977
16,16,64,128,150.986
16,16,64,256,210.635
16,16,64,512,318.828
16,16,64,1024,544.759
16,16,64,2048,1018.5
16,16,64,4096,2172.19
16,32,0,0,16.6827
16,32,1,16,16.673
16,32,1,32,16.6507
16,32,1,64,16.8433
16,32,1,128,18.9653
16,32,1,256,22.656
16,32,1,512,29.9623
16,32,1,1024,44.9283
16,32,1,2048,74.912
16,32,1,4096,135.051
16,32,2,16,16.8747
16,32,2,32,16.886
16,32,2,64,17.024
16,32,2,128,19.3063
16,32,2,256,22.9653
16,32,2,512,30.2613
16,32,2,1024,45.846
16,32,2,2048,75.9257
16,32,2,4096,136.043
16,32,4,16,18.5067
16,32,4,32,18.368
16,32,4,64,18.8803
16,32,4,128,24.2883
16,32,4,256,31.2213
16,32,4,512,42.443
16,32,4,1024,65.9527
16,32,4,2048,111.83
16,32,4,4096,206.283
16,32,8,16,28.9923
16,32,8,32,29.1207
16,32,8,64,29.3223
16,32,8,128,35.9037
16,32,8,256,45.6537
16,32,8,512,66.72
16,32,8,1024,102.71
16,32,8,2048,177.238
16,32,8,4096,377.398
16,32,16,16,36.8323
16,32,16,32,37.1523
16,32,16,64,37.301
16,32,16,128,51.52
16,32,16,256,66.198
16,32,16,512,97.2163
16,32,16,1024,156.385
16,32,16,2048,275.605
16,32,16,4096,516.481
16,32,32,16,55.0187
16,32,32,32,55.243
16,32,32,64,55.787
16,32,32,128,82.592
16,32,32,256,114.155
16,32,32,512,170.433
16,32,32,1024,286.006
16,32,32,2048,515.159
16,32,32,4096,980.536
16,32,64,16,95.7123
16,32,64,32,95.7123
16,32,64,64,97.0137
16,32,64,128,151.424
16,32,64,256,209.036
16,32,64,512,320.108
16,32,64,1024,547.095
16,32,64,2048,1026.88
16,32,64,4096,2172.25
16,64,0,0,16.587
16,64,1,16,16.693
16,64,1,32,16.5227
16,64,1,64,16.7897
16,64,1,128,18.9227
16,64,1,256,22.635
16,64,1,512,30.1127
16,64,1,1024,44.6507
16,64,1,2048,74.8593
16,64,1,4096,135.083
16,64,2,16,17.0137
16,64,2,32,17.0887
16,64,2,64,17.0673
16,64,2,128,19.328
16,64,2,256,23.2323
16,64,2,512,30.485
16,64,2,1024,45.472
16,64,2,2048,76.1707
16,64,2,4096,136.587
16,64,4,16,18.39
16,64,4,32,18.6453
16,64,4,64,18.9123
16,64,4,128,24.3093
16,64,4,256,31.3707
16,64,4,512,42.7307
16,64,4,1024,65.8993
16,64,4,2048,111.968
16,64,4,4096,205.163
16,64,8,16,29.0027
16,64,8,32,29.1837
16,64,8,64,29.6217
16,64,8,128,35.7753
16,64,8,256,45.6533
16,64,8,512,67.3927
16,64,8,1024,104.086
16,64,8,2048,178.027
16,64,8,4096,380.374
16,64,16,16,37.1097
16,64,16,32,37.0027
16,64,16,64,37.3543
16,64,16,128,51.307
16,64,16,256,66.7207
16,64,16,512,97.8137
16,64,16,1024,157.281
16,64,16,2048,276.033
16,64,16,4096,516.673
16,64,32,16,54.9013
16,64,32,32,54.8163
16,64,32,64,55.499
16,64,32,128,82.2823
16,64,32,256,113.355
16,64,32,512,170.508
16,64,32,1024,285.718
16,64,32,2048,515.959
16,64,32,4096,981.433
16,64,64,16,95.809
16,64,64,32,95.7437
16,64,64,64,96.8427
16,64,64,128,151.435
16,64,64,256,209.793
16,64,64,512,318.028
16,64,64,1024,546.125
16,64,64,2048,1034.02
16,64,64,4096,2181.98
16,128,0,0,20.3203
16,128,1,16,19.04
16,128,1,32,19.2103
16,128,1,64,19.3813
16,128,1,128,20.309
16,128,1,256,22.7837
16,128,1,512,29.92
16,128,1,1024,44.8427
16,128,1,2048,75.4997
16,128,1,4096,135.265
16,128,2,16,19.4347
16,128,2,32,19.4773
16,128,2,64,19.488
16,128,2,128,20.757
16,128,2,256,23.061
16,128,2,512,30.3893
16,128,2,1024,45.4403
16,128,2,2048,76.2247
16,128,2,4096,136.64
16,128,4,16,22.454
16,128,4,32,22.3997
16,128,4,64,22.3687
16,128,4,128,24.6183
16,128,4,256,31.4137
16,128,4,512,42.6347
16,128,4,1024,66.2617
16,128,4,2048,111.957
16,128,4,4096,205.44
16,128,8,16,32.1073
16,128,8,32,33.408
16,128,8,64,32.8637
16,128,8,128,34.6243
16,128,8,256,48.1287
16,128,8,512,66.3573
16,128,8,1024,108.022
16,128,8,2048,178.145
16,128,8,4096,362.849
16,128,16,16,40.693
16,128,16,32,40.9277
16,128,16,64,42.261
16,128,16,128,52.992
16,128,16,256,68.235
16,128,16,512,97.5043
16,128,16,1024,160.415
16,128,16,2048,278.923
16,128,16,4096,518.657
16,128,32,16,59.3283
16,128,32,32,58.8907
16,128,32,64,59.6697
16,128,32,128,82.8697
16,128,32,256,112.512
16,128,32,512,169.58
16,128,32,1024,285.376
16,128,32,2048,517.399
16,128,32,4096,984.334
16,128,64,16,99.339
16,128,64,32,99.8293
16,128,64,64,100.47
16,128,64,128,152.363
16,128,64,256,210.657
16,128,64,512,321.239
16,128,64,1024,551.127
16,128,64,2048,1040.23
16,128,64,4096,2190.73
16,256,0,0,23.755
16,256,1,16,22.8263
16,256,1,32,23.029
16,256,1,64,22.9973
16,256,1,128,22.8057
16,256,1,256,23.9787
16,256,1,512,30.1557
16,256,1,1024,44.896
16,256,1,2048,75.296
16,256,1,4096,135.243
16,256,2,16,23.1893
16,256,2,32,23.061
16,256,2,64,23.1253
16,256,2,128,23.2753
16,256,2,256,24.3097
16,256,2,512,30.4853
16,256,2,1024,45.7497
16,256,2,2048,76.2457
16,256,2,4096,136.566
16,256,4,16,26.0057
16,256,4,32,26.0483
16,256,4,64,26.2293
16,256,4,128,28.6083
16,256,4,256,31.584
16,256,4,512,42.486
16,256,4,1024,65.8347
16,256,4,2048,112.203
16,256,4,4096,204.427
16,256,8,16,36.1597
16,256,8,32,37.8347
16,256,8,64,38.08
16,256,8,128,38.8803
16,256,8,256,44.0637
16,256,8,512,65.6003
16,256,8,1024,109.653
16,256,8,2048,185.867
16,256,8,4096,362.198
16,256,16,16,45.3117
16,256,16,32,45.2053
16,256,16,64,45.6427
16,256,16,128,57.5893
16,256,16,256,70.6343
16,256,16,512,99.5633
16,256,16,1024,161.483
16,256,16,2048,282.976
16,256,16,4096,520.416
16,256,32,16,67.0617
16,256,32,32,66.1973
16,256,32,64,66.784
16,256,32,128,87.8613
16,256,32,256,113.408
16,256,32,512,169.75
16,256,32,1024,284.267
16,256,32,2048,518.37
16,256,32,4096,987.033
16,256,64,16,103.84
16,256,64,32,105.035
16,256,64,64,105.12
16,256,64,128,155.873
16,256,64,256,211.521
16,256,64,512,323.233
16,256,64,1024,554.923
16,256,64,2048,1046.14
16,256,64,4096,2188.47
16,512,0,0,31.2967
16,512,1,16,30.133
16,512,1,32,30.059
16,512,1,64,30.3043
16,512,1,128,30.357
16,512,1,256,30.24
16,512,1,512,31.211
16,512,1,1024,44.8327
16,512,1,2048,74.8803
16,512,1,4096,135.168
16,512,2,16,30.229
16,512,2,32,30.325
16,512,2,64,30.3787
16,512,2,128,30.6447
16,512,2,256,30.656
16,512,2,512,31.8403
16,512,2,1024,45.6533
16,512,2,2048,75.8507
16,512,2,4096,136.256
16,512,4,16,33.205
16,512,4,32,33.3763
16,512,4,64,33.3767
16,512,4,128,35.712
16,512,4,256,38.624
16,512,4,512,43.1147
16,512,4,1024,65.9413
16,512,4,2048,112.181
16,512,4,4096,204.95
16,512,8,16,46.187
16,512,8,32,44.5337
16,512,8,64,44.7043
16,512,8,128,47.3177
16,512,8,256,51.4237
16,512,8,512,61.802
16,512,8,1024,109.621
16,512,8,2048,191.35
16,512,8,4096,381.398
16,512,16,16,52.2133
16,512,16,32,53.9413
16,512,16,64,53.962
16,512,16,128,64.0747
16,512,16,256,77.6747
16,512,16,512,103.574
16,512,16,1024,163.552
16,512,16,2048,288.534
16,512,16,4096,553.229
16,512,32,16,74.347
16,512,32,32,74.1753
16,512,32,64,74.9227
16,512,32,128,99.2327
16,512,32,256,121.173
16,512,32,512,170.55
16,512,32,1024,284.886
16,512,32,2048,517.015
16,512,32,4096,988.291
16,512,64,16,112.662
16,512,64,32,112.533
16,512,64,64,112.438
16,512,64,128,164.609
16,512,64,256,219.371
16,512,64,512,324.598
16,512,64,1024,557.41
16,512,64,2048,1051.61
16,512,64,4096,2207.48
16,1024,0,0,46.357
16,1024,1,16,44.747
16,1024,1,32,44.811
16,1024,1,64,44.981
16,1024,1,128,44.9173
16,1024,1,256,45.2913
16,1024,1,512,45.067
16,1024,1,1024,46.4217
16,1024,1,2048,74.9227
16,1024,1,4096,134.848
16,1024,2,16,45.152
16,1024,2,32,45.2163
16,1024,2,64,45.1303
16,1024,2,128,45.408
16,1024,2,256,45.61
16,1024,2,512,45.856
16,1024,2,1024,46.9007
16,1024,2,2048,76.096
16,1024,2,4096,137.024
16,1024,4,16,47.9893
16,1024,4,32,48.1917
16,1024,4,64,48.213
16,1024,4,128,50.4853
16,1024,4,256,53.654
16,1024,4,512,57.1413
16,1024,4,1024,66.784
16,1024,4,2048,112.768
16,1024,4,4096,205.984
16,1024,8,16,61.7173
16,1024,8,32,65.451
16,1024,8,64,62.208
16,1024,8,128,67.7327
16,1024,8,256,69.5573
16,1024,8,512,78.7417
16,1024,8,1024,99.061
16,1024,8,2048,191.755
16,1024,8,4096,374.657
16,1024,16,16,75.5307
16,1024,16,32,69.206
16,1024,16,64,75.5097
16,1024,16,128,83.52
16,1024,16,256,97.2163
16,1024,16,512,119.467
16,1024,16,1024,170.539
16,1024,16,2048,292.363
16,1024,16,4096,537.42
16,1024,32,16,89.3767
16,1024,32,32,89.227
16,1024,32,64,93.0347
16,1024,32,128,115.104
16,1024,32,256,142.517
16,1024,32,512,190.827
16,1024,32,1024,286.518
16,1024,32,2048,518.06
16,1024,32,4096,990.766
16,1024,64,16,131.115
16,1024,64,32,129.824
16,1024,64,64,131.915
16,1024,64,128,182.049
16,1024,64,256,235.414
16,1024,64,512,339.552
16,1024,64,1024,562.551
16,1024,64,2048,1051.14
16,1024,64,4096,2233.98
16,2048,0,0,77.2053
16,2048,1,16,74.816
16,2048,1,32,74.656
16,2048,1,64,75.5203
16,2048,1,128,74.9443
16,2048,1,256,75.0293
16,2048,1,512,75.179
16,2048,1,1024,75.0403
16,2048,1,2048,76.9717
16,2048,1,4096,134.614
16,2048,2,16,74.8587
16,2048,2,32,75.851
16,2048,2,64,75.424
16,2048,2,128,75.4567
16,2048,2,256,75.2853
16,2048,2,512,75.915
16,2048,2,1024,76.2453
16,2048,2,2048,76.939
16,2048,2,4096,136.64
16,2048,4,16,77.952
16,2048,4,32,77.9307
16,2048,4,64,78.2187
16,2048,4,128,80.1063
16,2048,4,256,82.944
16,2048,4,512,86.9547
16,2048,4,1024,95.3713
16,2048,4,2048,113.355
16,2048,4,4096,204.598
16,2048,8,16,114.934
16,2048,8,32,116.629
16,2048,8,64,114.934
16,2048,8,128,98.3037
16,2048,8,256,121.034
16,2048,8,512,113.141
16,2048,8,1024,140.117
16,2048,8,2048,202.315
16,2048,8,4096,371.776
16,2048,16,16,113.632
16,2048,16,32,120.63
16,2048,16,64,104.341
16,2048,16,128,115.105
16,2048,16,256,137.174
16,2048,16,512,159.393
16,2048,16,1024,206.273
16,2048,16,2048,304.769
16,2048,16,4096,551.457
16,2048,32,16,131.094
16,2048,32,32,138.603
16,2048,32,64,127.531
16,2048,32,128,145.238
16,2048,32,256,182.294
16,2048,32,512,231.606
16,2048,32,1024,329.623
16,2048,32,2048,518.252
16,2048,32,4096,986.137
16,2048,64,16,163.296
16,2048,64,32,172.395
16,2048,64,64,164.576
16,2048,64,128,216.502
16,2048,64,256,271.787
16,2048,64,512,371.468
16,2048,64,1024,590.903
16,2048,64,2048,1046.67
16,2048,64,4096,2240.59
16,4096,0,0,137.76
16,4096,1,16,134.753
16,4096,1,32,135.051
16,4096,1,64,134.656
16,4096,1,128,134.443
16,4096,1,256,135.414
16,4096,1,512,135.115
16,4096,1,1024,134.742
16,4096,1,2048,134.986
16,4096,1,4096,137.035
16,4096,2,16,135.265
16,4096,2,32,135.691
16,4096,2,64,135.819
16,4096,2,128,136.011
16,4096,2,256,136.054
16,4096,2,512,136.022
16,4096,2,1024,136.192
16,4096,2,2048,136
16,4096,2,4096,137.782
16,4096,4,16,136.757
16,4096,4,32,137.163
16,4096,4,64,137.515
16,4096,4,128,139.68
16,4096,4,256,142.197
16,4096,4,512,146.037
16,4096,4,1024,153.665
16,4096,4,2048,170.806
16,4096,4,4096,206.774
16,4096,8,16,183.541
16,4096,8,32,187.051
16,4096,8,64,147.829
16,4096,8,128,186.901
16,4096,8,256,190.944
16,4096,8,512,198.934
16,4096,8,1024,201.344
16,4096,8,2048,259.808
16,4096,8,4096,378.817
16,4096,16,16,173.76
16,4096,16,32,212.726
16,4096,16,64,192.555
16,4096,16,128,197.163
16,4096,16,256,212.331
16,4096,16,512,240.513
16,4096,16,1024,275.852
16,4096,16,2048,367.383
16,4096,16,4096,572.119
16,4096,32,16,220.875
16,4096,32,32,220.385
16,4096,32,64,216.811
16,4096,32,128,230.059
16,4096,32,256,262.614
16,4096,32,512,287.595
16,4096,32,1024,404.065
16,4096,32,2048,611.127
16,4096,32,4096,988.73
16,4096,64,16,242.038
16,4096,64,32,254.7
16,4096,64,64,248.747
16,4096,64,128,297.057
16,4096,64,256,337.495
16,4096,64,512,443.234
16,4096,64,1024,665.601
16,4096,64,2048,1107.41
16,4096,64,4096,2211.09
32,0,0,0,16.566
32,0,1,16,16.5757
32,0,1,32,16.768
32,0,1,64,16.587
32,0,1,128,18.9223
32,0,1,256,22.741
32,0,1,512,29.953
32,0,1,1024,44.907
32,0,1,2048,74.9443
32,0,1,4096,135.52
32,0,2,16,17.045
32,0,2,32,16.971
32,0,2,64,17.0563
32,0,2,128,19.3067
32,0,2,256,23.1573
32,0,2,512,30.507
32,0,2,1024,45.472
32,0,2,2048,76.0213
32,0,2,4096,137.377
32,0,4,16,18.4957
32,0,4,32,18.4107
32,0,4,64,18.8053
32,0,4,128,24.3843
32,0,4,256,31.349
32,0,4,512,42.6027
32,0,4,1024,65.8883
32,0,4,2048,112.246
32,0,4,4096,204.673
32,0,8,16,29.0563
32,0,8,32,28.8963
32,0,8,64,29.2377
32,0,8,128,36.2243
32,0,8,256,45.6007
32,0,8,512,66.144
32,0,8,1024,102.55
32,0,8,2048,178.912
32,0,8,4096,381.686
32,0,16,16,36.8853
32,0,16,32,37.2587
32,0,16,64,37.3227
32,0,16,128,51.1683
32,0,16,256,65.6747
32,0,16,512,95.883
32,0,16,1024,157.537
32,0,16,2048,277.482
32,0,16,4096,515.991
32,0,32,16,55.3497
32,0,32,32,55.1577
32,0,32,64,55.6377
32,0,32,128,82.4533
32,0,32,256,113.558
32,0,32,512,170.368
32,0,32,1024,285.664
32,0,32,2048,516.706
32,0,32,4096,980.505
32,0,64,16,95.9477
32,0,64,32,95.723
32,0,64,64,96.4263
32,0,64,128,151.094
32,0,64,256,211.009
32,0,64,512,317.878
32,0,64,1024,548.098
32,0,64,2048,1034.63
32,0,64,4096,2196.36
32,16,0,0,16.8747
32,16,1,16,16.9277
32,16,1,32,16.715
32,16,1,64,16.7153
32,16,1,128,19.0507
32,16,1,256,22.8163
32,16,1,512,30.0593
32,16,1,1024,45.088
32,16,1,2048,75.1467
32,16,1,4096,134.476
32,16,2,16,17.0027
32,16,2,32,16.9493
32,16,2,64,17.237
32,16,2,128,19.4237
32,16,2,256,23.0827
32,16,2,512,30.3893
32,16,2,1024,45.5043
32,16,2,2048,75.744
32,16,2,4096,136.949
32,16,4,16,18.5387
32,16,4,32,18.475
32,16,4,64,18.7517
32,16,4,128,24.3947
32,16,4,256,31.2097
32,16,4,512,42.1337
32,16,4,1024,65.8023
32,16,4,2048,112.32
32,16,4,4096,205.248
32,16,8,16,29.1093
32,16,8,32,29.0033
32,16,8,64,29.4187
32,16,8,128,35.787
32,16,8,256,45.76
32,16,8,512,67.072
32,16,8,1024,103.147
32,16,8,2048,178.144
32,16,8,4096,346.497
32,16,16,16,36.8853
32,16,16,32,37.163
32,16,16,64,37.8137
32,16,16,128,50.976
32,16,16,256,66.3153
32,16,16,512,98.0053
32,16,16,1024,157.995
32,16,16,2048,276.502
32,16,16,4096,532.567
32,16,32,16,55.2427
32,16,32,32,55.0403
32,16,32,64,55.6267
32,16,32,128,82.6677
32,16,32,256,113.024
32,16,32,512,170.816
32,16,32,1024,286.081
32,16,32,2048,516.289
32,16,32,4096,979.523
32,16,64,16,95.8293
32,16,64,32,95.5417
32,16,64,64,96.6297
32,16,64,128,151.425
32,16,64,256,209.814
32,16,64,512,319.083
32,16,64,1024,547.874
32,16,64,2048,1032.96
32,16,64,4096,2207.84
32,32,0,0,16.4913
32,32,1,16,16.747
32,32,1,32,16.6507
32,32,1,64,16.843
32,32,1,128,19.04
32,32,1,256,22.731
32,32,1,512,30.0477
32,32,1,1024,44.8857
32,32,1,2048,75.072
32,32,1,4096,135.573
32,32,2,16,17.0457
32,32,2,32,16.971
32,32,2,64,17.1517
32,32,2,128,19.328
32,32,2,256,22.965
32,32,2,512,30.3463
32,32,2,1024,45.568
32,32,2,2048,75.947
32,32,2,4096,137.365
32,32,4,16,18.5603
32,32,4,32,18.421
32,32,4,64,18.7733
32,32,4,128,24.4587
32,32,4,256,31.328
32,32,4,512,42.5177
32,32,4,1024,65.8563
32,32,4,2048,112.277
32,32,4,4096,205.323
32,32,8,16,28.714
32,32,8,32,28.864
32,32,8,64,29.344
32,32,8,128,35.7223
32,32,8,256,46.1127
32,32,8,512,66.283
32,32,8,1024,102.347
32,32,8,2048,175.883
32,32,8,4096,364.503
32,32,16,16,36.7463
32,32,16,32,36.9917
32,32,16,64,37.4827
32,32,16,128,51.2643
32,32,16,256,65.771
32,32,16,512,96.8323
32,32,16,1024,156.758
32,32,16,2048,276.064
32,32,16,4096,516.438
32,32,32,16,55.232
32,32,32,32,55.1253
32,32,32,64,55.8933
32,32,32,128,82.7847
32,32,32,256,113.184
32,32,32,512,170.166
32,32,32,1024,285.249
32,32,32,2048,516.535
32,32,32,4096,981.965
32,32,64,16,95.7973
32,32,64,32,95.712
32,32,64,64,96.8217
32,32,64,128,151.115
32,32,64,256,209.792
32,32,64,512,318.049
32,32,64,1024,547.085
32,32,64,2048,1031.79
32,32,64,4096,2199.48
32,64,0,0,16.8747
32,64,1,16,16.811
32,64,1,32,16.651
32,64,1,64,16.8
32,64,1,128,19.0513
32,64,1,256,22.6667
32,64,1,512,30.0373
32,64,1,1024,44.8317
32,64,1,2048,75.04
32,64,1,4096,136.022
32,64,2,16,17.1303
32,64,2,32,17.0883
32,64,2,64,17.1947
32,64,2,128,19.488
32,64,2,256,23.1147
32,64,2,512,30.517
32,64,2,1024,45.7493
32,64,2,2048,75.6803
32,64,2,4096,136.885
32,64,4,16,18.6347
32,64,4,32,18.731
32,64,4,64,19.0513
32,64,4,128,24.3097
32,64,4,256,31.3813
32,64,4,512,42.6453
32,64,4,1024,65.654
32,64,4,2048,112.374
32,64,4,4096,205.28
32,64,8,16,28.7357
32,64,8,32,29.4927
32,64,8,64,29.5677
32,64,8,128,36.1173
32,64,8,256,45.899
32,64,8,512,67.264
32,64,8,1024,102.4
32,64,8,2048,176.8
32,64,8,4096,380.172
32,64,16,16,36.9707
32,64,16,32,36.9927
32,64,16,64,38.0167
32,64,16,128,50.6453
32,64,16,256,66.3253
32,64,16,512,96.833
32,64,16,1024,157.184
32,64,16,2048,277.985
32,64,16,4096,514.797
32,64,32,16,55.1253
32,64,32,32,55.2107
32,64,32,64,55.947
32,64,32,128,82.3573
32,64,32,256,113.686
32,64,32,512,170.048
32,64,32,1024,285.942
32,64,32,2048,516.471
32,64,32,4096,981.784
32,64,64,16,95.7973
32,64,64,32,95.6587
32,64,64,64,96.641
32,64,64,128,151.755
32,64,64,256,210.006
32,64,64,512,320.214
32,64,64,1024,544.492
32,64,64,2048,1026.02
32,64,64,4096,2188.96
32,128,0,0,20.5227
32,128,1,16,19.1573
32,128,1,32,19.3387
32,128,1,64,19.306
32,128,1,128,20.2133
32,128,1,256,22.7417
32,128,1,512,30.283
32,128,1,1024,45.045
32,128,1,2048,75.328
32,128,1,4096,136.459
32,128,2,16,19.4777
32,128,2,32,19.637
32,128,2,64,19.4773
32,128,2,128,20.6827
32,128,2,256,23.3067
32,128,2,512,30.6023
32,128,2,1024,45.6213
32,128,2,2048,75.7873
32,128,2,4096,137.398
32,128,4,16,22.315
32,128,4,32,22.272
32,128,4,64,22.486
32,128,4,128,24.6723
32,128,4,256,31.445
32,128,4,512,42.4857
32,128,4,1024,66.048
32,128,4,2048,112.321
32,128,4,4096,206.816
32,128,8,16,33.3447
32,128,8,32,31.712
32,128,8,64,32.9393
32,128,8,128,34.763
32,128,8,256,48.3307
32,128,8,512,66.4857
32,128,8,1024,106.049
32,128,8,2048,178.443
32,128,8,4096,381.825
32,128,16,16,40.9067
32,128,16,32,42.1013
32,128,16,64,41.12
32,128,16,128,53.269
32,128,16,256,67.6907
32,128,16,512,97.7703
32,128,16,1024,159.232
32,128,16,2048,287.19
32,128,16,4096,518.134
32,128,32,16,59.1783
32,128,32,32,59.35
32,128,32,64,59.84
32,128,32,128,83.4243
32,128,32,256,112.875
32,128,32,512,169.835
32,128,32,1024,286.774
32,128,32,2048,518.476
32,128,32,4096,980.633
32,128,64,16,100.203
32,128,64,32,99.4347
32,128,64,64,100.907
32,128,64,128,152.523
32,128,64,256,210.614
32,128,64,512,321.932
32,128,64,1024,554.113
32,128,64,2048,1041.3
32,128,64,4096,2179.37
32,256,0,0,23.936
32,256,1,16,22.88
32,256,1,32,22.9547
32,256,1,64,22.9337
32,256,1,128,23.0717
32,256,1,256,24.0003
32,256,1,512,30.112
32,256,1,1024,44.9283
32,256,1,2048,75.0727
32,256,1,4096,136
32,256,2,16,23.072
32,256,2,32,23.0507
32,256,2,64,23.35
32,256,2,128,23.3283
32,256,2,256,24.3843
32,256,2,512,30.5593
32,256,2,1024,45.504
32,256,2,2048,76.171
32,256,2,4096,137.441
32,256,4,16,25.8993
32,256,4,32,25.8773
32,256,4,64,26.1867
32,256,4,128,28.3417
32,256,4,256,31.8297
32,256,4,512,42.2617
32,256,4,1024,65.9523
32,256,4,2048,112.043
32,256,4,4096,205.27
32,256,8,16,37.9737
32,256,8,32,37.7497
32,256,8,64,36.598
32,256,8,128,38.4107
32,256,8,256,43.979
32,256,8,512,66.251
32,256,8,1024,109.749
32,256,8,2048,185.409
32,256,8,4096,347.553
32,256,16,16,45.1843
32,256,16,32,46.432
32,256,16,64,45.632
32,256,16,128,57.1203
32,256,16,256,70.848
32,256,16,512,99.499
32,256,16,1024,160.396
32,256,16,2048,281.984
32,256,16,4096,519.361
32,256,32,16,66.3253
32,256,32,32,66.5597
32,256,32,64,66.731
32,256,32,128,87.8083
32,256,32,256,113.408
32,256,32,512,169.494
32,256,32,1024,286.091
32,256,32,2048,517.74
32,256,32,4096,983.96
32,256,64,16,103.681
32,256,64,32,104.193
32,256,64,64,105.057
32,256,64,128,156.811
32,256,64,256,211.659
32,256,64,512,323.276
32,256,64,1024,555.703
32,256,64,2048,1044.75
32,256,64,4096,2204.49
32,512,0,0,31.5417
32,512,1,16,30.24
32,512,1,32,30.176
32,512,1,64,30.2083
32,512,1,128,30.2613
32,512,1,256,30.496
32,512,1,512,31.5627
32,512,1,1024,45.056
32,512,1,2048,75.2643
32,512,1,4096,135.435
32,512,2,16,30.454
32,512,2,32,30.411
32,512,2,64,30.389
32,512,2,128,30.688
32,512,2,256,30.8587
32,512,2,512,32.0007
32,512,2,1024,45.7713
32,512,2,2048,76.0533
32,512,2,4096,136.928
32,512,4,16,33.312
32,512,4,32,33.152
32,512,4,64,33.5467
32,512,4,128,35.8083
32,512,4,256,38.5917
32,512,4,512,43.3067
32,512,4,1024,66.0163
32,512,4,2048,112.32
32,512,4,4096,205.077
32,512,8,16,44.3843
32,512,8,32,42.6983
32,512,8,64,47.6373
32,512,8,128,48.6193
32,512,8,256,53.4293
32,512,8,512,62.016
32,512,8,1024,109.792
32,512,8,2048,188.95
32,512,8,4096,382.573
32,512,16,16,52.5227
32,512,16,32,52.5333
32,512,16,64,54.2187
32,512,16,128,66.3257
32,512,16,256,78.8477
32,512,16,512,103.851
32,512,16,1024,164.214
32,512,16,2048,284.395
32,512,16,4096,523.692
32,512,32,16,74.5603
32,512,32,32,74.4223
32,512,32,64,76
32,512,32,128,99.552
32,512,32,256,122.827
32,512,32,512,170.101
32,512,32,1024,285.228
32,512,32,2048,517.293
32,512,32,4096,985.581
32,512,64,16,113.888
32,512,64,32,111.99
32,512,64,64,112.79
32,512,64,128,164.715
32,512,64,256,219.979
32,512,64,512,325.387
32,512,64,1024,557.346
32,512,64,2048,1050.95
32,512,64,4096,2199
32,1024,0,0,46.2507
32,1024,1,16,44.8427
32,1024,1,32,44.896
32,1024,1,64,44.8637
32,1024,1,128,45.035
32,1024,1,256,45.376
32,1024,1,512,45.525
32,1024,1,1024,46.4427
32,1024,1,2048,74.677
32,1024,1,4096,135.819
32,1024,2,16,45.2693
32,1024,2,32,45.2267
32,1024,2,64,45.3437
32,1024,2,128,45.6207
32,1024,2,256,45.525
32,1024,2,512,45.8563
32,1024,2,1024,46.8697
32,1024,2,2048,75.8513
32,1024,2,4096,136.522
32,1024,4,16,47.9897
32,1024,4,32,48.256
32,1024,4,64,48.192
32,1024,4,128,50.688
32,1024,4,256,53.4187
32,1024,4,512,57.5463
32,1024,4,1024,66.3047
32,1024,4,2048,112.182
32,1024,4,4096,204.769
32,1024,8,16,63.4343
32,1024,8,32,61.845
32,1024,8,64,69.611
32,1024,8,128,68.2883
32,1024,8,256,73.056
32,1024,8,512,76.5447
32,1024,8,1024,99.211
32,1024,8,2048,191.393
32,1024,8,4096,379.798
32,1024,16,16,74.1333
32,1024,16,32,71.3497
32,1024,16,64,73.7283
32,1024,16,128,81.888
32,1024,16,256,94.3153
32,1024,16,512,118.39
32,1024,16,1024,170.742
32,1024,16,2048,292.598
32,1024,16,4096,546.498
32,1024,32,16,90.5067
32,1024,32,32,89.3653
32,1024,32,64,90.9863
32,1024,32,128,115.435
32,1024,32,256,143.691
32,1024,32,512,190.038
32,1024,32,1024,286.848
32,1024,32,2048,517.516
32,1024,32,4096,989.613
32,1024,64,16,133.281
32,1024,64,32,130.699
32,1024,64,64,133.739
32,1024,64,128,182.23
32,1024,64,256,234.827
32,1024,64,512,340.15
32,1024,64,1024,561.09
32,1024,64,2048,1057.12
32,1024,64,4096,2221.36
32,2048,0,0,77.547
32,2048,1,16,74.8377
32,2048,1,32,74.6663
32,2048,1,64,75.2323
32,2048,1,128,75.2003
32,2048,1,256,75.3493
32,2048,1,512,75.1147
32,2048,1,1024,75.2213
32,2048,1,2048,76.7143
32,2048,1,4096,135.606
32,2048,2,16,75.691
32,2048,2,32,75.754
32,2048,2,64,75.456
32,2048,2,128,75.8397
32,2048,2,256,75.531
32,2048,2,512,75.7227
32,2048,2,1024,75.8717
32,2048,2,2048,76.6503
32,2048,2,4096,137.419
32,2048,4,16,78.0377
32,2048,4,32,77.664
32,2048,4,64,77.941
32,2048,4,128,80.203
32,2048,4,256,83.1253
32,2048,4,512,86.698
32,2048,4,1024,95.6373
32,2048,4,2048,112.683
32,2048,4,4096,205.814
32,2048,8,16,96.1493
32,2048,8,32,108.16
32,2048,8,64,107.147
32,2048,8,128,116.352
32,2048,8,256,112.769
32,2048,8,512,127.691
32,2048,8,1024,128.491
32,2048,8,2048,201.686
32,2048,8,4096,376.193
32,2048,16,16,125.291
32,2048,16,32,112.182
32,2048,16,64,115.691
32,2048,16,128,124.982
32,2048,16,256,143.648
32,2048,16,512,162.412
32,2048,16,1024,200.939
32,2048,16,2048,305.302
32,2048,16,4096,558.434
32,2048,32,16,126.923
32,2048,32,32,128.79
32,2048,32,64,131.893
32,2048,32,128,145.216
32,2048,32,256,185.515
32,2048,32,512,230.774
32,2048,32,1024,331.458
32,2048,32,2048,518.146
32,2048,32,4096,988.057
32,2048,64,16,163.413
32,2048,64,32,168.865
32,2048,64,64,172.47
32,2048,64,128,213.814
32,2048,64,256,271.275
32,2048,64,512,373.473
32,2048,64,1024,591.661
32,2048,64,2048,1045.5
32,2048,64,4096,2229.44
32,4096,0,0,137.494
32,4096,1,16,134.561
32,4096,1,32,134.891
32,4096,1,64,134.497
32,4096,1,128,134.902
32,4096,1,256,135.286
32,4096,1,512,135.05
32,4096,1,1024,135.275
32,4096,1,2048,135.691
32,4096,1,4096,137.546
32,4096,2,16,135.584
32,4096,2,32,135.808
32,4096,2,64,135.861
32,4096,2,128,137.035
32,4096,2,256,136.022
32,4096,2,512,135.456
32,4096,2,1024,136.256
32,4096,2,2048,135.926
32,4096,2,4096,137.515
32,4096,4,16,137.323
32,4096,4,32,137.227
32,4096,4,64,137.558
32,4096,4,128,139.435
32,4096,4,256,143.126
32,4096,4,512,146.07
32,4096,4,1024,154.721
32,4096,4,2048,170.976
32,4096,4,4096,206.753
32,4096,8,16,166.902
32,4096,8,32,185.429
32,4096,8,64,203.285
32,4096,8,128,185.227
32,4096,8,256,191.03
32,4096,8,512,182.017
32,4096,8,1024,201.346
32,4096,8,2048,241.985
32,4096,8,4096,377.826
32,4096,16,16,212.278
32,4096,16,32,207.969
32,4096,16,64,173.099
32,4096,16,128,200.086
32,4096,16,256,207.745
32,4096,16,512,230.966
32,4096,16,1024,277.963
32,4096,16,2048,365.857
32,4096,16,4096,573.164
32,4096,32,16,217.451
32,4096,32,32,227.307
32,4096,32,64,223.681
32,4096,32,128,230.454
32,4096,32,256,265.153
32,4096,32,512,287.862
32,4096,32,1024,417.964
32,4096,32,2048,610.423
32,4096,32,4096,983.47
32,4096,64,16,269.206
32,4096,64,32,247.841
32,4096,64,64,251.062
32,4096,64,128,281.558
32,4096,64,256,338.679
32,4096,64,512,451.959
32,4096,64,1024,656.14
32,4096,64,2048,1111.77
32,4096,64,4096,2211.2
64,0,0,0,17.131
64,0,1,16,17.2693
64,0,1,32,17.3117
64,0,1,64,17.3013
64,0,1,128,19.1043
64,0,1,256,22.9443
64,0,1,512,30.037
64,0,1,1024,44.8857
64,0,1,2048,75.403
64,0,1,4096,135.755
64,0,2,16,17.472
64,0,2,32,17.4937
64,0,2,64,17.547
64,0,2,128,19.5843
64,0,2,256,23.3383
64,0,2,512,30.6987
64,0,2,1024,45.568
64,0,2,2048,75.7763
64,0,2,4096,137.067
64,0,4,16,18.8697
64,0,4,32,18.709
64,0,4,64,19.0723
64,0,4,128,24.49
64,0,4,256,31.4983
64,0,4,512,42.731
64,0,4,1024,65.8563
64,0,4,2048,112.321
64,0,4,4096,206.219
64,0,8,16,29.376
64,0,8,32,29.3867
64,0,8,64,29.8987
64,0,8,128,35.8617
64,0,8,256,46.144
64,0,8,512,67.4773
64,0,8,1024,103.541
64,0,8,2048,177.152
64,0,8,4096,380.172
64,0,16,16,37.2583
64,0,16,32,37.376
64,0,16,64,37.5573
64,0,16,128,51.4023
64,0,16,256,65.9417
64,0,16,512,97.056
64,0,16,1024,156.235
64,0,16,2048,276.417
64,0,16,4096,516.759
64,0,32,16,55.3923
64,0,32,32,55.7333
64,0,32,64,56.1067
64,0,32,128,82.7843
64,0,32,256,113.184
64,0,32,512,170.721
64,0,32,1024,286.134
64,0,32,2048,517.11
64,0,32,4096,983.524
64,0,64,16,96.576
64,0,64,32,96.4913
64,0,64,64,97.3227
64,0,64,128,151.52
64,0,64,256,211.19
64,0,64,512,320.044
64,0,64,1024,547.437
64,0,64,2048,1032.94
64,0,64,4096,2196.69
64,16,0,0,17.312
64,16,1,16,17.28
64,16,1,32,17.3657
64,16,1,64,17.2477
64,16,1,128,19.2317
64,16,1,256,23.1787
64,16,1,512,30.112
64,16,1,1024,45.12
64,16,1,2048,75.211
64,16,1,4096,134.87
64,16,2,16,17.5787
64,16,2,32,17.3653
64,16,2,64,17.4717
64,16,2,128,19.5307
64,16,2,256,23.467
64,16,2,512,30.688
64,16,2,1024,45.5253
64,16,2,2048,76.3303
64,16,2,4096,137.345
64,16,4,16,18.8373
64,16,4,32,18.8477
64,16,4,64,19.2753
64,16,4,128,24.4903
64,16,4,256,31.4457
64,16,4,512,42.9973
64,16,4,1024,66.2503
64,16,4,2048,112.15
64,16,4,4096,205.451
64,16,8,16,29.5577
64,16,8,32,29.4823
64,16,8,64,29.888
64,16,8,128,36.3417
64,16,8,256,46.1227
64,16,8,512,66.912
64,16,8,1024,104.672
64,16,8,2048,177.77
64,16,8,4096,362.529
64,16,16,16,37.28
64,16,16,32,37.4827
64,16,16,64,38.272
64,16,16,128,51.2953
64,16,16,256,66.763
64,16,16,512,97.3867
64,16,16,1024,156.512
64,16,16,2048,276.672
64,16,16,4096,514.86
64,16,32,16,55.5207
64,16,32,32,55.6693
64,16,32,64,56.2563
64,16,32,128,82.6453
64,16,32,256,113.345
64,16,32,512,172.096
64,16,32,1024,286.678
64,16,32,2048,518.006
64,16,32,4096,979.385
64,16,64,16,96.896
64,16,64,32,96.4587
64,16,64,64,97.8027
64,16,64,128,152.523
64,16,64,256,210.604
64,16,64,512,321.015
64,16,64,1024,551.245
64,16,64,2048,1038.79
64,16,64,4096,2197.71
64,32,0,0,17.1943
64,32,1,16,17.4297
64,32,1,32,17.163
64,32,1,64,17.365
64,32,1,128,19.2003
64,32,1,256,22.8693
64,32,1,512,30.3143
64,32,1,1024,45.3547
64,32,1,2048,75.1893
64,32,1,4096,135.756
64,32,2,16,17.4393
64,32,2,32,17.5887
64,32,2,64,17.5893
64,32,2,128,19.4993
64,32,2,256,23.424
64,32,2,512,30.7307
64,32,2,1024,45.8987
64,32,2,2048,76.1707
64,32,2,4096,136.448
64,32,4,16,18.9333
64,32,4,32,18.9117
64,32,4,64,19.2217
64,32,4,128,24.6187
64,32,4,256,31.8187
64,32,4,512,42.6987
64,32,4,1024,66.0057
64,32,4,2048,112.662
64,32,4,4096,206.294
64,32,8,16,29.088
64,32,8,32,29.8877
64,32,8,64,29.9523
64,32,8,128,36.107
64,32,8,256,46.2077
64,32,8,512,66.5283
64,32,8,1024,103.84
64,32,8,2048,176.939
64,32,8,4096,382.209
64,32,16,16,37.3023
64,32,16,32,37.408
64,32,16,64,38.2503
64,32,16,128,51.573
64,32,16,256,66.3363
64,32,16,512,98.7203
64,32,16,1024,156.15
64,32,16,2048,276.182
64,32,16,4096,517.078
64,32,32,16,55.3497
64,32,32,32,55.4343
64,32,32,64,56.064
64,32,32,128,82.8907
64,32,32,256,113.227
64,32,32,512,171.36
64,32,32,1024,285.174
64,32,32,2048,517.442
64,32,32,4096,980.302
64,32,64,16,96.4483
64,32,64,32,96.4907
64,32,64,64,97.4717
64,32,64,128,152.14
64,32,64,256,211.233
64,32,64,512,320.929
64,32,64,1024,548.065
64,32,64,2048,1030.52
64,32,64,4096,2203.08
64,64,0,0,17.4187
64,64,1,16,17.28
64,64,1,32,17.2907
64,64,1,64,17.4937
64,64,1,128,19.2853
64,64,1,256,23.008
64,64,1,512,30.1547
64,64,1,1024,45.0137
64,64,1,2048,75.307
64,64,1,4096,135.265
64,64,2,16,17.4083
64,64,2,32,17.6423
64,64,2,64,17.792
64,64,2,128,19.4883
64,64,2,256,23.3917
64,64,2,512,30.7843
64,64,2,1024,45.76
64,64,2,2048,75.969
64,64,2,4096,137.569
64,64,4,16,18.7623
64,64,4,32,18.8587
64,64,4,64,19.0827
64,64,4,128,24.3947
64,64,4,256,31.2633
64,64,4,512,42.944
64,64,4,1024,66.475
64,64,4,2048,112.48
64,64,4,4096,204.416
64,64,8,16,29.2693
64,64,8,32,29.408
64,64,8,64,29.9307
64,64,8,128,36.299
64,64,8,256,46.3047
64,64,8,512,66.762
64,64,8,1024,104.268
64,64,8,2048,177.739
64,64,8,4096,382.508
64,64,16,16,37.515
64,64,16,32,37.568
64,64,16,64,37.8233
64,64,16,128,51.7013
64,64,16,256,66.88
64,64,16,512,98.5497
64,64,16,1024,157.398
64,64,16,2048,276.481
64,64,16,4096,516.205
64,64,32,16,55.6913
64,64,32,32,55.329
64,64,32,64,56.0113
64,64,32,128,82.9443
64,64,32,256,113.856
64,64,32,512,171.158
64,64,32,1024,285.526
64,64,32,2048,516.716
64,64,32,4096,987.182
64,64,64,16,96.6303
64,64,64,32,96.576
64,64,64,64,97.3017
64,64,64,128,152.011
64,64,64,256,212.192
64,64,64,512,320.353
64,64,64,1024,546.7
64,64,64,2048,1033.91
64,64,64,4096,2188.91
64,128,0,0,21.2167
64,128,1,16,19.6913
64,128,1,32,19.5093
64,128,1,64,19.648
64,128,1,128,20.832
64,128,1,256,23.0403
64,128,1,512,30.1333
64,128,1,1024,45.2477
64,128,1,2048,75.0613
64,128,1,4096,136.833
64,128,2,16,20.1813
64,128,2,32,20.224
64,128,2,64,20.214
64,128,2,128,21.056
64,128,2,256,23.456
64,128,2,512,30.688
64,128,2,1024,45.856
64,128,2,2048,76.48
64,128,2,4096,137.376
64,128,4,16,22.8907
64,128,4,32,22.731
64,128,4,64,22.9333
64,128,4,128,25.024
64,128,4,256,31.584
64,128,4,512,42.8693
64,128,4,1024,65.792
64,128,4,2048,112.352
64,128,4,4096,205.366
64,128,8,16,33.8347
64,128,8,32,34.0377
64,128,8,64,33.4293
64,128,8,128,35.3173
64,128,8,256,46.4963
64,128,8,512,66.9017
64,128,8,1024,105.494
64,128,8,2048,179.809
64,128,8,4096,345.015
64,128,16,16,42.2823
64,128,16,32,42.3577
64,128,16,64,42.0167
64,128,16,128,53.856
64,128,16,256,68.2027
64,128,16,512,97.7713
64,128,16,1024,160.437
64,128,16,2048,285.089
64,128,16,4096,518.839
64,128,32,16,59.456
64,128,32,32,59.7017
64,128,32,64,60.0963
64,128,32,128,83.435
64,128,32,256,113.057
64,128,32,512,170.006
64,128,32,1024,286.465
64,128,32,2048,518.145
64,128,32,4096,982.339
64,128,64,16,100.641
64,128,64,32,100.736
64,128,64,64,101.697
64,128,64,128,153.867
64,128,64,256,210.966
64,128,64,512,322.646
64,128,64,1024,554.519
64,128,64,2048,1039.08
64,128,64,4096,2201.49
64,256,0,0,24.811
64,256,1,16,23.381
64,256,1,32,23.4027
64,256,1,64,23.594
64,256,1,128,23.6587
64,256,1,256,24.4803
64,256,1,512,30.4643
64,256,1,1024,45.077
64,256,1,2048,75.552
64,256,1,4096,135.797
64,256,2,16,23.8193
64,256,2,32,23.8293
64,256,2,64,23.9357
64,256,2,128,24.0963
64,256,2,256,24.8647
64,256,2,512,30.8907
64,256,2,1024,45.621
64,256,2,2048,76.256
64,256,2,4096,136.864
64,256,4,16,26.5063
64,256,4,32,26.3363
64,256,4,64,26.6667
64,256,4,128,29.195
64,256,4,256,32.032
64,256,4,512,42.6447
64,256,4,1024,66.0057
64,256,4,2048,112.352
64,256,4,4096,205.366
64,256,8,16,38.8377
64,256,8,32,36.8327
64,256,8,64,39.2537
64,256,8,128,39.627
64,256,8,256,44.3843
64,256,8,512,65.91
64,256,8,1024,110.368
64,256,8,2048,184.267
64,256,8,4096,366.443
64,256,16,16,45.3443
64,256,16,32,48.544
64,256,16,64,46.2937
64,256,16,128,58.112
64,256,16,256,71.7337
64,256,16,512,100.341
64,256,16,1024,159.723
64,256,16,2048,291.307
64,256,16,4096,521.09
64,256,32,16,67.1043
64,256,32,32,66.837
64,256,32,64,68.2883
64,256,32,128,87.542
64,256,32,256,113.867
64,256,32,512,170.326
64,256,32,1024,286.049
64,256,32,2048,519.916
64,256,32,4096,986.456
64,256,64,16,104.533
64,256,64,32,105.035
64,256,64,64,106.336
64,256,64,128,157.473
64,256,64,256,212.587
64,256,64,512,323.532
64,256,64,1024,557.634
64,256,64,2048,1044.54
64,256,64,4096,2186.1
64,512,0,0,31.9893
64,512,1,16,30.8377
64,512,1,32,30.8267
64,512,1,64,30.72
64,512,1,128,30.9437
64,512,1,256,30.8907
64,512,1,512,31.83
64,512,1,1024,45.056
64,512,1,2048,75.8723
64,512,1,4096,135.818
64,512,2,16,30.891
64,512,2,32,30.9867
64,512,2,64,31.0937
64,512,2,128,31.1583
64,512,2,256,31.552
64,512,2,512,32.2783
64,512,2,1024,45.9517
64,512,2,2048,76.107
64,512,2,4096,137.291
64,512,4,16,33.792
64,512,4,32,33.6217
64,512,4,64,33.803
64,512,4,128,36.4693
64,512,4,256,39.4667
64,512,4,512,43.2423
64,512,4,1024,66.1973
64,512,4,2048,112.192
64,512,4,4096,206.774
64,512,8,16,44.0107
64,512,8,32,48.3633
64,512,8,64,45.931
64,512,8,128,49.4827
64,512,8,256,53.067
64,512,8,512,62.56
64,512,8,1024,110.048
64,512,8,2048,186.422
64,512,8,4096,376.524
64,512,16,16,54.0583
64,512,16,32,58.0803
64,512,16,64,55.0403
64,512,16,128,65.174
64,512,16,256,79.5947
64,512,16,512,104
64,512,16,1024,163.211
64,512,16,2048,286.422
64,512,16,4096,533.986
64,512,32,16,78.166
64,512,32,32,76.1493
64,512,32,64,78.71
64,512,32,128,100.107
64,512,32,256,122.582
64,512,32,512,171.275
64,512,32,1024,285.26
64,512,32,2048,518.594
64,512,32,4096,987.128
64,512,64,16,113.717
64,512,64,32,114.976
64,512,64,64,115.947
64,512,64,128,165.355
64,512,64,256,220.193
64,512,64,512,325.11
64,512,64,1024,559.02
64,512,64,2048,1048.47
64,512,64,4096,2212.85
64,1024,0,0,46.891
64,1024,1,16,45.5043
64,1024,1,32,45.472
64,1024,1,64,45.536
64,1024,1,128,45.4613
64,1024,1,256,45.621
64,1024,1,512,45.792
64,1024,1,1024,46.933
64,1024,1,2048,75.0717
64,1024,1,4096,135.221
64,1024,2,16,45.6637
64,1024,2,32,45.792
64,1024,2,64,45.8137
64,1024,2,128,45.984
64,1024,2,256,46.368
64,1024,2,512,46.315
64,1024,2,1024,47.275
64,1024,2,2048,76.3843
64,1024,2,4096,136.651
64,1024,4,16,48.7253
64,1024,4,32,48.6717
64,1024,4,64,48.6827
64,1024,4,128,50.923
64,1024,4,256,54.1653
64,1024,4,512,57.728
64,1024,4,1024,66.8487
64,1024,4,2048,112.939
64,1024,4,4096,205.676
64,1024,8,16,62.7837
64,1024,8,32,65.9733
64,1024,8,64,65.0453
64,1024,8,128,68.5977
64,1024,8,256,73.5897
64,1024,8,512,77.0037
64,1024,8,1024,99.6163
64,1024,8,2048,192.214
64,1024,8,4096,375.212
64,1024,16,16,71.8397
64,1024,16,32,76.299
64,1024,16,64,79.1043
64,1024,16,128,80.3523
64,1024,16,256,96.2137
64,1024,16,512,119.084
64,1024,16,1024,172.086
64,1024,16,2048,293.889
64,1024,16,4096,536.268
64,1024,32,16,95.6057
64,1024,32,32,90.7097
64,1024,32,64,91.702
64,1024,32,128,115.222
64,1024,32,256,143.521
64,1024,32,512,193.014
64,1024,32,1024,287.19
64,1024,32,2048,518.679
64,1024,32,4096,985.005
64,1024,64,16,131.745
64,1024,64,32,131.392
64,1024,64,64,134.049
64,1024,64,128,185.643
64,1024,64,256,236.918
64,1024,64,512,341.292
64,1024,64,1024,563.106
64,1024,64,2048,1056.57
64,1024,64,4096,2214.79
64,2048,0,0,77.4927
64,2048,1,16,75.6803
64,2048,1,32,75.1573
64,2048,1,64,75.5527
64,2048,1,128,75.424
64,2048,1,256,75.4773
64,2048,1,512,75.5947
64,2048,1,1024,76.0117
64,2048,1,2048,77.515
64,2048,1,4096,135.158
64,2048,2,16,76.1063
64,2048,2,32,76.4053
64,2048,2,64,76.053
64,2048,2,128,75.691
64,2048,2,256,75.8297
64,2048,2,512,76.4057
64,2048,2,1024,76.5973
64,2048,2,2048,77.4933
64,2048,2,4096,136.885
64,2048,4,16,78.3893
64,2048,4,32,78.5603
64,2048,4,64,78.0583
64,2048,4,128,80.672
64,2048,4,256,83.616
64,2048,4,512,87.275
64,2048,4,1024,95.819
64,2048,4,2048,113.43
64,2048,4,4096,205.291
64,2048,8,16,96.7363
64,2048,8,32,96.1393
64,2048,8,64,98.912
64,2048,8,128,117.024
64,2048,8,256,96.3417
64,2048,8,512,120.79
64,2048,8,1024,136.715
64,2048,8,2048,202.465
64,2048,8,4096,368.598
64,2048,16,16,113.846
64,2048,16,32,114.623
64,2048,16,64,113.269
64,2048,16,128,121.515
64,2048,16,256,135.584
64,2048,16,512,157.216
64,2048,16,1024,201.803
64,2048,16,2048,305.473
64,2048,16,4096,559.361
64,2048,32,16,136.448
64,2048,32,32,131.232
64,2048,32,64,130.241
64,2048,32,128,147.253
64,2048,32,256,185.921
64,2048,32,512,228.406
64,2048,32,1024,333.484
64,2048,32,2048,519.373
64,2048,32,4096,985.987
64,2048,64,16,167.115
64,2048,64,32,176.331
64,2048,64,64,170.027
64,2048,64,128,217.057
64,2048,64,256,273.654
64,2048,64,512,375.916
64,2048,64,1024,591.618
64,2048,64,2048,1050.67
64,2048,64,4096,2230.98
64,4096,0,0,138.368
64,4096,1,16,135.51
64,4096,1,32,135.125
64,4096,1,64,135.253
64,4096,1,128,135.797
64,4096,1,256,135.724
64,4096,1,512,135.435
64,4096,1,1024,135.488
64,4096,1,2048,135.84
64,4096,1,4096,137.536
64,4096,2,16,136.181
64,4096,2,32,135.862
64,4096,2,64,136.16
64,4096,2,128,136.096
64,4096,2,256,136.608
64,4096,2,512,136.832
64,4096,2,1024,136.662
64,4096,2,2048,136.864
64,4096,2,4096,138.379
64,4096,4,16,137.717
64,4096,4,32,137.728
64,4096,4,64,138.304
64,4096,4,128,140.021
64,4096,4,256,143.084
64,4096,4,512,146.87
64,4096,4,1024,155.296
64,4096,4,2048,172.736
64,4096,4,4096,206.731
64,4096,8,16,147.808
64,4096,8,32,185.868
64,4096,8,64,165.92
64,4096,8,128,187.094
64,4096,8,256,191.051
64,4096,8,512,217.099
64,4096,8,1024,231.275
64,4096,8,2048,251.179
64,4096,8,4096,380.491
64,4096,16,16,192.587
64,4096,16,32,211.744
64,4096,16,64,175.009
64,4096,16,128,200.63
64,4096,16,256,216.523
64,4096,16,512,231.702
64,4096,16,1024,269.782
64,4096,16,2048,365.889
64,4096,16,4096,578.113
64,4096,32,16,220.214
64,4096,32,32,221.462
64,4096,32,64,223.105
64,4096,32,128,245.516
64,4096,32,256,259.479
64,4096,32,512,288.598
64,4096,32,1024,399.884
64,4096,32,2048,616.385
64,4096,32,4096,988.238
64,4096,64,16,249.942
64,4096,64,32,255.094
64,4096,64,64,253.302
64,4096,64,128,290.347
64,4096,64,256,341.409
64,4096,64,512,443.98
64,4096,64,1024,656.344
64,4096,64,2048,1114.06
64,4096,64,4096,2195.68
128,0,0,0,18.3253
128,0,1,16,19.7867
128,0,1,32,19.616
128,0,1,64,19.904
128,0,1,128,24.8633
128,0,1,256,31.4777
128,0,1,512,42.0163
128,0,1,1024,64.4377
128,0,1,2048,108.65
128,0,1,4096,198.859
128,0,2,16,19.84
128,0,2,32,20
128,0,2,64,19.9467
128,0,2,128,25.0457
128,0,2,256,31.7223
128,0,2,512,42.3467
128,0,2,1024,64.8213
128,0,2,2048,110.251
128,0,2,4096,200.683
128,0,4,16,20.0317
128,0,4,32,19.989
128,0,4,64,20.3417
128,0,4,128,25.4933
128,0,4,256,32.1177
128,0,4,512,43.3707
128,0,4,1024,65.9097
128,0,4,2048,112.193
128,0,4,4096,204.267
128,0,8,16,28.9707
128,0,8,32,29.429
128,0,8,64,30.0053
128,0,8,128,37.7703
128,0,8,256,47.8507
128,0,8,512,66.176
128,0,8,1024,104.694
128,0,8,2048,187.339
128,0,8,4096,363.35
128,0,16,16,39.104
128,0,16,32,39.04
128,0,16,64,39.584
128,0,16,128,54.56
128,0,16,256,71.3063
128,0,16,512,101.248
128,0,16,1024,163.094
128,0,16,2048,279.873
128,0,16,4096,554.348
128,0,32,16,61.2057
128,0,32,32,60.8537
128,0,32,64,61.3653
128,0,32,128,89.547
128,0,32,256,119.083
128,0,32,512,174.529
128,0,32,1024,289.569
128,0,32,2048,518.572
128,0,32,4096,982.787
128,0,64,16,104.321
128,0,64,32,103.36
128,0,64,64,104.043
128,0,64,128,159.328
128,0,64,256,217.825
128,0,64,512,328.46
128,0,64,1024,560.642
128,0,64,2048,1050.05
128,0,64,4096,2223.24
128,16,0,0,20.5547
128,16,1,16,25.8667
128,16,1,32,25.8987
128,16,1,64,25.781
128,16,1,128,26.0157
128,16,1,256,31.286
128,16,1,512,42.432
128,16,1,1024,64.4693
128,16,1,2048,108.854
128,16,1,4096,198.902
128,16,2,16,25.8347
128,16,2,32,25.8773
128,16,2,64,26.0267
128,16,2,128,25.8663
128,16,2,256,31.8403
128,16,2,512,42.784
128,16,2,1024,65.0667
128,16,2,2048,110.368
128,16,2,4096,200.641
128,16,4,16,23.936
128,16,4,32,23.904
128,16,4,64,24.0957
128,16,4,128,26.0807
128,16,4,256,32.214
128,16,4,512,43.4133
128,16,4,1024,65.846
128,16,4,2048,112.118
128,16,4,4096,204.694
128,16,8,16,35.691
128,16,8,32,33.4723
128,16,8,64,33.888
128,16,8,128,38.923
128,16,8,256,48.5443
128,16,8,512,68.6827
128,16,8,1024,109.142
128,16,8,2048,191.306
128,16,8,4096,362.572
128,16,16,16,42.4963
128,16,16,32,43.2967
128,16,16,64,42.7733
128,16,16,128,55.446
128,16,16,256,72.501
128,16,16,512,103.787
128,16,16,1024,168.928
128,16,16,2048,295.98
128,16,16,4096,522.381
128,16,32,16,64.7043
128,16,32,32,65.4937
128,16,32,64,65.2693
128,16,32,128,90.912
128,16,32,256,120.523
128,16,32,512,175.115
128,16,32,1024,289.857
128,16,32,2048,520.717
128,16,32,4096,987.352
128,16,64,16,107.745
128,16,64,32,107.244
128,16,64,64,107.573
128,16,64,128,161.206
128,16,64,256,219.105
128,16,64,512,330.071
128,16,64,1024,563.383
128,16,64,2048,1053.86
128,16,64,4096,2210.98
128,32,0,0,20.63
128,32,1,16,25.6
128,32,1,32,25.632
128,32,1,64,25.6217
128,32,1,128,25.7283
128,32,1,256,31.221
128,32,1,512,41.8347
128,32,1,1024,64.16
128,32,1,2048,109.057
128,32,1,4096,198.87
128,32,2,16,25.632
128,32,2,32,25.888
128,32,2,64,25.728
128,32,2,128,25.856
128,32,2,256,31.659
128,32,2,512,42.645
128,32,2,1024,64.9493
128,32,2,2048,109.344
128,32,2,4096,200.523
128,32,4,16,23.744
128,32,4,32,23.872
128,32,4,64,23.9577
128,32,4,128,26.017
128,32,4,256,32.309
128,32,4,512,43.179
128,32,4,1024,66.5713
128,32,4,2048,111.574
128,32,4,4096,204.246
128,32,8,16,34.39
128,32,8,32,33.0023
128,32,8,64,35.178
128,32,8,128,38.773
128,32,8,256,49.3437
128,32,8,512,67.3173
128,32,8,1024,108.8
128,32,8,2048,180.107
128,32,8,4096,380.588
128,32,16,16,42.6027
128,32,16,32,42.7947
128,32,16,64,43.4993
128,32,16,128,55.7447
128,32,16,256,71.851
128,32,16,512,103.499
128,32,16,1024,164.331
128,32,16,2048,290.091
128,32,16,4096,537.42
128,32,32,16,64.864
128,32,32,32,64.5133
128,32,32,64,65.547
128,32,32,128,90.123
128,32,32,256,119.115
128,32,32,512,175.414
128,32,32,1024,290.7
128,32,32,2048,519.5
128,32,32,4096,982.051
128,32,64,16,107.819
128,32,64,32,107.852
128,32,64,64,108.907
128,32,64,128,159.723
128,32,64,256,219.329
128,32,64,512,328.375
128,32,64,1024,562.584
128,32,64,2048,1058.51
128,32,64,4096,2210.25
128,64,0,0,20.6507
128,64,1,16,25.9523
128,64,1,32,25.8027
128,64,1,64,25.9407
128,64,1,128,26.112
128,64,1,256,31.2637
128,64,1,512,42.0053
128,64,1,1024,64.704
128,64,1,2048,108.555
128,64,1,4096,198.113
128,64,2,16,25.8987
128,64,2,32,25.8137
128,64,2,64,26.0487
128,64,2,128,26.0057
128,64,2,256,31.8613
128,64,2,512,42.24
128,64,2,1024,65.0243
128,64,2,2048,110.326
128,64,2,4096,200.982
128,64,4,16,23.7653
128,64,4,32,23.8187
128,64,4,64,24.0957
128,64,4,128,25.9203
128,64,4,256,32.2243
128,64,4,512,43.499
128,64,4,1024,66.4107
128,64,4,2048,112.032
128,64,4,4096,204.513
128,64,8,16,33.7173
128,64,8,32,32.9813
128,64,8,64,33.1947
128,64,8,128,38.9337
128,64,8,256,49.2267
128,64,8,512,69.5253
128,64,8,1024,105.547
128,64,8,2048,182.059
128,64,8,4096,382.71
128,64,16,16,43.1043
128,64,16,32,42.9657
128,64,16,64,43.595
128,64,16,128,55.1253
128,64,16,256,72.5337
128,64,16,512,102.347
128,64,16,1024,164.523
128,64,16,2048,300.534
128,64,16,4096,536.461
128,64,32,16,64.48
128,64,32,32,64.5337
128,64,32,64,65.0567
128,64,32,128,90.9547
128,64,32,256,118.955
128,64,32,512,175.712
128,64,32,1024,290.112
128,64,32,2048,519.244
128,64,32,4096,983.842
128,64,64,16,108.171
128,64,64,32,107.072
128,64,64,64,108
128,64,64,128,160.768
128,64,64,256,219.147
128,64,64,512,329.164
128,64,64,1024,562.114
128,64,64,2048,1052.37
128,64,64,4096,2216.39
128,128,0,0,22.197
128,128,1,16,26.1017
128,128,1,32,26.144
128,128,1,64,26.1763
128,128,1,128,26.1653
128,128,1,256,31.1787
128,128,1,512,42.336
128,128,1,1024,64.32
128,128,1,2048,109.003
128,128,1,4096,198.401
128,128,2,16,26.0587
128,128,2,32,26.144
128,128,2,64,26.2083
128,128,2,128,26.347
128,128,2,256,31.573
128,128,2,512,42.784
128,128,2,1024,65.2483
128,128,2,2048,110.412
128,128,2,4096,200.887
128,128,4,16,26.2823
128,128,4,32,26.336
128,128,4,64,26.6347
128,128,4,128,26.39
128,128,4,256,32.48
128,128,4,512,43.3287
128,128,4,1024,66.1657
128,128,4,2048,112.502
128,128,4,4096,205.462
128,128,8,16,34.848
128,128,8,32,35.2743
128,128,8,64,36.0107
128,128,8,128,40.811
128,128,8,256,49.5687
128,128,8,512,68.267
128,128,8,1024,108.011
128,128,8,2048,188.8
128,128,8,4096,362.284
128,128,16,16,44.4477
128,128,16,32,44.3627
128,128,16,64,44.502
128,128,16,128,56.2137
128,128,16,256,72.6187
128,128,16,512,104.629
128,128,16,1024,167.606
128,128,16,2048,290.38
128,128,16,4096,536.45
128,128,32,16,65.9307
128,128,32,32,65.7497
128,128,32,64,66.2823
128,128,32,128,92.032
128,128,32,256,120.715
128,128,32,512,175.915
128,128,32,1024,291.361
128,128,32,2048,521.025
128,128,32,4096,985.294
128,128,64,16,111.029
128,128,64,32,108.47
128,128,64,64,109.366
128,128,64,128,162.091
128,128,64,256,219.733
128,128,64,512,330.177
128,128,64,1024,563.565
128,128,64,2048,1056.09
128,128,64,4096,2217.38
128,256,0,0,25.963
128,256,1,16,32.6403
128,256,1,32,32.4163
128,256,1,64,32.6613
128,256,1,128,32.7157
128,256,1,256,32.47
128,256,1,512,42.4857
128,256,1,1024,64.95
128,256,1,2048,109.664
128,256,1,4096,199.915
128,256,2,16,32.6187
128,256,2,32,32.629
128,256,2,64,33.024
128,256,2,128,32.7143
128,256,2,256,32.886
128,256,2,512,42.9227
128,256,2,1024,65.0453
128,256,2,2048,110.55
128,256,2,4096,200.48
128,256,4,16,32.6187
128,256,4,32,32.598
128,256,4,64,32.9493
128,256,4,128,32.8427
128,256,4,256,33.9307
128,256,4,512,43.691
128,256,4,1024,66.6453
128,256,4,2048,112.288
128,256,4,4096,205.377
128,256,8,16,41.5253
128,256,8,32,41.3657
128,256,8,64,40.6503
128,256,8,128,45.5893
128,256,8,256,52.3203
128,256,8,512,69.8343
128,256,8,1024,112.426
128,256,8,2048,203.286
128,256,8,4096,380.673
128,256,16,16,51.5417
128,256,16,32,49.44
128,256,16,64,51.552
128,256,16,128,61.472
128,256,16,256,73.9627
128,256,16,512,105.088
128,256,16,1024,169.718
128,256,16,2048,303.115
128,256,16,4096,538.093
128,256,32,16,70.805
128,256,32,32,73.3973
128,256,32,64,71.211
128,256,32,128,97.2703
128,256,32,256,124.267
128,256,32,512,180.171
128,256,32,1024,292.247
128,256,32,2048,523.894
128,256,32,4096,988.376
128,256,64,16,114.891
128,256,64,32,114.336
128,256,64,64,114.721
128,256,64,128,165.408
128,256,64,256,219.904
128,256,64,512,330.795
128,256,64,1024,564.322
128,256,64,2048,1064.9
128,256,64,4096,2231.9
128,512,0,0,33.077
128,512,1,16,43.7333
128,512,1,32,43.861
128,512,1,64,43.6477
128,512,1,128,43.765
128,512,1,256,43.7023
128,512,1,512,43.755
128,512,1,1024,64.928
128,512,1,2048,109.174
128,512,1,4096,198.891
128,512,2,16,43.6483
128,512,2,32,43.36
128,512,2,64,43.7333
128,512,2,128,43.947
128,512,2,256,44.0753
128,512,2,512,43.9253
128,512,2,1024,64.9813
128,512,2,2048,110.731
128,512,2,4096,200.609
128,512,4,16,43.1573
128,512,4,32,43.3497
128,512,4,64,43.435
128,512,4,128,43.637
128,512,4,256,44.3627
128,512,4,512,45.024
128,512,4,1024,67.062
128,512,4,2048,112.566
128,512,4,4096,205.579
128,512,8,16,48.224
128,512,8,32,49.7287
128,512,8,64,50.016
128,512,8,128,52.7147
128,512,8,256,61.1733
128,512,8,512,73.92
128,512,8,1024,111.947
128,512,8,2048,199.243
128,512,8,4096,365.59
128,512,16,16,60.7467
128,512,16,32,60.2667
128,512,16,64,63.7333
128,512,16,128,72.608
128,512,16,256,82.528
128,512,16,512,107.595
128,512,16,1024,170.486
128,512,16,2048,302.743
128,512,16,4096,570.093
128,512,32,16,80.811
128,512,32,32,83.0083
128,512,32,64,84.235
128,512,32,128,105.121
128,512,32,256,132.299
128,512,32,512,185.334
128,512,32,1024,292.587
128,512,32,2048,522.423
128,512,32,4096,991.245
128,512,64,16,124.416
128,512,64,32,125.728
128,512,64,64,126.06
128,512,64,128,177.825
128,512,64,256,232.609
128,512,64,512,333.292
128,512,64,1024,566.252
128,512,64,2048,1079.28
128,512,64,4096,2242.62
128,1024,0,0,48.3733
128,1024,1,16,65.7387
128,1024,1,32,65.4403
128,1024,1,64,65.9953
128,1024,1,128,66.1867
128,1024,1,256,65.9847
128,1024,1,512,66.3473
128,1024,1,1024,66.496
128,1024,1,2048,109.995
128,1024,1,4096,198.358
128,1024,2,16,66.1547
128,1024,2,32,65.75
128,1024,2,64,65.739
128,1024,2,128,65.845
128,1024,2,256,66.0587
128,1024,2,512,66.24
128,1024,2,1024,66.219
128,1024,2,2048,110.037
128,1024,2,4096,201.035
128,1024,4,16,65.8773
128,1024,4,32,65.8033
128,1024,4,64,66.144
128,1024,4,128,65.835
128,1024,4,256,66.6987
128,1024,4,512,66.859
128,1024,4,1024,67.9467
128,1024,4,2048,113.142
128,1024,4,4096,205.153
128,1024,8,16,71.4133
128,1024,8,32,72.8957
128,1024,8,64,71.2323
128,1024,8,128,76.7893
128,1024,8,256,83.0077
128,1024,8,512,90.475
128,1024,8,1024,118.016
128,1024,8,2048,198.506
128,1024,8,4096,365.942
128,1024,16,16,82.8693
128,1024,16,32,81.4623
128,1024,16,64,84.3417
128,1024,16,128,92.9817
128,1024,16,256,102.56
128,1024,16,512,126.027
128,1024,16,1024,175.126
128,1024,16,2048,304.556
128,1024,16,4096,571.436
128,1024,32,16,106.603
128,1024,32,32,100.779
128,1024,32,64,102.977
128,1024,32,128,132.715
128,1024,32,256,154.966
128,1024,32,512,204.908
128,1024,32,1024,314.422
128,1024,32,2048,527.884
128,1024,32,4096,1007.33
128,1024,64,16,146.049
128,1024,64,32,146.668
128,1024,64,64,151.713
128,1024,64,128,200.662
128,1024,64,256,252.374
128,1024,64,512,354.124
128,1024,64,1024,569.186
128,1024,64,2048,1084.12
128,1024,64,4096,2273.25
128,2048,0,0,79.1147
128,2048,1,16,111.253
128,2048,1,32,110.901
128,2048,1,64,110.966
128,2048,1,128,111.297
128,2048,1,256,111.051
128,2048,1,512,110.987
128,2048,1,1024,111.744
128,2048,1,2048,111.467
128,2048,1,4096,198.784
128,2048,2,16,110.72
128,2048,2,32,110.603
128,2048,2,64,110.827
128,2048,2,128,110.795
128,2048,2,256,110.88
128,2048,2,512,111.04
128,2048,2,1024,111.009
128,2048,2,2048,111.435
128,2048,2,4096,200.64
128,2048,4,16,110.56
128,2048,4,32,110.496
128,2048,4,64,110.859
128,2048,4,128,110.304
128,2048,4,256,112.053
128,2048,4,512,111.616
128,2048,4,1024,112.139
128,2048,4,2048,114.688
128,2048,4,4096,206.976
128,2048,8,16,119.179
128,2048,8,32,119.04
128,2048,8,64,116.79
128,2048,8,128,123.894
128,2048,8,256,126.304
128,2048,8,512,135.457
128,2048,8,1024,157.333
128,2048,8,2048,206.593
128,2048,8,4096,369.526
128,2048,16,16,126.037
128,2048,16,32,127.029
128,2048,16,64,127.03
128,2048,16,128,136.395
128,2048,16,256,149.291
128,2048,16,512,169.568
128,2048,16,1024,219.424
128,2048,16,2048,312.918
128,2048,16,4096,576.172
128,2048,32,16,147.254
128,2048,32,32,147.734
128,2048,32,64,147.04
128,2048,32,128,165.75
128,2048,32,256,197.515
128,2048,32,512,247.67
128,2048,32,1024,343.852
128,2048,32,2048,567.863
128,2048,32,4096,1009.81
128,2048,64,16,192.896
128,2048,64,32,186.827
128,2048,64,64,188.631
128,2048,64,128,243.787
128,2048,64,256,294.796
128,2048,64,512,393.836
128,2048,64,1024,615.938
128,2048,64,2048,1061.51
128,2048,64,4096,2286.41
128,4096,0,0,139.797
128,4096,1,16,200.257
128,4096,1,32,200.373
128,4096,1,64,200.043
128,4096,1,128,200.054
128,4096,1,256,200.566
128,4096,1,512,200.279
128,4096,1,1024,200.245
128,4096,1,2048,201.248
128,4096,1,4096,201.536
128,4096,2,16,200.299
128,4096,2,32,200.107
128,4096,2,64,200.406
128,4096,2,128,201.184
128,4096,2,256,199.99
128,4096,2,512,200.363
128,4096,2,1024,200.523
128,4096,2,2048,200.79
128,4096,2,4096,201.461
128,4096,4,16,201.718
128,4096,4,32,200.705
128,4096,4,64,200.289
128,4096,4,128,200.619
128,4096,4,256,201.473
128,4096,4,512,202.336
128,4096,4,1024,203.104
128,4096,4,2048,202.23
128,4096,4,4096,208.448
128,4096,8,16,208.8
128,4096,8,32,207.115
128,4096,8,64,204.63
128,4096,8,128,210.581
128,4096,8,256,215.745
128,4096,8,512,222.262
128,4096,8,1024,249.665
128,4096,8,2048,284.033
128,4096,8,4096,384.097
128,4096,16,16,214.711
128,4096,16,32,216.342
128,4096,16,64,216.428
128,4096,16,128,225.803
128,4096,16,256,237.003
128,4096,16,512,260.043
128,4096,16,1024,302.358
128,4096,16,2048,383.127
128,4096,16,4096,587.544
128,4096,32,16,235.883
128,4096,32,32,234.891
128,4096,32,64,243.35
128,4096,32,128,266.891
128,4096,32,256,289.367
128,4096,32,512,320.556
128,4096,32,1024,434.839
128,4096,32,2048,629.687
128,4096,32,4096,1083.83
128,4096,64,16,271.745
128,4096,64,32,287.585
128,4096,64,64,279.457
128,4096,64,128,344.438
128,4096,64,256,375.712
128,4096,64,512,473.346
128,4096,64,1024,691.49
128,4096,64,2048,1166.47
128,4096,64,4096,2221.28
256,0,0,0,27.4457
256,0,1,16,27.2003
256,0,1,32,27.403
256,0,1,64,27.2753
256,0,1,128,27.5517
256,0,1,256,31.808
256,0,1,512,39.6807
256,0,1,1024,64.0107
256,0,1,2048,91.627
256,0,1,4096,197.312
256,0,2,16,27.5623
256,0,2,32,27.6693
256,0,2,64,27.4667
256,0,2,128,28.2133
256,0,2,256,33.131
256,0,2,512,43.5087
256,0,2,1024,66.3893
256,0,2,2048,111.552
256,0,2,4096,202.026
256,0,4,16,33.2373
256,0,4,32,33.696
256,0,4,64,34.3257
256,0,4,128,37.622
256,0,4,256,43.0613
256,0,4,512,54.7733
256,0,4,1024,76.822
256,0,4,2048,122.742
256,0,4,4096,213.28
256,0,8,16,37.7173
256,0,8,32,38.2187
256,0,8,64,38.9647
256,0,8,128,43.7977
256,0,8,256,53.7387
256,0,8,512,73.9843
256,0,8,1024,115.114
256,0,8,2048,188.278
256,0,8,4096,354.411
256,0,16,16,51.3383
256,0,16,32,51.819
256,0,16,64,51.0187
256,0,16,128,63.9573
256,0,16,256,79.2213
256,0,16,512,110.976
256,0,16,1024,176.672
256,0,16,2048,311.478
256,0,16,4096,562.146
256,0,32,16,76.3733
256,0,32,32,75.168
256,0,32,64,75.3173
256,0,32,128,101.419
256,0,32,256,131.883
256,0,32,512,189.12
256,0,32,1024,303.083
256,0,32,2048,534.018
256,0,32,4096,1000.13
256,0,64,16,126.252
256,0,64,32,125.537
256,0,64,64,126.283
256,0,64,128,178.465
256,0,64,256,236.865
256,0,64,512,345.815
256,0,64,1024,579.936
256,0,64,2048,1093.95
256,0,64,4096,2271.45
256,16,0,0,33.3337
256,16,1,16,31.9467
256,16,1,32,32.1497
256,16,1,64,31.9253
256,16,1,128,31.2963
256,16,1,256,33.312
256,16,1,512,41.5043
256,16,1,1024,60.9923
256,16,1,2048,108.875
256,16,1,4096,179.787
256,16,2,16,32.2453
256,16,2,32,32.864
256,16,2,64,32.437
256,16,2,128,32.3307
256,16,2,256,33.1737
256,16,2,512,43.4567
256,16,2,1024,65.6107
256,16,2,2048,111.445
256,16,2,4096,205.323
256,16,4,16,36.8637
256,16,4,32,36.9063
256,16,4,64,38.784
256,16,4,128,40.6827
256,16,4,256,46.059
256,16,4,512,56.555
256,16,4,1024,78.144
256,16,4,2048,123.403
256,16,4,4096,218.4
256,16,8,16,44.6297
256,16,8,32,43.083
256,16,8,64,42.5603
256,16,8,128,47.6697
256,16,8,256,54.2397
256,16,8,512,74.9013
256,16,8,1024,114.55
256,16,8,2048,196.545
256,16,8,4096,355.02
256,16,16,16,55.456
256,16,16,32,56.6827
256,16,16,64,57.1417
256,16,16,128,68.203
256,16,16,256,79.4137
256,16,16,512,111.35
256,16,16,1024,177.344
256,16,16,2048,312.118
256,16,16,4096,578.967
256,16,32,16,81.9843
256,16,32,32,79.6807
256,16,32,64,79.947
256,16,32,128,106.379
256,16,32,256,133.781
256,16,32,512,190.325
256,16,32,1024,304.075
256,16,32,2048,536.396
256,16,32,4096,1003.46
256,16,64,16,129.771
256,16,64,32,130.443
256,16,64,64,131.062
256,16,64,128,181.558
256,16,64,256,238.934
256,16,64,512,345.964
256,16,64,1024,580.205
256,16,64,2048,1094.46
256,16,64,4096,2288.51
256,32,0,0,33.28
256,32,1,16,31.115
256,32,1,32,32.7037
256,32,1,64,31.0183
256,32,1,128,30.8903
256,32,1,256,33.216
256,32,1,512,42.1017
256,32,1,1024,62.304
256,32,1,2048,100.406
256,32,1,4096,198.486
256,32,2,16,31.6587
256,32,2,32,32.32
256,32,2,64,31.648
256,32,2,128,31.2217
256,32,2,256,33.8133
256,32,2,512,43.701
256,32,2,1024,66.4953
256,32,2,2048,111.937
256,32,2,4096,202.571
256,32,4,16,37.6747
256,32,4,32,37.8773
256,32,4,64,37.7707
256,32,4,128,41.0667
256,32,4,256,45.6963
256,32,4,512,56.1387
256,32,4,1024,79.7333
256,32,4,2048,124.588
256,32,4,4096,215.947
256,32,8,16,41.696
256,32,8,32,43.221
256,32,8,64,43.2003
256,32,8,128,47.3067
256,32,8,256,54.987
256,32,8,512,74.2727
256,32,8,1024,114.443
256,32,8,2048,190.07
256,32,8,4096,345.548
256,32,16,16,57.4503
256,32,16,32,55.1787
256,32,16,64,56.6933
256,32,16,128,68.0213
256,32,16,256,80.8217
256,32,16,512,111.393
256,32,16,1024,177.836
256,32,16,2048,310.443
256,32,16,4096,579.682
256,32,32,16,81.1523
256,32,32,32,80.32
256,32,32,64,81.4403
256,32,32,128,105.963
256,32,32,256,133.878
256,32,32,512,191.189
256,32,32,1024,304.982
256,32,32,2048,534.349
256,32,32,4096,1003.91
256,32,64,16,130.219
256,32,64,32,131.776
256,32,64,64,134.122
256,32,64,128,182.955
256,32,64,256,239.148
256,32,64,512,347.073
256,32,64,1024,581.047
256,32,64,2048,1093.44
256,32,64,4096,2279.2
256,64,0,0,33.3757
256,64,1,16,31.1363
256,64,1,32,31.2857
256,64,1,64,31.0617
256,64,1,128,32.2767
256,64,1,256,33.248
256,64,1,512,42.997
256,64,1,1024,58.635
256,64,1,2048,100.875
256,64,1,4096,180.417
256,64,2,16,32.1813
256,64,2,32,32.5553
256,64,2,64,33.1417
256,64,2,128,31.787
256,64,2,256,33.8773
256,64,2,512,43.0507
256,64,2,1024,65.7063
256,64,2,2048,111.296
256,64,2,4096,202.283
256,64,4,16,37.1637
256,64,4,32,37.1413
256,64,4,64,37.4617
256,64,4,128,39.755
256,64,4,256,46.1547
256,64,4,512,56.4373
256,64,4,1024,80.107
256,64,4,2048,124.725
256,64,4,4096,217.046
256,64,8,16,43.1147
256,64,8,32,43.9793
256,64,8,64,43.435
256,64,8,128,46.9657
256,64,8,256,54.3893
256,64,8,512,74.9333
256,64,8,1024,113.43
256,64,8,2048,195.009
256,64,8,4096,343.115
256,64,16,16,56.651
256,64,16,32,55.541
256,64,16,64,57.376
256,64,16,128,68.0753
256,64,16,256,79.7547
256,64,16,512,111.275
256,64,16,1024,177.589
256,64,16,2048,311.328
256,64,16,4096,564.13
256,64,32,16,80.139
256,64,32,32,79.7973
256,64,32,64,79.5947
256,64,32,128,107.403
256,64,32,256,133.397
256,64,32,512,191.105
256,64,32,1024,305.836
256,64,32,2048,535.469
256,64,32,4096,1002.55
256,64,64,16,131.276
256,64,64,32,129.569
256,64,64,64,130.464
256,64,64,128,182.006
256,64,64,256,238.572
256,64,64,512,346.859
256,64,64,1024,580.77
256,64,64,2048,1096.69
256,64,64,4096,2277.83
256,128,0,0,33.7283
256,128,1,16,34.0163
256,128,1,32,34.006
256,128,1,64,33.6213
256,128,1,128,33.9523
256,128,1,256,33.9943
256,128,1,512,42.3257
256,128,1,1024,61.589
256,128,1,2048,101.974
256,128,1,4096,180.277
256,128,2,16,34.624
256,128,2,32,33.941
256,128,2,64,34.0477
256,128,2,128,33.888
256,128,2,256,34.421
256,128,2,512,43.84
256,128,2,1024,66.283
256,128,2,2048,111.627
256,128,2,4096,204.127
256,128,4,16,39.403
256,128,4,32,42.1867
256,128,4,64,38.8797
256,128,4,128,40.7997
256,128,4,256,49.9837
256,128,4,512,60.3943
256,128,4,1024,82.528
256,128,4,2048,127.232
256,128,4,4096,218.763
256,128,8,16,46.923
256,128,8,32,46.7203
256,128,8,64,47.904
256,128,8,128,50.7307
256,128,8,256,55.649
256,128,8,512,75.5517
256,128,8,1024,117.024
256,128,8,2048,201.985
256,128,8,4096,340.769
256,128,16,16,57.418
256,128,16,32,57.2693
256,128,16,64,60.992
256,128,16,128,68.6937
256,128,16,256,83.531
256,128,16,512,112.587
256,128,16,1024,178.187
256,128,16,2048,313.089
256,128,16,4096,580.94
256,128,32,16,84.3303
256,128,32,32,82.464
256,128,32,64,82.4107
256,128,32,128,106.582
256,128,32,256,134.987
256,128,32,512,191.628
256,128,32,1024,306.144
256,128,32,2048,536.14
256,128,32,4096,1002.54
256,128,64,16,132.661
256,128,64,32,132.459
256,128,64,64,132.299
256,128,64,128,183.84
256,128,64,256,240.288
256,128,64,512,347.478
256,128,64,1024,584.429
256,128,64,2048,1102.16
256,128,64,4096,2290.63
256,256,0,0,39.1467
256,256,1,16,39.3283
256,256,1,32,39.2213
256,256,1,64,39.5737
256,256,1,128,38.9337
256,256,1,256,39.6263
256,256,1,512,42.9547
256,256,1,1024,60.5867
256,256,1,2048,108.907
256,256,1,4096,183.616
256,256,2,16,39.2107
256,256,2,32,39.125
256,256,2,64,39.4983
256,256,2,128,39.168
256,256,2,256,39.2527
256,256,2,512,43.829
256,256,2,1024,67.6903
256,256,2,2048,111.552
256,256,2,4096,202.849
256,256,4,16,45.91
256,256,4,32,44.982
256,256,4,64,45.856
256,256,4,128,49.1947
256,256,4,256,50.7837
256,256,4,512,65.4077
256,256,4,1024,88.6407
256,256,4,2048,134.432
256,256,4,4096,225.718
256,256,8,16,52.4807
256,256,8,32,52.8963
256,256,8,64,53.8347
256,256,8,128,56.9067
256,256,8,256,61.2267
256,256,8,512,75.8407
256,256,8,1024,119.584
256,256,8,2048,202.432
256,256,8,4096,371.927
256,256,16,16,67.5947
256,256,16,32,65.792
256,256,16,64,64.704
256,256,16,128,77.632
256,256,16,256,89.5043
256,256,16,512,114.603
256,256,16,1024,179.691
256,256,16,2048,313.505
256,256,16,4096,582.903
256,256,32,16,90.8687
256,256,32,32,89.4933
256,256,32,64,92.5227
256,256,32,128,113.216
256,256,32,256,142.08
256,256,32,512,193.643
256,256,32,1024,314.081
256,256,32,2048,543.959
256,256,32,4096,1009.92
256,256,64,16,139.541
256,256,64,32,140.918
256,256,64,64,139.062
256,256,64,128,192.981
256,256,64,256,246.764
256,256,64,512,350.134
256,256,64,1024,584.652
256,256,64,2048,1111.33
256,256,64,4096,2300.8
256,512,0,0,50.7203
256,512,1,16,50.4
256,512,1,32,50.144
256,512,1,64,50.4637
256,512,1,128,50.1127
256,512,1,256,50.5603
256,512,1,512,50.2827
256,512,1,1024,64.3093
256,512,1,2048,108.865
256,512,1,4096,182.326
256,512,2,16,50.528
256,512,2,32,49.9947
256,512,2,64,50.219
256,512,2,128,50.624
256,512,2,256,50.6347
256,512,2,512,50.656
256,512,2,1024,67.4133
256,512,2,2048,112.544
256,512,2,4096,202.796
256,512,4,16,56.2667
256,512,4,32,55.787
256,512,4,64,55.2103
256,512,4,128,58.7203
256,512,4,256,62.539
256,512,4,512,68.8857
256,512,4,1024,99.648
256,512,4,2048,145.708
256,512,4,4096,235.691
256,512,8,16,63.584
256,512,8,32,64.3733
256,512,8,64,63.2103
256,512,8,128,73.5147
256,512,8,256,78.4327
256,512,8,512,84.5013
256,512,8,1024,120.459
256,512,8,2048,206.262
256,512,8,4096,371.915
256,512,16,16,75.381
256,512,16,32,79.9683
256,512,16,64,80.7467
256,512,16,128,90.8587
256,512,16,256,101.003
256,512,16,512,121.281
256,512,16,1024,181.878
256,512,16,2048,314.262
256,512,16,4096,586.637
256,512,32,16,103.808
256,512,32,32,107.051
256,512,32,64,101.302
256,512,32,128,132.011
256,512,32,256,154.731
256,512,32,512,202.422
256,512,32,1024,321.985
256,512,32,2048,555.724
256,512,32,4096,1033.09
256,512,64,16,151.478
256,512,64,32,152.641
256,512,64,64,155.66
256,512,64,128,203.916
256,512,64,256,259.904
256,512,64,512,360.652
256,512,64,1024,589.527
256,512,64,2048,1127.67
256,512,64,4096,2340.38
256,1024,0,0,72.9707
256,1024,1,16,72.1493
256,1024,1,32,72.6187
256,1024,1,64,72.608
256,1024,1,128,72.267
256,1024,1,256,72.8647
256,1024,1,512,72.7147
256,1024,1,1024,73.184
256,1024,1,2048,106.379
256,1024,1,4096,198.454
256,1024,2,16,72.6723
256,1024,2,32,72.3947
256,1024,2,64,72.5867
256,1024,2,128,72.7787
256,1024,2,256,73.0353
256,1024,2,512,73.2373
256,1024,2,1024,73.2367
256,1024,2,2048,114.613
256,1024,2,4096,204.096
256,1024,4,16,77.4293
256,1024,4,32,79.5843
256,1024,4,64,77.4407
256,1024,4,128,81.483
256,1024,4,256,83.5943
256,1024,4,512,91.2963
256,1024,4,1024,105.686
256,1024,4,2048,166.976
256,1024,4,4096,260.49
256,1024,8,16,86.7623
256,1024,8,32,86.0163
256,1024,8,64,85.0457
256,1024,8,128,94.9977
256,1024,8,256,102.902
256,1024,8,512,115.468
256,1024,8,1024,129.388
256,1024,8,2048,211.435
256,1024,8,4096,379.734
256,1024,16,16,102.027
256,1024,16,32,100.907
256,1024,16,64,103.221
256,1024,16,128,122.176
256,1024,16,256,133.173
256,1024,16,512,152.149
256,1024,16,1024,191.222
256,1024,16,2048,318.987
256,1024,16,4096,587.095
256,1024,32,16,134.165
256,1024,32,32,133.248
256,1024,32,64,128.885
256,1024,32,128,158.998
256,1024,32,256,185.323
256,1024,32,512,227.98
256,1024,32,1024,328.588
256,1024,32,2048,579.009
256,1024,32,4096,1063.54
256,1024,64,16,183.883
256,1024,64,32,181.59
256,1024,64,64,182.955
256,1024,64,128,234.604
256,1024,64,256,286.743
256,1024,64,512,386.924
256,1024,64,1024,609.752
256,1024,64,2048,1137.74
256,1024,64,4096,2363.31
256,2048,0,0,118.464
256,2048,1,16,116.854
256,2048,1,32,117.12
256,2048,1,64,117.141
256,2048,1,128,117.014
256,2048,1,256,117.494
256,2048,1,512,117.174
256,2048,1,1024,117.12
256,2048,1,2048,118.208
256,2048,1,4096,190.987
256,2048,2,16,117.024
256,2048,2,32,117.035
256,2048,2,64,117.504
256,2048,2,128,117.088
256,2048,2,256,117.324
256,2048,2,512,117.697
256,2048,2,1024,118.112
256,2048,2,2048,118.901
256,2048,2,4096,207.158
256,2048,4,16,122.933
256,2048,4,32,122.294
256,2048,4,64,124.865
256,2048,4,128,124.171
256,2048,4,256,128.341
256,2048,4,512,136.15
256,2048,4,1024,150.017
256,2048,4,2048,188.864
256,2048,4,4096,292.811
256,2048,8,16,132
256,2048,8,32,129.59
256,2048,8,64,131.776
256,2048,8,128,137.963
256,2048,8,256,149.664
256,2048,8,512,165.43
256,2048,8,1024,204.331
256,2048,8,2048,221.035
256,2048,8,4096,390.636
256,2048,16,16,145.728
256,2048,16,32,148.362
256,2048,16,64,147.755
256,2048,16,128,168.16
256,2048,16,256,186.102
256,2048,16,512,203.467
256,2048,16,1024,261.61
256,2048,16,2048,328.822
256,2048,16,4096,594.658
256,2048,32,16,181.387
256,2048,32,32,179.073
256,2048,32,64,187.691
256,2048,32,128,213.303
256,2048,32,256,241.376
256,2048,32,512,292.961
256,2048,32,1024,381.377
256,2048,32,2048,585.132
256,2048,32,4096,1113.58
256,2048,64,16,243.136
256,2048,64,32,237.74
256,2048,64,64,239.051
256,2048,64,128,298.539
256,2048,64,256,343.543
256,2048,64,512,440.918
256,2048,64,1024,660.151
256,2048,64,2048,1134.23
256,2048,64,4096,2361.7
256,4096,0,0,209.238
256,4096,1,16,205.302
256,4096,1,32,205.43
256,4096,1,64,205.11
256,4096,1,128,206.018
256,4096,1,256,205.526
256,4096,1,512,206.251
256,4096,1,1024,205.985
256,4096,1,2048,206.048
256,4096,1,4096,207.605
256,4096,2,16,206.091
256,4096,2,32,206.294
256,4096,2,64,206.294
256,4096,2,128,206.166
256,4096,2,256,206.038
256,4096,2,512,206.667
256,4096,2,1024,206.667
256,4096,2,2048,205.696
256,4096,2,4096,213.857
256,4096,4,16,212.736
256,4096,4,32,212.289
256,4096,4,64,213.505
256,4096,4,128,215.338
256,4096,4,256,217.078
256,4096,4,512,223.723
256,4096,4,1024,240.502
256,4096,4,2048,276.758
256,4096,4,4096,366.944
256,4096,8,16,217.953
256,4096,8,32,219.606
256,4096,8,64,221.644
256,4096,8,128,228.171
256,4096,8,256,235.489
256,4096,8,512,254.048
256,4096,8,1024,293.472
256,4096,8,2048,359.254
256,4096,8,4096,403.851
256,4096,16,16,237.665
256,4096,16,32,238.54
256,4096,16,64,233.878
256,4096,16,128,255.19
256,4096,16,256,271.19
256,4096,16,512,302.934
256,4096,16,1024,367.382
256,4096,16,2048,465.503
256,4096,16,4096,603.297
256,4096,32,16,269.653
256,4096,32,32,265.067
256,4096,32,64,270.881
256,4096,32,128,303.457
256,4096,32,256,333.02
256,4096,32,512,401.324
256,4096,32,1024,496.29
256,4096,32,2048,709.857
256,4096,32,4096,1100.73
256,4096,64,16,339.606
256,4096,64,32,337.932
256,4096,64,64,343.414
256,4096,64,128,407.553
256,4096,64,256,455.286
256,4096,64,512,572.77
256,4096,64,1024,773.485
256,4096,64,2048,1226.31
256,4096,64,4096,2339.82
512,0,0,0,53.2373
512,0,1,16,50.6983
512,0,1,32,52.4487
512,0,1,64,51.68
512,0,1,128,53.184
512,0,1,256,55.435
512,0,1,512,57.7817
512,0,1,1024,79.9147
512,0,1,2048,122.539
512,0,1,4096,188.822
512,0,2,16,54.7207
512,0,2,32,55.1573
512,0,2,64,53.6963
512,0,2,128,55.5733
512,0,2,256,56.779
512,0,2,512,63.222
512,0,2,1024,81.323
512,0,2,2048,129.355
512,0,2,4096,217.056
512,0,4,16,58.3147
512,0,4,32,57.7393
512,0,4,64,57.5147
512,0,4,128,61.333
512,0,4,256,63.68
512,0,4,512,74.3787
512,0,4,1024,100.704
512,0,4,2048,143.702
512,0,4,4096,238.326
512,0,8,16,68.907
512,0,8,32,65.2477
512,0,8,64,64.224
512,0,8,128,71.371
512,0,8,256,76.896
512,0,8,512,92.672
512,0,8,1024,133.238
512,0,8,2048,212.8
512,0,8,4096,376.225
512,0,16,16,81.291
512,0,16,32,82.688
512,0,16,64,82.2727
512,0,16,128,95.19
512,0,16,256,106.945
512,0,16,512,134.72
512,0,16,1024,197.962
512,0,16,2048,328.162
512,0,16,4096,595.746
512,0,32,16,114.485
512,0,32,32,114.176
512,0,32,64,115.445
512,0,32,128,138.741
512,0,32,256,165.344
512,0,32,512,218.699
512,0,32,1024,336.171
512,0,32,2048,569.505
512,0,32,4096,1055.32
512,0,64,16,179.852
512,0,64,32,179.307
512,0,64,64,180.235
512,0,64,128,229.953
512,0,64,256,281.462
512,0,64,512,387.265
512,0,64,1024,621.74
512,0,64,2048,1192.05
512,0,64,4096,2396.54
512,16,0,0,55.2637
512,16,1,16,55.7443
512,16,1,32,56.6293
512,16,1,64,57.056
512,16,1,128,57.1417
512,16,1,256,59.947
512,16,1,512,59.8187
512,16,1,1024,77.3767
512,16,1,2048,119.339
512,16,1,4096,205.952
512,16,2,16,57.0983
512,16,2,32,59.2213
512,16,2,64,61.3017
512,16,2,128,58.9337
512,16,2,256,61.8347
512,16,2,512,68.5867
512,16,2,1024,86.037
512,16,2,2048,131.382
512,16,2,4096,220.491
512,16,4,16,62.464
512,16,4,32,63.723
512,16,4,64,64.4693
512,16,4,128,66.2933
512,16,4,256,69.2373
512,16,4,512,75.2323
512,16,4,1024,101.43
512,16,4,2048,148.672
512,16,4,4096,239.371
512,16,8,16,70.56
512,16,8,32,71.2217
512,16,8,64,70.1653
512,16,8,128,77.099
512,16,8,256,84.598
512,16,8,512,97.185
512,16,8,1024,135.201
512,16,8,2048,216.619
512,16,8,4096,383.169
512,16,16,16,87.4557
512,16,16,32,87.158
512,16,16,64,89.099
512,16,16,128,101.846
512,16,16,256,111.051
512,16,16,512,137.344
512,16,16,1024,201.569
512,16,16,2048,332.076
512,16,16,4096,599.436
512,16,32,16,119.851
512,16,32,32,119.35
512,16,32,64,121.27
512,16,32,128,144.374
512,16,32,256,172.181
512,16,32,512,221.484
512,16,32,1024,340.033
512,16,32,2048,577.132
512,16,32,4096,1059.13
512,16,64,16,184.363
512,16,64,32,182.838
512,16,64,64,184.033
512,16,64,128,235.275
512,16,64,256,287.137
512,16,64,512,390.582
512,16,64,1024,626.625
512,16,64,2048,1196.11
512,16,64,4096,2411.84
512,32,0,0,55.168
512,32,1,16,57.5683
512,32,1,32,56.16
512,32,1,64,58.0477
512,32,1,128,57.8137
512,32,1,256,60.704
512,32,1,512,61.792
512,32,1,1024,79.947
512,32,1,2048,117.323
512,32,1,4096,211.809
512,32,2,16,57.9103
512,32,2,32,60.192
512,32,2,64,60.5867
512,32,2,128,61.344
512,32,2,256,60.939
512,32,2,512,63.8293
512,32,2,1024,84.843
512,32,2,2048,129.878
512,32,2,4096,219.883
512,32,4,16,65.824
512,32,4,32,64.406
512,32,4,64,64.4163
512,32,4,128,65.9947
512,32,4,256,70.7307
512,32,4,512,76.341
512,32,4,1024,101.931
512,32,4,2048,148.384
512,32,4,4096,242.678
512,32,8,16,70.5067
512,32,8,32,70.219
512,32,8,64,72.981
512,32,8,128,74.7947
512,32,8,256,84.4797
512,32,8,512,96.31
512,32,8,1024,134.517
512,32,8,2048,217.643
512,32,8,4096,386.188
512,32,16,16,89.525
512,32,16,32,88.331
512,32,16,64,87.4667
512,32,16,128,100.15
512,32,16,256,111.403
512,32,16,512,139.116
512,32,16,1024,202.752
512,32,16,2048,330.689
512,32,16,4096,598.369
512,32,32,16,119.872
512,32,32,32,118.742
512,32,32,64,118.859
512,32,32,128,143.286
512,32,32,256,168.011
512,32,32,512,222.763
512,32,32,1024,338.177
512,32,32,2048,575.917
512,32,32,4096,1059.73
512,32,64,16,183.392
512,32,64,32,185.131
512,32,64,64,183.756
512,32,64,128,234.805
512,32,64,256,292.193
512,32,64,512,390.689
512,32,64,1024,623.19
512,32,64,2048,1198.11
512,32,64,4096,2401.56
512,64,0,0,56.3953
512,64,1,16,58.123
512,64,1,32,56.7787
512,64,1,64,58.1657
512,64,1,128,59.0407
512,64,1,256,59.2217
512,64,1,512,59.499
512,64,1,1024,77.4507
512,64,1,2048,124.63
512,64,1,4096,207.137
512,64,2,16,60.0643
512,64,2,32,59.0723
512,64,2,64,60.2347
512,64,2,128,59.5837
512,64,2,256,62.645
512,64,2,512,67.0503
512,64,2,1024,85.0133
512,64,2,2048,127.744
512,64,2,4096,218.55
512,64,4,16,61.6543
512,64,4,32,63.4997
512,64,4,64,62.368
512,64,4,128,64.4907
512,64,4,256,68.8963
512,64,4,512,75.68
512,64,4,1024,99.2217
512,64,4,2048,146.347
512,64,4,4096,240.523
512,64,8,16,72.4477
512,64,8,32,73.035
512,64,8,64,72.139
512,64,8,128,76.8747
512,64,8,256,84.128
512,64,8,512,98.3677
512,64,8,1024,133.408
512,64,8,2048,217.728
512,64,8,4096,392.683
512,64,16,16,86.912
512,64,16,32,85.2053
512,64,16,64,87.361
512,64,16,128,99.3397
512,64,16,256,111.649
512,64,16,512,137.238
512,64,16,1024,202.187
512,64,16,2048,330.902
512,64,16,4096,600.503
512,64,32,16,120.459
512,64,32,32,120.118
512,64,32,64,118.037
512,64,32,128,144.033
512,64,32,256,171.403
512,64,32,512,222.475
512,64,32,1024,339.18
512,64,32,2048,580.279
512,64,32,4096,1056.85
512,64,64,16,184.737
512,64,64,32,185.558
512,64,64,64,184.417
512,64,64,128,237.132
512,64,64,256,287.542
512,64,64,512,389.388
512,64,64,1024,625.196
512,64,64,2048,1195.96
512,64,64,4096,2402.82
512,128,0,0,63.5623
512,128,1,16,61.984
512,128,1,32,61.227
512,128,1,64,62.7627
512,128,1,128,63.115
512,128,1,256,64.2773
512,128,1,512,65.0777
512,128,1,1024,79.9683
512,128,1,2048,127.063
512,128,1,4096,216.598
512,128,2,16,62.6453
512,128,2,32,65.2373
512,128,2,64,60.1813
512,128,2,128,65.9093
512,128,2,256,68.7997
512,128,2,512,69.7073
512,128,2,1024,86.8587
512,128,2,2048,131.936
512,128,2,4096,219.841
512,128,4,16,66.7733
512,128,4,32,69.227
512,128,4,64,69.0343
512,128,4,128,71.5203
512,128,4,256,73.2157
512,128,4,512,79.1787
512,128,4,1024,105.781
512,128,4,2048,150.581
512,128,4,4096,249.068
512,128,8,16,76.0107
512,128,8,32,76.47
512,128,8,64,75.3493
512,128,8,128,84.011
512,128,8,256,87.563
512,128,8,512,101.515
512,128,8,1024,137.643
512,128,8,2048,219.115
512,128,8,4096,385.474
512,128,16,16,91.4773
512,128,16,32,91.0403
512,128,16,64,95.7447
512,128,16,128,104.214
512,128,16,256,116.64
512,128,16,512,142.315
512,128,16,1024,206.625
512,128,16,2048,332.118
512,128,16,4096,603.05
512,128,32,16,125.761
512,128,32,32,122.369
512,128,32,64,123.649
512,128,32,128,152.491
512,128,32,256,176.534
512,128,32,512,225.601
512,128,32,1024,342.294
512,128,32,2048,578.359
512,128,32,4096,1068.32
512,128,64,16,187.072
512,128,64,32,187.297
512,128,64,64,189.707
512,128,64,128,240.918
512,128,64,256,290.764
512,128,64,512,394.252
512,128,64,1024,629.921
512,128,64,2048,1194.85
512,128,64,4096,2427.32
512,256,0,0,73.4083
512,256,1,16,72.459
512,256,1,32,72.2237
512,256,1,64,72.3097
512,256,1,128,74.0807
512,256,1,256,73.984
512,256,1,512,75.0397
512,256,1,1024,85.7497
512,256,1,2048,125.205
512,256,1,4096,219.328
512,256,2,16,75.051
512,256,2,32,73.3337
512,256,2,64,74.2293
512,256,2,128,74.8487
512,256,2,256,76
512,256,2,512,78.0797
512,256,2,1024,94.1867
512,256,2,2048,141.75
512,256,2,4096,228.043
512,256,4,16,78.8907
512,256,4,32,77.5257
512,256,4,64,77.547
512,256,4,128,80.2023
512,256,4,256,80.5973
512,256,4,512,85.0133
512,256,4,1024,114.454
512,256,4,2048,161.942
512,256,4,4096,252.62
512,256,8,16,86.453
512,256,8,32,86.774
512,256,8,64,82.8373
512,256,8,128,91.2963
512,256,8,256,97.5257
512,256,8,512,108.779
512,256,8,1024,145.013
512,256,8,2048,222.304
512,256,8,4096,395.03
512,256,16,16,102.155
512,256,16,32,98.7947
512,256,16,64,100.32
512,256,16,128,116.342
512,256,16,256,125.493
512,256,16,512,153.793
512,256,16,1024,212.502
512,256,16,2048,340.993
512,256,16,4096,605.239
512,256,32,16,134.219
512,256,32,32,132.619
512,256,32,64,132.812
512,256,32,128,159.02
512,256,32,256,183.553
512,256,32,512,233.462
512,256,32,1024,349.28
512,256,32,2048,590.796
512,256,32,4096,1087.85
512,256,64,16,195.766
512,256,64,32,196.363
512,256,64,64,198.88
512,256,64,128,250.721
512,256,64,256,303.436
512,256,64,512,400.919
512,256,64,1024,635.745
512,256,64,2048,1208.22
512,256,64,4096,2435.42
512,512,0,0,96.363
512,512,1,16,92.821
512,512,1,32,94.528
512,512,1,64,94.688
512,512,1,128,96.4807
512,512,1,256,95.6373
512,512,1,512,94.4533
512,512,1,1024,103.082
512,512,1,2048,135.606
512,512,1,4096,216.428
512,512,2,16,93.4083
512,512,2,32,94.2083
512,512,2,64,96.6197
512,512,2,128,94.496
512,512,2,256,96.3627
512,512,2,512,98.5813
512,512,2,1024,106.55
512,512,2,2048,148.512
512,512,2,4096,235.532
512,512,4,16,95.5733
512,512,4,32,100.022
512,512,4,64,98.379
512,512,4,128,101.12
512,512,4,256,102.368
512,512,4,512,105.846
512,512,4,1024,120.192
512,512,4,2048,180.758
512,512,4,4096,270.176
512,512,8,16,105.365
512,512,8,32,103.393
512,512,8,64,103.532
512,512,8,128,110.763
512,512,8,256,115.83
512,512,8,512,127.338
512,512,8,1024,160.79
512,512,8,2048,232.299
512,512,8,4096,400.033
512,512,16,16,117.409
512,512,16,32,119.819
512,512,16,64,120.896
512,512,16,128,137.025
512,512,16,256,146.827
512,512,16,512,171.382
512,512,16,1024,225.142
512,512,16,2048,350.849
512,512,16,4096,618.881
512,512,32,16,153.963
512,512,32,32,154.016
512,512,32,64,152.661
512,512,32,128,184.448
512,512,32,256,208.609
512,512,32,512,251.468
512,512,32,1024,361.259
512,512,32,2048,604.951
512,512,32,4096,1115.37
512,512,64,16,217.313
512,512,64,32,217.323
512,512,64,64,218.987
512,512,64,128,268.022
512,512,64,256,323.126
512,512,64,512,419.297
512,512,64,1024,646.338
512,512,64,2048,1227.2
512,512,64,4096,2440.11
512,1024,0,0,133.824
512,1024,1,16,135.446
512,1024,1,32,136.075
512,1024,1,64,136.342
512,1024,1,128,135.98
512,1024,1,256,138.731
512,1024,1,512,139.061
512,1024,1,1024,139.424
512,1024,1,2048,160.908
512,1024,1,4096,223.275
512,1024,2,16,140.086
512,1024,2,32,136.843
512,1024,2,64,139.254
512,1024,2,128,139.125
512,1024,2,256,140.235
512,1024,2,512,140.267
512,1024,2,1024,143.371
512,1024,2,2048,171.702
512,1024,2,4096,252.225
512,1024,4,16,139.275
512,1024,4,32,139.264
512,1024,4,64,139.936
512,1024,4,128,138.198
512,1024,4,256,142.005
512,1024,4,512,144.107
512,1024,4,1024,148.363
512,1024,4,2048,198.166
512,1024,4,4096,308.833
512,1024,8,16,144.427
512,1024,8,32,144.918
512,1024,8,64,145.568
512,1024,8,128,150.838
512,1024,8,256,153.771
512,1024,8,512,167.596
512,1024,8,1024,194.411
512,1024,8,2048,261.632
512,1024,8,4096,407.585
512,1024,16,16,157.398
512,1024,16,32,163.051
512,1024,16,64,160.63
512,1024,16,128,176.171
512,1024,16,256,187.126
512,1024,16,512,205.472
512,1024,16,1024,257.185
512,1024,16,2048,384.033
512,1024,16,4096,639.212
512,1024,32,16,194.443
512,1024,32,32,191.318
512,1024,32,64,193.953
512,1024,32,128,220.556
512,1024,32,256,245.11
512,1024,32,512,295.937
512,1024,32,1024,397.228
512,1024,32,2048,626.754
512,1024,32,4096,1153.87
512,1024,64,16,260.854
512,1024,64,32,260.577
512,1024,64,64,261.665
512,1024,64,128,317.335
512,1024,64,256,369.643
512,1024,64,512,462.624
512,1024,64,1024,681.079
512,1024,64,2048,1216.47
512,1024,64,4096,2458.65
512,2048,0,0,206.496
512,2048,1,16,218.913
512,2048,1,32,198.123
512,2048,1,64,203.584
512,2048,1,128,214.838
512,2048,1,256,222.4
512,2048,1,512,207.692
512,2048,1,1024,217.131
512,2048,1,2048,227.808
512,2048,1,4096,277.409
512,2048,2,16,217.985
512,2048,2,32,221.067
512,2048,2,64,224.491
512,2048,2,128,216.832
512,2048,2,256,219.328
512,2048,2,512,227.265
512,2048,2,1024,225.355
512,2048,2,2048,230.22
512,2048,2,4096,300.598
512,2048,4,16,224.373
512,2048,4,32,218.838
512,2048,4,64,223.712
512,2048,4,128,226.294
512,2048,4,256,227.35
512,2048,4,512,232.129
512,2048,4,1024,232.715
512,2048,4,2048,236.939
512,2048,4,4096,361.408
512,2048,8,16,226.411
512,2048,8,32,226.806
512,2048,8,64,232.181
512,2048,8,128,233.494
512,2048,8,256,235.062
512,2048,8,512,242.208
512,2048,8,1024,263.841
512,2048,8,2048,320.352
512,2048,8,4096,473.345
512,2048,16,16,241.333
512,2048,16,32,242.101
512,2048,16,64,240.256
512,2048,16,128,256.853
512,2048,16,256,262.667
512,2048,16,512,286.197
512,2048,16,1024,342.646
512,2048,16,2048,435.265
512,2048,16,4096,700.919
512,2048,32,16,271.574
512,2048,32,32,270.753
512,2048,32,64,266.134
512,2048,32,128,290.166
512,2048,32,256,326.412
512,2048,32,512,373.751
512,2048,32,1024,474.999
512,2048,32,2048,666.732
512,2048,32,4096,1197.84
512,2048,64,16,335.904
512,2048,64,32,340.449
512,2048,64,64,340.256
512,2048,64,128,395.638
512,2048,64,256,452.822
512,2048,64,512,551.585
512,2048,64,1024,763.788
512,2048,64,2048,1240.48
512,2048,64,4096,2483.09
512,4096,0,0,338.561
512,4096,1,16,342.721
512,4096,1,32,342.57
512,4096,1,64,340.715
512,4096,1,128,341.611
512,4096,1,256,351.328
512,4096,1,512,354.635
512,4096,1,1024,366.134
512,4096,1,2048,370.465
512,4096,1,4096,378.198
512,4096,2,16,344.278
512,4096,2,32,344.534
512,4096,2,64,344.139
512,4096,2,128,346.039
512,4096,2,256,352.801
512,4096,2,512,366.348
512,4096,2,1024,388.033
512,4096,2,2048,399.776
512,4096,2,4096,406.838
512,4096,4,16,347.531
512,4096,4,32,348.289
512,4096,4,64,370.006
512,4096,4,128,397.462
512,4096,4,256,387.766
512,4096,4,512,401.334
512,4096,4,1024,395.915
512,4096,4,2048,408.674
512,4096,4,4096,419.489
512,4096,8,16,392.983
512,4096,8,32,390.721
512,4096,8,64,405.302
512,4096,8,128,397.483
512,4096,8,256,405.217
512,4096,8,512,408.588
512,4096,8,1024,416.555
512,4096,8,2048,468.822
512,4096,8,4096,555.692
512,4096,16,16,406.379
512,4096,16,32,414.006
512,4096,16,64,409.922
512,4096,16,128,420.342
512,4096,16,256,424.811
512,4096,16,512,448.524
512,4096,16,1024,488.78
512,4096,16,2048,603.35
512,4096,16,4096,800.706
512,4096,32,16,436.726
512,4096,32,32,435.916
512,4096,32,64,429.644
512,4096,32,128,464.289
512,4096,32,256,482.859
512,4096,32,512,532.267
512,4096,32,1024,649.964
512,4096,32,2048,837.133
512,4096,32,4096,1222.55
512,4096,64,16,490.486
512,4096,64,32,491.233
512,4096,64,64,502.284
512,4096,64,128,547.447
512,4096,64,256,610.828
512,4096,64,512,717.751
512,4096,64,1024,924.099
512,4096,64,2048,1385.28
512,4096,64,4096,2465.75
1024,0,0,0,115.66
1024,0,1,16,116.769
1024,0,1,32,116.651
1024,0,1,64,115.104
1024,0,1,128,115.915
1024,0,1,256,116.886
1024,0,1,512,118.54
1024,0,1,1024,120.032
1024,0,1,2048,156
1024,0,1,4096,234.294
1024,0,2,16,119.158
1024,0,2,32,117.291
1024,0,2,64,117.888
1024,0,2,128,118.72
1024,0,2,256,122.72
1024,0,2,512,125.355
1024,0,2,1024,130.71
1024,0,2,2048,177.376
1024,0,2,4096,259.873
1024,0,4,16,124.747
1024,0,4,32,123.361
1024,0,4,64,122.645
1024,0,4,128,126.272
1024,0,4,256,134.827
1024,0,4,512,139.105
1024,0,4,1024,154.668
1024,0,4,2048,215.137
1024,0,4,4096,304.62
1024,0,8,16,137.632
1024,0,8,32,137.153
1024,0,8,64,134.123
1024,0,8,128,144.715
1024,0,8,256,148.811
1024,0,8,512,159.787
1024,0,8,1024,189.579
1024,0,8,2048,268.491
1024,0,8,4096,432.342
1024,0,16,16,161.226
1024,0,16,32,162.497
1024,0,16,64,160.736
1024,0,16,128,173.003
1024,0,16,256,187.2
1024,0,16,512,210.539
1024,0,16,1024,264.566
1024,0,16,2048,397.217
1024,0,16,4096,656.492
1024,0,32,16,213.387
1024,0,32,32,208.641
1024,0,32,64,212.161
1024,0,32,128,232.46
1024,0,32,256,257.888
1024,0,32,512,306.572
1024,0,32,1024,412.267
1024,0,32,2048,655.757
1024,0,32,4096,1197.11
1024,0,64,16,301.238
1024,0,64,32,306.721
1024,0,64,64,303.648
1024,0,64,128,352.928
1024,0,64,256,403.756
1024,0,64,512,499.394
1024,0,64,1024,724.268
1024,0,64,2048,1280.4
1024,0,64,4096,2523.41
1024,16,0,0,120.224
1024,16,1,16,123.243
1024,16,1,32,121.664
1024,16,1,64,122.336
1024,16,1,128,123.286
1024,16,1,256,126.465
1024,16,1,512,128.459
1024,16,1,1024,129.696
1024,16,1,2048,157.803
1024,16,1,4096,249.739
1024,16,2,16,126.048
1024,16,2,32,124.725
1024,16,2,64,125.675
1024,16,2,128,125.92
1024,16,2,256,132.043
1024,16,2,512,133.259
1024,16,2,1024,139.979
1024,16,2,2048,183.936
1024,16,2,4096,275.948
1024,16,4,16,133.216
1024,16,4,32,136.555
1024,16,4,64,134.784
1024,16,4,128,134.838
1024,16,4,256,138.485
1024,16,4,512,144.929
1024,16,4,1024,161.749
1024,16,4,2048,213.92
1024,16,4,4096,318.336
1024,16,8,16,145.194
1024,16,8,32,148.374
1024,16,8,64,145.526
1024,16,8,128,148.235
1024,16,8,256,159.734
1024,16,8,512,171.318
1024,16,8,1024,195.712
1024,16,8,2048,277.91
1024,16,8,4096,428.587
1024,16,16,16,168.747
1024,16,16,32,166.005
1024,16,16,64,169.216
1024,16,16,128,185.729
1024,16,16,256,197.867
1024,16,16,512,221.611
1024,16,16,1024,272.608
1024,16,16,2048,405.069
1024,16,16,4096,664.279
1024,16,32,16,218.7
1024,16,32,32,220.267
1024,16,32,64,215.499
1024,16,32,128,244.651
1024,16,32,256,270.507
1024,16,32,512,317.046
1024,16,32,1024,420.641
1024,16,32,2048,662.039
1024,16,32,4096,1212.28
1024,16,64,16,315.105
1024,16,64,32,315.308
1024,16,64,64,307.34
1024,16,64,128,361.612
1024,16,64,256,410.529
1024,16,64,512,511.074
1024,16,64,1024,731.799
1024,16,64,2048,1284.62
1024,16,64,4096,2529.31
1024,32,0,0,119.488
1024,32,1,16,124.426
1024,32,1,32,123.628
1024,32,1,64,122.752
1024,32,1,128,122.635
1024,32,1,256,122.816
1024,32,1,512,126.464
1024,32,1,1024,129.846
1024,32,1,2048,161.344
1024,32,1,4096,246.187
1024,32,2,16,124.822
1024,32,2,32,126.421
1024,32,2,64,127.467
1024,32,2,128,127.914
1024,32,2,256,130.464
1024,32,2,512,131.851
1024,32,2,1024,139.137
1024,32,2,2048,177.483
1024,32,2,4096,260.705
1024,32,4,16,132.779
1024,32,4,32,134.944
1024,32,4,64,130.678
1024,32,4,128,137.802
1024,32,4,256,138.816
1024,32,4,512,146.538
1024,32,4,1024,159.158
1024,32,4,2048,217.665
1024,32,4,4096,311.51
1024,32,8,16,144.203
1024,32,8,32,145.067
1024,32,8,64,147.681
1024,32,8,128,151.596
1024,32,8,256,155.99
1024,32,8,512,169.729
1024,32,8,1024,196.791
1024,32,8,2048,281.227
1024,32,8,4096,426.294
1024,32,16,16,171.371
1024,32,16,32,169.59
1024,32,16,64,169.078
1024,32,16,128,178.614
1024,32,16,256,197.067
1024,32,16,512,221.547
1024,32,16,1024,268.812
1024,32,16,2048,402.272
1024,32,16,4096,659.447
1024,32,32,16,219.35
1024,32,32,32,218.763
1024,32,32,64,217.057
1024,32,32,128,245.504
1024,32,32,256,271.009
1024,32,32,512,315.201
1024,32,32,1024,419.756
1024,32,32,2048,668.802
1024,32,32,4096,1204.72
1024,32,64,16,310.754
1024,32,64,32,308.267
1024,32,64,64,312.247
1024,32,64,128,360.929
1024,32,64,256,411.041
1024,32,64,512,510.518
1024,32,64,1024,729.367
1024,32,64,2048,1279.69
1024,32,64,4096,2532.86
1024,64,0,0,122.336
1024,64,1,16,121.366
1024,64,1,32,122.88
1024,64,1,64,119.787
1024,64,1,128,123.061
1024,64,1,256,126.688
1024,64,1,512,128.587
1024,64,1,1024,130.922
1024,64,1,2048,164.907
1024,64,1,4096,240.897
1024,64,2,16,129.099
1024,64,2,32,123.605
1024,64,2,64,127.413
1024,64,2,128,128.79
1024,64,2,256,130.592
1024,64,2,512,131.051
1024,64,2,1024,140.779
1024,64,2,2048,176.181
1024,64,2,4096,267.82
1024,64,4,16,132.384
1024,64,4,32,133.867
1024,64,4,64,133.888
1024,64,4,128,135.008
1024,64,4,256,140.917
1024,64,4,512,144.533
1024,64,4,1024,160.544
1024,64,4,2048,216.832
1024,64,4,4096,315.628
1024,64,8,16,145.643
1024,64,8,32,142.891
1024,64,8,64,143.691
1024,64,8,128,151.019
1024,64,8,256,158.496
1024,64,8,512,171.36
1024,64,8,1024,195.467
1024,64,8,2048,272.374
1024,64,8,4096,440.61
1024,64,16,16,168.726
1024,64,16,32,168.48
1024,64,16,64,169.11
1024,64,16,128,186.805
1024,64,16,256,195.531
1024,64,16,512,220.982
1024,64,16,1024,271.521
1024,64,16,2048,403.99
1024,64,16,4096,659.394
1024,64,32,16,215.51
1024,64,32,32,217.27
1024,64,32,64,216.811
1024,64,32,128,243.809
1024,64,32,256,264.277
1024,64,32,512,311.948
1024,64,32,1024,420.429
1024,64,32,2048,664.344
1024,64,32,4096,1210.04
1024,64,64,16,313.9
1024,64,64,32,308.427
1024,64,64,64,311.841
1024,64,64,128,362.284
1024,64,64,256,412.396
1024,64,64,512,508.492
1024,64,64,1024,730.957
1024,64,64,2048,1281.85
1024,64,64,4096,2535.38
1024,128,0,0,126.827
1024,128,1,16,131.478
1024,128,1,32,129.077
1024,128,1,64,129.376
1024,128,1,128,132.075
1024,128,1,256,133.056
1024,128,1,512,132.417
1024,128,1,1024,139.211
1024,128,1,2048,168.779
1024,128,1,4096,234.23
1024,128,2,16,132.161
1024,128,2,32,134.411
1024,128,2,64,135.531
1024,128,2,128,138.006
1024,128,2,256,136.438
1024,128,2,512,138.858
1024,128,2,1024,147.563
1024,128,2,2048,191.445
1024,128,2,4096,285.28
1024,128,4,16,140.502
1024,128,4,32,138.902
1024,128,4,64,139.307
1024,128,4,128,142.731
1024,128,4,256,148.15
1024,128,4,512,152.896
1024,128,4,1024,164.896
1024,128,4,2048,217.964
1024,128,4,4096,325.42
1024,128,8,16,156.054
1024,128,8,32,150.699
1024,128,8,64,151.253
1024,128,8,128,162.027
1024,128,8,256,164.544
1024,128,8,512,178.614
1024,128,8,1024,202.987
1024,128,8,2048,286.924
1024,128,8,4096,445.175
1024,128,16,16,175.318
1024,128,16,32,179.095
1024,128,16,64,178.113
1024,128,16,128,189.088
1024,128,16,256,203.499
1024,128,16,512,221.291
1024,128,16,1024,278.017
1024,128,16,2048,408.46
1024,128,16,4096,668.909
1024,128,32,16,224.086
1024,128,32,32,230.06
1024,128,32,64,223.659
1024,128,32,128,245.835
1024,128,32,256,274.785
1024,128,32,512,320.865
1024,128,32,1024,426.23
1024,128,32,2048,670.199
1024,128,32,4096,1216.75
1024,128,64,16,315.265
1024,128,64,32,319.756
1024,128,64,64,316.95
1024,128,64,128,371.456
1024,128,64,256,419.062
1024,128,64,512,517.132
1024,128,64,1024,735.885
1024,128,64,2048,1284.39
1024,128,64,4096,2535.86
1024,256,0,0,145.045
1024,256,1,16,145.174
1024,256,1,32,148.523
1024,256,1,64,147.382
1024,256,1,128,146.624
1024,256,1,256,148.406
1024,256,1,512,149.675
1024,256,1,1024,152.907
1024,256,1,2048,183.317
1024,256,1,4096,252.117
1024,256,2,16,149.131
1024,256,2,32,146.955
1024,256,2,64,149.483
1024,256,2,128,148.181
1024,256,2,256,153.419
1024,256,2,512,157.856
1024,256,2,1024,162.785
1024,256,2,2048,195.35
1024,256,2,4096,290.721
1024,256,4,16,157.697
1024,256,4,32,155.574
1024,256,4,64,152.747
1024,256,4,128,164.95
1024,256,4,256,162.144
1024,256,4,512,169.953
1024,256,4,1024,177.899
1024,256,4,2048,231.51
1024,256,4,4096,341.579
1024,256,8,16,168.235
1024,256,8,32,166.549
1024,256,8,64,169.515
1024,256,8,128,173.1
1024,256,8,256,182.454
1024,256,8,512,193.441
1024,256,8,1024,215.339
1024,256,8,2048,292.918
1024,256,8,4096,459.328
1024,256,16,16,194.774
1024,256,16,32,193.089
1024,256,16,64,191.381
1024,256,16,128,205.995
1024,256,16,256,219.317
1024,256,16,512,246.933
1024,256,16,1024,293.9
1024,256,16,2048,422.209
1024,256,16,4096,686.295
1024,256,32,16,242.368
1024,256,32,32,240.172
1024,256,32,64,238.422
1024,256,32,128,266.155
1024,256,32,256,295.627
1024,256,32,512,339.638
1024,256,32,1024,442.22
1024,256,32,2048,681.634
1024,256,32,4096,1238.68
1024,256,64,16,331.915
1024,256,64,32,332.545
1024,256,64,64,333.878
1024,256,64,128,387.745
1024,256,64,256,434.198
1024,256,64,512,537.708
1024,256,64,1024,754.22
1024,256,64,2048,1292.05
1024,256,64,4096,2539.14
1024,512,0,0,177.429
1024,512,1,16,178.603
1024,512,1,32,180.502
1024,512,1,64,176.992
1024,512,1,128,179.114
1024,512,1,256,180.118
1024,512,1,512,182.998
1024,512,1,1024,182.838
1024,512,1,2048,201.206
1024,512,1,4096,275.339
1024,512,2,16,182.134
1024,512,2,32,180.053
1024,512,2,64,176.992
1024,512,2,128,184.672
1024,512,2,256,183.435
1024,512,2,512,185.131
1024,512,2,1024,192.619
1024,512,2,2048,215.541
1024,512,2,4096,310.998
1024,512,4,16,186.496
1024,512,4,32,190.869
1024,512,4,64,189.717
1024,512,4,128,191.489
1024,512,4,256,194.496
1024,512,4,512,195.861
1024,512,4,1024,207.19
1024,512,4,2048,252.545
1024,512,4,4096,368.502
1024,512,8,16,194.506
1024,512,8,32,197.141
1024,512,8,64,198.027
1024,512,8,128,210.496
1024,512,8,256,208.918
1024,512,8,512,225.686
1024,512,8,1024,247.019
1024,512,8,2048,317.344
1024,512,8,4096,483.093
1024,512,16,16,221.43
1024,512,16,32,224.63
1024,512,16,64,222.005
1024,512,16,128,242.198
1024,512,16,256,251.093
1024,512,16,512,277.921
1024,512,16,1024,321.408
1024,512,16,2048,446.252
1024,512,16,4096,715.787
1024,512,32,16,274.699
1024,512,32,32,278.838
1024,512,32,64,269.472
1024,512,32,128,297.579
1024,512,32,256,319.82
1024,512,32,512,372.47
1024,512,32,1024,471.233
1024,512,32,2048,708.759
1024,512,32,4096,1247.03
1024,512,64,16,368.545
1024,512,64,32,370.689
1024,512,64,64,363.147
1024,512,64,128,418.166
1024,512,64,256,467.5
1024,512,64,512,562.721
1024,512,64,1024,782.349
1024,512,64,2048,1302.02
1024,512,64,4096,2548.32
1024,1024,0,0,238.806
1024,1024,1,16,246.305
1024,1024,1,32,239.861
1024,1024,1,64,239.809
1024,1024,1,128,242.998
1024,1024,1,256,246.037
1024,1024,1,512,247.158
1024,1024,1,1024,244.694
1024,1024,1,2048,255.979
1024,1024,1,4096,312.695
1024,1024,2,16,244.352
1024,1024,2,32,244.459
1024,1024,2,64,248.054
1024,1024,2,128,246.838
1024,1024,2,256,251.147
1024,1024,2,512,247.755
1024,1024,2,1024,254.156
1024,1024,2,2048,269.878
1024,1024,2,4096,342.112
1024,1024,4,16,249.962
1024,1024,4,32,249.686
1024,1024,4,64,250.774
1024,1024,4,128,248.694
1024,1024,4,256,258.251
1024,1024,4,512,264.577
1024,1024,4,1024,265.184
1024,1024,4,2048,296.396
1024,1024,4,4096,411.595
1024,1024,8,16,259.403
1024,1024,8,32,259.883
1024,1024,8,64,266.805
1024,1024,8,128,268.46
1024,1024,8,256,272.651
1024,1024,8,512,290.572
1024,1024,8,1024,315.478
1024,1024,8,2048,368.716
1024,1024,8,4096,538.444
1024,1024,16,16,283.51
1024,1024,16,32,284.502
1024,1024,16,64,283.083
1024,1024,16,128,297.057
1024,1024,16,256,313.122
1024,1024,16,512,333.984
1024,1024,16,1024,381.942
1024,1024,16,2048,495.287
1024,1024,16,4096,764.333
1024,1024,32,16,328.374
1024,1024,32,32,338.006
1024,1024,32,64,333.27
1024,1024,32,128,362.732
1024,1024,32,256,389.665
1024,1024,32,512,433.473
1024,1024,32,1024,537.548
1024,1024,32,2048,756.354
1024,1024,32,4096,1288.32
1024,1024,64,16,435.863
1024,1024,64,32,431.819
1024,1024,64,64,432.556
1024,1024,64,128,484.033
1024,1024,64,256,535.724
1024,1024,64,512,634.22
1024,1024,64,1024,852.322
1024,1024,64,2048,1340.01
1024,1024,64,4096,2554.61
1024,2048,0,0,374.73
1024,2048,1,16,375.339
1024,2048,1,32,378.7
1024,2048,1,64,368.182
1024,2048,1,128,376.737
1024,2048,1,256,372.246
1024,2048,1,512,375.201
1024,2048,1,1024,374.828
1024,2048,1,2048,373.878
1024,2048,1,4096,413.547
1024,2048,2,16,379.744
1024,2048,2,32,375.073
1024,2048,2,64,373.228
1024,2048,2,128,378.529
1024,2048,2,256,380.236
1024,2048,2,512,377.334
1024,2048,2,1024,381.932
1024,2048,2,2048,389.429
1024,2048,2,4096,431.329
1024,2048,4,16,380.534
1024,2048,4,32,380.044
1024,2048,4,64,383.009
1024,2048,4,128,383.307
1024,2048,4,256,381.697
1024,2048,4,512,386.796
1024,2048,4,1024,392.438
1024,2048,4,2048,404.929
1024,2048,4,4096,506.892
1024,2048,8,16,391.926
1024,2048,8,32,389.217
1024,2048,8,64,390.956
1024,2048,8,128,395.628
1024,2048,8,256,404.461
1024,2048,8,512,414.688
1024,2048,8,1024,440.619
1024,2048,8,2048,483.372
1024,2048,8,4096,620.95
1024,2048,16,16,412.215
1024,2048,16,32,413.835
1024,2048,16,64,417.281
1024,2048,16,128,428.865
1024,2048,16,256,429.228
1024,2048,16,512,466.711
1024,2048,16,1024,524.587
1024,2048,16,2048,615.34
1024,2048,16,4096,865.795
1024,2048,32,16,453.751
1024,2048,32,32,452.673
1024,2048,32,64,455.745
1024,2048,32,128,486.603
1024,2048,32,256,513.281
1024,2048,32,512,568.162
1024,2048,32,1024,671.212
1024,2048,32,2048,878.787
1024,2048,32,4096,1373.05
1024,2048,64,16,554.455
1024,2048,64,32,554.391
1024,2048,64,64,549.249
1024,2048,64,128,614.53
1024,2048,64,256,670.86
1024,2048,64,512,765.537
1024,2048,64,1024,972.995
1024,2048,64,2048,1439.1
1024,2048,64,4096,2573.63
1024,4096,0,0,633.014
1024,4096,1,16,633.398
1024,4096,1,32,637.187
1024,4096,1,64,619.574
1024,4096,1,128,630.764
1024,4096,1,256,628.866
1024,4096,1,512,631.99
1024,4096,1,1024,635.767
1024,4096,1,2048,632.918
1024,4096,1,4096,641.121
1024,4096,2,16,630.454
1024,4096,2,32,632.363
1024,4096,2,64,630.807
1024,4096,2,128,632.375
1024,4096,2,256,635.595
1024,4096,2,512,632.451
1024,4096,2,1024,643.479
1024,4096,2,2048,640.364
1024,4096,2,4096,650.551
1024,4096,4,16,639.862
1024,4096,4,32,631.543
1024,4096,4,64,639.618
1024,4096,4,128,638.532
1024,4096,4,256,645.346
1024,4096,4,512,641.133
1024,4096,4,1024,649.9
1024,4096,4,2048,656.802
1024,4096,4,4096,679.011
1024,4096,8,16,648.215
1024,4096,8,32,638.604
1024,4096,8,64,653.101
1024,4096,8,128,660.879
1024,4096,8,256,665.431
1024,4096,8,512,665.357
1024,4096,8,1024,673.589
1024,4096,8,2048,739.842
1024,4096,8,4096,841.303
1024,4096,16,16,671.852
1024,4096,16,32,666.315
1024,4096,16,64,670.465
1024,4096,16,128,685.719
1024,4096,16,256,700.396
1024,4096,16,512,718.872
1024,4096,16,1024,772.641
1024,4096,16,2048,867.992
1024,4096,16,4096,1061.01
1024,4096,32,16,709.206
1024,4096,32,32,711.233
1024,4096,32,64,711.789
1024,4096,32,128,732.108
1024,4096,32,256,761.645
1024,4096,32,512,811.554
1024,4096,32,1024,925.9
1024,4096,32,2048,1145.12
1024,4096,32,4096,1568.36
1024,4096,64,16,806.06
1024,4096,64,32,802.189
1024,4096,64,64,804.301
1024,4096,64,128,857.635
1024,4096,64,256,912.237
1024,4096,64,512,1024.94
1024,4096,64,1024,1244.27
1024,4096,64,2048,1680.27
1024,4096,64,4096,2651.84
2048,0,0,0,325.931
2048,0,1,16,321.249
2048,0,1,32,323.158
2048,0,1,64,319.617
2048,0,1,128,325.558
2048,0,1,256,324.374
2048,0,1,512,329.419
2048,0,1,1024,330.902
2048,0,1,2048,338.838
2048,0,1,4096,403.478
2048,0,2,16,326.561
2048,0,2,32,330.155
2048,0,2,64,326.028
2048,0,2,128,332.236
2048,0,2,256,330.379
2048,0,2,512,336.939
2048,0,2,1024,342.539
2048,0,2,2048,351.339
2048,0,2,4096,438.656
2048,0,4,16,333.878
2048,0,4,32,334.432
2048,0,4,64,333.42
2048,0,4,128,335.008
2048,0,4,256,343.884
2048,0,4,512,353.58
2048,0,4,1024,361.569
2048,0,4,2048,390.017
2048,0,4,4096,512.321
2048,0,8,16,358.369
2048,0,8,32,353.59
2048,0,8,64,363.041
2048,0,8,128,366.753
2048,0,8,256,371.724
2048,0,8,512,379.403
2048,0,8,1024,409.889
2048,0,8,2048,463.265
2048,0,8,4096,629.057
2048,0,16,16,386.925
2048,0,16,32,391.403
2048,0,16,64,394.924
2048,0,16,128,404.203
2048,0,16,256,425.195
2048,0,16,512,449.761
2048,0,16,1024,501.281
2048,0,16,2048,603.127
2048,0,16,4096,878.978
2048,0,32,16,471.264
2048,0,32,32,473.121
2048,0,32,64,475.393
2048,0,32,128,502.326
2048,0,32,256,520.674
2048,0,32,512,574.7
2048,0,32,1024,666.796
2048,0,32,2048,890.552
2048,0,32,4096,1411.33
2048,0,64,16,621.633
2048,0,64,32,623.959
2048,0,64,64,619.736
2048,0,64,128,670.05
2048,0,64,256,724.718
2048,0,64,512,828.685
2048,0,64,1024,1035.15
2048,0,64,2048,1498.98
2048,0,64,4096,2658.59
2048,16,0,0,335.36
2048,16,1,16,336.812
2048,16,1,32,338.433
2048,16,1,64,338.752
2048,16,1,128,336
2048,16,1,256,339.595
2048,16,1,512,340.736
2048,16,1,1024,342.742
2048,16,1,2048,350.647
2048,16,1,4096,418.839
2048,16,2,16,342.102
2048,16,2,32,341.366
2048,16,2,64,336.299
2048,16,2,128,349.888
2048,16,2,256,345.729
2048,16,2,512,352.117
2048,16,2,1024,353.59
2048,16,2,2048,367.702
2048,16,2,4096,457.079
2048,16,4,16,352.31
2048,16,4,32,351.883
2048,16,4,64,353.793
2048,16,4,128,354.369
2048,16,4,256,361.344
2048,16,4,512,362.497
2048,16,4,1024,373.153
2048,16,4,2048,405.366
2048,16,4,4096,513.473
2048,16,8,16,370.241
2048,16,8,32,376.32
2048,16,8,64,369.355
2048,16,8,128,379.04
2048,16,8,256,384.811
2048,16,8,512,393.707
2048,16,8,1024,423.328
2048,16,8,2048,471.916
2048,16,8,4096,639.18
2048,16,16,16,403.468
2048,16,16,32,406.721
2048,16,16,64,408.353
2048,16,16,128,426.071
2048,16,16,256,435.969
2048,16,16,512,455.04
2048,16,16,1024,509.655
2048,16,16,2048,610.678
2048,16,16,4096,888.131
2048,16,32,16,483.063
2048,16,32,32,483.852
2048,16,32,64,485.942
2048,16,32,128,509.015
2048,16,32,256,539.467
2048,16,32,512,587.052
2048,16,32,1024,685.697
2048,16,32,2048,902.743
2048,16,32,4096,1433.32
2048,16,64,16,638.678
2048,16,64,32,637.398
2048,16,64,64,636.94
2048,16,64,128,687.746
2048,16,64,256,743.788
2048,16,64,512,841.634
2048,16,64,1024,1048.4
2048,16,64,2048,1510.52
2048,16,64,4096,2667.53
2048,32,0,0,334.593
2048,32,1,16,340.854
2048,32,1,32,339.873
2048,32,1,64,334.485
2048,32,1,128,334.731
2048,32,1,256,339.392
2048,32,1,512,337.089
2048,32,1,1024,343.479
2048,32,1,2048,346.357
2048,32,1,4096,409.813
2048,32,2,16,341.579
2048,32,2,32,349.355
2048,32,2,64,343.371
2048,32,2,128,343.873
2048,32,2,256,344.843
2048,32,2,512,349.548
2048,32,2,1024,358.422
2048,32,2,2048,371.158
2048,32,2,4096,446.87
2048,32,4,16,354.55
2048,32,4,32,350.988
2048,32,4,64,350.273
2048,32,4,128,355.137
2048,32,4,256,356.598
2048,32,4,512,364.555
2048,32,4,1024,380.502
2048,32,4,2048,405.206
2048,32,4,4096,514.422
2048,32,8,16,372.971
2048,32,8,32,371.115
2048,32,8,64,368.321
2048,32,8,128,382.038
2048,32,8,256,378.625
2048,32,8,512,397.835
2048,32,8,1024,415.788
2048,32,8,2048,480.033
2048,32,8,4096,643.82
2048,32,16,16,410.444
2048,32,16,32,412.257
2048,32,16,64,407.286
2048,32,16,128,427.649
2048,32,16,256,432.215
2048,32,16,512,463.403
2048,32,16,1024,511.469
2048,32,16,2048,613.484
2048,32,16,4096,892.514
2048,32,32,16,481.74
2048,32,32,32,485.452
2048,32,32,64,486.977
2048,32,32,128,517.911
2048,32,32,256,541.303
2048,32,32,512,594.263
2048,32,32,1024,692.193
2048,32,32,2048,905.133
2048,32,32,4096,1428.13
2048,32,64,16,632.674
2048,32,64,32,630.135
2048,32,64,64,633.324
2048,32,64,128,697.73
2048,32,64,256,736.928
2048,32,64,512,837.133
2048,32,64,1024,1047.04
2048,32,64,2048,1509.03
2048,32,64,4096,2664
2048,64,0,0,332.173
2048,64,1,16,333.462
2048,64,1,32,336.449
2048,64,1,64,342.145
2048,64,1,128,338.305
2048,64,1,256,335.734
2048,64,1,512,340.374
2048,64,1,1024,349.249
2048,64,1,2048,352.886
2048,64,1,4096,412.139
2048,64,2,16,341.9
2048,64,2,32,343.073
2048,64,2,64,339.104
2048,64,2,128,340.768
2048,64,2,256,350.87
2048,64,2,512,348.449
2048,64,2,1024,361.345
2048,64,2,2048,368.587
2048,64,2,4096,441.601
2048,64,4,16,351.222
2048,64,4,32,346.326
2048,64,4,64,346.358
2048,64,4,128,351.681
2048,64,4,256,356.929
2048,64,4,512,363.477
2048,64,4,1024,380.737
2048,64,4,2048,401.75
2048,64,4,4096,523.873
2048,64,8,16,367.083
2048,64,8,32,373.078
2048,64,8,64,372.108
2048,64,8,128,376.971
2048,64,8,256,388.267
2048,64,8,512,399.137
2048,64,8,1024,424.236
2048,64,8,2048,470.721
2048,64,8,4096,644.128
2048,64,16,16,410.763
2048,64,16,32,404.982
2048,64,16,64,405.686
2048,64,16,128,423.308
2048,64,16,256,435.319
2048,64,16,512,462.092
2048,64,16,1024,516.065
2048,64,16,2048,616.982
2048,64,16,4096,893.742
2048,64,32,16,485.889
2048,64,32,32,482.529
2048,64,32,64,487.137
2048,64,32,128,511.278
2048,64,32,256,534.146
2048,64,32,512,580.237
2048,64,32,1024,689.4
2048,64,32,2048,903.085
2048,64,32,4096,1431.33
2048,64,64,16,637.709
2048,64,64,32,637.761
2048,64,64,64,643.296
2048,64,64,128,689.741
2048,64,64,256,744.418
2048,64,64,512,841.41
2048,64,64,1024,1056.05
2048,64,64,2048,1513.94
2048,64,64,4096,2662.83
2048,128,0,0,347.852
2048,128,1,16,348.823
2048,128,1,32,353.174
2048,128,1,64,352.886
2048,128,1,128,356.322
2048,128,1,256,357.963
2048,128,1,512,357.793
2048,128,1,1024,359.158
2048,128,1,2048,365.985
2048,128,1,4096,423.958
2048,128,2,16,350.615
2048,128,2,32,359.745
2048,128,2,64,354.401
2048,128,2,128,359.607
2048,128,2,256,354.774
2048,128,2,512,360.928
2048,128,2,1024,372.684
2048,128,2,2048,385.205
2048,128,2,4096,474.476
2048,128,4,16,360.481
2048,128,4,32,362.966
2048,128,4,64,364.235
2048,128,4,128,363.212
2048,128,4,256,369.91
2048,128,4,512,381.846
2048,128,4,1024,387.189
2048,128,4,2048,420.813
2048,128,4,4096,519.254
2048,128,8,16,384.929
2048,128,8,32,385.516
2048,128,8,64,387.276
2048,128,8,128,393.601
2048,128,8,256,396.364
2048,128,8,512,414.806
2048,128,8,1024,435.873
2048,128,8,2048,487.425
2048,128,8,4096,646.201
2048,128,16,16,421.282
2048,128,16,32,423.446
2048,128,16,64,416.513
2048,128,16,128,434.092
2048,128,16,256,446.988
2048,128,16,512,467.617
2048,128,16,1024,524.087
2048,128,16,2048,630.06
2048,128,16,4096,906.029
2048,128,32,16,499.894
2048,128,32,32,498.071
2048,128,32,64,501.387
2048,128,32,128,526.176
2048,128,32,256,550.54
2048,128,32,512,605.249
2048,128,32,1024,703.916
2048,128,32,2048,918.562
2048,128,32,4096,1435.03
2048,128,64,16,647.009
2048,128,64,32,652.108
2048,128,64,64,656.011
2048,128,64,128,700.3
2048,128,64,256,755.106
2048,128,64,512,844.813
2048,128,64,1024,1065.64
2048,128,64,2048,1522.87
2048,128,64,4096,2665.91
2048,256,0,0,374.816
2048,256,1,16,375.382
2048,256,1,32,384.193
2048,256,1,64,378.945
2048,256,1,128,377.654
2048,256,1,256,382.315
2048,256,1,512,386.261
2048,256,1,1024,380.298
2048,256,1,2048,397.676
2048,256,1,4096,447.222
2048,256,2,16,387.542
2048,256,2,32,378.486
2048,256,2,64,380.864
2048,256,2,128,385.057
2048,256,2,256,392.417
2048,256,2,512,392.034
2048,256,2,1024,397.995
2048,256,2,2048,416.779
2048,256,2,4096,473.814
2048,256,4,16,393.366
2048,256,4,32,393.237
2048,256,4,64,392.705
2048,256,4,128,398.678
2048,256,4,256,396.662
2048,256,4,512,408.022
2048,256,4,1024,422.283
2048,256,4,2048,446.786
2048,256,4,4096,555.446
2048,256,8,16,415.552
2048,256,8,32,415.286
2048,256,8,64,409.718
2048,256,8,128,421.803
2048,256,8,256,422.497
2048,256,8,512,438.839
2048,256,8,1024,466.176
2048,256,8,2048,515.031
2048,256,8,4096,671.586
2048,256,16,16,448.065
2048,256,16,32,448.225
2048,256,16,64,451.286
2048,256,16,128,469.313
2048,256,16,256,478.625
2048,256,16,512,506.135
2048,256,16,1024,551.959
2048,256,16,2048,653.453
2048,256,16,4096,940.493
2048,256,32,16,533.419
2048,256,32,32,527.542
2048,256,32,64,521.388
2048,256,32,128,550.476
2048,256,32,256,575.959
2048,256,32,512,624.523
2048,256,32,1024,721.921
2048,256,32,2048,944.334
2048,256,32,4096,1462.3
2048,256,64,16,676.077
2048,256,64,32,681.453
2048,256,64,64,684.929
2048,256,64,128,723.49
2048,256,64,256,779.33
2048,256,64,512,877.73
2048,256,64,1024,1087.64
2048,256,64,2048,1546.64
2048,256,64,4096,2681.76
2048,512,0,0,433.953
2048,512,1,16,440.651
2048,512,1,32,439.286
2048,512,1,64,437.825
2048,512,1,128,436.801
2048,512,1,256,443.051
2048,512,1,512,441.996
2048,512,1,1024,448.065
2048,512,1,2048,459.649
2048,512,1,4096,498.443
2048,512,2,16,442.423
2048,512,2,32,446.017
2048,512,2,64,435.627
2048,512,2,128,439.777
2048,512,2,256,443.649
2048,512,2,512,451.99
2048,512,2,1024,454.817
2048,512,2,2048,463.041
2048,512,2,4096,540.267
2048,512,4,16,453.346
2048,512,4,32,455.478
2048,512,4,64,453.323
2048,512,4,128,449.537
2048,512,4,256,459.436
2048,512,4,512,463.713
2048,512,4,1024,468.726
2048,512,4,2048,504.854
2048,512,4,4096,600.577
2048,512,8,16,468.438
2048,512,8,32,465.963
2048,512,8,64,471.158
2048,512,8,128,473.036
2048,512,8,256,481.281
2048,512,8,512,493.152
2048,512,8,1024,519.969
2048,512,8,2048,566.956
2048,512,8,4096,718.06
2048,512,16,16,508.192
2048,512,16,32,506.935
2048,512,16,64,504.204
2048,512,16,128,522.071
2048,512,16,256,534.7
2048,512,16,512,560.888
2048,512,16,1024,608.737
2048,512,16,2048,714.7
2048,512,16,4096,976.962
2048,512,32,16,584.012
2048,512,32,32,587.521
2048,512,32,64,578.583
2048,512,32,128,609.334
2048,512,32,256,639.777
2048,512,32,512,684.247
2048,512,32,1024,798.027
2048,512,32,2048,1009.54
2048,512,32,4096,1510.3
2048,512,64,16,741.121
2048,512,64,32,730.424
2048,512,64,64,730.989
2048,512,64,128,783.758
2048,512,64,256,840.503
2048,512,64,512,932.365
2048,512,64,1024,1148.1
2048,512,64,2048,1598.12
2048,512,64,4096,2710.5
2048,1024,0,0,549.388
2048,1024,1,16,551.34
2048,1024,1,32,551.095
2048,1024,1,64,556.001
2048,1024,1,128,551.948
2048,1024,1,256,553.568
2048,1024,1,512,548.311
2048,1024,1,1024,554.785
2048,1024,1,2048,564.236
2048,1024,1,4096,588.577
2048,1024,2,16,553.559
2048,1024,2,32,555.981
2048,1024,2,64,557.014
2048,1024,2,128,556.919
2048,1024,2,256,566.967
2048,1024,2,512,560.205
2048,1024,2,1024,571.116
2048,1024,2,2048,579.394
2048,1024,2,4096,628.545
2048,1024,4,16,560.886
2048,1024,4,32,559.148
2048,1024,4,64,561.516
2048,1024,4,128,569.676
2048,1024,4,256,567.457
2048,1024,4,512,581.665
2048,1024,4,1024,590.274
2048,1024,4,2048,613.1
2048,1024,4,4096,696.214
2048,1024,8,16,580.898
2048,1024,8,32,574.604
2048,1024,8,64,581.762
2048,1024,8,128,586.219
2048,1024,8,256,588.385
2048,1024,8,512,602.146
2048,1024,8,1024,627.468
2048,1024,8,2048,674.913
2048,1024,8,4096,809.687
2048,1024,16,16,613.025
2048,1024,16,32,623.137
2048,1024,16,64,617.622
2048,1024,16,128,632.95
2048,1024,16,256,640.022
2048,1024,16,512,668.973
2048,1024,16,1024,724.46
2048,1024,16,2048,816.482
2048,1024,16,4096,1079.33
2048,1024,32,16,700.514
2048,1024,32,32,687.446
2048,1024,32,64,693.443
2048,1024,32,128,716.727
2048,1024,32,256,752.332
2048,1024,32,512,796.162
2048,1024,32,1024,911.597
2048,1024,32,2048,1119.78
2048,1024,32,4096,1606.19
2048,1024,64,16,845.026
2048,1024,64,32,847.394
2048,1024,64,64,844.641
2048,1024,64,128,890.402
2048,1024,64,256,943.629
2048,1024,64,512,1047.31
2048,1024,64,1024,1255.8
2048,1024,64,2048,1706.5
2048,1024,64,4096,2720.63
2048,2048,0,0,772.46
2048,2048,1,16,782.68
2048,2048,1,32,776.844
2048,2048,1,64,775.606
2048,2048,1,128,777.271
2048,2048,1,256,779.959
2048,2048,1,512,774.476
2048,2048,1,1024,777.401
2048,2048,1,2048,790.039
2048,2048,1,4096,798.947
2048,2048,2,16,787.522
2048,2048,2,32,780.812
2048,2048,2,64,778.594
2048,2048,2,128,787.831
2048,2048,2,256,784.355
2048,2048,2,512,780.13
2048,2048,2,1024,790.05
2048,2048,2,2048,800.524
2048,2048,2,4096,834.733
2048,2048,4,16,792.513
2048,2048,4,32,775.959
2048,2048,4,64,781.655
2048,2048,4,128,797.185
2048,2048,4,256,793.016
2048,2048,4,512,796.814
2048,2048,4,1024,819.81
2048,2048,4,2048,843.491
2048,2048,4,4096,890.404
2048,2048,8,16,794.477
2048,2048,8,32,799.075
2048,2048,8,64,796.14
2048,2048,8,128,807.639
2048,2048,8,256,811.703
2048,2048,8,512,831.338
2048,2048,8,1024,854.968
2048,2048,8,2048,906.103
2048,2048,8,4096,1021.4
2048,2048,16,16,837.068
2048,2048,16,32,847.277
2048,2048,16,64,841.453
2048,2048,16,128,850.337
2048,2048,16,256,868.471
2048,2048,16,512,890.901
2048,2048,16,1024,948.706
2048,2048,16,2048,1050.79
2048,2048,16,4096,1270.72
2048,2048,32,16,924.193
2048,2048,32,32,917.879
2048,2048,32,64,919.821
2048,2048,32,128,948.6
2048,2048,32,256,980.865
2048,2048,32,512,1029.98
2048,2048,32,1024,1131.83
2048,2048,32,2048,1351.47
2048,2048,32,4096,1791.3
2048,2048,64,16,1070.22
2048,2048,64,32,1077.04
2048,2048,64,64,1077.12
2048,2048,64,128,1126.74
2048,2048,64,256,1176.31
2048,2048,64,512,1283.32
2048,2048,64,1024,1503.24
2048,2048,64,2048,1937.23
2048,2048,64,4096,2853.14
2048,4096,0,0,1221.12
2048,4096,1,16,1222.05
2048,4096,1,32,1224.74
2048,4096,1,64,1212.15
2048,4096,1,128,1222.36
2048,4096,1,256,1219.72
2048,4096,1,512,1230.83
2048,4096,1,1024,1227.2
2048,4096,1,2048,1231.51
2048,4096,1,4096,1234.84
2048,4096,2,16,1220.38
2048,4096,2,32,1225.56
2048,4096,2,64,1218.3
2048,4096,2,128,1224.39
2048,4096,2,256,1227.67
2048,4096,2,512,1224.31
2048,4096,2,1024,1235.99
2048,4096,2,2048,1252.23
2048,4096,2,4096,1285.96
2048,4096,4,16,1233.4
2048,4096,4,32,1223.59
2048,4096,4,64,1226.94
2048,4096,4,128,1233.83
2048,4096,4,256,1234.74
2048,4096,4,512,1246.57
2048,4096,4,1024,1254.68
2048,4096,4,2048,1290.24
2048,4096,4,4096,1342.31
2048,4096,8,16,1244.73
2048,4096,8,32,1233
2048,4096,8,64,1252.63
2048,4096,8,128,1248.45
2048,4096,8,256,1256.68
2048,4096,8,512,1270.36
2048,4096,8,1024,1302.09
2048,4096,8,2048,1362.8
2048,4096,8,4096,1460.56
2048,4096,16,16,1276.02
2048,4096,16,32,1276.02
2048,4096,16,64,1278.82
2048,4096,16,128,1297.8
2048,4096,16,256,1303.17
2048,4096,16,512,1342.98
2048,4096,16,1024,1395.57
2048,4096,16,2048,1498.12
2048,4096,16,4096,1731.84
2048,4096,32,16,1369.44
2048,4096,32,32,1356.84
2048,4096,32,64,1362.47
2048,4096,32,128,1397.88
2048,4096,32,256,1419.37
2048,4096,32,512,1471.57
2048,4096,32,1024,1590.91
2048,4096,32,2048,1797.47
2048,4096,32,4096,2232.8
2048,4096,64,16,1513.6
2048,4096,64,32,1523.29
2048,4096,64,64,1515.31
2048,4096,64,128,1574.03
2048,4096,64,256,1630.92
2048,4096,64,512,1734.91
2048,4096,64,1024,1967.39
2048,4096,64,2048,2396.2
2048,4096,64,4096,3269.51
