prefill_chunk,kv_prefill,n_decode,kv_decode,time_us
0,0,1,16,11.627
0,0,1,32,11.7227
0,0,1,64,14.357
0,0,1,128,20.0107
0,0,1,256,20.1923
0,0,1,512,20.597
0,0,1,1024,21.9737
0,0,1,2048,24.522
0,0,1,4096,37.1413
0,0,1,8192,52.544
0,0,1,16384,79.8507
0,0,2,16,17.3553
0,0,2,32,17.44
0,0,2,64,20.1497
0,0,2,128,24.0957
0,0,2,256,24.4367
0,0,2,512,25.333
0,0,2,1024,27.0927
0,0,2,2048,38.6457
0,0,2,4096,52.778
0,0,2,8192,79.2633
0,0,2,16384,128.651
0,0,4,16,17.247
0,0,4,32,17.3227
0,0,4,64,20.0003
0,0,4,128,24.1807
0,0,4,256,24.7037
0,0,4,512,26.3777
0,0,4,1024,36.9173
0,0,4,2048,50.3683
0,0,4,4096,75.744
0,0,4,8192,125.748
0,0,4,16384,212.854
0,0,8,16,17.3967
0,0,8,32,17.578
0,0,8,64,20.149
0,0,8,128,24.6507
0,0,8,256,32.16
0,0,8,512,36.895
0,0,8,1024,50.8057
0,0,8,2048,75.6377
0,0,8,4096,114.411
0,0,8,8192,190.634
0,0,8,16384,355.413
0,0,16,16,17.8767
0,0,16,32,18.239
0,0,16,64,20.7253
0,0,16,128,32.9157
0,0,16,256,45.291
0,0,16,512,55.9043
0,0,16,1024,79.595
0,0,16,2048,128.394
0,0,16,4096,205.556
0,0,16,8192,360.031
0,0,16,16384,685.812
0,0,32,16,20.9487
0,0,32,32,21.6317
0,0,32,64,25.7703
0,0,32,128,31.8603
0,0,32,256,43.2537
0,0,32,512,90.261
0,0,32,1024,132.361
0,0,32,2048,215.061
0,0,32,4096,376.841
0,0,32,8192,698.717
0,0,32,16384,1339.2
0,0,64,16,27.5837
0,0,64,32,28.7043
0,0,64,64,37.8883
0,0,64,128,52.406
0,0,64,256,76.6707
0,0,64,512,123.595
0,0,64,1024,215.584
0,0,64,2048,402.175
0,0,64,4096,773.65
0,0,64,8192,1531.67
0,0,64,16384,3023.61
0,0,128,16,38.4963
0,0,128,32,40.5753
0,0,128,64,58.0693
0,0,128,128,81.1307
0,0,128,256,122.506
0,0,128,512,206.112
0,0,128,1024,372.959
0,0,128,2048,709.8
0,0,128,4096,1383
0,0,128,8192,2741.63
0,0,128,16384,5444.71
16,0,0,0,14.464
16,0,1,16,14.496
16,0,1,32,14.5283
16,0,1,64,14.507
16,0,1,128,19.5947
16,0,1,256,25.4503
16,0,1,512,37.4503
16,0,1,1024,61.7387
16,0,1,2048,110.41
16,0,1,4096,207.221
16,0,1,8192,399.531
16,0,1,16384,785.771
16,0,2,16,14.4423
16,0,2,32,14.4747
16,0,2,64,14.496
16,0,2,128,19.5627
16,0,2,256,25.5673
16,0,2,512,37.536
16,0,2,1024,61.8983
16,0,2,2048,110.602
16,0,2,4096,207.627
16,0,2,8192,400.646
16,0,2,16384,785.973
16,0,4,16,14.7087
16,0,4,32,14.731
16,0,4,64,14.72
16,0,4,128,19.7653
16,0,4,256,25.717
16,0,4,512,37.7057
16,0,4,1024,62.7947
16,0,4,2048,111.104
16,0,4,4096,208.353
16,0,4,8192,402.529
16,0,4,16384,789.323
16,0,8,16,22.7303
16,0,8,32,22.784
16,0,8,64,23.1363
16,0,8,128,33.7067
16,0,8,256,45.8557
16,0,8,512,70.1863
16,0,8,1024,118.529
16,0,8,2048,215.969
16,0,8,4096,409.749
16,0,8,8192,796.918
16,0,8,16384,1571.05
16,0,16,16,38.3997
16,0,16,32,38.517
16,0,16,64,39.0507
16,0,16,128,60.5867
16,0,16,256,84.7033
16,0,16,512,132.81
16,0,16,1024,230.165
16,0,16,2048,422.24
16,0,16,4096,806.996
16,0,16,8192,1573.91
16,0,16,16384,3109.27
16,0,32,16,61.813
16,0,32,32,62.5063
16,0,32,64,63.498
16,0,32,128,102.037
16,0,32,256,144.512
16,0,32,512,228.884
16,0,32,1024,400.234
16,0,32,2048,738.389
16,0,32,4096,1414.72
16,0,32,8192,2766.86
16,0,32,16384,5490.29
16,0,64,16,109.183
16,0,64,32,110.166
16,0,64,64,112.831
16,0,64,128,186.037
16,0,64,256,266.847
16,0,64,512,427.018
16,0,64,1024,749.315
16,0,64,2048,1387.31
16,0,64,4096,2678.04
16,0,64,8192,5276.15
16,0,64,16384,10508.4
16,16,0,0,14.667
16,16,1,16,14.7523
16,16,1,32,14.7307
16,16,1,64,14.7303
16,16,1,128,19.584
16,16,1,256,25.5147
16,16,1,512,37.504
16,16,1,1024,61.781
16,16,1,2048,110.474
16,16,1,4096,207.722
16,16,1,8192,401.482
16,16,1,16384,787.678
16,16,2,16,14.6773
16,16,2,32,14.7517
16,16,2,64,14.837
16,16,2,128,19.584
16,16,2,256,25.568
16,16,2,512,37.5467
16,16,2,1024,61.9
16,16,2,2048,110.72
16,16,2,4096,207.924
16,16,2,8192,401.69
16,16,2,16384,787.888
16,16,4,16,14.9123
16,16,4,32,14.965
16,16,4,64,15.0293
16,16,4,128,19.776
16,16,4,256,25.7273
16,16,4,512,37.749
16,16,4,1024,62.3893
16,16,4,2048,111.253
16,16,4,4096,208.362
16,16,4,8192,402.635
16,16,4,16384,789.642
16,16,8,16,22.976
16,16,8,32,23.0827
16,16,8,64,23.5093
16,16,8,128,33.7067
16,16,8,256,46.0803
16,16,8,512,70.1123
16,16,8,1024,118.646
16,16,8,2048,215.605
16,16,8,4096,409.108
16,16,8,8192,797.62
16,16,8,16384,1570.48
16,16,16,16,38.336
16,16,16,32,38.7307
16,16,16,64,39.53
16,16,16,128,60.7683
16,16,16,256,84.5867
16,16,16,512,132.864
16,16,16,1024,230.07
16,16,16,2048,422.976
16,16,16,4096,807.091
16,16,16,8192,1573.91
16,16,16,16384,3111.13
16,16,32,16,61.8333
16,16,32,32,62.474
16,16,32,64,63.989
16,16,32,128,102.208
16,16,32,256,144.704
16,16,32,512,229.056
16,16,32,1024,400.391
16,16,32,2048,737.96
16,16,32,4096,1413.44
16,16,32,8192,2767.47
16,16,32,16384,5494.65
16,16,64,16,109.152
16,16,64,32,110.271
16,16,64,64,112.821
16,16,64,128,186.023
16,16,64,256,266.656
16,16,64,512,426.891
16,16,64,1024,748.768
16,16,64,2048,1387.08
16,16,64,4096,2680.53
16,16,64,8192,5286.09
16,16,64,16384,10499.8
16,32,0,0,14.709
16,32,1,16,14.7413
16,32,1,32,14.7517
16,32,1,64,14.7627
16,32,1,128,19.616
16,32,1,256,25.4933
16,32,1,512,37.5363
16,32,1,1024,61.76
16,32,1,2048,110.443
16,32,1,4096,207.543
16,32,1,8192,400.884
16,32,1,16384,785.759
16,32,2,16,14.763
16,32,2,32,14.7843
16,32,2,64,14.8907
16,32,2,128,19.6157
16,32,2,256,25.4933
16,32,2,512,37.5787
16,32,2,1024,61.7497
16,32,2,2048,110.634
16,32,2,4096,207.925
16,32,2,8192,400.32
16,32,2,16384,784.638
16,32,4,16,14.9337
16,32,4,32,14.976
16,32,4,64,15.1357
16,32,4,128,19.818
16,32,4,256,25.7497
16,32,4,512,37.7177
16,32,4,1024,62.464
16,32,4,2048,111.114
16,32,4,4096,208.469
16,32,4,8192,402.57
16,32,4,16384,788.681
16,32,8,16,23.051
16,32,8,32,23.1893
16,32,8,64,23.551
16,32,8,128,33.8343
16,32,8,256,45.9943
16,32,8,512,70.3037
16,32,8,1024,118.719
16,32,8,2048,215.668
16,32,8,4096,409.962
16,32,8,8192,797.903
16,32,8,16384,1571.4
16,32,16,16,38.4107
16,32,16,32,38.762
16,32,16,64,39.4237
16,32,16,128,60.597
16,32,16,256,84.725
16,32,16,512,132.853
16,32,16,1024,230.133
16,32,16,2048,422.591
16,32,16,4096,806.697
16,32,16,8192,1575
16,32,16,16384,3109
16,32,32,16,61.9727
16,32,32,32,62.57
16,32,32,64,63.7433
16,32,32,128,102.101
16,32,32,256,144.543
16,32,32,512,228.917
16,32,32,1024,400.127
16,32,32,2048,738.889
16,32,32,4096,1412.05
16,32,32,8192,2766.09
16,32,32,16384,5491.47
16,32,64,16,109.311
16,32,64,32,110.326
16,32,64,64,113.034
16,32,64,128,185.92
16,32,64,256,266.57
16,32,64,512,426.975
16,32,64,1024,748.948
16,32,64,2048,1387.5
16,32,64,4096,2673.83
16,32,64,8192,5275.72
16,32,64,16384,10500.3
16,64,0,0,14.816
16,64,1,16,14.8377
16,64,1,32,14.8053
16,64,1,64,14.8483
16,64,1,128,19.5833
16,64,1,256,25.4293
16,64,1,512,37.472
16,64,1,1024,61.684
16,64,1,2048,110.154
16,64,1,4096,207.039
16,64,1,8192,399.723
16,64,1,16384,783.877
16,64,2,16,14.7943
16,64,2,32,14.7943
16,64,2,64,14.8903
16,64,2,128,19.6373
16,64,2,256,25.4933
16,64,2,512,37.5143
16,64,2,1024,62.0907
16,64,2,2048,110.507
16,64,2,4096,207.2
16,64,2,8192,400.003
16,64,2,16384,785.51
16,64,4,16,14.9867
16,64,4,32,15.008
16,64,4,64,15.232
16,64,4,128,19.8187
16,64,4,256,25.7163
16,64,4,512,37.7177
16,64,4,1024,62.6133
16,64,4,2048,111.19
16,64,4,4096,208.576
16,64,4,8192,402.532
16,64,4,16384,788.862
16,64,8,16,23.1673
16,64,8,32,23.3387
16,64,8,64,23.616
16,64,8,128,33.8347
16,64,8,256,46.0053
16,64,8,512,70.1973
16,64,8,1024,118.688
16,64,8,2048,215.647
16,64,8,4096,409.951
16,64,8,8192,797.662
16,64,8,16384,1570.39
16,64,16,16,38.581
16,64,16,32,39.04
16,64,16,64,39.4023
16,64,16,128,60.6717
16,64,16,256,84.64
16,64,16,512,133.195
16,64,16,1024,230.058
16,64,16,2048,421.973
16,64,16,4096,806.867
16,64,16,8192,1577.6
16,64,16,16384,3114.97
16,64,32,16,62.1657
16,64,32,32,62.6983
16,64,32,64,63.8507
16,64,32,128,102.229
16,64,32,256,144.565
16,64,32,512,229.183
16,64,32,1024,400.48
16,64,32,2048,738.141
16,64,32,4096,1412.09
16,64,32,8192,2767.1
16,64,32,16384,5492.12
16,64,64,16,109.301
16,64,64,32,110.431
16,64,64,64,113.098
16,64,64,128,185.996
16,64,64,256,266.591
16,64,64,512,426.506
16,64,64,1024,748.736
16,64,64,2048,1386.75
16,64,64,4096,2679.33
16,64,64,8192,5275.2
16,64,64,16384,10503
16,128,0,0,20.661
16,128,1,16,19.6263
16,128,1,32,19.6373
16,128,1,64,19.6267
16,128,1,128,20.522
16,128,1,256,25.4933
16,128,1,512,37.4723
16,128,1,1024,61.6427
16,128,1,2048,110.347
16,128,1,4096,207.103
16,128,1,8192,400.096
16,128,1,16384,784.892
16,128,2,16,19.626
16,128,2,32,19.6047
16,128,2,64,19.7757
16,128,2,128,20.48
16,128,2,256,25.525
16,128,2,512,37.4933
16,128,2,1024,62.153
16,128,2,2048,110.722
16,128,2,4096,207.711
16,128,2,8192,401.204
16,128,2,16384,785.933
16,128,4,16,19.605
16,128,4,32,19.5737
16,128,4,64,19.6907
16,128,4,128,20.6937
16,128,4,256,25.782
16,128,4,512,37.728
16,128,4,1024,62.816
16,128,4,2048,111.146
16,128,4,4096,208.575
16,128,4,8192,402.377
16,128,4,16384,788.563
16,128,8,16,28.9707
16,128,8,32,29.1513
16,128,8,64,29.5357
16,128,8,128,35.2
16,128,8,256,45.9847
16,128,8,512,70.208
16,128,8,1024,118.496
16,128,8,2048,215.647
16,128,8,4096,409.631
16,128,8,8192,797.365
16,128,8,16384,1572.7
16,128,16,16,44.415
16,128,16,32,44.5867
16,128,16,64,45.3227
16,128,16,128,62.005
16,128,16,256,84.81
16,128,16,512,132.437
16,128,16,1024,229.663
16,128,16,2048,422.899
16,128,16,4096,806.076
16,128,16,8192,1575.37
16,128,16,16384,3108.18
16,128,32,16,67.904
16,128,32,32,68.394
16,128,32,64,69.7817
16,128,32,128,103.808
16,128,32,256,144.565
16,128,32,512,228.565
16,128,32,1024,400.351
16,128,32,2048,737.267
16,128,32,4096,1415.43
16,128,32,8192,2770.19
16,128,32,16384,5488.22
16,128,64,16,115.434
16,128,64,32,116.586
16,128,64,64,119.082
16,128,64,128,187.254
16,128,64,256,266.995
16,128,64,512,427.007
16,128,64,1024,750.58
16,128,64,2048,1390.95
16,128,64,4096,2683.46
16,128,64,8192,5277.97
16,128,64,16384,10506.6
16,256,0,0,26.624
16,256,1,16,25.472
16,256,1,32,25.461
16,256,1,64,25.492
16,256,1,128,25.472
16,256,1,256,26.5283
16,256,1,512,37.536
16,256,1,1024,61.9093
16,256,1,2048,110.495
16,256,1,4096,207.391
16,256,1,8192,401.013
16,256,1,16384,786.005
16,256,2,16,25.5463
16,256,2,32,25.4937
16,256,2,64,25.5043
16,256,2,128,25.536
16,256,2,256,26.5277
16,256,2,512,37.5787
16,256,2,1024,61.941
16,256,2,2048,110.592
16,256,2,4096,207.861
16,256,2,8192,401.27
16,256,2,16384,786.037
16,256,4,16,25.5893
16,256,4,32,25.5577
16,256,4,64,25.632
16,256,4,128,25.685
16,256,4,256,26.6983
16,256,4,512,37.9733
16,256,4,1024,62.6237
16,256,4,2048,111.189
16,256,4,4096,208.63
16,256,4,8192,402.676
16,256,4,16384,788.414
16,256,8,16,34.9547
16,256,8,32,35.0503
16,256,8,64,35.5837
16,256,8,128,41.2157
16,256,8,256,47.776
16,256,8,512,70.3887
16,256,8,1024,118.666
16,256,8,2048,215.519
16,256,8,4096,409.962
16,256,8,8192,798.196
16,256,8,16384,1570.94
16,256,16,16,50.4
16,256,16,32,50.635
16,256,16,64,51.4023
16,256,16,128,67.9897
16,256,16,256,86.4853
16,256,16,512,132.362
16,256,16,1024,229.782
16,256,16,2048,422.238
16,256,16,4096,806.997
16,256,16,8192,1576.4
16,256,16,16384,3109
16,256,32,16,73.9417
16,256,32,32,74.5383
16,256,32,64,75.7007
16,256,32,128,109.547
16,256,32,256,146.581
16,256,32,512,228.778
16,256,32,1024,399.987
16,256,32,2048,738.471
16,256,32,4096,1414.82
16,256,32,8192,2771.86
16,256,32,16384,5500.3
16,256,64,16,122.026
16,256,64,32,123.317
16,256,64,64,125.663
16,256,64,128,193.62
16,256,64,256,267.891
16,256,64,512,426.22
16,256,64,1024,751.391
16,256,64,2048,1394.83
16,256,64,4096,2692.32
16,256,64,8192,5284.9
16,256,64,16384,10498
16,512,0,0,38.5497
16,512,1,16,37.312
16,512,1,32,37.3123
16,512,1,64,37.2907
16,512,1,128,37.3653
16,512,1,256,37.386
16,512,1,512,38.3577
16,512,1,1024,61.802
16,512,1,2048,110.42
16,512,1,4096,207.358
16,512,1,8192,400.053
16,512,1,16384,785.887
16,512,2,16,37.376
16,512,2,32,37.3227
16,512,2,64,37.344
16,512,2,128,37.376
16,512,2,256,37.3547
16,512,2,512,38.2077
16,512,2,1024,61.856
16,512,2,2048,110.389
16,512,2,4096,206.806
16,512,2,8192,399.198
16,512,2,16384,785.044
16,512,4,16,37.44
16,512,4,32,37.4503
16,512,4,64,37.5037
16,512,4,128,37.515
16,512,4,256,37.6103
16,512,4,512,38.4633
16,512,4,1024,62.5277
16,512,4,2048,111.157
16,512,4,4096,208.598
16,512,4,8192,402.462
16,512,4,16384,788.016
16,512,8,16,46.7203
16,512,8,32,46.933
16,512,8,64,47.2733
16,512,8,128,52.959
16,512,8,256,59.5417
16,512,8,512,71.4657
16,512,8,1024,118.635
16,512,8,2048,215.912
16,512,8,4096,410.036
16,512,8,8192,797.041
16,512,8,16384,1571.62
16,512,16,16,62.154
16,512,16,32,62.5593
16,512,16,64,63.2633
16,512,16,128,79.775
16,512,16,256,98.24
16,512,16,512,134.134
16,512,16,1024,230.218
16,512,16,2048,422.611
16,512,16,4096,807.527
16,512,16,8192,1576.46
16,512,16,16384,3109.96
16,512,32,16,85.9093
16,512,32,32,86.4317
16,512,32,64,87.861
16,512,32,128,121.664
16,512,32,256,158.475
16,512,32,512,230.033
16,512,32,1024,399.816
16,512,32,2048,738.463
16,512,32,4096,1414.6
16,512,32,8192,2773.46
16,512,32,16384,5499.77
16,512,64,16,139.775
16,512,64,32,140.864
16,512,64,64,142.879
16,512,64,128,206.387
16,512,64,256,280
16,512,64,512,427.54
16,512,64,1024,749.865
16,512,64,2048,1398.5
16,512,64,4096,2699.41
16,512,64,8192,5304.05
16,512,64,16384,10569.9
16,1024,0,0,62.6673
16,1024,1,16,61.376
16,1024,1,32,61.301
16,1024,1,64,61.5247
16,1024,1,128,61.535
16,1024,1,256,61.4507
16,1024,1,512,61.5147
16,1024,1,1024,62.4627
16,1024,1,2048,110.506
16,1024,1,4096,207.435
16,1024,1,8192,401.04
16,1024,1,16384,785.982
16,1024,2,16,61.4187
16,1024,2,32,61.429
16,1024,2,64,61.4507
16,1024,2,128,61.45
16,1024,2,256,61.504
16,1024,2,512,61.5467
16,1024,2,1024,62.4733
16,1024,2,2048,110.709
16,1024,2,4096,207.934
16,1024,2,8192,400.255
16,1024,2,16384,785.672
16,1024,4,16,61.5683
16,1024,4,32,61.5253
16,1024,4,64,61.5463
16,1024,4,128,61.6107
16,1024,4,256,61.5893
16,1024,4,512,61.6733
16,1024,4,1024,62.8163
16,1024,4,2048,111.424
16,1024,4,4096,208.469
16,1024,4,8192,401.973
16,1024,4,16384,788.221
16,1024,8,16,70.7197
16,1024,8,32,70.848
16,1024,8,64,71.178
16,1024,8,128,76.8847
16,1024,8,256,83.4333
16,1024,8,512,95.146
16,1024,8,1024,120.234
16,1024,8,2048,215.541
16,1024,8,4096,409.756
16,1024,8,8192,797.102
16,1024,8,16384,1572.2
16,1024,16,16,85.8207
16,1024,16,32,86.0907
16,1024,16,64,86.9657
16,1024,16,128,103.477
16,1024,16,256,121.856
16,1024,16,512,157.877
16,1024,16,1024,231.872
16,1024,16,2048,422.366
16,1024,16,4096,807.219
16,1024,16,8192,1576.69
16,1024,16,16384,3110.19
16,1024,32,16,109.994
16,1024,32,32,110.55
16,1024,32,64,111.722
16,1024,32,128,145.675
16,1024,32,256,182.603
16,1024,32,512,253.28
16,1024,32,1024,401.267
16,1024,32,2048,739.413
16,1024,32,4096,1416.1
16,1024,32,8192,2771.93
16,1024,32,16384,5505.88
16,1024,64,16,163.754
16,1024,64,32,165.13
16,1024,64,64,167.786
16,1024,64,128,241.589
16,1024,64,256,316.287
16,1024,64,512,453.098
16,1024,64,1024,748.873
16,1024,64,2048,1396.54
16,1024,64,4096,2698.03
16,1024,64,8192,5302.95
16,1024,64,16384,10553.7
16,2048,0,0,111.285
16,2048,1,16,109.407
16,2048,1,32,109.385
16,2048,1,64,109.365
16,2048,1,128,109.376
16,2048,1,256,109.429
16,2048,1,512,109.397
16,2048,1,1024,109.461
16,2048,1,2048,110.421
16,2048,1,4096,207.371
16,2048,1,8192,400.786
16,2048,1,16384,784.897
16,2048,2,16,109.376
16,2048,2,32,109.386
16,2048,2,64,109.792
16,2048,2,128,109.77
16,2048,2,256,109.706
16,2048,2,512,109.696
16,2048,2,1024,109.813
16,2048,2,2048,110.891
16,2048,2,4096,208.137
16,2048,2,8192,401.419
16,2048,2,16384,786.515
16,2048,4,16,109.493
16,2048,4,32,109.622
16,2048,4,64,109.41
16,2048,4,128,109.226
16,2048,4,256,109.291
16,2048,4,512,109.376
16,2048,4,1024,109.332
16,2048,4,2048,111.422
16,2048,4,4096,208.788
16,2048,4,8192,402.826
16,2048,4,16384,788.102
16,2048,8,16,117.887
16,2048,8,32,118.656
16,2048,8,64,119.039
16,2048,8,128,123.605
16,2048,8,256,130.196
16,2048,8,512,142.187
16,2048,8,1024,167.883
16,2048,8,2048,217.292
16,2048,8,4096,409.951
16,2048,8,8192,798.16
16,2048,8,16384,1571.6
16,2048,16,16,132.949
16,2048,16,32,133.749
16,2048,16,64,134.452
16,2048,16,128,151.242
16,2048,16,256,169.802
16,2048,16,512,205.632
16,2048,16,1024,278.869
16,2048,16,2048,424.832
16,2048,16,4096,808.244
16,2048,16,8192,1574.83
16,2048,16,16384,3112.96
16,2048,32,16,157.387
16,2048,32,32,157.877
16,2048,32,64,159.296
16,2048,32,128,193.738
16,2048,32,256,231.234
16,2048,32,512,301.919
16,2048,32,1024,447.456
16,2048,32,2048,738.953
16,2048,32,4096,1416
16,2048,32,8192,2773.23
16,2048,32,16384,5501.69
16,2048,64,16,212.042
16,2048,64,32,213.59
16,2048,64,64,216.095
16,2048,64,128,290.035
16,2048,64,256,369.736
16,2048,64,512,526.064
16,2048,64,1024,798.826
16,2048,64,2048,1390.1
16,2048,64,4096,2697.74
16,2048,64,8192,5302.67
16,2048,64,16384,10559.9
16,4096,0,0,207.903
16,4096,1,16,205.483
16,4096,1,32,205.731
16,4096,1,64,206.036
16,4096,1,128,205.483
16,4096,1,256,205.749
16,4096,1,512,205.887
16,4096,1,1024,206.367
16,4096,1,2048,206.366
16,4096,1,4096,207.902
16,4096,1,8192,401.301
16,4096,1,16384,786.034
16,4096,2,16,205.963
16,4096,2,32,205.801
16,4096,2,64,205.699
16,4096,2,128,205.875
16,4096,2,256,206.016
16,4096,2,512,205.972
16,4096,2,1024,206.143
16,4096,2,2048,206.121
16,4096,2,4096,207.833
16,4096,2,8192,401.245
16,4096,2,16384,786.668
16,4096,4,16,204.832
16,4096,4,32,205.097
16,4096,4,64,205.045
16,4096,4,128,205.055
16,4096,4,256,206.204
16,4096,4,512,206.301
16,4096,4,1024,206.209
16,4096,4,2048,206.058
16,4096,4,4096,208.491
16,4096,4,8192,402.483
16,4096,4,16384,789.61
16,4096,8,16,212.843
16,4096,8,32,212.981
16,4096,8,64,213.453
16,4096,8,128,218.966
16,4096,8,256,225.823
16,4096,8,512,238.302
16,4096,8,1024,263.348
16,4096,8,2048,312.82
16,4096,8,4096,410.612
16,4096,8,8192,798.163
16,4096,8,16384,1573.25
16,4096,16,16,227.871
16,4096,16,32,228.586
16,4096,16,64,229.045
16,4096,16,128,245.812
16,4096,16,256,263.989
16,4096,16,512,300.021
16,4096,16,1024,373.365
16,4096,16,2048,518.418
16,4096,16,4096,810.944
16,4096,16,8192,1579.45
16,4096,16,16384,3111.46
16,4096,32,16,251.7
16,4096,32,32,252.939
16,4096,32,64,253.92
16,4096,32,128,288.064
16,4096,32,256,325.354
16,4096,32,512,397.259
16,4096,32,1024,544.158
16,4096,32,2048,832.668
16,4096,32,4096,1415.01
16,4096,32,8192,2771.55
16,4096,32,16384,5509.34
16,4096,64,16,305.993
16,4096,64,32,307.871
16,4096,64,64,310.54
16,4096,64,128,385.962
16,4096,64,256,466.363
16,4096,64,512,625.408
16,4096,64,1024,940.873
16,4096,64,2048,1484.9
16,4096,64,4096,2684.69
16,4096,64,8192,5297.02
16,4096,64,16384,10560.7
16,8192,0,0,401.463
16,8192,1,16,396.3
16,8192,1,32,396.318
16,8192,1,64,396.876
16,8192,1,128,396.812
16,8192,1,256,396.802
16,8192,1,512,396.022
16,8192,1,1024,396.919
16,8192,1,2048,396.812
16,8192,1,4096,396.97
16,8192,1,8192,400.916
16,8192,1,16384,785.428
16,8192,2,16,398.739
16,8192,2,32,399.039
16,8192,2,64,399.359
16,8192,2,128,399.389
16,8192,2,256,399.178
16,8192,2,512,399.097
16,8192,2,1024,399.189
16,8192,2,2048,399.815
16,8192,2,4096,399.978
16,8192,2,8192,401.793
16,8192,2,16384,787.068
16,8192,4,16,399.615
16,8192,4,32,399.594
16,8192,4,64,399.594
16,8192,4,128,399.594
16,8192,4,256,399.7
16,8192,4,512,398.592
16,8192,4,1024,399.851
16,8192,4,2048,399.976
16,8192,4,4096,400.023
16,8192,4,8192,402.317
16,8192,4,16384,789.896
16,8192,8,16,405.365
16,8192,8,32,405.161
16,8192,8,64,404.114
16,8192,8,128,409.536
16,8192,8,256,416.915
16,8192,8,512,427.775
16,8192,8,1024,452.67
16,8192,8,2048,501.993
16,8192,8,4096,603.787
16,8192,8,8192,798.751
16,8192,8,16384,1571.27
16,8192,16,16,416.832
16,8192,16,32,416.733
16,8192,16,64,417.802
16,8192,16,128,435.541
16,8192,16,256,454.122
16,8192,16,512,489.589
16,8192,16,1024,563.519
16,8192,16,2048,708.54
16,8192,16,4096,997.268
16,8192,16,8192,1585.47
16,8192,16,16384,3121.57
16,8192,32,16,441.057
16,8192,32,32,441.684
16,8192,32,64,442.763
16,8192,32,128,477.897
16,8192,32,256,514.695
16,8192,32,512,587.592
16,8192,32,1024,734.047
16,8192,32,2048,1025
16,8192,32,4096,1606.35
16,8192,32,8192,2770.88
16,8192,32,16384,5502.92
16,8192,64,16,495.401
16,8192,64,32,497.748
16,8192,64,64,500.448
16,8192,64,128,575.67
16,8192,64,256,656.81
16,8192,64,512,819.38
16,8192,64,1024,1141.56
16,8192,64,2048,1778.61
16,8192,64,4096,2884.05
16,8192,64,8192,5305.72
16,8192,64,16384,10549.4
16,16384,0,0,783.987
16,16384,1,16,780.222
16,16384,1,32,780.223
16,16384,1,64,780.288
16,16384,1,128,780.339
16,16384,1,256,780.211
16,16384,1,512,780.316
16,16384,1,1024,780.287
16,16384,1,2048,780.181
16,16384,1,4096,780.34
16,16384,1,8192,780.817
16,16384,1,16384,785.96
16,16384,2,16,780.744
16,16384,2,32,780.852
16,16384,2,64,787.62
16,16384,2,128,787.53
16,16384,2,256,787.421
16,16384,2,512,787.592
16,16384,2,1024,787.689
16,16384,2,2048,787.892
16,16384,2,4096,788.055
16,16384,2,8192,787.167
16,16384,2,16384,788.241
16,16384,4,16,786.643
16,16384,4,32,785.01
16,16384,4,64,785.769
16,16384,4,128,786.793
16,16384,4,256,786.78
16,16384,4,512,787.989
16,16384,4,1024,788.033
16,16384,4,2048,788.39
16,16384,4,4096,788.061
16,16384,4,8192,788.19
16,16384,4,16384,789.576
16,16384,8,16,784.499
16,16384,8,32,788.463
16,16384,8,64,784.136
16,16384,8,128,791.667
16,16384,8,256,799.709
16,16384,8,512,811.065
16,16384,8,1024,833.853
16,16384,8,2048,882.514
16,16384,8,4096,987.097
16,16384,8,8192,1181.04
16,16384,8,16384,1573.85
16,16384,16,16,796.797
16,16384,16,32,794.994
16,16384,16,64,799.187
16,16384,16,128,812.306
16,16384,16,256,833.492
16,16384,16,512,867.411
16,16384,16,1024,939.837
16,16384,16,2048,1087.63
16,16384,16,4096,1380.92
16,16384,16,8192,1956.99
16,16384,16,16384,3125.74
16,16384,32,16,819.912
16,16384,32,32,820.69
16,16384,32,64,822.847
16,16384,32,128,858.407
16,16384,32,256,894.545
16,16384,32,512,965.328
16,16384,32,1024,1112.19
16,16384,32,2048,1404.51
16,16384,32,4096,1988.98
16,16384,32,8192,3150.36
16,16384,32,16384,5499.95
16,16384,64,16,873.807
16,16384,64,32,876.071
16,16384,64,64,878.932
16,16384,64,128,952.447
16,16384,64,256,1035.59
16,16384,64,512,1198.29
16,16384,64,1024,1524.86
16,16384,64,2048,2171.71
16,16384,64,4096,3452.59
16,16384,64,8192,5683.61
16,16384,64,16384,10546.5
32,0,0,0,14.6347
32,0,1,16,14.731
32,0,1,32,14.7297
32,0,1,64,14.6773
32,0,1,128,19.5953
32,0,1,256,25.536
32,0,1,512,37.5577
32,0,1,1024,61.8993
32,0,1,2048,110.56
32,0,1,4096,207.871
32,0,1,8192,401.674
32,0,1,16384,787.707
32,0,2,16,14.7513
32,0,2,32,14.7627
32,0,2,64,14.7623
32,0,2,128,19.6473
32,0,2,256,25.5473
32,0,2,512,37.5573
32,0,2,1024,62.1227
32,0,2,2048,110.656
32,0,2,4096,207.765
32,0,2,8192,400.887
32,0,2,16384,786.076
32,0,4,16,14.9013
32,0,4,32,14.9547
32,0,4,64,14.9337
32,0,4,128,19.808
32,0,4,256,25.76
32,0,4,512,37.7277
32,0,4,1024,62.5693
32,0,4,2048,111.168
32,0,4,4096,208.661
32,0,4,8192,403.053
32,0,4,16384,789.085
32,0,8,16,23.0393
32,0,8,32,23.22
32,0,8,64,23.3703
32,0,8,128,33.8027
32,0,8,256,46.0583
32,0,8,512,70.24
32,0,8,1024,118.623
32,0,8,2048,215.836
32,0,8,4096,409.493
32,0,8,8192,797.092
32,0,8,16384,1570.33
32,0,16,16,38.549
32,0,16,32,38.7947
32,0,16,64,39.232
32,0,16,128,60.7147
32,0,16,256,84.619
32,0,16,512,133.066
32,0,16,1024,229.663
32,0,16,2048,421.899
32,0,16,4096,807.512
32,0,16,8192,1576.71
32,0,16,16384,3109.62
32,0,32,16,61.9943
32,0,32,32,62.389
32,0,32,64,63.4657
32,0,32,128,101.908
32,0,32,256,144.341
32,0,32,512,228.949
32,0,32,1024,400.445
32,0,32,2048,738.14
32,0,32,4096,1413.78
32,0,32,8192,2767.99
32,0,32,16384,5491.98
32,0,64,16,109.568
32,0,64,32,110.634
32,0,64,64,113.227
32,0,64,128,186.24
32,0,64,256,267.134
32,0,64,512,427.156
32,0,64,1024,749.3
32,0,64,2048,1388.86
32,0,64,4096,2674.65
32,0,64,8192,5283.87
32,0,64,16384,10511.2
32,16,0,0,14.805
32,16,1,16,14.784
32,16,1,32,14.8267
32,16,1,64,14.8907
32,16,1,128,19.6907
32,16,1,256,25.5787
32,16,1,512,37.568
32,16,1,1024,61.8877
32,16,1,2048,110.539
32,16,1,4096,207.21
32,16,1,8192,399.481
32,16,1,16384,783.994
32,16,2,16,14.7307
32,16,2,32,14.8367
32,16,2,64,14.8907
32,16,2,128,19.6047
32,16,2,256,25.547
32,16,2,512,37.5363
32,16,2,1024,62.101
32,16,2,2048,110.666
32,16,2,4096,207.54
32,16,2,8192,401.6
32,16,2,16384,786.059
32,16,4,16,14.944
32,16,4,32,14.987
32,16,4,64,15.1153
32,16,4,128,19.84
32,16,4,256,25.7813
32,16,4,512,37.802
32,16,4,1024,62.5593
32,16,4,2048,111.136
32,16,4,4096,208.363
32,16,4,8192,402.231
32,16,4,16384,788.533
32,16,8,16,23.1147
32,16,8,32,23.3493
32,16,8,64,23.605
32,16,8,128,33.9517
32,16,8,256,45.8987
32,16,8,512,70.2283
32,16,8,1024,118.443
32,16,8,2048,215.967
32,16,8,4096,409.684
32,16,8,8192,797.258
32,16,8,16384,1570.24
32,16,16,16,38.656
32,16,16,32,38.9223
32,16,16,64,39.5623
32,16,16,128,60.6927
32,16,16,256,84.7143
32,16,16,512,133.097
32,16,16,1024,230.346
32,16,16,2048,423.028
32,16,16,4096,807.55
32,16,16,8192,1575.08
32,16,16,16384,3115.52
32,16,32,16,62.176
32,16,32,32,62.666
32,16,32,64,63.8827
32,16,32,128,102.037
32,16,32,256,144.501
32,16,32,512,229.023
32,16,32,1024,400.244
32,16,32,2048,737.586
32,16,32,4096,1412.92
32,16,32,8192,2767.61
32,16,32,16384,5487.44
32,16,64,16,109.589
32,16,64,32,110.986
32,16,64,64,113.13
32,16,64,128,186.346
32,16,64,256,267.125
32,16,64,512,427.107
32,16,64,1024,749.331
32,16,64,2048,1387.77
32,16,64,4096,2676.15
32,16,64,8192,5273.99
32,16,64,16384,10501.8
32,32,0,0,14.816
32,32,1,16,14.8367
32,32,1,32,14.8157
32,32,1,64,14.8803
32,32,1,128,19.5733
32,32,1,256,25.5253
32,32,1,512,37.482
32,32,1,1024,61.6953
32,32,1,2048,110.069
32,32,1,4096,206.751
32,32,1,8192,399.39
32,32,1,16384,782.751
32,32,2,16,14.7307
32,32,2,32,14.7943
32,32,2,64,14.901
32,32,2,128,19.6267
32,32,2,256,25.5247
32,32,2,512,37.5463
32,32,2,1024,62.0687
32,32,2,2048,110.685
32,32,2,4096,207.859
32,32,2,8192,401.775
32,32,2,16384,787.817
32,32,4,16,14.9443
32,32,4,32,15.04
32,32,4,64,15.1037
32,32,4,128,19.8293
32,32,4,256,25.813
32,32,4,512,37.813
32,32,4,1024,62.4953
32,32,4,2048,111.296
32,32,4,4096,208.81
32,32,4,8192,402.804
32,32,4,16384,788.65
32,32,8,16,23.2527
32,32,8,32,23.381
32,32,8,64,23.5837
32,32,8,128,33.877
32,32,8,256,46.016
32,32,8,512,70.3463
32,32,8,1024,118.848
32,32,8,2048,216.159
32,32,8,4096,410.388
32,32,8,8192,797.205
32,32,8,16384,1570.58
32,32,16,16,38.688
32,32,16,32,38.8367
32,32,16,64,39.5407
32,32,16,128,60.6293
32,32,16,256,84.7137
32,32,16,512,133.28
32,32,16,1024,229.918
32,32,16,2048,422.893
32,32,16,4096,808.734
32,32,16,8192,1575.55
32,32,16,16384,3111.51
32,32,32,16,62.2287
32,32,32,32,62.6233
32,32,32,64,63.8063
32,32,32,128,102.208
32,32,32,256,144.351
32,32,32,512,229.077
32,32,32,1024,400.692
32,32,32,2048,737.533
32,32,32,4096,1413.81
32,32,32,8192,2767.15
32,32,32,16384,5488.69
32,32,64,16,109.866
32,32,64,32,110.901
32,32,64,64,113.504
32,32,64,128,186.41
32,32,64,256,267.02
32,32,64,512,427.196
32,32,64,1024,749.32
32,32,64,2048,1387.36
32,32,64,4096,2676.24
32,32,64,8192,5281.2
32,32,64,16384,10517.8
32,64,0,0,14.9433
32,64,1,16,14.8267
32,64,1,32,14.88
32,64,1,64,15.061
32,64,1,128,19.6367
32,64,1,256,25.536
32,64,1,512,37.5247
32,64,1,1024,61.8773
32,64,1,2048,110.338
32,64,1,4096,207.914
32,64,1,8192,401.72
32,64,1,16384,787.654
32,64,2,16,14.816
32,64,2,32,14.848
32,64,2,64,14.9333
32,64,2,128,19.6157
32,64,2,256,25.5463
32,64,2,512,37.557
32,64,2,1024,62.1547
32,64,2,2048,110.742
32,64,2,4096,207.989
32,64,2,8192,401.066
32,64,2,16384,786.739
32,64,4,16,15.019
32,64,4,32,15.0613
32,64,4,64,15.2953
32,64,4,128,19.797
32,64,4,256,25.739
32,64,4,512,37.7923
32,64,4,1024,62.6337
32,64,4,2048,111.306
32,64,4,4096,208.715
32,64,4,8192,402.6
32,64,4,16384,788.893
32,64,8,16,23.4027
32,64,8,32,23.434
32,64,8,64,23.7543
32,64,8,128,33.8557
32,64,8,256,46.08
32,64,8,512,70.2293
32,64,8,1024,118.911
32,64,8,2048,216.213
32,64,8,4096,409.744
32,64,8,8192,797.249
32,64,8,16384,1570.57
32,64,16,16,38.859
32,64,16,32,39.0833
32,64,16,64,39.818
32,64,16,128,60.7147
32,64,16,256,84.749
32,64,16,512,133.014
32,64,16,1024,230.57
32,64,16,2048,422.707
32,64,16,4096,806.386
32,64,16,8192,1578.64
32,64,16,16384,3116.83
32,64,32,16,62.3677
32,64,32,32,62.9113
32,64,32,64,63.9467
32,64,32,128,102.293
32,64,32,256,144.458
32,64,32,512,229
32,64,32,1024,400.457
32,64,32,2048,737.644
32,64,32,4096,1413.72
32,64,32,8192,2768.36
32,64,32,16384,5491.11
32,64,64,16,109.877
32,64,64,32,110.976
32,64,64,64,113.354
32,64,64,128,186.24
32,64,64,256,266.604
32,64,64,512,427.402
32,64,64,1024,748.67
32,64,64,2048,1386.96
32,64,64,4096,2673.27
32,64,64,8192,5282.73
32,64,64,16384,10514.4
32,128,0,0,20.8213
32,128,1,16,19.8497
32,128,1,32,19.883
32,128,1,64,19.8823
32,128,1,128,20.6393
32,128,1,256,25.4823
32,128,1,512,37.5363
32,128,1,1024,61.9307
32,128,1,2048,110.644
32,128,1,4096,208.018
32,128,1,8192,401.897
32,128,1,16384,787.517
32,128,2,16,19.8403
32,128,2,32,19.861
32,128,2,64,19.872
32,128,2,128,20.5733
32,128,2,256,25.5463
32,128,2,512,37.5463
32,128,2,1024,62.133
32,128,2,2048,110.794
32,128,2,4096,208.02
32,128,2,8192,401.73
32,128,2,16384,786.549
32,128,4,16,19.691
32,128,4,32,19.6903
32,128,4,64,19.797
32,128,4,128,20.7777
32,128,4,256,25.7813
32,128,4,512,37.8023
32,128,4,1024,62.72
32,128,4,2048,111.187
32,128,4,4096,208.95
32,128,4,8192,402.772
32,128,4,16384,789.425
32,128,8,16,29.2903
32,128,8,32,29.344
32,128,8,64,29.685
32,128,8,128,35.4133
32,128,8,256,46.219
32,128,8,512,70.1757
32,128,8,1024,118.497
32,128,8,2048,215.807
32,128,8,4096,409.589
32,128,8,8192,798.471
32,128,8,16384,1570.84
32,128,16,16,44.6927
32,128,16,32,44.9703
32,128,16,64,45.3653
32,128,16,128,62.079
32,128,16,256,84.7033
32,128,16,512,132.587
32,128,16,1024,230.08
32,128,16,2048,423.081
32,128,16,4096,807.383
32,128,16,8192,1577.05
32,128,16,16384,3109
32,128,32,16,68.0637
32,128,32,32,68.5973
32,128,32,64,69.7063
32,128,32,128,103.701
32,128,32,256,144.703
32,128,32,512,228.597
32,128,32,1024,400.532
32,128,32,2048,738.506
32,128,32,4096,1415.31
32,128,32,8192,2768.29
32,128,32,16384,5493.76
32,128,64,16,115.861
32,128,64,32,117.13
32,128,64,64,119.915
32,128,64,128,187.85
32,128,64,256,266.773
32,128,64,512,427.828
32,128,64,1024,751.488
32,128,64,2048,1391
32,128,64,4096,2679.92
32,128,64,8192,5283.59
32,128,64,16384,10511.1
32,256,0,0,26.805
32,256,1,16,25.727
32,256,1,32,25.6853
32,256,1,64,25.6853
32,256,1,128,25.7067
32,256,1,256,26.6133
32,256,1,512,37.5573
32,256,1,1024,61.7603
32,256,1,2048,110.4
32,256,1,4096,207.53
32,256,1,8192,400.883
32,256,1,16384,786.15
32,256,2,16,25.6853
32,256,2,32,25.6853
32,256,2,64,25.6747
32,256,2,128,25.802
32,256,2,256,26.56
32,256,2,512,37.558
32,256,2,1024,62.1427
32,256,2,2048,110.72
32,256,2,4096,207.722
32,256,2,8192,401.261
32,256,2,16384,786.576
32,256,4,16,25.7813
32,256,4,32,25.792
32,256,4,64,25.7593
32,256,4,128,25.8773
32,256,4,256,26.7513
32,256,4,512,37.7607
32,256,4,1024,62.6453
32,256,4,2048,111.338
32,256,4,4096,208.694
32,256,4,8192,403.303
32,256,4,16384,789.393
32,256,8,16,35.2213
32,256,8,32,35.4237
32,256,8,64,35.787
32,256,8,128,41.376
32,256,8,256,47.6057
32,256,8,512,70.133
32,256,8,1024,118.645
32,256,8,2048,215.584
32,256,8,4096,409.117
32,256,8,8192,796.638
32,256,8,16384,1571.55
32,256,16,16,50.7093
32,256,16,32,50.912
32,256,16,64,51.7227
32,256,16,128,68.2987
32,256,16,256,86.8907
32,256,16,512,132.608
32,256,16,1024,229.812
32,256,16,2048,423.401
32,256,16,4096,808.146
32,256,16,8192,1575.84
32,256,16,16384,3114.34
32,256,32,16,74.1547
32,256,32,32,74.848
32,256,32,64,76.096
32,256,32,128,109.694
32,256,32,256,146.666
32,256,32,512,228.586
32,256,32,1024,400.468
32,256,32,2048,737.834
32,256,32,4096,1415
32,256,32,8192,2771.2
32,256,32,16384,5493.61
32,256,64,16,122.367
32,256,64,32,123.988
32,256,64,64,126.431
32,256,64,128,194.005
32,256,64,256,268.138
32,256,64,512,426.826
32,256,64,1024,751.326
32,256,64,2048,1396.69
32,256,64,4096,2688.43
32,256,64,8192,5287.3
32,256,64,16384,10532.2
32,512,0,0,38.6983
32,512,1,16,37.5467
32,512,1,32,37.6
32,512,1,64,37.536
32,512,1,128,37.5463
32,512,1,256,37.5677
32,512,1,512,38.4527
32,512,1,1024,61.877
32,512,1,2048,110.581
32,512,1,4096,208.084
32,512,1,8192,401.61
32,512,1,16384,787.39
32,512,2,16,37.653
32,512,2,32,37.5997
32,512,2,64,37.578
32,512,2,128,37.632
32,512,2,256,37.8557
32,512,2,512,38.357
32,512,2,1024,62.0797
32,512,2,2048,110.645
32,512,2,4096,207.956
32,512,2,8192,401.952
32,512,2,16384,788.4
32,512,4,16,37.6647
32,512,4,32,37.728
32,512,4,64,37.685
32,512,4,128,37.7387
32,512,4,256,37.9733
32,512,4,512,38.539
32,512,4,1024,62.592
32,512,4,2048,111.114
32,512,4,4096,208.587
32,512,4,8192,402.454
32,512,4,16384,788.371
32,512,8,16,47.0077
32,512,8,32,47.0823
32,512,8,64,47.4137
32,512,8,128,53.3117
32,512,8,256,59.5523
32,512,8,512,71.647
32,512,8,1024,118.986
32,512,8,2048,215.828
32,512,8,4096,409.887
32,512,8,8192,797.33
32,512,8,16384,1571.2
32,512,16,16,62.5177
32,512,16,32,62.773
32,512,16,64,63.3167
32,512,16,128,79.9663
32,512,16,256,98.5597
32,512,16,512,134.484
32,512,16,1024,229.94
32,512,16,2048,422.665
32,512,16,4096,807.537
32,512,16,8192,1575.77
32,512,16,16384,3112.72
32,512,32,16,86.1333
32,512,32,32,86.5703
32,512,32,64,87.7437
32,512,32,128,121.909
32,512,32,256,158.25
32,512,32,512,230.133
32,512,32,1024,400.244
32,512,32,2048,738.101
32,512,32,4096,1414.11
32,512,32,8192,2774.63
32,512,32,16384,5504.74
32,512,64,16,140.192
32,512,64,32,141.227
32,512,64,64,143.509
32,512,64,128,207.018
32,512,64,256,280.904
32,512,64,512,427.786
32,512,64,1024,750.389
32,512,64,2048,1400.01
32,512,64,4096,2697.87
32,512,64,8192,5309.07
32,512,64,16384,10549.4
32,1024,0,0,63.0187
32,1024,1,16,61.6743
32,1024,1,32,61.5997
32,1024,1,64,61.651
32,1024,1,128,61.664
32,1024,1,256,61.5787
32,1024,1,512,61.6953
32,1024,1,1024,62.5707
32,1024,1,2048,110.549
32,1024,1,4096,207.774
32,1024,1,8192,401.172
32,1024,1,16384,786.392
32,1024,2,16,61.5463
32,1024,2,32,61.547
32,1024,2,64,61.792
32,1024,2,128,61.7913
32,1024,2,256,61.8453
32,1024,2,512,62.08
32,1024,2,1024,62.517
32,1024,2,2048,110.762
32,1024,2,4096,207.861
32,1024,2,8192,401.684
32,1024,2,16384,787.334
32,1024,4,16,61.7283
32,1024,4,32,61.695
32,1024,4,64,61.675
32,1024,4,128,61.7813
32,1024,4,256,62.1973
32,1024,4,512,62.2933
32,1024,4,1024,63.2533
32,1024,4,2048,111.242
32,1024,4,4096,208.716
32,1024,4,8192,402.539
32,1024,4,16384,789.044
32,1024,8,16,71.0923
32,1024,8,32,71.2327
32,1024,8,64,71.4773
32,1024,8,128,76.9807
32,1024,8,256,83.2423
32,1024,8,512,95.243
32,1024,8,1024,119.892
32,1024,8,2048,215.061
32,1024,8,4096,409.694
32,1024,8,8192,797.476
32,1024,8,16384,1572.44
32,1024,16,16,86.017
32,1024,16,32,86.391
32,1024,16,64,87.0823
32,1024,16,128,103.776
32,1024,16,256,122.581
32,1024,16,512,157.825
32,1024,16,1024,231.626
32,1024,16,2048,423.242
32,1024,16,4096,806.847
32,1024,16,8192,1576.56
32,1024,16,16384,3115.41
32,1024,32,16,110.166
32,1024,32,32,110.741
32,1024,32,64,111.914
32,1024,32,128,146.12
32,1024,32,256,182.741
32,1024,32,512,253.983
32,1024,32,1024,401.749
32,1024,32,2048,737.833
32,1024,32,4096,1414.87
32,1024,32,8192,2774.82
32,1024,32,16384,5505.1
32,1024,64,16,164.48
32,1024,64,32,165.716
32,1024,64,64,167.626
32,1024,64,128,241.216
32,1024,64,256,316.618
32,1024,64,512,453.183
32,1024,64,1024,749.919
32,1024,64,2048,1397.17
32,1024,64,4096,2697.48
32,1024,64,8192,5314.41
32,1024,64,16384,10538
32,2048,0,0,111.36
32,2048,1,16,109.419
32,2048,1,32,109.642
32,2048,1,64,109.75
32,2048,1,128,110.003
32,2048,1,256,110.035
32,2048,1,512,110.068
32,2048,1,1024,110.015
32,2048,1,2048,110.933
32,2048,1,4096,207.72
32,2048,1,8192,401.298
32,2048,1,16384,787.262
32,2048,2,16,109.877
32,2048,2,32,109.813
32,2048,2,64,109.909
32,2048,2,128,109.909
32,2048,2,256,109.963
32,2048,2,512,110.26
32,2048,2,1024,110.155
32,2048,2,2048,110.891
32,2048,2,4096,208.129
32,2048,2,8192,401.543
32,2048,2,16384,788.147
32,2048,4,16,109.931
32,2048,4,32,109.995
32,2048,4,64,109.877
32,2048,4,128,109.963
32,2048,4,256,110.303
32,2048,4,512,110.624
32,2048,4,1024,111.391
32,2048,4,2048,111.476
32,2048,4,4096,208.385
32,2048,4,8192,402.549
32,2048,4,16384,788.679
32,2048,8,16,118.038
32,2048,8,32,118.08
32,2048,8,64,119.085
32,2048,8,128,124.021
32,2048,8,256,130.326
32,2048,8,512,142.411
32,2048,8,1024,168.043
32,2048,8,2048,217.214
32,2048,8,4096,409.523
32,2048,8,8192,797.545
32,2048,8,16384,1572.2
32,2048,16,16,133.738
32,2048,16,32,133.695
32,2048,16,64,134.399
32,2048,16,128,151.018
32,2048,16,256,170.057
32,2048,16,512,205.78
32,2048,16,1024,279.157
32,2048,16,2048,424.543
32,2048,16,4096,808.466
32,2048,16,8192,1575.42
32,2048,16,16384,3111.95
32,2048,32,16,157.354
32,2048,32,32,158.101
32,2048,32,64,159.115
32,2048,32,128,193.92
32,2048,32,256,230.816
32,2048,32,512,302.186
32,2048,32,1024,448.159
32,2048,32,2048,739.412
32,2048,32,4096,1415.52
32,2048,32,8192,2773.75
32,2048,32,16384,5503.49
32,2048,64,16,212.341
32,2048,64,32,214.047
32,2048,64,64,216.693
32,2048,64,128,290.068
32,2048,64,256,370.58
32,2048,64,512,526.494
32,2048,64,1024,799.007
32,2048,64,2048,1389.68
32,2048,64,4096,2700.09
32,2048,64,8192,5300.64
32,2048,64,16384,10539.6
32,4096,0,0,208.789
32,4096,1,16,205.781
32,4096,1,32,206.205
32,4096,1,64,206.176
32,4096,1,128,206.261
32,4096,1,256,206.048
32,4096,1,512,206.357
32,4096,1,1024,206.368
32,4096,1,2048,206.453
32,4096,1,4096,207.744
32,4096,1,8192,400.969
32,4096,1,16384,786.106
32,4096,2,16,206.018
32,4096,2,32,206.058
32,4096,2,64,206.411
32,4096,2,128,206.506
32,4096,2,256,206.494
32,4096,2,512,206.741
32,4096,2,1024,206.751
32,4096,2,2048,207.263
32,4096,2,4096,208.417
32,4096,2,8192,401.886
32,4096,2,16384,787.827
32,4096,4,16,206.346
32,4096,4,32,206.389
32,4096,4,64,206.292
32,4096,4,128,206.314
32,4096,4,256,206.56
32,4096,4,512,207.434
32,4096,4,1024,207.584
32,4096,4,2048,207.658
32,4096,4,4096,208.854
32,4096,4,8192,402.485
32,4096,4,16384,788.583
32,4096,8,16,213.643
32,4096,8,32,213.28
32,4096,8,64,213.603
32,4096,8,128,219.648
32,4096,8,256,225.983
32,4096,8,512,237.728
32,4096,8,1024,262.858
32,4096,8,2048,312.959
32,4096,8,4096,411.402
32,4096,8,8192,797.694
32,4096,8,16384,1573.08
32,4096,16,16,228.373
32,4096,16,32,228.501
32,4096,16,64,229.311
32,4096,16,128,245.653
32,4096,16,256,264.32
32,4096,16,512,300.118
32,4096,16,1024,373.641
32,4096,16,2048,518.111
32,4096,16,4096,812.35
32,4096,16,8192,1577.34
32,4096,16,16384,3111.25
32,4096,32,16,252
32,4096,32,32,253.492
32,4096,32,64,254.431
32,4096,32,128,288.894
32,4096,32,256,326.005
32,4096,32,512,397.589
32,4096,32,1024,544.011
32,4096,32,2048,831.4
32,4096,32,4096,1416.19
32,4096,32,8192,2774.05
32,4096,32,16384,5507.65
32,4096,64,16,306.996
32,4096,64,32,308.821
32,4096,64,64,311.477
32,4096,64,128,386.28
32,4096,64,256,466.844
32,4096,64,512,625.885
32,4096,64,1024,944.329
32,4096,64,2048,1485.62
32,4096,64,4096,2680.7
32,4096,64,8192,5311.33
32,4096,64,16384,10547.4
32,8192,0,0,401.973
32,8192,1,16,397.671
32,8192,1,32,397.791
32,8192,1,64,397.908
32,8192,1,128,397.85
32,8192,1,256,397.971
32,8192,1,512,399.252
32,8192,1,1024,399.306
32,8192,1,2048,399.199
32,8192,1,4096,399.263
32,8192,1,8192,401.79
32,8192,1,16384,787.2
32,8192,2,16,399.392
32,8192,2,32,399.678
32,8192,2,64,399.228
32,8192,2,128,399.393
32,8192,2,256,400.333
32,8192,2,512,399.935
32,8192,2,1024,400.107
32,8192,2,2048,400.725
32,8192,2,4096,401.119
32,8192,2,8192,402.238
32,8192,2,16384,787.828
32,8192,4,16,399.925
32,8192,4,32,399.657
32,8192,4,64,399.431
32,8192,4,128,399.519
32,8192,4,256,400.063
32,8192,4,512,400.47
32,8192,4,1024,401.001
32,8192,4,2048,400.405
32,8192,4,4096,401.369
32,8192,4,8192,402.154
32,8192,4,16384,789.183
32,8192,8,16,406.943
32,8192,8,32,405.301
32,8192,8,64,403.985
32,8192,8,128,411.252
32,8192,8,256,416.308
32,8192,8,512,428.638
32,8192,8,1024,452.874
32,8192,8,2048,502.935
32,8192,8,4096,602.304
32,8192,8,8192,798.261
32,8192,8,16384,1571.45
32,8192,16,16,417.417
32,8192,16,32,417.93
32,8192,16,64,418.271
32,8192,16,128,434.592
32,8192,16,256,453.343
32,8192,16,512,489.952
32,8192,16,1024,563.944
32,8192,16,2048,708.542
32,8192,16,4096,998.9
32,8192,16,8192,1584.89
32,8192,16,16384,3120.14
32,8192,32,16,441.418
32,8192,32,32,442.261
32,8192,32,64,443.274
32,8192,32,128,478.225
32,8192,32,256,515.316
32,8192,32,512,587.253
32,8192,32,1024,734.891
32,8192,32,2048,1025.08
32,8192,32,4096,1602.43
32,8192,32,8192,2769.62
32,8192,32,16384,5504.15
32,8192,64,16,496.319
32,8192,64,32,497.737
32,8192,64,64,501.205
32,8192,64,128,575.316
32,8192,64,256,656.99
32,8192,64,512,818.142
32,8192,64,1024,1137.65
32,8192,64,2048,1774.5
32,8192,64,4096,2883.16
32,8192,64,8192,5305.45
32,8192,64,16384,10552.7
32,16384,0,0,786.857
32,16384,1,16,781.182
32,16384,1,32,780.628
32,16384,1,64,780.521
32,16384,1,128,780.502
32,16384,1,256,781.638
32,16384,1,512,785.448
32,16384,1,1024,785.533
32,16384,1,2048,785.342
32,16384,1,4096,785.01
32,16384,1,8192,787.221
32,16384,1,16384,788.66
32,16384,2,16,787.722
32,16384,2,32,787.768
32,16384,2,64,787.817
32,16384,2,128,787.87
32,16384,2,256,788.218
32,16384,2,512,788.508
32,16384,2,1024,788.433
32,16384,2,2048,788.441
32,16384,2,4096,785.797
32,16384,2,8192,787.579
32,16384,2,16384,788.805
32,16384,4,16,788.254
32,16384,4,32,788.073
32,16384,4,64,788.104
32,16384,4,128,788.296
32,16384,4,256,788.575
32,16384,4,512,788.97
32,16384,4,1024,788.907
32,16384,4,2048,789.674
32,16384,4,4096,789.598
32,16384,4,8192,788.98
32,16384,4,16384,790.469
32,16384,8,16,785.109
32,16384,8,32,784.316
32,16384,8,64,787.124
32,16384,8,128,790.332
32,16384,8,256,799.391
32,16384,8,512,813.962
32,16384,8,1024,834.793
32,16384,8,2048,885.38
32,16384,8,4096,988.679
32,16384,8,8192,1180.41
32,16384,8,16384,1571.88
32,16384,16,16,797.694
32,16384,16,32,797.449
32,16384,16,64,796.732
32,16384,16,128,813.161
32,16384,16,256,831.667
32,16384,16,512,870.579
32,16384,16,1024,941.352
32,16384,16,2048,1088.44
32,16384,16,4096,1379.04
32,16384,16,8192,1954.47
32,16384,16,16384,3124.98
32,16384,32,16,821.548
32,16384,32,32,820.957
32,16384,32,64,822.06
32,16384,32,128,856.414
32,16384,32,256,893.707
32,16384,32,512,965.544
32,16384,32,1024,1112.47
32,16384,32,2048,1404.28
32,16384,32,4096,1989.57
32,16384,32,8192,3148.22
32,16384,32,16384,5504.62
32,16384,64,16,874.249
32,16384,64,32,876.856
32,16384,64,64,880.013
32,16384,64,128,953.792
32,16384,64,256,1036.56
32,16384,64,512,1196.44
32,16384,64,1024,1524.2
32,16384,64,2048,2173.43
32,16384,64,4096,3446.17
32,16384,64,8192,5706.1
32,16384,64,16384,10543.8
64,0,0,0,15.2107
64,0,1,16,15.04
64,0,1,32,15.125
64,0,1,64,15.221
64,0,1,128,19.7223
64,0,1,256,25.589
64,0,1,512,37.557
64,0,1,1024,61.7067
64,0,1,2048,110.069
64,0,1,4096,206.879
64,0,1,8192,399.381
64,0,1,16384,783.176
64,0,2,16,15.0933
64,0,2,32,15.2323
64,0,2,64,15.2523
64,0,2,128,19.8503
64,0,2,256,25.7493
64,0,2,512,37.6003
64,0,2,1024,62.143
64,0,2,2048,110.931
64,0,2,4096,208.264
64,0,2,8192,401.938
64,0,2,16384,787.816
64,0,4,16,15.2647
64,0,4,32,15.317
64,0,4,64,15.4027
64,0,4,128,20.0007
64,0,4,256,25.9517
64,0,4,512,38.0697
64,0,4,1024,63.007
64,0,4,2048,111.2
64,0,4,4096,208.81
64,0,4,8192,402.804
64,0,4,16384,788.999
64,0,8,16,23.7123
64,0,8,32,23.755
64,0,8,64,24.0107
64,0,8,128,34.026
64,0,8,256,45.9523
64,0,8,512,70.0907
64,0,8,1024,118.762
64,0,8,2048,216.17
64,0,8,4096,410.078
64,0,8,8192,797.386
64,0,8,16384,1571.04
64,0,16,16,39.0187
64,0,16,32,39.3283
64,0,16,64,39.85
64,0,16,128,60.6497
64,0,16,256,84.778
64,0,16,512,133.204
64,0,16,1024,230.132
64,0,16,2048,423.381
64,0,16,4096,807.271
64,0,16,8192,1574.95
64,0,16,16384,3108.52
64,0,32,16,62.8373
64,0,32,32,63.4133
64,0,32,64,64.7153
64,0,32,128,102.443
64,0,32,256,144.671
64,0,32,512,228.863
64,0,32,1024,400.575
64,0,32,2048,738.057
64,0,32,4096,1415.01
64,0,32,8192,2768.12
64,0,32,16384,5488.05
64,0,64,16,110.272
64,0,64,32,111.233
64,0,64,64,113.653
64,0,64,128,186.176
64,0,64,256,266.909
64,0,64,512,427.103
64,0,64,1024,749.171
64,0,64,2048,1387.88
64,0,64,4096,2678.2
64,0,64,8192,5284.51
64,0,64,16384,10501
64,16,0,0,15.296
64,16,1,16,15.0933
64,16,1,32,15.1997
64,16,1,64,15.2963
64,16,1,128,19.6907
64,16,1,256,25.5683
64,16,1,512,37.5787
64,16,1,1024,61.8873
64,16,1,2048,110.411
64,16,1,4096,207.55
64,16,1,8192,400.744
64,16,1,16384,785.789
64,16,2,16,15.0403
64,16,2,32,15.21
64,16,2,64,15.3063
64,16,2,128,19.8293
64,16,2,256,25.7273
64,16,2,512,37.7177
64,16,2,1024,62.102
64,16,2,2048,110.869
64,16,2,4096,207.914
64,16,2,8192,400.82
64,16,2,16384,785.629
64,16,4,16,15.1893
64,16,4,32,15.2743
64,16,4,64,15.4877
64,16,4,128,19.947
64,16,4,256,25.8987
64,16,4,512,37.942
64,16,4,1024,62.5163
64,16,4,2048,111.169
64,16,4,4096,208.725
64,16,4,8192,401.408
64,16,4,16384,789.574
64,16,8,16,23.7113
64,16,8,32,23.8187
64,16,8,64,24.2027
64,16,8,128,34.0583
64,16,8,256,46.048
64,16,8,512,70.304
64,16,8,1024,118.889
64,16,8,2048,215.636
64,16,8,4096,409.561
64,16,8,8192,796.659
64,16,8,16384,1569.8
64,16,16,16,39.1993
64,16,16,32,39.3803
64,16,16,64,40.0203
64,16,16,128,60.648
64,16,16,256,84.885
64,16,16,512,133.269
64,16,16,1024,230.105
64,16,16,2048,422.09
64,16,16,4096,807.495
64,16,16,8192,1575.98
64,16,16,16384,3113.7
64,16,32,16,62.88
64,16,32,32,63.349
64,16,32,64,64.736
64,16,32,128,102.475
64,16,32,256,144.672
64,16,32,512,229.131
64,16,32,1024,400.692
64,16,32,2048,738.055
64,16,32,4096,1414.45
64,16,32,8192,2769.96
64,16,32,16384,5497.27
64,16,64,16,110.368
64,16,64,32,111.573
64,16,64,64,113.984
64,16,64,128,186.335
64,16,64,256,267.359
64,16,64,512,427.274
64,16,64,1024,749.821
64,16,64,2048,1388.59
64,16,64,4096,2675.28
64,16,64,8192,5287.92
64,16,64,16384,10508.8
64,32,0,0,15.4027
64,32,1,16,15.2
64,32,1,32,15.2853
64,32,1,64,15.3493
64,32,1,128,19.734
64,32,1,256,25.557
64,32,1,512,37.5143
64,32,1,1024,61.632
64,32,1,2048,110.614
64,32,1,4096,207.905
64,32,1,8192,401.631
64,32,1,16384,787.463
64,32,2,16,15.1467
64,32,2,32,15.2747
64,32,2,64,15.3163
64,32,2,128,19.8193
64,32,2,256,25.76
64,32,2,512,37.8027
64,32,2,1024,62.1863
64,32,2,2048,110.848
64,32,2,4096,208.104
64,32,2,8192,401.844
64,32,2,16384,787.348
64,32,4,16,15.2643
64,32,4,32,15.3917
64,32,4,64,15.423
64,32,4,128,19.936
64,32,4,256,25.8673
64,32,4,512,37.984
64,32,4,1024,62.549
64,32,4,2048,111.371
64,32,4,4096,208.797
64,32,4,8192,402.437
64,32,4,16384,789.128
64,32,8,16,23.9143
64,32,8,32,23.946
64,32,8,64,24.3093
64,32,8,128,34.037
64,32,8,256,46.08
64,32,8,512,70.325
64,32,8,1024,118.816
64,32,8,2048,215.795
64,32,8,4096,410.175
64,32,8,8192,798.003
64,32,8,16384,1571.59
64,32,16,16,39.1257
64,32,16,32,39.424
64,32,16,64,40.096
64,32,16,128,60.5867
64,32,16,256,84.7787
64,32,16,512,133.248
64,32,16,1024,230.271
64,32,16,2048,423.155
64,32,16,4096,807.326
64,32,16,8192,1575.47
64,32,16,16384,3111.37
64,32,32,16,63.039
64,32,32,32,63.5647
64,32,32,64,64.7783
64,32,32,128,102.581
64,32,32,256,144.661
64,32,32,512,229.162
64,32,32,1024,400.308
64,32,32,2048,738.309
64,32,32,4096,1414.36
64,32,32,8192,2767.79
64,32,32,16384,5489.6
64,32,64,16,110.463
64,32,64,32,111.797
64,32,64,64,113.888
64,32,64,128,186.229
64,32,64,256,266.858
64,32,64,512,427.37
64,32,64,1024,749.32
64,32,64,2048,1387.77
64,32,64,4096,2679.1
64,32,64,8192,5282.37
64,32,64,16384,10482.1
64,64,0,0,15.4777
64,64,1,16,15.2527
64,64,1,32,15.2853
64,64,1,64,15.4023
64,64,1,128,19.6807
64,64,1,256,25.515
64,64,1,512,37.6423
64,64,1,1024,61.888
64,64,1,2048,110.581
64,64,1,4096,208.041
64,64,1,8192,401.663
64,64,1,16384,787.263
64,64,2,16,15.1253
64,64,2,32,15.221
64,64,2,64,15.2957
64,64,2,128,19.701
64,64,2,256,25.7283
64,64,2,512,37.6423
64,64,2,1024,62.1117
64,64,2,2048,110.868
64,64,2,4096,208.042
64,64,2,8192,401.597
64,64,2,16384,787.261
64,64,4,16,15.3707
64,64,4,32,15.3607
64,64,4,64,15.4667
64,64,4,128,19.936
64,64,4,256,25.931
64,64,4,512,37.8873
64,64,4,1024,63.0613
64,64,4,2048,111.36
64,64,4,4096,208.885
64,64,4,8192,401.908
64,64,4,16384,788.498
64,64,8,16,23.9233
64,64,8,32,23.968
64,64,8,64,24.331
64,64,8,128,34.0057
64,64,8,256,45.8243
64,64,8,512,70.2823
64,64,8,1024,118.827
64,64,8,2048,216.052
64,64,8,4096,409.885
64,64,8,8192,797.223
64,64,8,16384,1571.77
64,64,16,16,39.2213
64,64,16,32,39.5093
64,64,16,64,40.0747
64,64,16,128,60.607
64,64,16,256,84.735
64,64,16,512,133.119
64,64,16,1024,230.345
64,64,16,2048,423.348
64,64,16,4096,807.25
64,64,16,8192,1573.46
64,64,16,16384,3108.28
64,64,32,16,63.2203
64,64,32,32,63.7013
64,64,32,64,64.8637
64,64,32,128,102.56
64,64,32,256,144.629
64,64,32,512,229.13
64,64,32,1024,400.66
64,64,32,2048,738.782
64,64,32,4096,1414.76
64,64,32,8192,2765.04
64,64,32,16384,5487.57
64,64,64,16,110.379
64,64,64,32,111.68
64,64,64,64,114.004
64,64,64,128,186.399
64,64,64,256,266.922
64,64,64,512,427.282
64,64,64,1024,748.828
64,64,64,2048,1387.8
64,64,64,4096,2677.82
64,64,64,8192,5280.48
64,64,64,16384,10517
64,128,0,0,21.376
64,128,1,16,20.3193
64,128,1,32,20.2983
64,128,1,64,20.277
64,128,1,128,20.8967
64,128,1,256,25.5253
64,128,1,512,37.5893
64,128,1,1024,61.8233
64,128,1,2048,110.431
64,128,1,4096,207.639
64,128,1,8192,401.173
64,128,1,16384,786.095
64,128,2,16,20.203
64,128,2,32,20.3093
64,128,2,64,20.3197
64,128,2,128,20.725
64,128,2,256,25.6747
64,128,2,512,37.727
64,128,2,1024,62.2297
64,128,2,2048,110.859
64,128,2,4096,208.084
64,128,2,8192,401.406
64,128,2,16384,787.778
64,128,4,16,20.2033
64,128,4,32,20.213
64,128,4,64,20.224
64,128,4,128,20.906
64,128,4,256,25.9517
64,128,4,512,37.8883
64,128,4,1024,62.7627
64,128,4,2048,111.103
64,128,4,4096,208.756
64,128,4,8192,402.847
64,128,4,16384,789.234
64,128,8,16,29.888
64,128,8,32,29.9513
64,128,8,64,30.1863
64,128,8,128,35.573
64,128,8,256,45.899
64,128,8,512,70.1863
64,128,8,1024,118.837
64,128,8,2048,215.849
64,128,8,4096,409.887
64,128,8,8192,797.586
64,128,8,16384,1569.64
64,128,16,16,45.12
64,128,16,32,45.4823
64,128,16,64,46.144
64,128,16,128,62.688
64,128,16,256,84.832
64,128,16,512,132.746
64,128,16,1024,230.058
64,128,16,2048,422.847
64,128,16,4096,807.294
64,128,16,8192,1575.8
64,128,16,16384,3109.87
64,128,32,16,69.0027
64,128,32,32,69.3537
64,128,32,64,70.954
64,128,32,128,104.181
64,128,32,256,145.045
64,128,32,512,228.768
64,128,32,1024,400.554
64,128,32,2048,738.149
64,128,32,4096,1414.48
64,128,32,8192,2768.95
64,128,32,16384,5494.97
64,128,64,16,116.458
64,128,64,32,117.908
64,128,64,64,120.372
64,128,64,128,188.34
64,128,64,256,267.218
64,128,64,512,427.198
64,128,64,1024,751.156
64,128,64,2048,1393.4
64,128,64,4096,2680.45
64,128,64,8192,5286.03
64,128,64,16384,10495.3
64,256,0,0,27.2537
64,256,1,16,26.122
64,256,1,32,26.1437
64,256,1,64,26.123
64,256,1,128,26.2823
64,256,1,256,26.7307
64,256,1,512,37.6533
64,256,1,1024,61.888
64,256,1,2048,110.56
64,256,1,4096,207.732
64,256,1,8192,401.535
64,256,1,16384,787.271
64,256,2,16,26.1647
64,256,2,32,26.1757
64,256,2,64,26.1553
64,256,2,128,26.2187
64,256,2,256,26.688
64,256,2,512,37.7067
64,256,2,1024,62.069
64,256,2,2048,110.761
64,256,2,4096,208.116
64,256,2,8192,401.858
64,256,2,16384,788.201
64,256,4,16,26.2613
64,256,4,32,26.292
64,256,4,64,26.3143
64,256,4,128,26.72
64,256,4,256,26.9117
64,256,4,512,38.1113
64,256,4,1024,62.751
64,256,4,2048,111.445
64,256,4,4096,208.491
64,256,4,8192,402.645
64,256,4,16384,789.075
64,256,8,16,35.8403
64,256,8,32,35.8933
64,256,8,64,36.2237
64,256,8,128,41.76
64,256,8,256,48.0853
64,256,8,512,70.1437
64,256,8,1024,118.955
64,256,8,2048,215.819
64,256,8,4096,409.545
64,256,8,8192,796.904
64,256,8,16384,1570.91
64,256,16,16,51.1573
64,256,16,32,51.5943
64,256,16,64,52.0853
64,256,16,128,68.618
64,256,16,256,87.6047
64,256,16,512,132.735
64,256,16,1024,229.972
64,256,16,2048,422.698
64,256,16,4096,807.411
64,256,16,8192,1574.37
64,256,16,16384,3111.81
64,256,32,16,74.9863
64,256,32,32,75.4237
64,256,32,64,76.8957
64,256,32,128,110.517
64,256,32,256,147.008
64,256,32,512,228.597
64,256,32,1024,400.467
64,256,32,2048,738.876
64,256,32,4096,1415.2
64,256,32,8192,2771.38
64,256,32,16384,5492.76
64,256,64,16,123.765
64,256,64,32,124.33
64,256,64,64,127.53
64,256,64,128,194.655
64,256,64,256,268.926
64,256,64,512,426.612
64,256,64,1024,750.856
64,256,64,2048,1396.24
64,256,64,4096,2688
64,256,64,8192,5284.5
64,256,64,16384,10514.8
64,512,0,0,39.2107
64,512,1,16,37.9947
64,512,1,32,37.9943
64,512,1,64,37.984
64,512,1,128,38.198
64,512,1,256,38.229
64,512,1,512,38.6343
64,512,1,1024,61.7493
64,512,1,2048,110.197
64,512,1,4096,206.934
64,512,1,8192,400.085
64,512,1,16384,784.256
64,512,2,16,38.048
64,512,2,32,38.0373
64,512,2,64,38.1327
64,512,2,128,38.3357
64,512,2,256,38.3467
64,512,2,512,38.5707
64,512,2,1024,62.0157
64,512,2,2048,110.784
64,512,2,4096,208.106
64,512,2,8192,401.833
64,512,2,16384,788.207
64,512,4,16,38.113
64,512,4,32,38.144
64,512,4,64,38.2183
64,512,4,128,38.7303
64,512,4,256,38.7097
64,512,4,512,39.0073
64,512,4,1024,62.9013
64,512,4,2048,111.179
64,512,4,4096,208.916
64,512,4,8192,402.421
64,512,4,16384,789.593
64,512,8,16,47.7227
64,512,8,32,47.8827
64,512,8,64,48.171
64,512,8,128,53.4933
64,512,8,256,60.043
64,512,8,512,71.936
64,512,8,1024,118.517
64,512,8,2048,215.604
64,512,8,4096,409.598
64,512,8,8192,798.292
64,512,8,16384,1573.31
64,512,16,16,63.0503
64,512,16,32,63.3063
64,512,16,64,64.0963
64,512,16,128,80.373
64,512,16,256,99.0707
64,512,16,512,134.505
64,512,16,1024,230.26
64,512,16,2048,422.751
64,512,16,4096,808.848
64,512,16,8192,1577.8
64,512,16,16384,3116.91
64,512,32,16,86.911
64,512,32,32,87.595
64,512,32,64,89.012
64,512,32,128,122.709
64,512,32,256,159.414
64,512,32,512,230.591
64,512,32,1024,400.394
64,512,32,2048,738.512
64,512,32,4096,1414.96
64,512,32,8192,2770.83
64,512,32,16384,5498.8
64,512,64,16,140.79
64,512,64,32,142.176
64,512,64,64,144.287
64,512,64,128,207.445
64,512,64,256,280.949
64,512,64,512,428.383
64,512,64,1024,750.034
64,512,64,2048,1396.8
64,512,64,4096,2701.49
64,512,64,8192,5307.53
64,512,64,16384,10546.2
64,1024,0,0,63.4773
64,1024,1,16,62.0157
64,1024,1,32,62.048
64,1024,1,64,61.9943
64,1024,1,128,62.037
64,1024,1,256,62.133
64,1024,1,512,62.262
64,1024,1,1024,63.0397
64,1024,1,2048,110.592
64,1024,1,4096,208
64,1024,1,8192,401.739
64,1024,1,16384,787.624
64,1024,2,16,62.229
64,1024,2,32,62.08
64,1024,2,64,62.1443
64,1024,2,128,62.2613
64,1024,2,256,62.3893
64,1024,2,512,62.5597
64,1024,2,1024,62.8363
64,1024,2,2048,110.837
64,1024,2,4096,208.063
64,1024,2,8192,401.62
64,1024,2,16384,788.001
64,1024,4,16,62.2603
64,1024,4,32,62.2083
64,1024,4,64,62.2713
64,1024,4,128,62.8053
64,1024,4,256,63.0613
64,1024,4,512,63.093
64,1024,4,1024,63.3183
64,1024,4,2048,111.242
64,1024,4,4096,208.597
64,1024,4,8192,402.302
64,1024,4,16384,788.574
64,1024,8,16,71.4977
64,1024,8,32,71.7437
64,1024,8,64,71.9143
64,1024,8,128,77.077
64,1024,8,256,83.5627
64,1024,8,512,95.5303
64,1024,8,1024,120.502
64,1024,8,2048,215.316
64,1024,8,4096,409.268
64,1024,8,8192,797.78
64,1024,8,16384,1571.12
64,1024,16,16,86.5283
64,1024,16,32,86.7733
64,1024,16,64,87.6483
64,1024,16,128,104.213
64,1024,16,256,122.719
64,1024,16,512,158.324
64,1024,16,1024,231.649
64,1024,16,2048,422.527
64,1024,16,4096,808.85
64,1024,16,8192,1577.02
64,1024,16,16384,3117.09
64,1024,32,16,111.039
64,1024,32,32,111.467
64,1024,32,64,112.778
64,1024,32,128,146.921
64,1024,32,256,183.229
64,1024,32,512,254.367
64,1024,32,1024,401.481
64,1024,32,2048,739.292
64,1024,32,4096,1416.69
64,1024,32,8192,2774.75
64,1024,32,16384,5515.68
64,1024,64,16,165.045
64,1024,64,32,166.325
64,1024,64,64,168.448
64,1024,64,128,242.314
64,1024,64,256,317.921
64,1024,64,512,453.311
64,1024,64,1024,750.569
64,1024,64,2048,1397.47
64,1024,64,4096,2700.05
64,1024,64,8192,5312.54
64,1024,64,16384,10539.1
64,2048,0,0,112.243
64,2048,1,16,110.378
64,2048,1,32,110.282
64,2048,1,64,110.279
64,2048,1,128,110.357
64,2048,1,256,110.389
64,2048,1,512,110.579
64,2048,1,1024,110.784
64,2048,1,2048,111.584
64,2048,1,4096,207.264
64,2048,1,8192,400.053
64,2048,1,16384,784.618
64,2048,2,16,110.24
64,2048,2,32,110.454
64,2048,2,64,110.432
64,2048,2,128,110.591
64,2048,2,256,110.645
64,2048,2,512,110.838
64,2048,2,1024,111.263
64,2048,2,2048,111.661
64,2048,2,4096,208.042
64,2048,2,8192,401.46
64,2048,2,16384,787.422
64,2048,4,16,110.24
64,2048,4,32,110.229
64,2048,4,64,110.197
64,2048,4,128,110.709
64,2048,4,256,110.71
64,2048,4,512,110.996
64,2048,4,1024,111.327
64,2048,4,2048,112.096
64,2048,4,4096,208.331
64,2048,4,8192,402.428
64,2048,4,16384,788.548
64,2048,8,16,119.103
64,2048,8,32,119.328
64,2048,8,64,119.51
64,2048,8,128,124.426
64,2048,8,256,130.571
64,2048,8,512,142.815
64,2048,8,1024,167.785
64,2048,8,2048,217.353
64,2048,8,4096,409.471
64,2048,8,8192,797.587
64,2048,8,16384,1571.89
64,2048,16,16,134.154
64,2048,16,32,134.304
64,2048,16,64,134.976
64,2048,16,128,151.573
64,2048,16,256,170.474
64,2048,16,512,206.175
64,2048,16,1024,279.797
64,2048,16,2048,424.768
64,2048,16,4096,808.383
64,2048,16,8192,1579.7
64,2048,16,16384,3114.4
64,2048,32,16,158.038
64,2048,32,32,158.9
64,2048,32,64,160.318
64,2048,32,128,194.931
64,2048,32,256,231.572
64,2048,32,512,302.484
64,2048,32,1024,447.768
64,2048,32,2048,740.817
64,2048,32,4096,1416.96
64,2048,32,8192,2771.35
64,2048,32,16384,5515.74
64,2048,64,16,213.077
64,2048,64,32,214.699
64,2048,64,64,217.461
64,2048,64,128,290.56
64,2048,64,256,370.762
64,2048,64,512,527.37
64,2048,64,1024,796.191
64,2048,64,2048,1390.64
64,2048,64,4096,2697.47
64,2048,64,8192,5301.9
64,2048,64,16384,10562.8
64,4096,0,0,209.098
64,4096,1,16,206.666
64,4096,1,32,206.64
64,4096,1,64,206.25
64,4096,1,128,205.93
64,4096,1,256,206.282
64,4096,1,512,206.625
64,4096,1,1024,207.358
64,4096,1,2048,207.944
64,4096,1,4096,209.067
64,4096,1,8192,401.641
64,4096,1,16384,786.675
64,4096,2,16,206.699
64,4096,2,32,206.741
64,4096,2,64,206.793
64,4096,2,128,206.783
64,4096,2,256,207.018
64,4096,2,512,207.221
64,4096,2,1024,207.519
64,4096,2,2048,207.861
64,4096,2,4096,208.746
64,4096,2,8192,401.865
64,4096,2,16384,787.689
64,4096,4,16,206.698
64,4096,4,32,206.698
64,4096,4,64,206.742
64,4096,4,128,207.264
64,4096,4,256,207.401
64,4096,4,512,207.552
64,4096,4,1024,207.903
64,4096,4,2048,208.191
64,4096,4,4096,209.064
64,4096,4,8192,401.789
64,4096,4,16384,788.842
64,4096,8,16,214.154
64,4096,8,32,214.354
64,4096,8,64,213.983
64,4096,8,128,219.658
64,4096,8,256,225.781
64,4096,8,512,238.815
64,4096,8,1024,263.455
64,4096,8,2048,313.919
64,4096,8,4096,410.889
64,4096,8,8192,797.822
64,4096,8,16384,1571.74
64,4096,16,16,228.426
64,4096,16,32,228.77
64,4096,16,64,229.364
64,4096,16,128,245.973
64,4096,16,256,264.82
64,4096,16,512,300.245
64,4096,16,1024,374.035
64,4096,16,2048,517.566
64,4096,16,4096,811.487
64,4096,16,8192,1582.41
64,4096,16,16384,3113.77
64,4096,32,16,253.056
64,4096,32,32,253.685
64,4096,32,64,254.743
64,4096,32,128,289.225
64,4096,32,256,326.602
64,4096,32,512,398.121
64,4096,32,1024,544.692
64,4096,32,2048,834.046
64,4096,32,4096,1416.65
64,4096,32,8192,2771.23
64,4096,32,16384,5500.57
64,4096,64,16,307.754
64,4096,64,32,309.152
64,4096,64,64,311.829
64,4096,64,128,386.61
64,4096,64,256,465.812
64,4096,64,512,626.313
64,4096,64,1024,943.994
64,4096,64,2048,1484.84
64,4096,64,4096,2686.74
64,4096,64,8192,5311.17
64,4096,64,16384,10527.1
64,8192,0,0,402.334
64,8192,1,16,398.184
64,8192,1,32,398.756
64,8192,1,64,398.816
64,8192,1,128,398.676
64,8192,1,256,398.398
64,8192,1,512,398.6
64,8192,1,1024,399.484
64,8192,1,2048,398.719
64,8192,1,4096,400.115
64,8192,1,8192,402.249
64,8192,1,16384,786.44
64,8192,2,16,399.442
64,8192,2,32,399.701
64,8192,2,64,400.35
64,8192,2,128,400.618
64,8192,2,256,400.416
64,8192,2,512,400.554
64,8192,2,1024,400.843
64,8192,2,2048,401.14
64,8192,2,4096,401.717
64,8192,2,8192,402.484
64,8192,2,16384,786.345
64,8192,4,16,399.583
64,8192,4,32,400.075
64,8192,4,64,399.978
64,8192,4,128,400.585
64,8192,4,256,400.543
64,8192,4,512,400.782
64,8192,4,1024,401.002
64,8192,4,2048,401.173
64,8192,4,4096,401.938
64,8192,4,8192,403.071
64,8192,4,16384,789.588
64,8192,8,16,405.502
64,8192,8,32,404.948
64,8192,8,64,405.429
64,8192,8,128,411.402
64,8192,8,256,415.51
64,8192,8,512,429.215
64,8192,8,1024,453.962
64,8192,8,2048,502.825
64,8192,8,4096,602.294
64,8192,8,8192,799.626
64,8192,8,16384,1572.57
64,8192,16,16,418.218
64,8192,16,32,419.265
64,8192,16,64,418.995
64,8192,16,128,436.236
64,8192,16,256,455.009
64,8192,16,512,490.174
64,8192,16,1024,563.242
64,8192,16,2048,708.904
64,8192,16,4096,997.885
64,8192,16,8192,1585.23
64,8192,16,16384,3114.38
64,8192,32,16,442.257
64,8192,32,32,442.941
64,8192,32,64,445.214
64,8192,32,128,478.973
64,8192,32,256,515.941
64,8192,32,512,587.604
64,8192,32,1024,734.302
64,8192,32,2048,1025.68
64,8192,32,4096,1606.31
64,8192,32,8192,2770.42
64,8192,32,16384,5497.8
64,8192,64,16,495.957
64,8192,64,32,499.198
64,8192,64,64,501.513
64,8192,64,128,575.156
64,8192,64,256,656.349
64,8192,64,512,818.931
64,8192,64,1024,1141.53
64,8192,64,2048,1777.31
64,8192,64,4096,2873.88
64,8192,64,8192,5309.03
64,8192,64,16384,10550.4
64,16384,0,0,788.127
64,16384,1,16,783.741
64,16384,1,32,783.421
64,16384,1,64,783.625
64,16384,1,128,783.54
64,16384,1,256,783.752
64,16384,1,512,783.404
64,16384,1,1024,783.776
64,16384,1,2048,783.947
64,16384,1,4096,784.482
64,16384,1,8192,785.064
64,16384,1,16384,784.616
64,16384,2,16,786.173
64,16384,2,32,786.069
64,16384,2,64,786.155
64,16384,2,128,786.09
64,16384,2,256,786.162
64,16384,2,512,788.49
64,16384,2,1024,788.863
64,16384,2,2048,788.83
64,16384,2,4096,789.623
64,16384,2,8192,788.722
64,16384,2,16384,788.98
64,16384,4,16,787.922
64,16384,4,32,787.881
64,16384,4,64,787.956
64,16384,4,128,788.459
64,16384,4,256,788.56
64,16384,4,512,788.895
64,16384,4,1024,789.002
64,16384,4,2048,789.098
64,16384,4,4096,789.961
64,16384,4,8192,789.566
64,16384,4,16384,790.425
64,16384,8,16,785.59
64,16384,8,32,785.005
64,16384,8,64,784.712
64,16384,8,128,792.34
64,16384,8,256,797.265
64,16384,8,512,810.794
64,16384,8,1024,833.161
64,16384,8,2048,883.518
64,16384,8,4096,986.987
64,16384,8,8192,1182.72
64,16384,8,16384,1573.81
64,16384,16,16,796.811
64,16384,16,32,796.755
64,16384,16,64,800.31
64,16384,16,128,815.585
64,16384,16,256,835.729
64,16384,16,512,868.408
64,16384,16,1024,943.272
64,16384,16,2048,1088.21
64,16384,16,4096,1379.75
64,16384,16,8192,1957.08
64,16384,16,16384,3130.15
64,16384,32,16,820.477
64,16384,32,32,822.401
64,16384,32,64,823.124
64,16384,32,128,859.195
64,16384,32,256,895.269
64,16384,32,512,966.383
64,16384,32,1024,1112.27
64,16384,32,2048,1405.36
64,16384,32,4096,1990.92
64,16384,32,8192,3147.14
64,16384,32,16384,5504.21
64,16384,64,16,876.051
64,16384,64,32,877.608
64,16384,64,64,879.913
64,16384,64,128,955.216
64,16384,64,256,1034.57
64,16384,64,512,1196.56
64,16384,64,1024,1525.25
64,16384,64,2048,2172.32
64,16384,64,4096,3454.01
64,16384,64,8192,5701.96
64,16384,64,16384,10522.3
128,0,0,0,15.8083
128,0,1,16,15.6467
128,0,1,32,15.744
128,0,1,64,15.7863
128,0,1,128,20.0213
128,0,1,256,25.9727
128,0,1,512,38.208
128,0,1,1024,62.23
128,0,1,2048,110.928
128,0,1,4096,208.097
128,0,1,8192,401.522
128,0,1,16384,786.996
128,0,2,16,15.7757
128,0,2,32,15.7867
128,0,2,64,15.9467
128,0,2,128,20.4487
128,0,2,256,26.3783
128,0,2,512,38.5277
128,0,2,1024,62.6977
128,0,2,2048,111.233
128,0,2,4096,208.298
128,0,2,8192,400.415
128,0,2,16384,786.878
128,0,4,16,24.032
128,0,4,32,24.1497
128,0,4,64,24.2563
128,0,4,128,30.464
128,0,4,256,36.2987
128,0,4,512,48.18
128,0,4,1024,72.34
128,0,4,2048,120.073
128,0,4,4096,216.361
128,0,4,8192,407.014
128,0,4,16384,792.801
128,0,8,16,25.5683
128,0,8,32,25.845
128,0,8,64,25.92
128,0,8,128,35.4877
128,0,8,256,47.2853
128,0,8,512,71.1143
128,0,8,1024,119.221
128,0,8,2048,216.287
128,0,8,4096,409.719
128,0,8,8192,797.087
128,0,8,16384,1570.98
128,0,16,16,40.9277
128,0,16,32,41.1843
128,0,16,64,41.717
128,0,16,128,61.7063
128,0,16,256,85.8993
128,0,16,512,133.761
128,0,16,1024,231.615
128,0,16,2048,424.522
128,0,16,4096,809.994
128,0,16,8192,1578.8
128,0,16,16384,3111.57
128,0,32,16,66.4007
128,0,32,32,66.8153
128,0,32,64,67.722
128,0,32,128,105.152
128,0,32,256,147.189
128,0,32,512,231.646
128,0,32,1024,402.741
128,0,32,2048,741.768
128,0,32,4096,1417.49
128,0,32,8192,2770.98
128,0,32,16384,5492.08
128,0,64,16,118.943
128,0,64,32,119.904
128,0,64,64,122.325
128,0,64,128,194.038
128,0,64,256,273.94
128,0,64,512,434.314
128,0,64,1024,758.975
128,0,64,2048,1397.79
128,0,64,4096,2685.62
128,0,64,8192,5288.4
128,0,64,16384,10499.9
128,16,0,0,20.693
128,16,1,16,20.416
128,16,1,32,20.4163
128,16,1,64,20.4687
128,16,1,128,20.5113
128,16,1,256,25.9843
128,16,1,512,37.9837
128,16,1,1024,62.1433
128,16,1,2048,110.622
128,16,1,4096,207.882
128,16,1,8192,401.065
128,16,1,16384,784.915
128,16,2,16,20.821
128,16,2,32,20.811
128,16,2,64,20.8423
128,16,2,128,20.832
128,16,2,256,26.4747
128,16,2,512,38.55
128,16,2,1024,62.4103
128,16,2,2048,110.965
128,16,2,4096,207.518
128,16,2,8192,400.351
128,16,2,16384,786.061
128,16,4,16,29.6753
128,16,4,32,29.8137
128,16,4,64,29.856
128,16,4,128,33.8667
128,16,4,256,36.9917
128,16,4,512,48.7987
128,16,4,1024,72.6287
128,16,4,2048,120.341
128,16,4,4096,216.277
128,16,4,8192,408.862
128,16,4,16384,792.682
128,16,8,16,34.6137
128,16,8,32,34.6873
128,16,8,64,34.6667
128,16,8,128,35.9567
128,16,8,256,47.1147
128,16,8,512,70.9627
128,16,8,1024,119.2
128,16,8,2048,216.319
128,16,8,4096,410.185
128,16,8,8192,797.965
128,16,8,16384,1571.39
128,16,16,16,46.7623
128,16,16,32,46.9763
128,16,16,64,47.4553
128,16,16,128,62.6457
128,16,16,256,86.1763
128,16,16,512,133.952
128,16,16,1024,231.551
128,16,16,2048,424.353
128,16,16,4096,808.02
128,16,16,8192,1578.68
128,16,16,16384,3117.17
128,16,32,16,72.4053
128,16,32,32,72.917
128,16,32,64,73.664
128,16,32,128,105.973
128,16,32,256,147.381
128,16,32,512,231.36
128,16,32,1024,403.178
128,16,32,2048,741.311
128,16,32,4096,1418.64
128,16,32,8192,2773.67
128,16,32,16384,5493.84
128,16,64,16,126.248
128,16,64,32,127.157
128,16,64,64,129.205
128,16,64,128,195.691
128,16,64,256,273.706
128,16,64,512,434.27
128,16,64,1024,760.657
128,16,64,2048,1403.25
128,16,64,4096,2691.17
128,16,64,8192,5295.88
128,16,64,16384,10509.1
128,32,0,0,20.6187
128,32,1,16,20.4163
128,32,1,32,20.4377
128,32,1,64,20.426
128,32,1,128,20.576
128,32,1,256,25.9627
128,32,1,512,37.9197
128,32,1,1024,62.1763
128,32,1,2048,110.741
128,32,1,4096,207.604
128,32,1,8192,400.854
128,32,1,16384,784.92
128,32,2,16,20.8963
128,32,2,32,20.8
128,32,2,64,20.8423
128,32,2,128,20.9177
128,32,2,256,26.3997
128,32,2,512,38.2507
128,32,2,1024,62.666
128,32,2,2048,111.254
128,32,2,4096,208.256
128,32,2,8192,401.546
128,32,2,16384,787.265
128,32,4,16,29.6853
128,32,4,32,29.8563
128,32,4,64,30.0057
128,32,4,128,33.846
128,32,4,256,36.9387
128,32,4,512,48.7997
128,32,4,1024,72.3093
128,32,4,2048,120.598
128,32,4,4096,216.876
128,32,4,8192,408.982
128,32,4,16384,793.717
128,32,8,16,34.8163
128,32,8,32,34.816
128,32,8,64,34.8367
128,32,8,128,36.2987
128,32,8,256,47.2973
128,32,8,512,71.1467
128,32,8,1024,119.188
128,32,8,2048,216.513
128,32,8,4096,410.219
128,32,8,8192,796.899
128,32,8,16384,1571.65
128,32,16,16,46.8907
128,32,16,32,47.0717
128,32,16,64,47.3487
128,32,16,128,63.0293
128,32,16,256,85.9953
128,32,16,512,133.845
128,32,16,1024,231.166
128,32,16,2048,424.832
128,32,16,4096,809.185
128,32,16,8192,1576.54
128,32,16,16384,3109.31
128,32,32,16,72.4483
128,32,32,32,73.099
128,32,32,64,73.8343
128,32,32,128,106.187
128,32,32,256,147.371
128,32,32,512,231.232
128,32,32,1024,402.987
128,32,32,2048,741.343
128,32,32,4096,1416.97
128,32,32,8192,2772.55
128,32,32,16384,5494.17
128,32,64,16,126.24
128,32,64,32,127.199
128,32,64,64,129.399
128,32,64,128,195.892
128,32,64,256,274.411
128,32,64,512,434.474
128,32,64,1024,759.979
128,32,64,2048,1404.45
128,32,64,4096,2693.9
128,32,64,8192,5296.1
128,32,64,16384,10525.2
128,64,0,0,20.6617
128,64,1,16,20.512
128,64,1,32,20.512
128,64,1,64,20.597
128,64,1,128,20.5653
128,64,1,256,26.048
128,64,1,512,37.9317
128,64,1,1024,62.219
128,64,1,2048,110.742
128,64,1,4096,207.264
128,64,1,8192,400.618
128,64,1,16384,786.95
128,64,2,16,20.939
128,64,2,32,20.917
128,64,2,64,21.024
128,64,2,128,21.035
128,64,2,256,26.2393
128,64,2,512,38.1233
128,64,2,1024,62.7307
128,64,2,2048,111.178
128,64,2,4096,208.406
128,64,2,8192,401.333
128,64,2,16384,784.564
128,64,4,16,29.8883
128,64,4,32,30.0053
128,64,4,64,30.1443
128,64,4,128,34.0583
128,64,4,256,36.982
128,64,4,512,48.757
128,64,4,1024,72.4697
128,64,4,2048,120.501
128,64,4,4096,216.469
128,64,4,8192,408.224
128,64,4,16384,792.799
128,64,8,16,35.1677
128,64,8,32,35.0927
128,64,8,64,35.1567
128,64,8,128,36.4803
128,64,8,256,47.2423
128,64,8,512,70.7513
128,64,8,1024,119.167
128,64,8,2048,216.383
128,64,8,4096,409.959
128,64,8,8192,797.137
128,64,8,16384,1571.68
128,64,16,16,46.9437
128,64,16,32,47.104
128,64,16,64,47.446
128,64,16,128,62.9863
128,64,16,256,85.9733
128,64,16,512,133.812
128,64,16,1024,231.2
128,64,16,2048,424.649
128,64,16,4096,809.757
128,64,16,8192,1579.16
128,64,16,16384,3118.4
128,64,32,16,72.8213
128,64,32,32,73.0343
128,64,32,64,74.1227
128,64,32,128,106.378
128,64,32,256,147.264
128,64,32,512,231.316
128,64,32,1024,403.252
128,64,32,2048,741.687
128,64,32,4096,1418.05
128,64,32,8192,2774.05
128,64,32,16384,5496.99
128,64,64,16,126.411
128,64,64,32,127.519
128,64,64,64,129.333
128,64,64,128,196.192
128,64,64,256,273.951
128,64,64,512,434.965
128,64,64,1024,758.993
128,64,64,2048,1402.5
128,64,64,4096,2694.12
128,64,64,8192,5291.43
128,64,64,16384,10518.8
128,128,0,0,21.888
128,128,1,16,21.3223
128,128,1,32,21.3333
128,128,1,64,21.3437
128,128,1,128,21.3547
128,128,1,256,26.1227
128,128,1,512,37.962
128,128,1,1024,62.218
128,128,1,2048,110.944
128,128,1,4096,207.987
128,128,1,8192,401.513
128,128,1,16384,786.781
128,128,2,16,21.4613
128,128,2,32,21.4933
128,128,2,64,21.504
128,128,2,128,21.4927
128,128,2,256,26.7093
128,128,2,512,38.507
128,128,2,1024,62.688
128,128,2,2048,111.125
128,128,2,4096,208.224
128,128,2,8192,401.312
128,128,2,16384,786.175
128,128,4,16,30.283
128,128,4,32,30.421
128,128,4,64,30.5813
128,128,4,128,35.6803
128,128,4,256,42.964
128,128,4,512,54.7407
128,128,4,1024,78.4317
128,128,4,2048,126.645
128,128,4,4096,222.709
128,128,4,8192,414.782
128,128,4,16384,799.315
128,128,8,16,36.3417
128,128,8,32,36.405
128,128,8,64,36.2983
128,128,8,128,37.408
128,128,8,256,47.595
128,128,8,512,71.0183
128,128,8,1024,119.327
128,128,8,2048,216.57
128,128,8,4096,410.047
128,128,8,8192,796.99
128,128,8,16384,1570.68
128,128,16,16,47.691
128,128,16,32,47.9043
128,128,16,64,48.4373
128,128,16,128,64.5437
128,128,16,256,86.0367
128,128,16,512,134.037
128,128,16,1024,230.805
128,128,16,2048,424.457
128,128,16,4096,808.469
128,128,16,8192,1580.2
128,128,16,16384,3115.77
128,128,32,16,74.3997
128,128,32,32,74.7947
128,128,32,64,75.819
128,128,32,128,108.16
128,128,32,256,147.371
128,128,32,512,231.434
128,128,32,1024,402.953
128,128,32,2048,741.48
128,128,32,4096,1417.93
128,128,32,8192,2772.8
128,128,32,16384,5498.21
128,128,64,16,127.786
128,128,64,32,128.971
128,128,64,64,131.136
128,128,64,128,197.472
128,128,64,256,274.41
128,128,64,512,434.069
128,128,64,1024,760.221
128,128,64,2048,1407.26
128,128,64,4096,2692.97
128,128,64,8192,5296.03
128,128,64,16384,10524.5
128,256,0,0,27.8933
128,256,1,16,27.2853
128,256,1,32,27.2753
128,256,1,64,27.3603
128,256,1,128,27.296
128,256,1,256,27.3173
128,256,1,512,38.016
128,256,1,1024,62.2823
128,256,1,2048,110.836
128,256,1,4096,207.894
128,256,1,8192,401.169
128,256,1,16384,784.98
128,256,2,16,27.541
128,256,2,32,27.605
128,256,2,64,27.6163
128,256,2,128,27.5197
128,256,2,256,27.5303
128,256,2,512,38.9003
128,256,2,1024,62.666
128,256,2,2048,111.135
128,256,2,4096,208.139
128,256,2,8192,401.45
128,256,2,16384,787.354
128,256,4,16,36.2983
128,256,4,32,36.47
128,256,4,64,36.4587
128,256,4,128,41.7597
128,256,4,256,48.0207
128,256,4,512,61.0663
128,256,4,1024,84.6393
128,256,4,2048,132.81
128,256,4,4096,229.366
128,256,4,8192,421.013
128,256,4,16384,806.698
128,256,8,16,43.924
128,256,8,32,44.075
128,256,8,64,44.5867
128,256,8,128,48.2143
128,256,8,256,49.664
128,256,8,512,71.22
128,256,8,1024,119.136
128,256,8,2048,215.818
128,256,8,4096,409.829
128,256,8,8192,797.925
128,256,8,16384,1571.45
128,256,16,16,55.6157
128,256,16,32,56.0323
128,256,16,64,56.224
128,256,16,128,71.0827
128,256,16,256,88.885
128,256,16,512,134.047
128,256,16,1024,231.179
128,256,16,2048,424.041
128,256,16,4096,810.11
128,256,16,8192,1577.89
128,256,16,16384,3115.69
128,256,32,16,83.114
128,256,32,32,83.435
128,256,32,64,84.736
128,256,32,128,115.53
128,256,32,256,150.794
128,256,32,512,230.879
128,256,32,1024,402.411
128,256,32,2048,741.47
128,256,32,4096,1419.46
128,256,32,8192,2775.4
128,256,32,16384,5506.5
128,256,64,16,135.329
128,256,64,32,136.523
128,256,64,64,138.539
128,256,64,128,207.978
128,256,64,256,277.162
128,256,64,512,434.313
128,256,64,1024,759.626
128,256,64,2048,1409.76
128,256,64,4096,2716.11
128,256,64,8192,5318.4
128,256,64,16384,10531.9
128,512,0,0,39.829
128,512,1,16,39.1033
128,512,1,32,39.3387
128,512,1,64,39.2317
128,512,1,128,39.2537
128,512,1,256,39.168
128,512,1,512,39.2743
128,512,1,1024,62.1863
128,512,1,2048,110.826
128,512,1,4096,208.096
128,512,1,8192,401.929
128,512,1,16384,787.651
128,512,2,16,39.4557
128,512,2,32,39.6587
128,512,2,64,39.4563
128,512,2,128,39.6057
128,512,2,256,39.552
128,512,2,512,39.4877
128,512,2,1024,62.698
128,512,2,2048,111.039
128,512,2,4096,208.192
128,512,2,8192,400.266
128,512,2,16384,788.274
128,512,4,16,48.0533
128,512,4,32,48.3837
128,512,4,64,48.3413
128,512,4,128,53.5143
128,512,4,256,60.0003
128,512,4,512,71.7223
128,512,4,1024,96.692
128,512,4,2048,144.245
128,512,4,4096,240.319
128,512,4,8192,432.158
128,512,4,16384,815.519
128,512,8,16,55.8083
128,512,8,32,56.064
128,512,8,64,56.4903
128,512,8,128,67.327
128,512,8,256,72.2667
128,512,8,512,73.344
128,512,8,1024,119.445
128,512,8,2048,215.966
128,512,8,4096,409.706
128,512,8,8192,797.651
128,512,8,16384,1570.85
128,512,16,16,71.413
128,512,16,32,71.466
128,512,16,64,71.9357
128,512,16,128,85.4827
128,512,16,256,101.493
128,512,16,512,136.405
128,512,16,1024,230.783
128,512,16,2048,424.477
128,512,16,4096,810.847
128,512,16,8192,1583.53
128,512,16,16384,3117.59
128,512,32,16,97.494
128,512,32,32,97.8237
128,512,32,64,98.5917
128,512,32,128,131.402
128,512,32,256,164.034
128,512,32,512,234.016
128,512,32,1024,401.973
128,512,32,2048,741.951
128,512,32,4096,1420.4
128,512,32,8192,2781.91
128,512,32,16384,5513.82
128,512,64,16,150.165
128,512,64,32,151.243
128,512,64,64,153.386
128,512,64,128,224.395
128,512,64,256,300.106
128,512,64,512,435.667
128,512,64,1024,758.803
128,512,64,2048,1411.92
128,512,64,4096,2717.86
128,512,64,8192,5339.53
128,512,64,16384,10591.6
128,1024,0,0,64.0533
128,1024,1,16,63.1573
128,1024,1,32,63.0827
128,1024,1,64,63.2317
128,1024,1,128,63.0613
128,1024,1,256,63.2957
128,1024,1,512,63.338
128,1024,1,1024,63.669
128,1024,1,2048,111.029
128,1024,1,4096,208.308
128,1024,1,8192,401.813
128,1024,1,16384,787.296
128,1024,2,16,63.3817
128,1024,2,32,63.4573
128,1024,2,64,63.3277
128,1024,2,128,63.4447
128,1024,2,256,63.381
128,1024,2,512,63.5303
128,1024,2,1024,63.7113
128,1024,2,2048,111.093
128,1024,2,4096,208.116
128,1024,2,8192,401.457
128,1024,2,16384,786.086
128,1024,4,16,71.7977
128,1024,4,32,72.2453
128,1024,4,64,72.299
128,1024,4,128,77.1733
128,1024,4,256,83.7117
128,1024,4,512,95.296
128,1024,4,1024,119.884
128,1024,4,2048,170.41
128,1024,4,4096,267.764
128,1024,4,8192,462.419
128,1024,4,16384,848.62
128,1024,8,16,79.4447
128,1024,8,32,79.6897
128,1024,8,64,80.0643
128,1024,8,128,90.6347
128,1024,8,256,103.359
128,1024,8,512,119.37
128,1024,8,1024,122.388
128,1024,8,2048,215.924
128,1024,8,4096,409.477
128,1024,8,8192,797.229
128,1024,8,16384,1570.78
128,1024,16,16,95.07
128,1024,16,32,95.5613
128,1024,16,64,96.1073
128,1024,16,128,118.784
128,1024,16,256,127.948
128,1024,16,512,160.768
128,1024,16,1024,233.28
128,1024,16,2048,425.503
128,1024,16,4096,808.819
128,1024,16,8192,1583.95
128,1024,16,16384,3115.21
128,1024,32,16,124.469
128,1024,32,32,124.865
128,1024,32,64,126.122
128,1024,32,128,162.816
128,1024,32,256,202.804
128,1024,32,512,259.07
128,1024,32,1024,404.724
128,1024,32,2048,742.313
128,1024,32,4096,1419.07
128,1024,32,8192,2782.67
128,1024,32,16384,5520.56
128,1024,64,16,179.849
128,1024,64,32,181.248
128,1024,64,64,182.965
128,1024,64,128,251.967
128,1024,64,256,329.973
128,1024,64,512,484.606
128,1024,64,1024,757.039
128,1024,64,2048,1411.74
128,1024,64,4096,2714.04
128,1024,64,8192,5326.24
128,1024,64,16384,10590.5
128,2048,0,0,112.619
128,2048,1,16,111.211
128,2048,1,32,111.125
128,2048,1,64,111.424
128,2048,1,128,111.189
128,2048,1,256,111.082
128,2048,1,512,111.349
128,2048,1,1024,111.669
128,2048,1,2048,112.256
128,2048,1,4096,208.096
128,2048,1,8192,400.597
128,2048,1,16384,784.67
128,2048,2,16,111.125
128,2048,2,32,111.008
128,2048,2,64,111.295
128,2048,2,128,111.146
128,2048,2,256,111.488
128,2048,2,512,111.392
128,2048,2,1024,111.978
128,2048,2,2048,112.479
128,2048,2,4096,208.344
128,2048,2,8192,401.673
128,2048,2,16384,788.457
128,2048,4,16,119.67
128,2048,4,32,120.095
128,2048,4,64,120.182
128,2048,4,128,124.748
128,2048,4,256,131.552
128,2048,4,512,142.677
128,2048,4,1024,167.283
128,2048,4,2048,216.437
128,2048,4,4096,315.978
128,2048,4,8192,510.131
128,2048,4,16384,896.767
128,2048,8,16,126.868
128,2048,8,32,126.944
128,2048,8,64,127.156
128,2048,8,128,138.356
128,2048,8,256,150.826
128,2048,8,512,174.559
128,2048,8,1024,214.484
128,2048,8,2048,218.068
128,2048,8,4096,409.568
128,2048,8,8192,797.256
128,2048,8,16384,1570.5
128,2048,16,16,142.56
128,2048,16,32,143.21
128,2048,16,64,143.498
128,2048,16,128,165.855
128,2048,16,256,190.144
128,2048,16,512,214.883
128,2048,16,1024,281.332
128,2048,16,2048,426.061
128,2048,16,4096,811.595
128,2048,16,8192,1581.31
128,2048,16,16384,3113.55
128,2048,32,16,173.578
128,2048,32,32,174.154
128,2048,32,64,175.552
128,2048,32,128,215.498
128,2048,32,256,254.837
128,2048,32,512,335.978
128,2048,32,1024,452.694
128,2048,32,2048,742.992
128,2048,32,4096,1419.87
128,2048,32,8192,2780.22
128,2048,32,16384,5521.38
128,2048,64,16,236.096
128,2048,64,32,237.163
128,2048,64,64,239.296
128,2048,64,128,312.607
128,2048,64,256,395.583
128,2048,64,512,540.159
128,2048,64,1024,855.305
128,2048,64,2048,1397.76
128,2048,64,4096,2717.98
128,2048,64,8192,5339.97
128,2048,64,16384,10576.4
128,4096,0,0,209.567
128,4096,1,16,207.178
128,4096,1,32,207.199
128,4096,1,64,207.318
128,4096,1,128,206.601
128,4096,1,256,206.749
128,4096,1,512,207.337
128,4096,1,1024,207.221
128,4096,1,2048,207.935
128,4096,1,4096,209.247
128,4096,1,8192,401.567
128,4096,1,16384,786.792
128,4096,2,16,207.328
128,4096,2,32,207.708
128,4096,2,64,207.615
128,4096,2,128,207.562
128,4096,2,256,207.647
128,4096,2,512,207.381
128,4096,2,1024,207.552
128,4096,2,2048,208.127
128,4096,2,4096,209.27
128,4096,2,8192,400.787
128,4096,2,16384,785.438
128,4096,4,16,215.435
128,4096,4,32,216.128
128,4096,4,64,215.818
128,4096,4,128,219.786
128,4096,4,256,226.687
128,4096,4,512,237.812
128,4096,4,1024,261.759
128,4096,4,2048,312.181
128,4096,4,4096,412.446
128,4096,4,8192,606.608
128,4096,4,16384,994.623
128,4096,8,16,221.419
128,4096,8,32,222.102
128,4096,8,64,221.558
128,4096,8,128,233.249
128,4096,8,256,245.515
128,4096,8,512,269.64
128,4096,8,1024,317.546
128,4096,8,2048,404.201
128,4096,8,4096,411.604
128,4096,8,8192,797.201
128,4096,8,16384,1573.24
128,4096,16,16,237.931
128,4096,16,32,237.567
128,4096,16,64,237.436
128,4096,16,128,259.945
128,4096,16,256,285.281
128,4096,16,512,333.078
128,4096,16,1024,404.222
128,4096,16,2048,521.839
128,4096,16,4096,811.894
128,4096,16,8192,1585.26
128,4096,16,16384,3130.34
128,4096,32,16,268.394
128,4096,32,32,269.024
128,4096,32,64,270.133
128,4096,32,128,310.292
128,4096,32,256,352.031
128,4096,32,512,434.258
128,4096,32,1024,603.347
128,4096,32,2048,836.756
128,4096,32,4096,1419.15
128,4096,32,8192,2779.1
128,4096,32,16384,5531.63
128,4096,64,16,331.861
128,4096,64,32,333.088
128,4096,64,64,335.68
128,4096,64,128,421.985
128,4096,64,256,510.389
128,4096,64,512,665.342
128,4096,64,1024,960.029
128,4096,64,2048,1591.89
128,4096,64,4096,2695.26
128,4096,64,8192,5341.98
128,4096,64,16384,10612.3
128,8192,0,0,402.026
128,8192,1,16,398.998
128,8192,1,32,399.178
128,8192,1,64,399.241
128,8192,1,128,399.241
128,8192,1,256,399.919
128,8192,1,512,399.771
128,8192,1,1024,400.069
128,8192,1,2048,400.277
128,8192,1,4096,401.417
128,8192,1,8192,402.708
128,8192,1,16384,787.547
128,8192,2,16,400.074
128,8192,2,32,398.943
128,8192,2,64,400.84
128,8192,2,128,400.906
128,8192,2,256,400.703
128,8192,2,512,400.993
128,8192,2,1024,401.165
128,8192,2,2048,401.427
128,8192,2,4096,401.759
128,8192,2,8192,402.547
128,8192,2,16384,787.444
128,8192,4,16,406.927
128,8192,4,32,406.473
128,8192,4,64,405.865
128,8192,4,128,411.404
128,8192,4,256,419.019
128,8192,4,512,429.425
128,8192,4,1024,453.77
128,8192,4,2048,503.101
128,8192,4,4096,602.086
128,8192,4,8192,797.737
128,8192,4,16384,1187.47
128,8192,8,16,411.338
128,8192,8,32,413.023
128,8192,8,64,411.818
128,8192,8,128,425.119
128,8192,8,256,436.486
128,8192,8,512,460.423
128,8192,8,1024,507.12
128,8192,8,2048,603.943
128,8192,8,4096,796.841
128,8192,8,8192,798.464
128,8192,8,16384,1572.03
128,8192,16,16,426.325
128,8192,16,32,426.603
128,8192,16,64,426.911
128,8192,16,128,450.239
128,8192,16,256,474.739
128,8192,16,512,522.644
128,8192,16,1024,620.553
128,8192,16,2048,784.598
128,8192,16,4096,1001.13
128,8192,16,8192,1585.7
128,8192,16,16384,3138.14
128,8192,32,16,457.343
128,8192,32,32,457.919
128,8192,32,64,459.06
128,8192,32,128,499.113
128,8192,32,256,541.513
128,8192,32,512,625.181
128,8192,32,1024,794.654
128,8192,32,2048,1132.17
128,8192,32,4096,1607.34
128,8192,32,8192,2772.45
128,8192,32,16384,5514.47
128,8192,64,16,521.3
128,8192,64,32,523.009
128,8192,64,64,525.684
128,8192,64,128,612.648
128,8192,64,256,705.534
128,8192,64,512,888.503
128,8192,64,1024,1203.89
128,8192,64,2048,1800.48
128,8192,64,4096,3076.09
128,8192,64,8192,5332.53
128,8192,64,16384,10590.9
128,16384,0,0,787.231
128,16384,1,16,784.954
128,16384,1,32,784.815
128,16384,1,64,784.124
128,16384,1,128,784.073
128,16384,1,256,786.239
128,16384,1,512,784.337
128,16384,1,1024,784.946
128,16384,1,2048,785.77
128,16384,1,4096,787.013
128,16384,1,8192,787.84
128,16384,1,16384,786.249
128,16384,2,16,786.794
128,16384,2,32,788.04
128,16384,2,64,785.862
128,16384,2,128,786.858
128,16384,2,256,789.343
128,16384,2,512,788.786
128,16384,2,1024,789.45
128,16384,2,2048,789.502
128,16384,2,4096,789.577
128,16384,2,8192,788.436
128,16384,2,16384,788.766
128,16384,4,16,790.27
128,16384,4,32,790.395
128,16384,4,64,789.126
128,16384,4,128,795.537
128,16384,4,256,799.923
128,16384,4,512,811.622
128,16384,4,1024,835.572
128,16384,4,2048,886.483
128,16384,4,4096,990.141
128,16384,4,8192,1182.98
128,16384,4,16384,1573.87
128,16384,8,16,793.129
128,16384,8,32,792.723
128,16384,8,64,791.209
128,16384,8,128,808.899
128,16384,8,256,820.542
128,16384,8,512,842.727
128,16384,8,1024,888.968
128,16384,8,2048,983.173
128,16384,8,4096,1179.32
128,16384,8,8192,1560.58
128,16384,8,16384,1572.23
128,16384,16,16,806.015
128,16384,16,32,809.342
128,16384,16,64,806.934
128,16384,16,128,829.32
128,16384,16,256,852.905
128,16384,16,512,900.98
128,16384,16,1024,999.053
128,16384,16,2048,1191.09
128,16384,16,4096,1544.17
128,16384,16,8192,1962.06
128,16384,16,16384,3131.02
128,16384,32,16,835.986
128,16384,32,32,837.633
128,16384,32,64,839.593
128,16384,32,128,878.708
128,16384,32,256,920.254
128,16384,32,512,1004.45
128,16384,32,1024,1175.39
128,16384,32,2048,1514.97
128,16384,32,4096,2192.21
128,16384,32,8192,3150.11
128,16384,32,16384,5494.22
128,16384,64,16,900.868
128,16384,64,32,900.948
128,16384,64,64,905.181
128,16384,64,128,990.759
128,16384,64,256,1083.68
128,16384,64,512,1271.09
128,16384,64,1024,1640.84
128,16384,64,2048,2278.7
128,16384,64,4096,3482.87
128,16384,64,8192,6065.2
128,16384,64,16384,10566.2
256,0,0,0,23.648
256,0,1,16,24.2777
256,0,1,32,24.32
256,0,1,64,24.299
256,0,1,128,24.0753
256,0,1,256,29.1843
256,0,1,512,40.7583
256,0,1,1024,64.8633
256,0,1,2048,112.949
256,0,1,4096,210.101
256,0,1,8192,403.771
256,0,1,16384,789.021
256,0,2,16,32.0323
256,0,2,32,32.0533
256,0,2,64,32.1283
256,0,2,128,33.355
256,0,2,256,37.8777
256,0,2,512,49.706
256,0,2,1024,73.355
256,0,2,2048,121.226
256,0,2,4096,215.923
256,0,2,8192,409.161
256,0,2,16384,795.21
256,0,4,16,33.216
256,0,4,32,33.2583
256,0,4,64,33.3333
256,0,4,128,37.429
256,0,4,256,47.2423
256,0,4,512,59.5407
256,0,4,1024,83.1147
256,0,4,2048,130.538
256,0,4,4096,226.773
256,0,4,8192,418.89
256,0,4,16384,804.285
256,0,8,16,41.845
256,0,8,32,41.866
256,0,8,64,42.613
256,0,8,128,50.848
256,0,8,256,61.28
256,0,8,512,83.6367
256,0,8,1024,131.093
256,0,8,2048,226.784
256,0,8,4096,418.944
256,0,8,8192,801.513
256,0,8,16384,1573.81
256,0,16,16,57.28
256,0,16,32,57.6847
256,0,16,64,58.0163
256,0,16,128,71.648
256,0,16,256,92.0963
256,0,16,512,138.581
256,0,16,1024,234.506
256,0,16,2048,427.583
256,0,16,4096,814.468
256,0,16,8192,1588.91
256,0,16,16384,3121.66
256,0,32,16,86.1123
256,0,32,32,86.912
256,0,32,64,87.669
256,0,32,128,121.067
256,0,32,256,159.146
256,0,32,512,240.445
256,0,32,1024,410.891
256,0,32,2048,750.196
256,0,32,4096,1426.63
256,0,32,8192,2783.76
256,0,32,16384,5511.31
256,0,64,16,145.077
256,0,64,32,146.303
256,0,64,64,148.416
256,0,64,128,217.142
256,0,64,256,296.096
256,0,64,512,454.56
256,0,64,1024,779.798
256,0,64,2048,1428.91
256,0,64,4096,2727.24
256,0,64,8192,5325.69
256,0,64,16384,10553.1
256,16,0,0,28.3303
256,16,1,16,29.5367
256,16,1,32,29.525
256,16,1,64,29.4507
256,16,1,128,29.5353
256,16,1,256,29.408
256,16,1,512,40.8427
256,16,1,1024,64.6827
256,16,1,2048,112.651
256,16,1,4096,209.374
256,16,1,8192,402.133
256,16,1,16384,785.658
256,16,2,16,37.7173
256,16,2,32,37.813
256,16,2,64,38.0053
256,16,2,128,39.6057
256,16,2,256,39.488
256,16,2,512,50.2933
256,16,2,1024,73.8543
256,16,2,2048,121.622
256,16,2,4096,216.854
256,16,2,8192,407.913
256,16,2,16384,789.284
256,16,4,16,39.093
256,16,4,32,39.2533
256,16,4,64,39.5733
256,16,4,128,43.3063
256,16,4,256,48.2237
256,16,4,512,64.2237
256,16,4,1024,88.3403
256,16,4,2048,136.114
256,16,4,4096,231.494
256,16,4,8192,423.777
256,16,4,16384,804.293
256,16,8,16,48.0203
256,16,8,32,48.2977
256,16,8,64,48.564
256,16,8,128,57.385
256,16,8,256,65.088
256,16,8,512,87.7853
256,16,8,1024,134.943
256,16,8,2048,229.621
256,16,8,4096,420.65
256,16,8,8192,803.54
256,16,8,16384,1574.48
256,16,16,16,63.947
256,16,16,32,64.277
256,16,16,64,64.864
256,16,16,128,79.3813
256,16,16,256,94.144
256,16,16,512,138.559
256,16,16,1024,234.568
256,16,16,2048,428.426
256,16,16,4096,813.98
256,16,16,8192,1585.26
256,16,16,16384,3122.16
256,16,32,16,93.0547
256,16,32,32,93.4713
256,16,32,64,94.4843
256,16,32,128,128.821
256,16,32,256,162.058
256,16,32,512,241.695
256,16,32,1024,410.686
256,16,32,2048,750.066
256,16,32,4096,1427.79
256,16,32,8192,2786.88
256,16,32,16384,5509.03
256,16,64,16,152.256
256,16,64,32,153.322
256,16,64,64,155.338
256,16,64,128,224.565
256,16,64,256,299.722
256,16,64,512,456.766
256,16,64,1024,780.532
256,16,64,2048,1431.45
256,16,64,4096,2734.73
256,16,64,8192,5333.51
256,16,64,16384,10567.5
256,32,0,0,28.3737
256,32,1,16,29.4293
256,32,1,32,29.578
256,32,1,64,29.792
256,32,1,128,29.3867
256,32,1,256,29.6427
256,32,1,512,40.9377
256,32,1,1024,64.6827
256,32,1,2048,112.883
256,32,1,4096,209.504
256,32,1,8192,402.922
256,32,1,16384,789.908
256,32,2,16,37.8563
256,32,2,32,38.0377
256,32,2,64,37.9303
256,32,2,128,39.8073
256,32,2,256,39.6053
256,32,2,512,50.1647
256,32,2,1024,73.984
256,32,2,2048,121.856
256,32,2,4096,216.875
256,32,2,8192,408.746
256,32,2,16384,791.103
256,32,4,16,39.5303
256,32,4,32,39.4777
256,32,4,64,39.382
256,32,4,128,43.584
256,32,4,256,48.7787
256,32,4,512,64.6077
256,32,4,1024,88.2573
256,32,4,2048,135.241
256,32,4,4096,230.826
256,32,4,8192,421.616
256,32,4,16384,805.738
256,32,8,16,48.437
256,32,8,32,48.4043
256,32,8,64,48.3943
256,32,8,128,57.5143
256,32,8,256,65.237
256,32,8,512,87.744
256,32,8,1024,134.71
256,32,8,2048,230.442
256,32,8,4096,421
256,32,8,8192,803.075
256,32,8,16384,1574.4
256,32,16,16,63.9467
256,32,16,32,64.2017
256,32,16,64,64.7567
256,32,16,128,79.4983
256,32,16,256,93.792
256,32,16,512,138.751
256,32,16,1024,234.634
256,32,16,2048,428.545
256,32,16,4096,814.506
256,32,16,8192,1584.2
256,32,16,16384,3121.66
256,32,32,16,93.5787
256,32,32,32,93.9727
256,32,32,64,94.7413
256,32,32,128,128.438
256,32,32,256,162.271
256,32,32,512,241.375
256,32,32,1024,410.143
256,32,32,2048,750.878
256,32,32,4096,1428.56
256,32,32,8192,2785.38
256,32,32,16384,5512.89
256,32,64,16,152.287
256,32,64,32,153.46
256,32,64,64,155.583
256,32,64,128,224.832
256,32,64,256,299.839
256,32,64,512,456.862
256,32,64,1024,780.315
256,32,64,2048,1430.68
256,32,64,4096,2736.52
256,32,64,8192,5335.84
256,32,64,16384,10661.6
256,64,0,0,28.9813
256,64,1,16,29.7603
256,64,1,32,29.748
256,64,1,64,29.824
256,64,1,128,29.792
256,64,1,256,29.7923
256,64,1,512,41.056
256,64,1,1024,64.864
256,64,1,2048,112.778
256,64,1,4096,210.09
256,64,1,8192,403.912
256,64,1,16384,789.373
256,64,2,16,38.08
256,64,2,32,37.8243
256,64,2,64,37.9737
256,64,2,128,39.7333
256,64,2,256,39.5943
256,64,2,512,50.112
256,64,2,1024,73.962
256,64,2,2048,121.418
256,64,2,4096,217.512
256,64,2,8192,408.675
256,64,2,16384,791.57
256,64,4,16,39.435
256,64,4,32,39.4123
256,64,4,64,39.7653
256,64,4,128,43.371
256,64,4,256,48.544
256,64,4,512,64.565
256,64,4,1024,87.9577
256,64,4,2048,135.893
256,64,4,4096,231.37
256,64,4,8192,421.789
256,64,4,16384,806.153
256,64,8,16,48.1813
256,64,8,32,48.331
256,64,8,64,48.864
256,64,8,128,57.674
256,64,8,256,65.4073
256,64,8,512,87.797
256,64,8,1024,134.89
256,64,8,2048,230.06
256,64,8,4096,421.106
256,64,8,8192,804.983
256,64,8,16384,1574.15
256,64,16,16,64.2557
256,64,16,32,64.3407
256,64,16,64,64.949
256,64,16,128,79.6163
256,64,16,256,94.2613
256,64,16,512,138.676
256,64,16,1024,234.292
256,64,16,2048,428.874
256,64,16,4096,814.824
256,64,16,8192,1585.33
256,64,16,16384,3130.57
256,64,32,16,93.7387
256,64,32,32,94.3243
256,64,32,64,95.3607
256,64,32,128,128.65
256,64,32,256,162.122
256,64,32,512,241.482
256,64,32,1024,410.921
256,64,32,2048,750.308
256,64,32,4096,1428.26
256,64,32,8192,2785.47
256,64,32,16384,5511.29
256,64,64,16,152.405
256,64,64,32,153.813
256,64,64,64,155.882
256,64,64,128,225.055
256,64,64,256,300.191
256,64,64,512,456.618
256,64,64,1024,780.756
256,64,64,2048,1433.29
256,64,64,4096,2736.28
256,64,64,8192,5333.04
256,64,64,16384,10579.9
256,128,0,0,29.771
256,128,1,16,30.229
256,128,1,32,29.92
256,128,1,64,30.1973
256,128,1,128,29.8237
256,128,1,256,29.995
256,128,1,512,41.0877
256,128,1,1024,64.575
256,128,1,2048,112.8
256,128,1,4096,209.876
256,128,1,8192,402.516
256,128,1,16384,784.845
256,128,2,16,38.4957
256,128,2,32,38.848
256,128,2,64,38.4953
256,128,2,128,43.5303
256,128,2,256,44.6613
256,128,2,512,55.679
256,128,2,1024,79.2747
256,128,2,2048,127.552
256,128,2,4096,223.348
256,128,2,8192,415.04
256,128,2,16384,798.466
256,128,4,16,43.1047
256,128,4,32,42.997
256,128,4,64,43.36
256,128,4,128,44.9707
256,128,4,256,49.5247
256,128,4,512,71.093
256,128,4,1024,94.9437
256,128,4,2048,142.571
256,128,4,4096,238.625
256,128,4,8192,430.357
256,128,4,16384,809.95
256,128,8,16,50.4533
256,128,8,32,50.5167
256,128,8,64,50.9543
256,128,8,128,59.466
256,128,8,256,69.173
256,128,8,512,90.8047
256,128,8,1024,137.675
256,128,8,2048,233.172
256,128,8,4096,423.7
256,128,8,8192,806.804
256,128,8,16384,1574
256,128,16,16,65.9837
256,128,16,32,66.3037
256,128,16,64,66.752
256,128,16,128,82.7517
256,128,16,256,95.552
256,128,16,512,140.01
256,128,16,1024,235.242
256,128,16,2048,428.277
256,128,16,4096,814.388
256,128,16,8192,1587.29
256,128,16,16384,3126.18
256,128,32,16,96
256,128,32,32,96.672
256,128,32,64,97.8023
256,128,32,128,131.989
256,128,32,256,166.336
256,128,32,512,242.644
256,128,32,1024,410.848
256,128,32,2048,751.389
256,128,32,4096,1428.85
256,128,32,8192,2788.7
256,128,32,16384,5511.48
256,128,64,16,154.975
256,128,64,32,155.999
256,128,64,64,158.164
256,128,64,128,227.626
256,128,64,256,302.901
256,128,64,512,459.551
256,128,64,1024,782.846
256,128,64,2048,1435.44
256,128,64,4096,2743.06
256,128,64,8192,5354.22
256,128,64,16384,10588
256,256,0,0,35.7427
256,256,1,16,35.7547
256,256,1,32,35.968
256,256,1,64,35.9893
256,256,1,128,35.829
256,256,1,256,35.9143
256,256,1,512,41.0653
256,256,1,1024,65.1397
256,256,1,2048,112.916
256,256,1,4096,209.757
256,256,1,8192,403.046
256,256,1,16384,787.295
256,256,2,16,44.5103
256,256,2,32,44.5323
256,256,2,64,44.9597
256,256,2,128,49.7487
256,256,2,256,55.7323
256,256,2,512,61.9837
256,256,2,1024,85.5467
256,256,2,2048,133.258
256,256,2,4096,230.26
256,256,2,8192,419.54
256,256,2,16384,802.344
256,256,4,16,51.594
256,256,4,32,51.8183
256,256,4,64,51.936
256,256,4,128,55.1677
256,256,4,256,56.9273
256,256,4,512,70.9327
256,256,4,1024,106.912
256,256,4,2048,154.721
256,256,4,4096,250.365
256,256,4,8192,442.228
256,256,4,16384,823.954
256,256,8,16,60.2347
256,256,8,32,60.47
256,256,8,64,60.608
256,256,8,128,66.1647
256,256,8,256,77.3233
256,256,8,512,97.386
256,256,8,1024,144.17
256,256,8,2048,238.955
256,256,8,4096,430.72
256,256,8,8192,812.212
256,256,8,16384,1576.61
256,256,16,16,74.72
256,256,16,32,74.805
256,256,16,64,75.4133
256,256,16,128,92.9377
256,256,16,256,106.847
256,256,16,512,140.149
256,256,16,1024,233.857
256,256,16,2048,428.362
256,256,16,4096,814.983
256,256,16,8192,1594.87
256,256,16,16384,3132.38
256,256,32,16,105.473
256,256,32,32,106.112
256,256,32,64,106.753
256,256,32,128,140.639
256,256,32,256,178.355
256,256,32,512,246.473
256,256,32,1024,410.41
256,256,32,2048,751.21
256,256,32,4096,1432.02
256,256,32,8192,2791.56
256,256,32,16384,5514.54
256,256,64,16,164.597
256,256,64,32,165.728
256,256,64,64,167.999
256,256,64,128,237.771
256,256,64,256,312.726
256,256,64,512,468.543
256,256,64,1024,790.366
256,256,64,2048,1440.44
256,256,64,4096,2745.97
256,256,64,8192,5373.9
256,256,64,16384,10620.3
256,512,0,0,47.6687
256,512,1,16,48.202
256,512,1,32,48.0203
256,512,1,64,48
256,512,1,128,48.2553
256,512,1,256,48.2657
256,512,1,512,47.968
256,512,1,1024,64.7463
256,512,1,2048,112.949
256,512,1,4096,210.015
256,512,1,8192,402.931
256,512,1,16384,788.2
256,512,2,16,56.6617
256,512,2,32,56.832
256,512,2,64,56.736
256,512,2,128,61.8987
256,512,2,256,68.373
256,512,2,512,79.552
256,512,2,1024,97.7913
256,512,2,2048,145.077
256,512,2,4096,241.29
256,512,2,8192,432.75
256,512,2,16384,815.304
256,512,4,16,63.7123
256,512,4,32,63.8397
256,512,4,64,64.138
256,512,4,128,75.1467
256,512,4,256,78.6667
256,512,4,512,80.6083
256,512,4,1024,118.89
256,512,4,2048,178.9
256,512,4,4096,275.669
256,512,4,8192,465.065
256,512,4,16384,846.055
256,512,8,16,74.976
256,512,8,32,75.199
256,512,8,64,75.5417
256,512,8,128,84.2347
256,512,8,256,90.6453
256,512,8,512,113.439
256,512,8,1024,157.046
256,512,8,2048,252.724
256,512,8,4096,446.475
256,512,8,8192,828.979
256,512,8,16384,1597.17
256,512,16,16,92.16
256,512,16,32,92.362
256,512,16,64,93.12
256,512,16,128,110.005
256,512,16,256,128.928
256,512,16,512,154.015
256,512,16,1024,235.586
256,512,16,2048,429.183
256,512,16,4096,814.951
256,512,16,8192,1589.48
256,512,16,16384,3138.24
256,512,32,16,123.594
256,512,32,32,124.234
256,512,32,64,125.076
256,512,32,128,160.416
256,512,32,256,194.783
256,512,32,512,274.143
256,512,32,1024,413.46
256,512,32,2048,751.508
256,512,32,4096,1435.68
256,512,32,8192,2814.57
256,512,32,16384,5577.42
256,512,64,16,183.903
256,512,64,32,185.003
256,512,64,64,187.231
256,512,64,128,257.232
256,512,64,256,332.255
256,512,64,512,485.372
256,512,64,1024,803.178
256,512,64,2048,1438.18
256,512,64,4096,2750.03
256,512,64,8192,5372.35
256,512,64,16384,10629.3
256,1024,0,0,72.1823
256,1024,1,16,71.9993
256,1024,1,32,71.9363
256,1024,1,64,71.925
256,1024,1,128,72.0853
256,1024,1,256,71.979
256,1024,1,512,72.1067
256,1024,1,1024,72.042
256,1024,1,2048,113.535
256,1024,1,4096,210.229
256,1024,1,8192,403.7
256,1024,1,16384,788.134
256,1024,2,16,80.3837
256,1024,2,32,80.2343
256,1024,2,64,80.3303
256,1024,2,128,86.048
256,1024,2,256,92.2137
256,1024,2,512,103.38
256,1024,2,1024,127.454
256,1024,2,2048,170.505
256,1024,2,4096,264.874
256,1024,2,8192,456.777
256,1024,2,16384,839.346
256,1024,4,16,87.36
256,1024,4,32,87.1567
256,1024,4,64,87.5627
256,1024,4,128,98.667
256,1024,4,256,111.008
256,1024,4,512,126.218
256,1024,4,1024,128.427
256,1024,4,2048,214.549
256,1024,4,4096,322.826
256,1024,4,8192,518.527
256,1024,4,16384,907.525
256,1024,8,16,98.538
256,1024,8,32,98.4103
256,1024,8,64,99.2853
256,1024,8,128,115.871
256,1024,8,256,131.594
256,1024,8,512,138.123
256,1024,8,1024,184.704
256,1024,8,2048,278.761
256,1024,8,4096,472.855
256,1024,8,8192,861.944
256,1024,8,16384,1638.09
256,1024,16,16,124.885
256,1024,16,32,125.546
256,1024,16,64,126.261
256,1024,16,128,145.481
256,1024,16,256,166.816
256,1024,16,512,200.735
256,1024,16,1024,248.511
256,1024,16,2048,431.082
256,1024,16,4096,815.55
256,1024,16,8192,1586.08
256,1024,16,16384,3135.91
256,1024,32,16,158.198
256,1024,32,32,158.772
256,1024,32,64,159.924
256,1024,32,128,196.073
256,1024,32,256,235.88
256,1024,32,512,301.928
256,1024,32,1024,468.411
256,1024,32,2048,752.697
256,1024,32,4096,1433.97
256,1024,32,8192,2811.99
256,1024,32,16384,5584.29
256,1024,64,16,220.875
256,1024,64,32,221.738
256,1024,64,64,224.181
256,1024,64,128,295.326
256,1024,64,256,371.477
256,1024,64,512,517.717
256,1024,64,1024,832.669
256,1024,64,2048,1476
256,1024,64,4096,2752.74
256,1024,64,8192,5371.44
256,1024,64,16384,10654.5
256,2048,0,0,120.01
256,2048,1,16,119.36
256,2048,1,32,119.605
256,2048,1,64,119.999
256,2048,1,128,119.52
256,2048,1,256,119.509
256,2048,1,512,119.68
256,2048,1,1024,120.157
256,2048,1,2048,120.393
256,2048,1,4096,209.727
256,2048,1,8192,403.162
256,2048,1,16384,787.691
256,2048,2,16,128.116
256,2048,2,32,128.04
256,2048,2,64,128.181
256,2048,2,128,133.879
256,2048,2,256,139.903
256,2048,2,512,150.912
256,2048,2,1024,174.955
256,2048,2,2048,223.359
256,2048,2,4096,316.584
256,2048,2,8192,510.121
256,2048,2,16384,896.314
256,2048,4,16,135.04
256,2048,4,32,135.403
256,2048,4,64,135.135
256,2048,4,128,146.133
256,2048,4,256,158.261
256,2048,4,512,182.219
256,2048,4,1024,220.532
256,2048,4,2048,224.958
256,2048,4,4096,410.954
256,2048,4,8192,613.972
256,2048,4,16384,1002.9
256,2048,8,16,146.08
256,2048,8,32,146.069
256,2048,8,64,146.571
256,2048,8,128,162.912
256,2048,8,256,181.642
256,2048,8,512,217.098
256,2048,8,1024,233.512
256,2048,8,2048,328.96
256,2048,8,4096,522.603
256,2048,8,8192,909.715
256,2048,8,16384,1689.19
256,2048,16,16,172.437
256,2048,16,32,172.884
256,2048,16,64,173.322
256,2048,16,128,208.075
256,2048,16,256,228.405
256,2048,16,512,277.952
256,2048,16,1024,344.351
256,2048,16,2048,439.296
256,2048,16,4096,818.814
256,2048,16,8192,1592.61
256,2048,16,16384,3139.93
256,2048,32,16,224.799
256,2048,32,32,225.897
256,2048,32,64,227.338
256,2048,32,128,266.591
256,2048,32,256,307.828
256,2048,32,512,383.702
256,2048,32,1024,519.338
256,2048,32,2048,852.014
256,2048,32,4096,1435.24
256,2048,32,8192,2809.51
256,2048,32,16384,5594.3
256,2048,64,16,290.848
256,2048,64,32,292.01
256,2048,64,64,294.474
256,2048,64,128,370.294
256,2048,64,256,447.414
256,2048,64,512,597.942
256,2048,64,1024,884.785
256,2048,64,2048,1517.84
256,2048,64,4096,2826.91
256,2048,64,8192,5373.8
256,2048,64,16384,10630.1
256,4096,0,0,216.478
256,4096,1,16,215.507
256,4096,1,32,215.473
256,4096,1,64,215.837
256,4096,1,128,215.517
256,4096,1,256,215.656
256,4096,1,512,215.434
256,4096,1,1024,216.179
256,4096,1,2048,216.232
256,4096,1,4096,216.978
256,4096,1,8192,402.282
256,4096,1,16384,786.283
256,4096,2,16,223.487
256,4096,2,32,224.107
256,4096,2,64,223.872
256,4096,2,128,228.683
256,4096,2,256,235.573
256,4096,2,512,246.193
256,4096,2,1024,270.3
256,4096,2,2048,318.353
256,4096,2,4096,414.442
256,4096,2,8192,606.121
256,4096,2,16384,993.129
256,4096,4,16,229.429
256,4096,4,32,229.835
256,4096,4,64,229.803
256,4096,4,128,241.012
256,4096,4,256,254.175
256,4096,4,512,277.685
256,4096,4,1024,325.161
256,4096,4,2048,410.047
256,4096,4,4096,417.492
256,4096,4,8192,798.385
256,4096,4,16384,1194.05
256,4096,8,16,240.916
256,4096,8,32,241.28
256,4096,8,64,241.919
256,4096,8,128,258.186
256,4096,8,256,276.416
256,4096,8,512,311.68
256,4096,8,1024,383.402
256,4096,8,2048,424.889
256,4096,8,4096,616.927
256,4096,8,8192,1007.12
256,4096,8,16384,1782.81
256,4096,16,16,267.713
256,4096,16,32,268.33
256,4096,16,64,268.981
256,4096,16,128,302.613
256,4096,16,256,338.835
256,4096,16,512,410.721
256,4096,16,1024,493.801
256,4096,16,2048,631.019
256,4096,16,4096,822.228
256,4096,16,8192,1596.29
256,4096,16,16384,3148.65
256,4096,32,16,320.289
256,4096,32,32,321.821
256,4096,32,64,323.669
256,4096,32,128,390.367
256,4096,32,256,439.147
256,4096,32,512,515.647
256,4096,32,1024,673.492
256,4096,32,2048,949.266
256,4096,32,4096,1618.97
256,4096,32,8192,2801.25
256,4096,32,16384,5596.04
256,4096,64,16,425.279
256,4096,64,32,426.729
256,4096,64,64,429.598
256,4096,64,128,511.573
256,4096,64,256,591.794
256,4096,64,512,752.719
256,4096,64,1024,1052.88
256,4096,64,2048,1620.87
256,4096,64,4096,2899.78
256,4096,64,8192,5531.18
256,4096,64,16384,10640.6
256,8192,0,0,408.104
256,8192,1,16,407.198
256,8192,1,32,408.341
256,8192,1,64,407.082
256,8192,1,128,407.487
256,8192,1,256,407.447
256,8192,1,512,407.254
256,8192,1,1024,407.679
256,8192,1,2048,408.46
256,8192,1,4096,409.003
256,8192,1,8192,410.352
256,8192,1,16384,787.326
256,8192,2,16,415.58
256,8192,2,32,414.325
256,8192,2,64,415.507
256,8192,2,128,420.81
256,8192,2,256,426.326
256,8192,2,512,439.19
256,8192,2,1024,461.832
256,8192,2,2048,509.472
256,8192,2,4096,605.294
256,8192,2,8192,798.836
256,8192,2,16384,1185.5
256,8192,4,16,420.883
256,8192,4,32,421.524
256,8192,4,64,420.524
256,8192,4,128,433.611
256,8192,4,256,444.947
256,8192,4,512,469.201
256,8192,4,1024,515.202
256,8192,4,2048,609.792
256,8192,4,4096,789.483
256,8192,4,8192,802.066
256,8192,4,16384,1569.65
256,8192,8,16,432.342
256,8192,8,32,430.996
256,8192,8,64,431.839
256,8192,8,128,449.963
256,8192,8,256,468.605
256,8192,8,512,502.324
256,8192,8,1024,574.422
256,8192,8,2048,718.389
256,8192,8,4096,808.8
256,8192,8,8192,1192.68
256,8192,8,16384,1974.03
256,8192,16,16,457.206
256,8192,16,32,457.624
256,8192,16,64,459.51
256,8192,16,128,493.725
256,8192,16,256,529.205
256,8192,16,512,599.576
256,8192,16,1024,746.134
256,8192,16,2048,923.327
256,8192,16,4096,1206.81
256,8192,16,8192,1594.11
256,8192,16,16384,3148.77
256,8192,32,16,510.101
256,8192,32,32,511.426
256,8192,32,64,512.672
256,8192,32,128,579.157
256,8192,32,256,651.307
256,8192,32,512,795.233
256,8192,32,1024,968.222
256,8192,32,2048,1247.12
256,8192,32,4096,1812.97
256,8192,32,8192,3142.51
256,8192,32,16384,5557.25
256,8192,64,16,617.203
256,8192,64,32,618.859
256,8192,64,64,622.887
256,8192,64,128,759.413
256,8192,64,256,867.731
256,8192,64,512,1037.55
256,8192,64,1024,1344.43
256,8192,64,2048,1974.05
256,8192,64,4096,3108.05
256,8192,64,8192,5692.49
256,8192,64,16384,10936.4
256,16384,0,0,793.664
256,16384,1,16,793.016
256,16384,1,32,791.171
256,16384,1,64,791.338
256,16384,1,128,792.45
256,16384,1,256,790.208
256,16384,1,512,792.216
256,16384,1,1024,792.056
256,16384,1,2048,791.948
256,16384,1,4096,790.767
256,16384,1,8192,791.894
256,16384,1,16384,793.783
256,16384,2,16,800.344
256,16384,2,32,802.047
256,16384,2,64,799.286
256,16384,2,128,805.117
256,16384,2,256,811.029
256,16384,2,512,822.081
256,16384,2,1024,847.213
256,16384,2,2048,893.248
256,16384,2,4096,991.558
256,16384,2,8192,1185.21
256,16384,2,16384,1571.56
256,16384,4,16,804.158
256,16384,4,32,805.34
256,16384,4,64,803.872
256,16384,4,128,816.214
256,16384,4,256,828.818
256,16384,4,512,852.039
256,16384,4,1024,897.961
256,16384,4,2048,992.337
256,16384,4,4096,1185.97
256,16384,4,8192,1565.99
256,16384,4,16384,1574.28
256,16384,8,16,813.66
256,16384,8,32,813.31
256,16384,8,64,813.524
256,16384,8,128,829.982
256,16384,8,256,849.264
256,16384,8,512,882.518
256,16384,8,1024,956.619
256,16384,8,2048,1099.57
256,16384,8,4096,1389.99
256,16384,8,8192,1579.38
256,16384,8,16384,2344.58
256,16384,16,16,835.882
256,16384,16,32,836.773
256,16384,16,64,838.019
256,16384,16,128,872.687
256,16384,16,256,908.912
256,16384,16,512,980.531
256,16384,16,1024,1125.33
256,16384,16,2048,1414.43
256,16384,16,4096,1779.07
256,16384,16,8192,2360.01
256,16384,16,16384,3136.51
256,16384,32,16,891.149
256,16384,32,32,892.819
256,16384,32,64,893.518
256,16384,32,128,958.909
256,16384,32,256,1031.47
256,16384,32,512,1175.57
256,16384,32,1024,1466.61
256,16384,32,2048,1837.79
256,16384,32,4096,2399.4
256,16384,32,8192,3547.31
256,16384,32,16384,6227.8
256,16384,64,16,998.004
256,16384,64,32,997.811
256,16384,64,64,1000.27
256,16384,64,128,1139.27
256,16384,64,256,1281.84
256,16384,64,512,1562.63
256,16384,64,1024,1911.81
256,16384,64,2048,2539.49
256,16384,64,4096,3826.1
256,16384,64,8192,6101.47
256,16384,64,16384,11307.2
512,0,0,0,55.9887
512,0,1,16,57.216
512,0,1,32,57.452
512,0,1,64,57.632
512,0,1,128,57.6007
512,0,1,256,58.1017
512,0,1,512,63.104
512,0,1,1024,87.1793
512,0,1,2048,133.952
512,0,1,4096,228.404
512,0,1,8192,418.433
512,0,1,16384,798.623
512,0,2,16,59.0827
512,0,2,32,58.933
512,0,2,64,59.1563
512,0,2,128,61.6533
512,0,2,256,62.923
512,0,2,512,69.6747
512,0,2,1024,93.6857
512,0,2,2048,141.44
512,0,2,4096,236.512
512,0,2,8192,426.98
512,0,2,16384,807.091
512,0,4,16,64.2243
512,0,4,32,63.925
512,0,4,64,64.2243
512,0,4,128,67.4667
512,0,4,256,72.9493
512,0,4,512,81.6317
512,0,4,1024,121.642
512,0,4,2048,172.346
512,0,4,4096,267.54
512,0,4,8192,459.231
512,0,4,16384,839.364
512,0,8,16,74.539
512,0,8,32,74.1547
512,0,8,64,74.5073
512,0,8,128,82.346
512,0,8,256,90.1333
512,0,8,512,109.28
512,0,8,1024,159.903
512,0,8,2048,252.501
512,0,8,4096,442.196
512,0,8,8192,824.104
512,0,8,16384,1588.41
512,0,16,16,92.8
512,0,16,32,93.109
512,0,16,64,93.5787
512,0,16,128,110.272
512,0,16,256,127.402
512,0,16,512,164.544
512,0,16,1024,250.283
512,0,16,2048,437.45
512,0,16,4096,822.325
512,0,16,8192,1599.62
512,0,16,16384,3147.1
512,0,32,16,129.28
512,0,32,32,129.974
512,0,32,64,130.923
512,0,32,128,165.162
512,0,32,256,200.203
512,0,32,512,275.21
512,0,32,1024,439.019
512,0,32,2048,776.158
512,0,32,4096,1461.89
512,0,32,8192,2829.28
512,0,32,16384,5554.58
512,0,64,16,201.44
512,0,64,32,202.624
512,0,64,64,204.344
512,0,64,128,273.856
512,0,64,256,348.245
512,0,64,512,503.019
512,0,64,1024,823.584
512,0,64,2048,1478.73
512,0,64,4096,2795.63
512,0,64,8192,5422.72
512,0,64,16384,10688.1
512,16,0,0,63.4987
512,16,1,16,65.664
512,16,1,32,65.6
512,16,1,64,65.8343
512,16,1,128,66.9757
512,16,1,256,67.5517
512,16,1,512,68.7573
512,16,1,1024,91.477
512,16,1,2048,138.762
512,16,1,4096,233.076
512,16,1,8192,422.858
512,16,1,16384,804.641
512,16,2,16,68.212
512,16,2,32,68.256
512,16,2,64,68.511
512,16,2,128,70.0263
512,16,2,256,70.0483
512,16,2,512,75.0183
512,16,2,1024,98.4947
512,16,2,2048,145.534
512,16,2,4096,240.705
512,16,2,8192,431.177
512,16,2,16384,811.528
512,16,4,16,72.2777
512,16,4,32,72.4473
512,16,4,64,72.4583
512,16,4,128,76.0643
512,16,4,256,82.5927
512,16,4,512,87.9033
512,16,4,1024,122.496
512,16,4,2048,180.618
512,16,4,4096,275.785
512,16,4,8192,465.599
512,16,4,16384,845.694
512,16,8,16,82.549
512,16,8,32,82.6887
512,16,8,64,82.6663
512,16,8,128,90.9003
512,16,8,256,100.138
512,16,8,512,113.173
512,16,8,1024,166.005
512,16,8,2048,257.75
512,16,8,4096,446.814
512,16,8,8192,828.167
512,16,8,16384,1599.06
512,16,16,16,101.345
512,16,16,32,101.972
512,16,16,64,102.028
512,16,16,128,119.435
512,16,16,256,135.84
512,16,16,512,171.264
512,16,16,1024,254.379
512,16,16,2048,437.428
512,16,16,4096,822.696
512,16,16,8192,1602.36
512,16,16,16384,3152.27
512,16,32,16,138.357
512,16,32,32,139.146
512,16,32,64,139.935
512,16,32,128,174.026
512,16,32,256,209.61
512,16,32,512,279.636
512,16,32,1024,443.392
512,16,32,2048,777.62
512,16,32,4096,1467.6
512,16,32,8192,2842.44
512,16,32,16384,5575.29
512,16,64,16,210.709
512,16,64,32,211.787
512,16,64,64,213.621
512,16,64,128,283.519
512,16,64,256,357.823
512,16,64,512,507.945
512,16,64,1024,829.023
512,16,64,2048,1481.76
512,16,64,4096,2796.75
512,16,64,8192,5430.64
512,16,64,16384,10723.5
512,32,0,0,63.4133
512,32,1,16,65.824
512,32,1,32,65.5787
512,32,1,64,65.8773
512,32,1,128,67.1357
512,32,1,256,67.839
512,32,1,512,68.9173
512,32,1,1024,91.253
512,32,1,2048,139.029
512,32,1,4096,233.302
512,32,1,8192,422.987
512,32,1,16384,801.757
512,32,2,16,68.416
512,32,2,32,68.6613
512,32,2,64,68.5873
512,32,2,128,70.0373
512,32,2,256,70.2827
512,32,2,512,75.0613
512,32,2,1024,98.698
512,32,2,2048,145.632
512,32,2,4096,240.53
512,32,2,8192,430.825
512,32,2,16384,812.126
512,32,4,16,72.2563
512,32,4,32,72.2347
512,32,4,64,72.7787
512,32,4,128,75.776
512,32,4,256,81.8243
512,32,4,512,87.7757
512,32,4,1024,122.921
512,32,4,2048,180.639
512,32,4,4096,276.105
512,32,4,8192,467.858
512,32,4,16384,846.139
512,32,8,16,82.3143
512,32,8,32,82.368
512,32,8,64,82.5283
512,32,8,128,91.0607
512,32,8,256,99.9777
512,32,8,512,112.714
512,32,8,1024,165.833
512,32,8,2048,257.877
512,32,8,4096,446.559
512,32,8,8192,828.464
512,32,8,16384,1592.63
512,32,16,16,101.323
512,32,16,32,101.867
512,32,16,64,102.09
512,32,16,128,119.39
512,32,16,256,136.426
512,32,16,512,170.828
512,32,16,1024,254.687
512,32,16,2048,437.311
512,32,16,4096,823.393
512,32,16,8192,1598.49
512,32,16,16384,3142.55
512,32,32,16,138.453
512,32,32,32,138.944
512,32,32,64,140.001
512,32,32,128,174.39
512,32,32,256,209.312
512,32,32,512,279.892
512,32,32,1024,442.869
512,32,32,2048,777.514
512,32,32,4096,1467.43
512,32,32,8192,2845.1
512,32,32,16384,5578.8
512,32,64,16,210.817
512,32,64,32,212.16
512,32,64,64,213.696
512,32,64,128,283.434
512,32,64,256,357.94
512,32,64,512,507.626
512,32,64,1024,829.205
512,32,64,2048,1482.04
512,32,64,4096,2795.98
512,32,64,8192,5428.24
512,32,64,16384,10703.4
512,64,0,0,63.7437
512,64,1,16,66.1653
512,64,1,32,65.792
512,64,1,64,65.9843
512,64,1,128,67.0723
512,64,1,256,67.765
512,64,1,512,69.1087
512,64,1,1024,91.5417
512,64,1,2048,138.859
512,64,1,4096,233.493
512,64,1,8192,424.171
512,64,1,16384,805.906
512,64,2,16,68.6827
512,64,2,32,68.6293
512,64,2,64,68.7467
512,64,2,128,70.1227
512,64,2,256,70.4637
512,64,2,512,74.475
512,64,2,1024,98.4963
512,64,2,2048,145.686
512,64,2,4096,240.388
512,64,2,8192,430.389
512,64,2,16384,812.255
512,64,4,16,72.587
512,64,4,32,72.6507
512,64,4,64,72.832
512,64,4,128,76.2347
512,64,4,256,82.3887
512,64,4,512,88.363
512,64,4,1024,122.464
512,64,4,2048,180.588
512,64,4,4096,275.831
512,64,4,8192,466.774
512,64,4,16384,846.858
512,64,8,16,82.5497
512,64,8,32,82.8693
512,64,8,64,82.8803
512,64,8,128,90.9117
512,64,8,256,100.129
512,64,8,512,113.333
512,64,8,1024,166.25
512,64,8,2048,257.557
512,64,8,4096,446.72
512,64,8,8192,827.571
512,64,8,16384,1594.28
512,64,16,16,101.418
512,64,16,32,101.6
512,64,16,64,102.165
512,64,16,128,119.743
512,64,16,256,136.501
512,64,16,512,171.051
512,64,16,1024,254.315
512,64,16,2048,438.131
512,64,16,4096,823.807
512,64,16,8192,1599.32
512,64,16,16384,3152.45
512,64,32,16,138.624
512,64,32,32,139.221
512,64,32,64,140.597
512,64,32,128,174.571
512,64,32,256,209.406
512,64,32,512,280.106
512,64,32,1024,442.985
512,64,32,2048,777.032
512,64,32,4096,1467.71
512,64,32,8192,2840.92
512,64,32,16384,5592.74
512,64,64,16,210.848
512,64,64,32,212.223
512,64,64,64,214.016
512,64,64,128,283.796
512,64,64,256,357.822
512,64,64,512,508.073
512,64,64,1024,829.255
512,64,64,2048,1480.42
512,64,64,4096,2797.32
512,64,64,8192,5427.59
512,64,64,16384,10693.2
512,128,0,0,69.1733
512,128,1,16,69.365
512,128,1,32,69.227
512,128,1,64,69.1833
512,128,1,128,69.824
512,128,1,256,70.027
512,128,1,512,74.421
512,128,1,1024,93.2793
512,128,1,2048,140.618
512,128,1,4096,234.9
512,128,1,8192,425.461
512,128,1,16384,807.402
512,128,2,16,71.744
512,128,2,32,71.5197
512,128,2,64,71.8183
512,128,2,128,73.973
512,128,2,256,75.4027
512,128,2,512,76.6613
512,128,2,1024,102.826
512,128,2,2048,150.196
512,128,2,4096,245.269
512,128,2,8192,433.481
512,128,2,16384,817.222
512,128,4,16,76.3093
512,128,4,32,76.3413
512,128,4,64,76.3513
512,128,4,128,79.7547
512,128,4,256,85.3643
512,128,4,512,93.439
512,128,4,1024,123.414
512,128,4,2048,190.397
512,128,4,4096,285.482
512,128,4,8192,476.18
512,128,4,16384,855.07
512,128,8,16,86.177
512,128,8,32,86.4427
512,128,8,64,86.75
512,128,8,128,95.018
512,128,8,256,104.554
512,128,8,512,118.323
512,128,8,1024,173.216
512,128,8,2048,264.401
512,128,8,4096,451.583
512,128,8,8192,832.801
512,128,8,16384,1597.44
512,128,16,16,105.824
512,128,16,32,105.824
512,128,16,64,106.517
512,128,16,128,123.882
512,128,16,256,141.322
512,128,16,512,175.167
512,128,16,1024,258.688
512,128,16,2048,438.911
512,128,16,4096,824.233
512,128,16,8192,1600.36
512,128,16,16384,3147.13
512,128,32,16,142.762
512,128,32,32,143.648
512,128,32,64,144.587
512,128,32,128,179.167
512,128,32,256,214.719
512,128,32,512,283.665
512,128,32,1024,448.073
512,128,32,2048,782.41
512,128,32,4096,1472.54
512,128,32,8192,2847.83
512,128,32,16384,5612.98
512,128,64,16,215.52
512,128,64,32,216.629
512,128,64,64,218.282
512,128,64,128,288.468
512,128,64,256,363.219
512,128,64,512,512.991
512,128,64,1024,834.279
512,128,64,2048,1482.35
512,128,64,4096,2803.48
512,128,64,8192,5433.99
512,128,64,16384,10718.3
512,256,0,0,80.9277
512,256,1,16,81.1413
512,256,1,32,81.0987
512,256,1,64,81.0243
512,256,1,128,81.355
512,256,1,256,81.8767
512,256,1,512,82.1223
512,256,1,1024,99.466
512,256,1,2048,147.199
512,256,1,4096,241.93
512,256,1,8192,434.165
512,256,1,16384,811.97
512,256,2,16,83.3493
512,256,2,32,83.488
512,256,2,64,83.6367
512,256,2,128,85.866
512,256,2,256,88.0203
512,256,2,512,88.028
512,256,2,1024,114.752
512,256,2,2048,162.411
512,256,2,4096,256.788
512,256,2,8192,446.397
512,256,2,16384,828.864
512,256,4,16,88.3733
512,256,4,32,88.661
512,256,4,64,88.48
512,256,4,128,92.3957
512,256,4,256,97.6
512,256,4,512,108.757
512,256,4,1024,130.708
512,256,4,2048,208.031
512,256,4,4096,303.38
512,256,4,8192,495.06
512,256,4,16384,875.412
512,256,8,16,98.4097
512,256,8,32,98.4
512,256,8,64,98.7943
512,256,8,128,108.086
512,256,8,256,116.671
512,256,8,512,135.327
512,256,8,1024,179.988
512,256,8,2048,276.49
512,256,8,4096,465.267
512,256,8,8192,844.531
512,256,8,16384,1612.61
512,256,16,16,118.293
512,256,16,32,118.538
512,256,16,64,119.167
512,256,16,128,137.098
512,256,16,256,154.795
512,256,16,512,187.145
512,256,16,1024,269.258
512,256,16,2048,443.433
512,256,16,4096,823.85
512,256,16,8192,1603.99
512,256,16,16384,3153.43
512,256,32,16,155.978
512,256,32,32,156.544
512,256,32,64,157.631
512,256,32,128,192.64
512,256,32,256,228.68
512,256,32,512,296.136
512,256,32,1024,459.05
512,256,32,2048,793.813
512,256,32,4096,1479.5
512,256,32,8192,2863.32
512,256,32,16384,5639.86
512,256,64,16,229.354
512,256,64,32,230.378
512,256,64,64,232.501
512,256,64,128,302.623
512,256,64,256,377.193
512,256,64,512,528.289
512,256,64,1024,841.993
512,256,64,2048,1489.79
512,256,64,4096,2807.24
512,256,64,8192,5440.76
512,256,64,16384,10739.5
512,512,0,0,104.32
512,512,1,16,104.448
512,512,1,32,104.779
512,512,1,64,104.8
512,512,1,128,105.003
512,512,1,256,105.035
512,512,1,512,105.258
512,512,1,1024,111.218
512,512,1,2048,158.421
512,512,1,4096,254.281
512,512,1,8192,445.577
512,512,1,16384,822.815
512,512,2,16,106.816
512,512,2,32,106.783
512,512,2,64,107.349
512,512,2,128,109.674
512,512,2,256,111.008
512,512,2,512,111.531
512,512,2,1024,121.833
512,512,2,2048,185.344
512,512,2,4096,280.555
512,512,2,8192,469.964
512,512,2,16384,849.044
512,512,4,16,111.626
512,512,4,32,111.391
512,512,4,64,111.872
512,512,4,128,115.435
512,512,4,256,122.037
512,512,4,512,133.025
512,512,4,1024,153.653
512,512,4,2048,218.453
512,512,4,4096,338.313
512,512,4,8192,528.169
512,512,4,16384,912.149
512,512,8,16,121.973
512,512,8,32,121.984
512,512,8,64,122.164
512,512,8,128,132.982
512,512,8,256,143.7
512,512,8,512,161.707
512,512,8,1024,192.319
512,512,8,2048,305.226
512,512,8,4096,494.219
512,512,8,8192,875.702
512,512,8,16384,1643.37
512,512,16,16,143.275
512,512,16,32,143.211
512,512,16,64,143.883
512,512,16,128,162.113
512,512,16,256,181.323
512,512,16,512,213.75
512,512,16,1024,287.039
512,512,16,2048,468.245
512,512,16,4096,827.765
512,512,16,8192,1603.63
512,512,16,16384,3159.04
512,512,32,16,182.221
512,512,32,32,182.624
512,512,32,64,183.915
512,512,32,128,219.589
512,512,32,256,256.214
512,512,32,512,329.055
512,512,32,1024,470.003
512,512,32,2048,810.959
512,512,32,4096,1486.52
512,512,32,8192,2878.97
512,512,32,16384,5664.54
512,512,64,16,255.861
512,512,64,32,257.216
512,512,64,64,259.179
512,512,64,128,330.443
512,512,64,256,406.006
512,512,64,512,556.665
512,512,64,1024,857.824
512,512,64,2048,1503.7
512,512,64,4096,2818.4
512,512,64,8192,5449.03
512,512,64,16384,10728.9
512,1024,0,0,151.52
512,1024,1,16,151.721
512,1024,1,32,151.712
512,1024,1,64,151.616
512,1024,1,128,152
512,1024,1,256,152.363
512,1024,1,512,152.246
512,1024,1,1024,152.554
512,1024,1,2048,182.709
512,1024,1,4096,277.536
512,1024,1,8192,467.211
512,1024,1,16384,848.362
512,1024,2,16,153.654
512,1024,2,32,153.451
512,1024,2,64,153.74
512,1024,2,128,156.353
512,1024,2,256,157.44
512,1024,2,512,157.962
512,1024,2,1024,158.283
512,1024,2,2048,218.027
512,1024,2,4096,327.913
512,1024,2,8192,517.297
512,1024,2,16384,899.039
512,1024,4,16,158.369
512,1024,4,32,158.807
512,1024,4,64,158.933
512,1024,4,128,161.3
512,1024,4,256,167.701
512,1024,4,512,181.941
512,1024,4,1024,203.841
512,1024,4,2048,248.353
512,1024,4,4096,407.83
512,1024,4,8192,602.504
512,1024,4,16384,991.739
512,1024,8,16,168.489
512,1024,8,32,168.628
512,1024,8,64,168.768
512,1024,8,128,178.112
512,1024,8,256,191.422
512,1024,8,512,214.552
512,1024,8,1024,256.71
512,1024,8,2048,327.456
512,1024,8,4096,543.59
512,1024,8,8192,931.992
512,1024,8,16384,1702.17
512,1024,16,16,188.799
512,1024,16,32,189.224
512,1024,16,64,189.971
512,1024,16,128,211.485
512,1024,16,256,231.838
512,1024,16,512,265.19
512,1024,16,1024,333.152
512,1024,16,2048,503.061
512,1024,16,4096,835.551
512,1024,16,8192,1604.89
512,1024,16,16384,3162.75
512,1024,32,16,232.437
512,1024,32,32,232.682
512,1024,32,64,234.133
512,1024,32,128,271.987
512,1024,32,256,308.874
512,1024,32,512,384.117
512,1024,32,1024,524.096
512,1024,32,2048,841.204
512,1024,32,4096,1523.71
512,1024,32,8192,2899.59
512,1024,32,16384,5674.7
512,1024,64,16,308.468
512,1024,64,32,309.834
512,1024,64,64,312.308
512,1024,64,128,384.715
512,1024,64,256,462.846
512,1024,64,512,611.892
512,1024,64,1024,916.701
512,1024,64,2048,1542.48
512,1024,64,4096,2837.78
512,1024,64,8192,5471.24
512,1024,64,16384,10764.6
512,2048,0,0,244.832
512,2048,1,16,245.567
512,2048,1,32,245.695
512,2048,1,64,245.419
512,2048,1,128,246.325
512,2048,1,256,246.433
512,2048,1,512,246.326
512,2048,1,1024,246.262
512,2048,1,2048,246.613
512,2048,1,4096,325.791
512,2048,1,8192,514.281
512,2048,1,16384,896.201
512,2048,2,16,247.57
512,2048,2,32,247.541
512,2048,2,64,247.957
512,2048,2,128,250.389
512,2048,2,256,251.403
512,2048,2,512,251.199
512,2048,2,1024,252.074
512,2048,2,2048,252.501
512,2048,2,4096,411.284
512,2048,2,8192,616.034
512,2048,2,16384,1004.33
512,2048,4,16,252.683
512,2048,4,32,252.428
512,2048,4,64,252.704
512,2048,4,128,255.275
512,2048,4,256,261.431
512,2048,4,512,273.952
512,2048,4,1024,300.618
512,2048,4,2048,345.548
512,2048,4,4096,437.622
512,2048,4,8192,742.732
512,2048,4,16384,1131.35
512,2048,8,16,262.165
512,2048,8,32,262.198
512,2048,8,64,262.237
512,2048,8,128,271.877
512,2048,8,256,282.624
512,2048,8,512,308.245
512,2048,8,1024,355.404
512,2048,8,2048,448.135
512,2048,8,4096,619.724
512,2048,8,8192,1027.32
512,2048,8,16384,1800.71
512,2048,16,16,282.017
512,2048,16,32,281.963
512,2048,16,64,282.646
512,2048,16,128,302.443
512,2048,16,256,326.209
512,2048,16,512,374.39
512,2048,16,1024,430.763
512,2048,16,2048,570.576
512,2048,16,4096,939.062
512,2048,16,8192,1614.1
512,2048,16,16384,3161.4
512,2048,32,16,324.8
512,2048,32,32,325.511
512,2048,32,64,326.529
512,2048,32,128,372.416
512,2048,32,256,410.891
512,2048,32,512,489.12
512,2048,32,1024,649.27
512,2048,32,2048,905.279
512,2048,32,4096,1579.37
512,2048,32,8192,2942.45
512,2048,32,16384,5721.74
512,2048,64,16,410.891
512,2048,64,32,410.699
512,2048,64,64,414.048
512,2048,64,128,490.111
512,2048,64,256,571.402
512,2048,64,512,726.238
512,2048,64,1024,1021.7
512,2048,64,2048,1656.03
512,2048,64,4096,2899.81
512,2048,64,8192,5518.59
512,2048,64,16384,10815.8
512,4096,0,0,432.92
512,4096,1,16,433.951
512,4096,1,32,432.929
512,4096,1,64,433.558
512,4096,1,128,434.529
512,4096,1,256,433.505
512,4096,1,512,434.327
512,4096,1,1024,433.728
512,4096,1,2048,434.167
512,4096,1,4096,434.206
512,4096,1,8192,612.972
512,4096,1,16384,996.087
512,4096,2,16,435.22
512,4096,2,32,435.627
512,4096,2,64,435.969
512,4096,2,128,438.026
512,4096,2,256,438.951
512,4096,2,512,439.72
512,4096,2,1024,439.578
512,4096,2,2048,440.309
512,4096,2,4096,440.483
512,4096,2,8192,798.932
512,4096,2,16384,1194.83
512,4096,4,16,440.449
512,4096,4,32,439.968
512,4096,4,64,440.023
512,4096,4,128,443.121
512,4096,4,256,448.628
512,4096,4,512,460.528
512,4096,4,1024,485.729
512,4096,4,2048,537.684
512,4096,4,4096,632.298
512,4096,4,8192,815.916
512,4096,4,16384,1415.24
512,4096,8,16,449.782
512,4096,8,32,450.022
512,4096,8,64,449.942
512,4096,8,128,458.636
512,4096,8,256,469.057
512,4096,8,512,494.18
512,4096,8,1024,544.022
512,4096,8,2048,640.246
512,4096,8,4096,829.133
512,4096,8,8192,1203.32
512,4096,8,16384,1992.67
512,4096,16,16,468.876
512,4096,16,32,468.975
512,4096,16,64,469.578
512,4096,16,128,488.936
512,4096,16,256,511.007
512,4096,16,512,562.635
512,4096,16,1024,659.783
512,4096,16,2048,764.353
512,4096,16,4096,1049.2
512,4096,16,8192,1811
512,4096,16,16384,3175.4
512,4096,32,16,510.111
512,4096,32,32,512.598
512,4096,32,64,511.778
512,4096,32,128,555.744
512,4096,32,256,603.242
512,4096,32,512,701.259
512,4096,32,1024,849.814
512,4096,32,2048,1174.9
512,4096,32,4096,1666.69
512,4096,32,8192,3057.62
512,4096,32,16384,5810.02
512,4096,64,16,597.777
512,4096,64,32,599.402
512,4096,64,64,600.822
512,4096,64,128,692.033
512,4096,64,256,777.313
512,4096,64,512,938.249
512,4096,64,1024,1246.34
512,4096,64,2048,1847.18
512,4096,64,4096,3134.11
512,4096,64,8192,5613.32
512,4096,64,16384,10857.9
512,8192,0,0,808.588
512,8192,1,16,809.463
512,8192,1,32,810.113
512,8192,1,64,809.302
512,8192,1,128,811.343
512,8192,1,256,810.558
512,8192,1,512,810.148
512,8192,1,1024,810.084
512,8192,1,2048,811.854
512,8192,1,4096,810.139
512,8192,1,8192,812.808
512,8192,1,16384,1186.94
512,8192,2,16,812.291
512,8192,2,32,813.421
512,8192,2,64,811.202
512,8192,2,128,814.888
512,8192,2,256,814.68
512,8192,2,512,815.232
512,8192,2,1024,815.01
512,8192,2,2048,815.116
512,8192,2,4096,817.478
512,8192,2,8192,817.048
512,8192,2,16384,1571.47
512,8192,4,16,816.211
512,8192,4,32,815.85
512,8192,4,64,816.563
512,8192,4,128,819.272
512,8192,4,256,824.489
512,8192,4,512,837.975
512,8192,4,1024,861.894
512,8192,4,2048,910.577
512,8192,4,4096,1012.17
512,8192,4,8192,1205.89
512,8192,4,16384,1580.02
512,8192,8,16,825.62
512,8192,8,32,825.117
512,8192,8,64,826.015
512,8192,8,128,835.509
512,8192,8,256,844.958
512,8192,8,512,869.406
512,8192,8,1024,919.246
512,8192,8,2048,1020.07
512,8192,8,4096,1211.31
512,8192,8,8192,1588.84
512,8192,8,16384,2366.04
512,8192,16,16,844.519
512,8192,16,32,844.231
512,8192,16,64,844.807
512,8192,16,128,864.589
512,8192,16,256,884.662
512,8192,16,512,931.976
512,8192,16,1024,1034.9
512,8192,16,2048,1232.58
512,8192,16,4096,1425.44
512,8192,16,8192,2000.37
512,8192,16,16384,3550.57
512,8192,32,16,885.044
512,8192,32,32,886.667
512,8192,32,64,887.346
512,8192,32,128,929.652
512,8192,32,256,973.839
512,8192,32,512,1063.92
512,8192,32,1024,1279.09
512,8192,32,2048,1568.39
512,8192,32,4096,2225.67
512,8192,32,8192,3203.73
512,8192,32,16384,6012.19
512,8192,64,16,971.59
512,8192,64,32,972.742
512,8192,64,64,973.949
512,8192,64,128,1062.99
512,8192,64,256,1159.77
512,8192,64,512,1347.62
512,8192,64,1024,1665.48
512,8192,64,2048,2295.97
512,8192,64,4096,3499.36
512,8192,64,8192,6093.13
512,8192,64,16384,11052.6
512,16384,0,0,1561.87
512,16384,1,16,1563.5
512,16384,1,32,1563.8
512,16384,1,64,1564.92
512,16384,1,128,1563.45
512,16384,1,256,1564.04
512,16384,1,512,1565.59
512,16384,1,1024,1565.28
512,16384,1,2048,1564.2
512,16384,1,4096,1564.57
512,16384,1,8192,1571.69
512,16384,1,16384,1579.95
512,16384,2,16,1565.53
512,16384,2,32,1567.28
512,16384,2,64,1566.36
512,16384,2,128,1567.75
512,16384,2,256,1568.68
512,16384,2,512,1567.93
512,16384,2,1024,1569.91
512,16384,2,2048,1569.05
512,16384,2,4096,1568.38
512,16384,2,8192,1570.17
512,16384,2,16384,1585.31
512,16384,4,16,1571.02
512,16384,4,32,1573.15
512,16384,4,64,1571.88
512,16384,4,128,1573.95
512,16384,4,256,1582.25
512,16384,4,512,1593.61
512,16384,4,1024,1618.15
512,16384,4,2048,1668.76
512,16384,4,4096,1766.64
512,16384,4,8192,1969.43
512,16384,4,16384,2336.67
512,16384,8,16,1578.57
512,16384,8,32,1578.95
512,16384,8,64,1578.32
512,16384,8,128,1588.13
512,16384,8,256,1599.45
512,16384,8,512,1623.92
512,16384,8,1024,1674.36
512,16384,8,2048,1776.3
512,16384,8,4096,1971.19
512,16384,8,8192,2339.8
512,16384,8,16384,3109.23
512,16384,16,16,1597.94
512,16384,16,32,1599.71
512,16384,16,64,1597.94
512,16384,16,128,1617.41
512,16384,16,256,1638.13
512,16384,16,512,1676.01
512,16384,16,1024,1751.06
512,16384,16,2048,1991.87
512,16384,16,4096,2379.86
512,16384,16,8192,2766.67
512,16384,16,16384,3921.09
512,16384,32,16,1639.69
512,16384,32,32,1639.85
512,16384,32,64,1641.21
512,16384,32,128,1682.39
512,16384,32,256,1723.85
512,16384,32,512,1812.76
512,16384,32,1024,1990.32
512,16384,32,2048,2411.06
512,16384,32,4096,3008.94
512,16384,32,8192,4328.1
512,16384,32,16384,6288.04
512,16384,64,16,1723.05
512,16384,64,32,1723.7
512,16384,64,64,1724.85
512,16384,64,128,1811.1
512,16384,64,256,1904.44
512,16384,64,512,2086.86
512,16384,64,1024,2485.17
512,16384,64,2048,3115.9
512,16384,64,4096,4404.63
512,16384,64,8192,6810
512,16384,64,16384,12014.9
1024,0,0,0,139.445
1024,0,1,16,141.013
1024,0,1,32,140.916
1024,0,1,64,141.002
1024,0,1,128,142.346
1024,0,1,256,144.16
1024,0,1,512,145.641
1024,0,1,1024,148.299
1024,0,1,2048,199.871
1024,0,1,4096,293.55
1024,0,1,8192,484.501
1024,0,1,16384,863.008
1024,0,2,16,144.703
1024,0,2,32,144.298
1024,0,2,64,144.502
1024,0,2,128,146.581
1024,0,2,256,149.098
1024,0,2,512,153.599
1024,0,2,1024,160.692
1024,0,2,2048,219.764
1024,0,2,4096,316.302
1024,0,2,8192,506.378
1024,0,2,16384,882.59
1024,0,4,16,150.41
1024,0,4,32,150.602
1024,0,4,64,150.762
1024,0,4,128,155.764
1024,0,4,256,161.13
1024,0,4,512,168.715
1024,0,4,1024,185.397
1024,0,4,2048,258.269
1024,0,4,4096,395.696
1024,0,4,8192,587.615
1024,0,4,16384,974.454
1024,0,8,16,163.914
1024,0,8,32,163.402
1024,0,8,64,164.275
1024,0,8,128,173.568
1024,0,8,256,182.442
1024,0,8,512,200.149
1024,0,8,1024,233.951
1024,0,8,2048,337.214
1024,0,8,4096,532.501
1024,0,8,8192,907.302
1024,0,8,16384,1679.77
1024,0,16,16,189.59
1024,0,16,32,189.288
1024,0,16,64,189.835
1024,0,16,128,208.074
1024,0,16,256,225.951
1024,0,16,512,261.184
1024,0,16,1024,331.967
1024,0,16,2048,507.125
1024,0,16,4096,880.863
1024,0,16,8192,1633.03
1024,0,16,16384,3205.95
1024,0,32,16,240.534
1024,0,32,32,241.185
1024,0,32,64,241.856
1024,0,32,128,277.546
1024,0,32,256,314.528
1024,0,32,512,386.506
1024,0,32,1024,533.631
1024,0,32,2048,865.365
1024,0,32,4096,1545.04
1024,0,32,8192,2933.29
1024,0,32,16384,5733.32
1024,0,64,16,339.464
1024,0,64,32,340.671
1024,0,64,64,342.699
1024,0,64,128,413.504
1024,0,64,256,490.613
1024,0,64,512,641.127
1024,0,64,1024,938.611
1024,0,64,2048,1585.03
1024,0,64,4096,2898.95
1024,0,64,8192,5541
1024,0,64,16384,10828.3
1024,16,0,0,152.274
1024,16,1,16,153.535
1024,16,1,32,153.877
1024,16,1,64,154.219
1024,16,1,128,154.923
1024,16,1,256,156.363
1024,16,1,512,159.893
1024,16,1,1024,163.381
1024,16,1,2048,209.43
1024,16,1,4096,304.217
1024,16,1,8192,492.926
1024,16,1,16384,870.346
1024,16,2,16,157.194
1024,16,2,32,157.472
1024,16,2,64,157.195
1024,16,2,128,160.725
1024,16,2,256,163.241
1024,16,2,512,165.866
1024,16,2,1024,175.297
1024,16,2,2048,225.143
1024,16,2,4096,326.155
1024,16,2,8192,514.733
1024,16,2,16384,893.588
1024,16,4,16,164.566
1024,16,4,32,163.819
1024,16,4,64,164.554
1024,16,4,128,168.172
1024,16,4,256,173.694
1024,16,4,512,181.983
1024,16,4,1024,197.43
1024,16,4,2048,266.22
1024,16,4,4096,411.573
1024,16,4,8192,605.483
1024,16,4,16384,994.56
1024,16,8,16,176.586
1024,16,8,32,176.983
1024,16,8,64,177.217
1024,16,8,128,185.928
1024,16,8,256,195.168
1024,16,8,512,212.907
1024,16,8,1024,245.631
1024,16,8,2048,346.391
1024,16,8,4096,543.775
1024,16,8,8192,919.527
1024,16,8,16384,1693.41
1024,16,16,16,201.919
1024,16,16,32,202.24
1024,16,16,64,202.848
1024,16,16,128,220.672
1024,16,16,256,239.712
1024,16,16,512,274.602
1024,16,16,1024,342.257
1024,16,16,2048,517.776
1024,16,16,4096,885.714
1024,16,16,8192,1643.15
1024,16,16,16384,3206.48
1024,16,32,16,253.376
1024,16,32,32,254.079
1024,16,32,64,254.752
1024,16,32,128,291.326
1024,16,32,256,327.669
1024,16,32,512,399.711
1024,16,32,1024,547.819
1024,16,32,2048,873.758
1024,16,32,4096,1552.75
1024,16,32,8192,2936.85
1024,16,32,16384,5746.35
1024,16,64,16,353.066
1024,16,64,32,353.92
1024,16,64,64,355.753
1024,16,64,128,426.878
1024,16,64,256,504.863
1024,16,64,512,656.459
1024,16,64,1024,946.494
1024,16,64,2048,1590.64
1024,16,64,4096,2908.19
1024,16,64,8192,5543.61
1024,16,64,16384,10852.4
1024,32,0,0,152.604
1024,32,1,16,154.261
1024,32,1,32,153.695
1024,32,1,64,153.695
1024,32,1,128,155.434
1024,32,1,256,156.064
1024,32,1,512,159.39
1024,32,1,1024,163.733
1024,32,1,2048,209.247
1024,32,1,4096,303.511
1024,32,1,8192,492.98
1024,32,1,16384,873.011
1024,32,2,16,158.431
1024,32,2,32,157.867
1024,32,2,64,157.685
1024,32,2,128,160.426
1024,32,2,256,164.031
1024,32,2,512,165.481
1024,32,2,1024,175.509
1024,32,2,2048,224.853
1024,32,2,4096,325.789
1024,32,2,8192,515.989
1024,32,2,16384,893.342
1024,32,4,16,164.256
1024,32,4,32,164.203
1024,32,4,64,164.48
1024,32,4,128,168.436
1024,32,4,256,173.248
1024,32,4,512,182.804
1024,32,4,1024,197.695
1024,32,4,2048,265.973
1024,32,4,4096,412.468
1024,32,4,8192,608.393
1024,32,4,16384,992.2
1024,32,8,16,177.385
1024,32,8,32,176.469
1024,32,8,64,177.332
1024,32,8,128,185.92
1024,32,8,256,195.946
1024,32,8,512,213.013
1024,32,8,1024,245.418
1024,32,8,2048,346.678
1024,32,8,4096,545.533
1024,32,8,8192,919.431
1024,32,8,16384,1690.49
1024,32,16,16,202.645
1024,32,16,32,202.154
1024,32,16,64,202.835
1024,32,16,128,221.023
1024,32,16,256,239.328
1024,32,16,512,274.164
1024,32,16,1024,341.95
1024,32,16,2048,517.831
1024,32,16,4096,885.736
1024,32,16,8192,1640.53
1024,32,16,16384,3212.64
1024,32,32,16,254.208
1024,32,32,32,254.143
1024,32,32,64,254.698
1024,32,32,128,291.51
1024,32,32,256,327.393
1024,32,32,512,400.374
1024,32,32,1024,548.702
1024,32,32,2048,873.164
1024,32,32,4096,1553.29
1024,32,32,8192,2940.43
1024,32,32,16384,5740.1
1024,32,64,16,353.438
1024,32,64,32,353.994
1024,32,64,64,355.946
1024,32,64,128,427.701
1024,32,64,256,505.108
1024,32,64,512,656.521
1024,32,64,1024,946.813
1024,32,64,2048,1591.76
1024,32,64,4096,2907.76
1024,32,64,8192,5550.82
1024,32,64,16384,10850.8
1024,64,0,0,152.149
1024,64,1,16,153.546
1024,64,1,32,154.037
1024,64,1,64,153.333
1024,64,1,128,155.7
1024,64,1,256,156.597
1024,64,1,512,159.743
1024,64,1,1024,163.69
1024,64,1,2048,209.834
1024,64,1,4096,303.508
1024,64,1,8192,492.65
1024,64,1,16384,871.73
1024,64,2,16,157.984
1024,64,2,32,157.909
1024,64,2,64,157.407
1024,64,2,128,160.692
1024,64,2,256,163.253
1024,64,2,512,165.642
1024,64,2,1024,175.381
1024,64,2,2048,225.077
1024,64,2,4096,327.061
1024,64,2,8192,515.21
1024,64,2,16384,896.587
1024,64,4,16,164.317
1024,64,4,32,164.885
1024,64,4,64,164.341
1024,64,4,128,168.681
1024,64,4,256,173.567
1024,64,4,512,182.601
1024,64,4,1024,197.429
1024,64,4,2048,266.282
1024,64,4,4096,412.064
1024,64,4,8192,604.712
1024,64,4,16384,993.566
1024,64,8,16,176.554
1024,64,8,32,177.28
1024,64,8,64,177.386
1024,64,8,128,186.688
1024,64,8,256,195.413
1024,64,8,512,212.597
1024,64,8,1024,246.314
1024,64,8,2048,347.361
1024,64,8,4096,544.507
1024,64,8,8192,919.724
1024,64,8,16384,1687.75
1024,64,16,16,202.549
1024,64,16,32,202.474
1024,64,16,64,202.847
1024,64,16,128,221.086
1024,64,16,256,239.253
1024,64,16,512,275.104
1024,64,16,1024,341.994
1024,64,16,2048,517.557
1024,64,16,4096,887.209
1024,64,16,8192,1639.9
1024,64,16,16384,3210.81
1024,64,32,16,253.973
1024,64,32,32,254.431
1024,64,32,64,255.028
1024,64,32,128,291.154
1024,64,32,256,327.763
1024,64,32,512,400.564
1024,64,32,1024,548.937
1024,64,32,2048,874.474
1024,64,32,4096,1552.88
1024,64,32,8192,2941.82
1024,64,32,16384,5740.21
1024,64,64,16,352.777
1024,64,64,32,354.623
1024,64,64,64,356.093
1024,64,64,128,427.56
1024,64,64,256,505.171
1024,64,64,512,656.829
1024,64,64,1024,947.145
1024,64,64,2048,1592.48
1024,64,64,4096,2908.85
1024,64,64,8192,5548.82
1024,64,64,16384,10851.8
1024,128,0,0,162.731
1024,128,1,16,164.031
1024,128,1,32,164.277
1024,128,1,64,163.743
1024,128,1,128,164.693
1024,128,1,256,164.97
1024,128,1,512,167.125
1024,128,1,1024,171.861
1024,128,1,2048,215.828
1024,128,1,4096,310.975
1024,128,1,8192,499.62
1024,128,1,16384,877.939
1024,128,2,16,166.08
1024,128,2,32,165.93
1024,128,2,64,165.865
1024,128,2,128,168.021
1024,128,2,256,171.077
1024,128,2,512,176.553
1024,128,2,1024,182.868
1024,128,2,2048,235.903
1024,128,2,4096,337.184
1024,128,2,8192,526.824
1024,128,2,16384,907.993
1024,128,4,16,172.885
1024,128,4,32,172.203
1024,128,4,64,172.831
1024,128,4,128,178.282
1024,128,4,256,182.698
1024,128,4,512,191.466
1024,128,4,1024,207.551
1024,128,4,2048,274.494
1024,128,4,4096,416.073
1024,128,4,8192,625.545
1024,128,4,16384,1012
1024,128,8,16,185.088
1024,128,8,32,185.002
1024,128,8,64,185.621
1024,128,8,128,195.135
1024,128,8,256,204.319
1024,128,8,512,222.612
1024,128,8,1024,254.645
1024,128,8,2048,356.554
1024,128,8,4096,556.734
1024,128,8,8192,932.042
1024,128,8,16384,1705.1
1024,128,16,16,210.593
1024,128,16,32,210.647
1024,128,16,64,211.339
1024,128,16,128,229.185
1024,128,16,256,248.406
1024,128,16,512,283.981
1024,128,16,1024,351.06
1024,128,16,2048,529.302
1024,128,16,4096,892.052
1024,128,16,8192,1645.45
1024,128,16,16384,3197.39
1024,128,32,16,262.262
1024,128,32,32,262.72
1024,128,32,64,263.317
1024,128,32,128,299.711
1024,128,32,256,336.843
1024,128,32,512,408.991
1024,128,32,1024,557.152
1024,128,32,2048,881.812
1024,128,32,4096,1560.41
1024,128,32,8192,2946.46
1024,128,32,16384,5744.67
1024,128,64,16,361.473
1024,128,64,32,362.741
1024,128,64,64,365.067
1024,128,64,128,436.523
1024,128,64,256,514.323
1024,128,64,512,667.008
1024,128,64,1024,955.542
1024,128,64,2048,1599.15
1024,128,64,4096,2915.6
1024,128,64,8192,5557.17
1024,128,64,16384,10862
1024,256,0,0,183.168
1024,256,1,16,184.107
1024,256,1,32,184.395
1024,256,1,64,183.638
1024,256,1,128,185.835
1024,256,1,256,186.422
1024,256,1,512,190.358
1024,256,1,1024,194.24
1024,256,1,2048,230.314
1024,256,1,4096,328.982
1024,256,1,8192,517.824
1024,256,1,16384,895.918
1024,256,2,16,187.21
1024,256,2,32,187.605
1024,256,2,64,187.306
1024,256,2,128,190.614
1024,256,2,256,192.842
1024,256,2,512,196.278
1024,256,2,1024,205.706
1024,256,2,2048,252.351
1024,256,2,4096,357.66
1024,256,2,8192,545.844
1024,256,2,16384,926.451
1024,256,4,16,194.849
1024,256,4,32,194.806
1024,256,4,64,194.431
1024,256,4,128,199.136
1024,256,4,256,203.488
1024,256,4,512,212.543
1024,256,4,1024,229.898
1024,256,4,2048,290.954
1024,256,4,4096,431.124
1024,256,4,8192,657.082
1024,256,4,16384,1046.21
1024,256,8,16,206.72
1024,256,8,32,206.837
1024,256,8,64,206.987
1024,256,8,128,216.489
1024,256,8,256,226.176
1024,256,8,512,245.193
1024,256,8,1024,279.423
1024,256,8,2048,375.006
1024,256,8,4096,582.025
1024,256,8,8192,962.674
1024,256,8,16384,1731.75
1024,256,16,16,231.542
1024,256,16,32,231.509
1024,256,16,64,232.618
1024,256,16,128,251.776
1024,256,16,256,269.823
1024,256,16,512,305.204
1024,256,16,1024,374.91
1024,256,16,2048,549.708
1024,256,16,4096,904.456
1024,256,16,8192,1662.96
1024,256,16,16384,3204.43
1024,256,32,16,283.786
1024,256,32,32,284.436
1024,256,32,64,285.354
1024,256,32,128,321.227
1024,256,32,256,359.103
1024,256,32,512,431.348
1024,256,32,1024,579.423
1024,256,32,2048,896.321
1024,256,32,4096,1570.5
1024,256,32,8192,2949.84
1024,256,32,16384,5758.57
1024,256,64,16,383.82
1024,256,64,32,385.148
1024,256,64,64,386.666
1024,256,64,128,459.06
1024,256,64,256,537.417
1024,256,64,512,688.788
1024,256,64,1024,976.286
1024,256,64,2048,1614.89
1024,256,64,4096,2930.52
1024,256,64,8192,5566.61
1024,256,64,16384,10876.5
1024,512,0,0,224.843
1024,512,1,16,227.647
1024,512,1,32,227.317
1024,512,1,64,228.319
1024,512,1,128,228.074
1024,512,1,256,229.291
1024,512,1,512,231.456
1024,512,1,1024,238.142
1024,512,1,2048,261.898
1024,512,1,4096,363.464
1024,512,1,8192,551.694
1024,512,1,16384,930.403
1024,512,2,16,230.398
1024,512,2,32,229.982
1024,512,2,64,229.949
1024,512,2,128,231.55
1024,512,2,256,234.943
1024,512,2,512,240.138
1024,512,2,1024,250.335
1024,512,2,2048,282.74
1024,512,2,4096,399.253
1024,512,2,8192,587.766
1024,512,2,16384,967.604
1024,512,4,16,235.296
1024,512,4,32,235.348
1024,512,4,64,236.011
1024,512,4,128,242.718
1024,512,4,256,247.136
1024,512,4,512,256.127
1024,512,4,1024,272.865
1024,512,4,2048,325.695
1024,512,4,4096,468.597
1024,512,4,8192,726.171
1024,512,4,16384,1118.13
1024,512,8,16,249.163
1024,512,8,32,249.121
1024,512,8,64,249.812
1024,512,8,128,258.613
1024,512,8,256,269.524
1024,512,8,512,287.649
1024,512,8,1024,322.016
1024,512,8,2048,407.137
1024,512,8,4096,623.501
1024,512,8,8192,1006.28
1024,512,8,16384,1776.29
1024,512,16,16,274.603
1024,512,16,32,274.229
1024,512,16,64,274.653
1024,512,16,128,293.367
1024,512,16,256,312.222
1024,512,16,512,349.759
1024,512,16,1024,422.803
1024,512,16,2048,579.693
1024,512,16,4096,932.567
1024,512,16,8192,1691.61
1024,512,16,16384,3205.64
1024,512,32,16,326.73
1024,512,32,32,327.199
1024,512,32,64,328.171
1024,512,32,128,364.863
1024,512,32,256,402.589
1024,512,32,512,476.88
1024,512,32,1024,625.78
1024,512,32,2048,926.015
1024,512,32,4096,1601.15
1024,512,32,8192,2975.63
1024,512,32,16384,5775.27
1024,512,64,16,427.775
1024,512,64,32,428.607
1024,512,64,64,430.559
1024,512,64,128,504.158
1024,512,64,256,582.346
1024,512,64,512,734.378
1024,512,64,1024,1029.2
1024,512,64,2048,1644.35
1024,512,64,4096,2956.5
1024,512,64,8192,5597.41
1024,512,64,16384,10905.8
1024,1024,0,0,315.049
1024,1024,1,16,315.38
1024,1024,1,32,314.687
1024,1024,1,64,315.454
1024,1024,1,128,315.316
1024,1024,1,256,317.87
1024,1024,1,512,320.597
1024,1024,1,1024,326.393
1024,1024,1,2048,334.473
1024,1024,1,4096,429.065
1024,1024,1,8192,622.207
1024,1024,1,16384,1001.48
1024,1024,2,16,316.264
1024,1024,2,32,316.937
1024,1024,2,64,316.587
1024,1024,2,128,320.745
1024,1024,2,256,323.38
1024,1024,2,512,327.809
1024,1024,2,1024,335.135
1024,1024,2,2048,352.148
1024,1024,2,4096,463.162
1024,1024,2,8192,665.962
1024,1024,2,16384,1043.02
1024,1024,4,16,321.141
1024,1024,4,32,321.584
1024,1024,4,64,321.496
1024,1024,4,128,329.078
1024,1024,4,256,334.902
1024,1024,4,512,342.155
1024,1024,4,1024,359.423
1024,1024,4,2048,389.728
1024,1024,4,4096,534.858
1024,1024,4,8192,803.492
1024,1024,4,16384,1256.77
1024,1024,8,16,334.89
1024,1024,8,32,336.309
1024,1024,8,64,336.459
1024,1024,8,128,345.803
1024,1024,8,256,356.716
1024,1024,8,512,374.987
1024,1024,8,1024,410.177
1024,1024,8,2048,477.728
1024,1024,8,4096,692.407
1024,1024,8,8192,1106.08
1024,1024,8,16384,1857.99
1024,1024,16,16,359.439
1024,1024,16,32,359.327
1024,1024,16,64,359.519
1024,1024,16,128,379.487
1024,1024,16,256,396.97
1024,1024,16,512,436.755
1024,1024,16,1024,508.639
1024,1024,16,2048,653.566
1024,1024,16,4096,1013.02
1024,1024,16,8192,1723.6
1024,1024,16,16384,3245.58
1024,1024,32,16,411.102
1024,1024,32,32,412.214
1024,1024,32,64,413.511
1024,1024,32,128,450.568
1024,1024,32,256,490.594
1024,1024,32,512,564.361
1024,1024,32,1024,717.075
1024,1024,32,2048,1008.39
1024,1024,32,4096,1663.8
1024,1024,32,8192,3030.4
1024,1024,32,16384,5808.81
1024,1024,64,16,514.324
1024,1024,64,32,515.347
1024,1024,64,64,517.086
1024,1024,64,128,590.995
1024,1024,64,256,671.838
1024,1024,64,512,824.616
1024,1024,64,1024,1131.41
1024,1024,64,2048,1708.15
1024,1024,64,4096,3021.12
1024,1024,64,8192,5655.71
1024,1024,64,16384,10959.4
1024,2048,0,0,501.417
1024,2048,1,16,503.421
1024,2048,1,32,502.899
1024,2048,1,64,503.83
1024,2048,1,128,503.018
1024,2048,1,256,503.177
1024,2048,1,512,503.756
1024,2048,1,1024,506.922
1024,2048,1,2048,514.135
1024,2048,1,4096,559.539
1024,2048,1,8192,763.87
1024,2048,1,16384,1143.92
1024,2048,2,16,503.637
1024,2048,2,32,504.108
1024,2048,2,64,505.46
1024,2048,2,128,504.607
1024,2048,2,256,504.147
1024,2048,2,512,507.06
1024,2048,2,1024,512.67
1024,2048,2,2048,525.343
1024,2048,2,4096,585.662
1024,2048,2,8192,798.402
1024,2048,2,16384,1197.94
1024,2048,4,16,508.586
1024,2048,4,32,509.257
1024,2048,4,64,509.169
1024,2048,4,128,511.017
1024,2048,4,256,511.605
1024,2048,4,512,523.636
1024,2048,4,1024,535.086
1024,2048,4,2048,555.658
1024,2048,4,4096,669.125
1024,2048,4,8192,932.734
1024,2048,4,16384,1538.63
1024,2048,8,16,518.257
1024,2048,8,32,517.938
1024,2048,8,64,518.292
1024,2048,8,128,521.807
1024,2048,8,256,531.103
1024,2048,8,512,549.984
1024,2048,8,1024,581.546
1024,2048,8,2048,649.076
1024,2048,8,4096,819.273
1024,2048,8,8192,1227.73
1024,2048,8,16384,2011.84
1024,2048,16,16,535.005
1024,2048,16,32,535.188
1024,2048,16,64,535.796
1024,2048,16,128,553.824
1024,2048,16,256,570.865
1024,2048,16,512,605.972
1024,2048,16,1024,680.89
1024,2048,16,2048,839.421
1024,2048,16,4096,1144.35
1024,2048,16,8192,1866.28
1024,2048,16,16384,3329.27
1024,2048,32,16,583.945
1024,2048,32,32,584.049
1024,2048,32,64,585.576
1024,2048,32,128,621.455
1024,2048,32,256,660.696
1024,2048,32,512,743.282
1024,2048,32,1024,892.276
1024,2048,32,2048,1192.74
1024,2048,32,4096,1794.98
1024,2048,32,8192,3126.09
1024,2048,32,16384,5902.31
1024,2048,64,16,684.511
1024,2048,64,32,684.798
1024,2048,64,64,687.007
1024,2048,64,128,764.168
1024,2048,64,256,845.844
1024,2048,64,512,1002.55
1024,2048,64,1024,1307.82
1024,2048,64,2048,1925.5
1024,2048,64,4096,3131.3
1024,2048,64,8192,5778.2
1024,2048,64,16384,11056.5
1024,4096,0,0,876.626
1024,4096,1,16,878.953
1024,4096,1,32,879.657
1024,4096,1,64,878.665
1024,4096,1,128,878.985
1024,4096,1,256,879.514
1024,4096,1,512,879.847
1024,4096,1,1024,878.955
1024,4096,1,2048,881.911
1024,4096,1,4096,890.506
1024,4096,1,8192,1033.63
1024,4096,1,16384,1423.73
1024,4096,2,16,880.235
1024,4096,2,32,881.741
1024,4096,2,64,880.607
1024,4096,2,128,879.924
1024,4096,2,256,880.296
1024,4096,2,512,881.543
1024,4096,2,1024,880.447
1024,4096,2,2048,887.324
1024,4096,2,4096,900.402
1024,4096,2,8192,1057.54
1024,4096,2,16384,1482.2
1024,4096,4,16,885.01
1024,4096,4,32,884.818
1024,4096,4,64,886.651
1024,4096,4,128,885.436
1024,4096,4,256,887.804
1024,4096,4,512,888.274
1024,4096,4,1024,896.227
1024,4096,4,2048,913.673
1024,4096,4,4096,932.297
1024,4096,4,8192,1247.97
1024,4096,4,16384,1800.35
1024,4096,8,16,893.159
1024,4096,8,32,893.757
1024,4096,8,64,893.705
1024,4096,8,128,896.636
1024,4096,8,256,898.067
1024,4096,8,512,905.524
1024,4096,8,1024,934.205
1024,4096,8,2048,1007.33
1024,4096,8,4096,1119.22
1024,4096,8,8192,1488.88
1024,4096,8,16384,2371.8
1024,4096,16,16,902.993
1024,4096,16,32,903.773
1024,4096,16,64,903.444
1024,4096,16,128,910.706
1024,4096,16,256,928.189
1024,4096,16,512,954.674
1024,4096,16,1024,1035.33
1024,4096,16,2048,1163.52
1024,4096,16,4096,1506.28
1024,4096,16,8192,2107.25
1024,4096,16,16384,3519.03
1024,4096,32,16,941.884
1024,4096,32,32,942.534
1024,4096,32,64,944.672
1024,4096,32,128,975.376
1024,4096,32,256,1008.09
1024,4096,32,512,1082.14
1024,4096,32,1024,1248.22
1024,4096,32,2048,1556.31
1024,4096,32,4096,2155.45
1024,4096,32,8192,3347.83
1024,4096,32,16384,6084.31
1024,4096,64,16,1030.14
1024,4096,64,32,1031.05
1024,4096,64,64,1032.89
1024,4096,64,128,1103.92
1024,4096,64,256,1188.62
1024,4096,64,512,1349.14
1024,4096,64,1024,1662.35
1024,4096,64,2048,2274.62
1024,4096,64,4096,3475.67
1024,4096,64,8192,6022.43
1024,4096,64,16384,11328.4
1024,8192,0,0,1631.71
1024,8192,1,16,1629.69
1024,8192,1,32,1628.86
1024,8192,1,64,1629.2
1024,8192,1,128,1628.72
1024,8192,1,256,1631.36
1024,8192,1,512,1630.74
1024,8192,1,1024,1632.04
1024,8192,1,2048,1632.62
1024,8192,1,4096,1633.49
1024,8192,1,8192,1642.2
1024,8192,1,16384,1978.3
1024,8192,2,16,1631.94
1024,8192,2,32,1631.32
1024,8192,2,64,1633.04
1024,8192,2,128,1632.19
1024,8192,2,256,1633.83
1024,8192,2,512,1634.09
1024,8192,2,1024,1631.59
1024,8192,2,2048,1633.45
1024,8192,2,4096,1642.03
1024,8192,2,8192,1656.41
1024,8192,2,16384,1999.56
1024,8192,4,16,1639.74
1024,8192,4,32,1637.23
1024,8192,4,64,1637.12
1024,8192,4,128,1637.27
1024,8192,4,256,1638.6
1024,8192,4,512,1638.25
1024,8192,4,1024,1638.28
1024,8192,4,2048,1647.82
1024,8192,4,4096,1665.58
1024,8192,4,8192,1683.24
1024,8192,4,16384,2397.69
1024,8192,8,16,1645.61
1024,8192,8,32,1644.39
1024,8192,8,64,1645.39
1024,8192,8,128,1647.2
1024,8192,8,256,1648.27
1024,8192,8,512,1649.26
1024,8192,8,1024,1659.31
1024,8192,8,2048,1718.43
1024,8192,8,4096,1857.62
1024,8192,8,8192,2063.45
1024,8192,8,16384,2820.43
1024,8192,16,16,1652.55
1024,8192,16,32,1652.34
1024,8192,16,64,1652.61
1024,8192,16,128,1658.43
1024,8192,16,256,1664.15
1024,8192,16,512,1675.81
1024,8192,16,1024,1725.14
1024,8192,16,2048,1887.48
1024,8192,16,4096,2109.87
1024,8192,16,8192,2841.18
1024,8192,16,16384,4026.19
1024,8192,32,16,1677.5
1024,8192,32,32,1677.4
1024,8192,32,64,1677.16
1024,8192,32,128,1689.95
1024,8192,32,256,1727.22
1024,8192,32,512,1789.64
1024,8192,32,1024,1920.9
1024,8192,32,2048,2255.33
1024,8192,32,4096,2897.4
1024,8192,32,8192,4080.83
1024,8192,32,16384,6447.8
1024,8192,64,16,1751.49
1024,8192,64,32,1751.98
1024,8192,64,64,1754.93
1024,8192,64,128,1816.98
1024,8192,64,256,1880.35
1024,8192,64,512,2031.27
1024,8192,64,1024,2355.64
1024,8192,64,2048,2982.39
1024,8192,64,4096,4213.15
1024,8192,64,8192,6564.96
1024,8192,64,16384,11820.6
1024,16384,0,0,3140.27
1024,16384,1,16,3136.89
1024,16384,1,32,3136.35
1024,16384,1,64,3135.16
1024,16384,1,128,3137.61
1024,16384,1,256,3138.99
1024,16384,1,512,3138.89
1024,16384,1,1024,3137.54
1024,16384,1,2048,3135.6
1024,16384,1,4096,3140.53
1024,16384,1,8192,3141.41
1024,16384,1,16384,3154.01
1024,16384,2,16,3138.87
1024,16384,2,32,3140.39
1024,16384,2,64,3139.58
1024,16384,2,128,3141.92
1024,16384,2,256,3140.75
1024,16384,2,512,3140.38
1024,16384,2,1024,3139.07
1024,16384,2,2048,3141.27
1024,16384,2,4096,3141.58
1024,16384,2,8192,3147.51
1024,16384,2,16384,3166.45
1024,16384,4,16,3145.07
1024,16384,4,32,3143.12
1024,16384,4,64,3142.99
1024,16384,4,128,3142.41
1024,16384,4,256,3148.11
1024,16384,4,512,3146.91
1024,16384,4,1024,3148.03
1024,16384,4,2048,3147
1024,16384,4,4096,3156.59
1024,16384,4,8192,3171.05
1024,16384,4,16384,3193.62
1024,16384,8,16,3149.42
1024,16384,8,32,3148
1024,16384,8,64,3147.4
1024,16384,8,128,3150.71
1024,16384,8,256,3150.97
1024,16384,8,512,3155.98
1024,16384,8,1024,3153
1024,16384,8,2048,3152.95
1024,16384,8,4096,3243.71
1024,16384,8,8192,3561.06
1024,16384,8,16384,3960.12
1024,16384,16,16,3156.22
1024,16384,16,32,3155.31
1024,16384,16,64,3155.26
1024,16384,16,128,3161.85
1024,16384,16,256,3162.5
1024,16384,16,512,3168.52
1024,16384,16,1024,3166.77
1024,16384,16,2048,3278.83
1024,16384,16,4096,3587.14
1024,16384,16,8192,4021.25
1024,16384,16,16384,5506.23
1024,16384,32,16,3180.4
1024,16384,32,32,3179.59
1024,16384,32,64,3183.34
1024,16384,32,128,3183.48
1024,16384,32,256,3191.22
1024,16384,32,512,3219.89
1024,16384,32,1024,3362.4
1024,16384,32,2048,3606.91
1024,16384,32,4096,4263.2
1024,16384,32,8192,5575.78
1024,16384,32,16384,7922.41
1024,16384,64,16,3194.76
1024,16384,64,32,3202.91
1024,16384,64,64,3194.76
1024,16384,64,128,3246.95
1024,16384,64,256,3326
1024,16384,64,512,3453.57
1024,16384,64,1024,3713.12
1024,16384,64,2048,4374.56
1024,16384,64,4096,5633.64
1024,16384,64,8192,8095.7
1024,16384,64,16384,12797.4
2048,0,0,0,417.74
2048,0,1,16,421.385
2048,0,1,32,420.745
2048,0,1,64,410.569
2048,0,1,128,411.53
2048,0,1,256,413.182
2048,0,1,512,416.223
2048,0,1,1024,431.318
2048,0,1,2048,440.648
2048,0,1,4096,517.26
2048,0,1,8192,705.524
2048,0,1,16384,1059.97
2048,0,2,16,401.704
2048,0,2,32,401.949
2048,0,2,64,401.584
2048,0,2,128,428.084
2048,0,2,256,421.226
2048,0,2,512,426.26
2048,0,2,1024,434.869
2048,0,2,2048,450.015
2048,0,2,4096,570.528
2048,0,2,8192,767.974
2048,0,2,16384,1127.8
2048,0,4,16,416.82
2048,0,4,32,418.99
2048,0,4,64,435.486
2048,0,4,128,430.035
2048,0,4,256,435.584
2048,0,4,512,442.857
2048,0,4,1024,462.675
2048,0,4,2048,490.762
2048,0,4,4096,624.853
2048,0,4,8192,895.892
2048,0,4,16384,1364.46
2048,0,8,16,421.822
2048,0,8,32,421.706
2048,0,8,64,422.174
2048,0,8,128,464.607
2048,0,8,256,458.121
2048,0,8,512,476.521
2048,0,8,1024,530.527
2048,0,8,2048,578.73
2048,0,8,4096,780.872
2048,0,8,8192,1167.81
2048,0,8,16384,1902.04
2048,0,16,16,465.887
2048,0,16,32,491.348
2048,0,16,64,491.688
2048,0,16,128,494.036
2048,0,16,256,512.831
2048,0,16,512,550.207
2048,0,16,1024,642.398
2048,0,16,2048,753.831
2048,0,16,4096,1084.8
2048,0,16,8192,1754.02
2048,0,16,16384,3087.62
2048,0,32,16,509.269
2048,0,32,32,511.028
2048,0,32,64,570.26
2048,0,32,128,586.261
2048,0,32,256,618.227
2048,0,32,512,694.052
2048,0,32,1024,870.056
2048,0,32,2048,1108.32
2048,0,32,4096,1682.01
2048,0,32,8192,2957.53
2048,0,32,16384,5958.35
2048,0,64,16,716.167
2048,0,64,32,671.465
2048,0,64,64,666.59
2048,0,64,128,793.327
2048,0,64,256,872.669
2048,0,64,512,951.592
2048,0,64,1024,1328.06
2048,0,64,2048,1755.72
2048,0,64,4096,3190.43
2048,0,64,8192,5820.46
2048,0,64,16384,11104.3
2048,16,0,0,441.684
2048,16,1,16,444.587
2048,16,1,32,445.001
2048,16,1,64,433.172
2048,16,1,128,434.335
2048,16,1,256,435.274
2048,16,1,512,449.855
2048,16,1,1024,442.249
2048,16,1,2048,451.346
2048,16,1,4096,532.669
2048,16,1,8192,728.606
2048,16,1,16384,1126.02
2048,16,2,16,424.511
2048,16,2,32,422.762
2048,16,2,64,423.883
2048,16,2,128,424.863
2048,16,2,256,454.452
2048,16,2,512,458.59
2048,16,2,1024,468.37
2048,16,2,2048,471.423
2048,16,2,4096,566.954
2048,16,2,8192,782.061
2048,16,2,16384,1138.67
2048,16,4,16,435.668
2048,16,4,32,435.616
2048,16,4,64,435.647
2048,16,4,128,463.895
2048,16,4,256,456.916
2048,16,4,512,466.602
2048,16,4,1024,480.077
2048,16,4,2048,511.817
2048,16,4,4096,642.696
2048,16,4,8192,914.526
2048,16,4,16384,1384.41
2048,16,8,16,437.77
2048,16,8,32,439.263
2048,16,8,64,438.325
2048,16,8,128,485.866
2048,16,8,256,481.117
2048,16,8,512,499.219
2048,16,8,1024,535.135
2048,16,8,2048,615.803
2048,16,8,4096,825.12
2048,16,8,8192,1247.64
2048,16,8,16384,1999.4
2048,16,16,16,463.711
2048,16,16,32,463.507
2048,16,16,64,463.562
2048,16,16,128,533.654
2048,16,16,256,534.589
2048,16,16,512,571.324
2048,16,16,1024,637.587
2048,16,16,2048,774.328
2048,16,16,4096,1099.33
2048,16,16,8192,1772.63
2048,16,16,16384,3395.34
2048,16,32,16,589.249
2048,16,32,32,589.327
2048,16,32,64,590.825
2048,16,32,128,628.532
2048,16,32,256,666.325
2048,16,32,512,747.465
2048,16,32,1024,892.176
2048,16,32,2048,1148.25
2048,16,32,4096,1709.51
2048,16,32,8192,2899.23
2048,16,32,16384,5654.78
2048,16,64,16,738.826
2048,16,64,32,739.521
2048,16,64,64,687.635
2048,16,64,128,815.114
2048,16,64,256,829.823
2048,16,64,512,964.5
2048,16,64,1024,1236.25
2048,16,64,2048,1766.05
2048,16,64,4096,3209.1
2048,16,64,8192,5837.56
2048,16,64,16384,11139
2048,32,0,0,441.599
2048,32,1,16,444.329
2048,32,1,32,433.832
2048,32,1,64,433.046
2048,32,1,128,433.676
2048,32,1,256,435.861
2048,32,1,512,449.451
2048,32,1,1024,440.993
2048,32,1,2048,450.913
2048,32,1,4096,533.024
2048,32,1,8192,721.984
2048,32,1,16384,1079.31
2048,32,2,16,429.473
2048,32,2,32,431.583
2048,32,2,64,431.828
2048,32,2,128,433.162
2048,32,2,256,453.726
2048,32,2,512,457.941
2048,32,2,1024,467.935
2048,32,2,2048,484.01
2048,32,2,4096,571.37
2048,32,2,8192,782.815
2048,32,2,16384,1155.93
2048,32,4,16,442.228
2048,32,4,32,458.87
2048,32,4,64,447.003
2048,32,4,128,450.164
2048,32,4,256,456.202
2048,32,4,512,462.271
2048,32,4,1024,479.167
2048,32,4,2048,511.402
2048,32,4,4096,643.774
2048,32,4,8192,914.169
2048,32,4,16384,1407.69
2048,32,8,16,441.909
2048,32,8,32,441.568
2048,32,8,64,441.994
2048,32,8,128,486.377
2048,32,8,256,481.482
2048,32,8,512,499.083
2048,32,8,1024,535.303
2048,32,8,2048,623.217
2048,32,8,4096,798.036
2048,32,8,8192,1181.61
2048,32,8,16384,1890.89
2048,32,16,16,479.318
2048,32,16,32,480.287
2048,32,16,64,514.057
2048,32,16,128,515.295
2048,32,16,256,554.41
2048,32,16,512,571.338
2048,32,16,1024,637.798
2048,32,16,2048,775.572
2048,32,16,4096,1109.57
2048,32,16,8192,1748.14
2048,32,16,16384,3204.42
2048,32,32,16,551.359
2048,32,32,32,589.546
2048,32,32,64,571.775
2048,32,32,128,602.324
2048,32,32,256,639.526
2048,32,32,512,715.684
2048,32,32,1024,849.023
2048,32,32,2048,1120.93
2048,32,32,4096,1721.21
2048,32,32,8192,3179.52
2048,32,32,16384,5972.34
2048,32,64,16,738.356
2048,32,64,32,690.76
2048,32,64,64,693.268
2048,32,64,128,815.41
2048,32,64,256,830.632
2048,32,64,512,964.83
2048,32,64,1024,1236.14
2048,32,64,2048,1770.5
2048,32,64,4096,3207.42
2048,32,64,8192,5837.71
2048,32,64,16384,11138.3
2048,64,0,0,441.827
2048,64,1,16,444.683
2048,64,1,32,444.97
2048,64,1,64,445.427
2048,64,1,128,434.399
2048,64,1,256,435.177
2048,64,1,512,437.194
2048,64,1,1024,442.314
2048,64,1,2048,462.709
2048,64,1,4096,532.906
2048,64,1,8192,722.645
2048,64,1,16384,1077.04
2048,64,2,16,424.267
2048,64,2,32,424.094
2048,64,2,64,423.915
2048,64,2,128,451.882
2048,64,2,256,454.75
2048,64,2,512,458.667
2048,64,2,1024,468.991
2048,64,2,2048,484.426
2048,64,2,4096,572.278
2048,64,2,8192,788.659
2048,64,2,16384,1168.91
2048,64,4,16,428.031
2048,64,4,32,429.183
2048,64,4,64,428.949
2048,64,4,128,432.608
2048,64,4,256,469.119
2048,64,4,512,462.591
2048,64,4,1024,480.297
2048,64,4,2048,511.413
2048,64,4,4096,641.503
2048,64,4,8192,956.095
2048,64,4,16384,1469.89
2048,64,8,16,441.556
2048,64,8,32,442.559
2048,64,8,64,442.292
2048,64,8,128,450.879
2048,64,8,256,497.109
2048,64,8,512,502.526
2048,64,8,1024,535.833
2048,64,8,2048,624.915
2048,64,8,4096,798.132
2048,64,8,8192,1184.35
2048,64,8,16384,1889.62
2048,64,16,16,479.67
2048,64,16,32,479.776
2048,64,16,64,513.841
2048,64,16,128,515.028
2048,64,16,256,534.655
2048,64,16,512,571.625
2048,64,16,1024,637.328
2048,64,16,2048,774.441
2048,64,16,4096,1099.9
2048,64,16,8192,1774.52
2048,64,16,16384,3103.71
2048,64,32,16,531.252
2048,64,32,32,532.915
2048,64,32,64,591.711
2048,64,32,128,607.337
2048,64,32,256,645.087
2048,64,32,512,715.691
2048,64,32,1024,848.132
2048,64,32,2048,1188.6
2048,64,32,4096,1709.45
2048,64,32,8192,2989.69
2048,64,32,16384,5976.43
2048,64,64,16,737.226
2048,64,64,32,738.974
2048,64,64,64,741.556
2048,64,64,128,756.084
2048,64,64,256,829.96
2048,64,64,512,972.455
2048,64,64,1024,1351.84
2048,64,64,2048,1779.82
2048,64,64,4096,3118.79
2048,64,64,8192,5838.18
2048,64,64,16384,11147
2048,128,0,0,459.23
2048,128,1,16,462.345
2048,128,1,32,451.235
2048,128,1,64,449.993
2048,128,1,128,450.709
2048,128,1,256,452.479
2048,128,1,512,467.295
2048,128,1,1024,471.434
2048,128,1,2048,468.832
2048,128,1,4096,547.86
2048,128,1,8192,747.284
2048,128,1,16384,1116.83
2048,128,2,16,441.234
2048,128,2,32,440.394
2048,128,2,64,441.364
2048,128,2,128,442.218
2048,128,2,256,471.194
2048,128,2,512,476.168
2048,128,2,1024,473.087
2048,128,2,2048,489.832
2048,128,2,4096,583.263
2048,128,2,8192,802.489
2048,128,2,16384,1163.73
2048,128,4,16,453.205
2048,128,4,32,452.523
2048,128,4,64,453.855
2048,128,4,128,480.575
2048,128,4,256,485.46
2048,128,4,512,495.815
2048,128,4,1024,514.119
2048,128,4,2048,534.934
2048,128,4,4096,657.361
2048,128,4,8192,929.963
2048,128,4,16384,1427.93
2048,128,8,16,453.691
2048,128,8,32,454.598
2048,128,8,64,454.908
2048,128,8,128,463.443
2048,128,8,256,515.123
2048,128,8,512,535.637
2048,128,8,1024,551.628
2048,128,8,2048,620.803
2048,128,8,4096,815.438
2048,128,8,8192,1207.6
2048,128,8,16384,1944.69
2048,128,16,16,503.978
2048,128,16,32,530.172
2048,128,16,64,512.607
2048,128,16,128,531.743
2048,128,16,256,546.847
2048,128,16,512,583.721
2048,128,16,1024,654.719
2048,128,16,2048,826.228
2048,128,16,4096,1115.87
2048,128,16,8192,1763.29
2048,128,16,16384,3404.97
2048,128,32,16,606.876
2048,128,32,32,582.483
2048,128,32,64,582.868
2048,128,32,128,646.089
2048,128,32,256,685.32
2048,128,32,512,732.681
2048,128,32,1024,863.624
2048,128,32,2048,1139.35
2048,128,32,4096,1714.4
2048,128,32,8192,2980.93
2048,128,32,16384,5977.47
2048,128,64,16,755.43
2048,128,64,32,701.992
2048,128,64,64,703.88
2048,128,64,128,833.085
2048,128,64,256,846.878
2048,128,64,512,980.754
2048,128,64,1024,1253.28
2048,128,64,2048,1974.52
2048,128,64,4096,3220.64
2048,128,64,8192,5842.04
2048,128,64,16384,11124.3
2048,256,0,0,500.219
2048,256,1,16,503.176
2048,256,1,32,490.346
2048,256,1,64,490.442
2048,256,1,128,486.399
2048,256,1,256,487.689
2048,256,1,512,490.982
2048,256,1,1024,494.794
2048,256,1,2048,520.574
2048,256,1,4096,575.566
2048,256,1,8192,775.422
2048,256,1,16384,1129.61
2048,256,2,16,475.094
2048,256,2,32,475.094
2048,256,2,64,473.833
2048,256,2,128,477.247
2048,256,2,256,511.776
2048,256,2,512,517.46
2048,256,2,1024,512.922
2048,256,2,2048,523.817
2048,256,2,4096,614.975
2048,256,2,8192,834.249
2048,256,2,16384,1200.68
2048,256,4,16,482.27
2048,256,4,32,515.604
2048,256,4,64,502.046
2048,256,4,128,502.495
2048,256,4,256,507.678
2048,256,4,512,518.153
2048,256,4,1024,535.913
2048,256,4,2048,590.729
2048,256,4,4096,691.658
2048,256,4,8192,966.888
2048,256,4,16384,1503.37
2048,256,8,16,489.492
2048,256,8,32,490.375
2048,256,8,64,490.264
2048,256,8,128,544.554
2048,256,8,256,535.809
2048,256,8,512,555.788
2048,256,8,1024,590.88
2048,256,8,2048,682.731
2048,256,8,4096,844.725
2048,256,8,8192,1252.45
2048,256,8,16384,1999.67
2048,256,16,16,514.795
2048,256,16,32,512.683
2048,256,16,64,510.825
2048,256,16,128,589.416
2048,256,16,256,610.08
2048,256,16,512,648.919
2048,256,16,1024,692.393
2048,256,16,2048,833.76
2048,256,16,4096,1146.55
2048,256,16,8192,1829.04
2048,256,16,16384,3123.8
2048,256,32,16,580.341
2048,256,32,32,646.965
2048,256,32,64,620.304
2048,256,32,128,655.984
2048,256,32,256,724.597
2048,256,32,512,804.545
2048,256,32,1024,952.597
2048,256,32,2048,1249.49
2048,256,32,4096,1761.88
2048,256,32,8192,3032.67
2048,256,32,16384,6012.86
2048,256,64,16,794.01
2048,256,64,32,737.631
2048,256,64,64,739.883
2048,256,64,128,872.114
2048,256,64,256,883.433
2048,256,64,512,1105.94
2048,256,64,1024,1374.63
2048,256,64,2048,1824.21
2048,256,64,4096,3250.93
2048,256,64,8192,5879.2
2048,256,64,16384,11155.9
2048,512,0,0,577.89
2048,512,1,16,581.716
2048,512,1,32,560.169
2048,512,1,64,561.471
2048,512,1,128,562.452
2048,512,1,256,562.271
2048,512,1,512,585.897
2048,512,1,1024,570.075
2048,512,1,2048,581.372
2048,512,1,4096,636.713
2048,512,1,8192,835.977
2048,512,1,16384,1200.37
2048,512,2,16,546.229
2048,512,2,32,547.042
2048,512,2,64,546.815
2048,512,2,128,587.476
2048,512,2,256,570.762
2048,512,2,512,576.289
2048,512,2,1024,583.57
2048,512,2,2048,603.869
2048,512,2,4096,679.338
2048,512,2,8192,904.713
2048,512,2,16384,1308.09
2048,512,4,16,550.984
2048,512,4,32,551.455
2048,512,4,64,550.541
2048,512,4,128,555.637
2048,512,4,256,604.641
2048,512,4,512,594.351
2048,512,4,1024,612.596
2048,512,4,2048,648.287
2048,512,4,4096,753.216
2048,512,4,8192,1033.48
2048,512,4,16384,1581.94
2048,512,8,16,563.436
2048,512,8,32,564.371
2048,512,8,64,563.594
2048,512,8,128,571.85
2048,512,8,256,633.866
2048,512,8,512,632.374
2048,512,8,1024,661.268
2048,512,8,2048,761.79
2048,512,8,4096,908.712
2048,512,8,8192,1318.89
2048,512,8,16384,2022.18
2048,512,16,16,600.096
2048,512,16,32,600.532
2048,512,16,64,647.977
2048,512,16,128,639.732
2048,512,16,256,659.21
2048,512,16,512,698.867
2048,512,16,1024,802.202
2048,512,16,2048,907.253
2048,512,16,4096,1201.56
2048,512,16,8192,1853.31
2048,512,16,16384,3236.57
2048,512,32,16,725.184
2048,512,32,32,688.8
2048,512,32,64,689.63
2048,512,32,128,750.77
2048,512,32,256,804.424
2048,512,32,512,883.549
2048,512,32,1024,982.654
2048,512,32,2048,1330.09
2048,512,32,4096,1952.98
2048,512,32,8192,3186.79
2048,512,32,16384,5867.84
2048,512,64,16,871.999
2048,512,64,32,872.626
2048,512,64,64,875.611
2048,512,64,128,883.135
2048,512,64,256,956.149
2048,512,64,512,1082.16
2048,512,64,1024,1350.45
2048,512,64,2048,1884.22
2048,512,64,4096,3002.41
2048,512,64,8192,5939.17
2048,512,64,16384,11227.4
2048,1024,0,0,737.044
2048,1024,1,16,739.968
2048,1024,1,32,738.569
2048,1024,1,64,709.322
2048,1024,1,128,709.515
2048,1024,1,256,711.423
2048,1024,1,512,713.856
2048,1024,1,1024,749.652
2048,1024,1,2048,739.07
2048,1024,1,4096,756.34
2048,1024,1,8192,961.392
2048,1024,1,16384,1317.99
2048,1024,2,16,701.9
2048,1024,2,32,701.333
2048,1024,2,64,701.057
2048,1024,2,128,747.604
2048,1024,2,256,717.389
2048,1024,2,512,721.598
2048,1024,2,1024,731.304
2048,1024,2,2048,750.569
2048,1024,2,4096,835.187
2048,1024,2,8192,1074.13
2048,1024,2,16384,1524.7
2048,1024,4,16,698.857
2048,1024,4,32,698.634
2048,1024,4,64,698.116
2048,1024,4,128,703.167
2048,1024,4,256,761.841
2048,1024,4,512,740.216
2048,1024,4,1024,760.019
2048,1024,4,2048,795.837
2048,1024,4,4096,883.87
2048,1024,4,8192,1164.58
2048,1024,4,16384,1802.29
2048,1024,8,16,773.809
2048,1024,8,32,741.547
2048,1024,8,64,743.028
2048,1024,8,128,747.807
2048,1024,8,256,757.962
2048,1024,8,512,775.851
2048,1024,8,1024,812.566
2048,1024,8,2048,876.83
2048,1024,8,4096,1033.76
2048,1024,8,8192,1420.88
2048,1024,8,16384,2162.79
2048,1024,16,16,740.225
2048,1024,16,32,741.623
2048,1024,16,64,807.284
2048,1024,16,128,782.816
2048,1024,16,256,801.374
2048,1024,16,512,839.178
2048,1024,16,1024,909.099
2048,1024,16,2048,1047.22
2048,1024,16,4096,1326.75
2048,1024,16,8192,1969.94
2048,1024,16,16384,3558.76
2048,1024,32,16,880.401
2048,1024,32,32,837.229
2048,1024,32,64,831.17
2048,1024,32,128,867.844
2048,1024,32,256,961.914
2048,1024,32,512,1040.93
2048,1024,32,1024,1198.58
2048,1024,32,2048,1389.48
2048,1024,32,4096,1933.59
2048,1024,32,8192,3156.25
2048,1024,32,16384,6155.9
2048,1024,64,16,1027.34
2048,1024,64,32,1029.57
2048,1024,64,64,1031.54
2048,1024,64,128,1018.64
2048,1024,64,256,1086.31
2048,1024,64,512,1217.49
2048,1024,64,1024,1648.96
2048,1024,64,2048,2067.51
2048,1024,64,4096,3457.02
2048,1024,64,8192,6052.05
2048,1024,64,16384,11355.6
2048,2048,0,0,1059.05
2048,2048,1,16,1034.5
2048,2048,1,32,999.612
2048,2048,1,64,1000.53
2048,2048,1,128,1002.64
2048,2048,1,256,1001.04
2048,2048,1,512,1065
2048,2048,1,1024,1069.47
2048,2048,1,2048,1022.52
2048,2048,1,4096,1042.21
2048,2048,1,8192,1198.74
2048,2048,1,16384,1573.25
2048,2048,2,16,970.313
2048,2048,2,32,971.426
2048,2048,2,64,972.082
2048,2048,2,128,972.731
2048,2048,2,256,1069.38
2048,2048,2,512,1010.04
2048,2048,2,1024,1020.39
2048,2048,2,2048,1034.66
2048,2048,2,4096,1070.69
2048,2048,2,8192,1249.57
2048,2048,2,16384,1699.8
2048,2048,4,16,1007.65
2048,2048,4,32,1077.48
2048,2048,4,64,1058.6
2048,2048,4,128,1062.16
2048,2048,4,256,1021.1
2048,2048,4,512,1028.34
2048,2048,4,1024,1047.96
2048,2048,4,2048,1081.28
2048,2048,4,4096,1150.15
2048,2048,4,8192,1399.4
2048,2048,4,16384,1941.01
2048,2048,8,16,1001.87
2048,2048,8,32,1000.67
2048,2048,8,64,1002.24
2048,2048,8,128,1067.89
2048,2048,8,256,1106.01
2048,2048,8,512,1059.3
2048,2048,8,1024,1099.28
2048,2048,8,2048,1168.65
2048,2048,8,4096,1292.44
2048,2048,8,8192,1687.82
2048,2048,8,16384,2401.68
2048,2048,16,16,1020.01
2048,2048,16,32,1020.11
2048,2048,16,64,1122.67
2048,2048,16,128,1137.01
2048,2048,16,256,1087.84
2048,2048,16,512,1119.93
2048,2048,16,1024,1196.95
2048,2048,16,2048,1336.87
2048,2048,16,4096,1606.84
2048,2048,16,8192,2186.5
2048,2048,16,16384,3514.27
2048,2048,32,16,1190.22
2048,2048,32,32,1152.45
2048,2048,32,64,1152.71
2048,2048,32,128,1151.79
2048,2048,32,256,1181.46
2048,2048,32,512,1257.85
2048,2048,32,1024,1511.29
2048,2048,32,2048,1814.78
2048,2048,32,4096,2403.38
2048,2048,32,8192,3691.72
2048,2048,32,16384,5935.75
2048,2048,64,16,1240.83
2048,2048,64,32,1215.98
2048,2048,64,64,1208.98
2048,2048,64,128,1420.76
2048,2048,64,256,1502.98
2048,2048,64,512,1659.13
2048,2048,64,1024,1752.99
2048,2048,64,2048,2304.02
2048,2048,64,4096,3816.41
2048,2048,64,8192,6283.01
2048,2048,64,16384,11558.4
2048,4096,0,0,1702.38
2048,4096,1,16,1607.02
2048,4096,1,32,1555.99
2048,4096,1,64,1557.41
2048,4096,1,128,1557.44
2048,4096,1,256,1557.53
2048,4096,1,512,1719.36
2048,4096,1,1024,1558.42
2048,4096,1,2048,1563.27
2048,4096,1,4096,1583.67
2048,4096,1,8192,1636.77
2048,4096,1,16384,2224.63
2048,4096,2,16,1545.37
2048,4096,2,32,1541.46
2048,4096,2,64,1543.19
2048,4096,2,128,1716.48
2048,4096,2,256,1577.7
2048,4096,2,512,1578.11
2048,4096,2,1024,1579.65
2048,4096,2,2048,1596.23
2048,4096,2,4096,1767.78
2048,4096,2,8192,1697.42
2048,4096,2,16384,2120.22
2048,4096,4,16,1559.36
2048,4096,4,32,1559.5
2048,4096,4,64,1547
2048,4096,4,128,1550.24
2048,4096,4,256,1714.93
2048,4096,4,512,1580.27
2048,4096,4,1024,1585.77
2048,4096,4,2048,1627.91
2048,4096,4,4096,1700.92
2048,4096,4,8192,1845.27
2048,4096,4,16384,2355.94
2048,4096,8,16,1571.27
2048,4096,8,32,1569.78
2048,4096,8,64,1571.01
2048,4096,8,128,1730.84
2048,4096,8,256,1605.11
2048,4096,8,512,1604.2
2048,4096,8,1024,1792.08
2048,4096,8,2048,1715.97
2048,4096,8,4096,1835.56
2048,4096,8,8192,2106.53
2048,4096,8,16384,2902.04
2048,4096,16,16,1768.83
2048,4096,16,32,1625.41
2048,4096,16,64,1613.23
2048,4096,16,128,1617.87
2048,4096,16,256,1633.9
2048,4096,16,512,1658.87
2048,4096,16,1024,1734.19
2048,4096,16,2048,2082.6
2048,4096,16,4096,2366.7
2048,4096,16,8192,2649.09
2048,4096,16,16384,3955.28
2048,4096,32,16,1716.3
2048,4096,32,32,1840.32
2048,4096,32,64,1836.24
2048,4096,32,128,1702.63
2048,4096,32,256,1712.58
2048,4096,32,512,1779.74
2048,4096,32,1024,1925.67
2048,4096,32,2048,2451.96
2048,4096,32,4096,3056.2
2048,4096,32,8192,3810.9
2048,4096,32,16384,6184.85
2048,4096,64,16,1756.5
2048,4096,64,32,1963.78
2048,4096,64,64,1967.09
2048,4096,64,128,1828.38
2048,4096,64,256,1906.15
2048,4096,64,512,2050.93
2048,4096,64,1024,2410.15
2048,4096,64,2048,3212.15
2048,4096,64,4096,3958.06
2048,4096,64,8192,6965.44
2048,4096,64,16384,12006.9
2048,8192,0,0,3020.97
2048,8192,1,16,3025.79
2048,8192,1,32,2728.31
2048,8192,1,64,2735.19
2048,8192,1,128,2735.7
2048,8192,1,256,2737.77
2048,8192,1,512,3028.09
2048,8192,1,1024,3025.16
2048,8192,1,2048,3029.2
2048,8192,1,4096,3029.54
2048,8192,1,8192,2762.34
2048,8192,1,16384,2985.53
2048,8192,2,16,2740.4
2048,8192,2,32,2734.4
2048,8192,2,64,2740.52
2048,8192,2,128,2742.32
2048,8192,2,256,2736.64
2048,8192,2,512,2747.06
2048,8192,2,1024,2735.05
2048,8192,2,2048,2762.98
2048,8192,2,4096,2760.07
2048,8192,2,8192,2806.03
2048,8192,2,16384,3065.14
2048,8192,4,16,2746.23
2048,8192,4,32,2748.48
2048,8192,4,64,2745.51
2048,8192,4,128,2727.58
2048,8192,4,256,2767.74
2048,8192,4,512,2772.31
2048,8192,4,1024,2756.29
2048,8192,4,2048,2784.01
2048,8192,4,4096,2830.05
2048,8192,4,8192,3041.52
2048,8192,4,16384,3366.85
2048,8192,8,16,2778.57
2048,8192,8,32,2777.25
2048,8192,8,64,2770.19
2048,8192,8,128,2780.91
2048,8192,8,256,2789.5
2048,8192,8,512,2798.46
2048,8192,8,1024,2813.52
2048,8192,8,2048,2851.95
2048,8192,8,4096,2983.19
2048,8192,8,8192,3180.85
2048,8192,8,16384,3807.91
2048,8192,16,16,2786.69
2048,8192,16,32,2803.73
2048,8192,16,64,2773.95
2048,8192,16,128,2801.74
2048,8192,16,256,2799.57
2048,8192,16,512,2816.25
2048,8192,16,1024,2841.84
2048,8192,16,2048,2983.36
2048,8192,16,4096,3291.53
2048,8192,16,8192,3804.99
2048,8192,16,16384,5465.59
2048,8192,32,16,3152.89
2048,8192,32,32,2815.09
2048,8192,32,64,2853.23
2048,8192,32,128,2860.5
2048,8192,32,256,2864.16
2048,8192,32,512,3260.01
2048,8192,32,1024,3135.76
2048,8192,32,2048,3313.3
2048,8192,32,4096,3952.86
2048,8192,32,8192,4967.5
2048,8192,32,16384,7766.27
2048,8192,64,16,3257.18
2048,8192,64,32,3171
2048,8192,64,64,3261.7
2048,8192,64,128,2978.27
2048,8192,64,256,3383.83
2048,8192,64,512,3526.21
2048,8192,64,1024,3425.23
2048,8192,64,2048,4012
2048,8192,64,4096,5708.92
2048,8192,64,8192,8108.17
2048,8192,64,16384,13224.1
2048,16384,0,0,5661.09
2048,16384,1,16,5661.91
2048,16384,1,32,5663.97
2048,16384,1,64,5669.49
2048,16384,1,128,5663.83
2048,16384,1,256,5661.82
2048,16384,1,512,5097.62
2048,16384,1,1024,5129.6
2048,16384,1,2048,5130.56
2048,16384,1,4096,5104.19
2048,16384,1,8192,5104.15
2048,16384,1,16384,5135.67
2048,16384,2,16,5101.96
2048,16384,2,32,5107.39
2048,16384,2,64,5099.95
2048,16384,2,128,5062.5
2048,16384,2,256,5091.88
2048,16384,2,512,5290.7
2048,16384,2,1024,5676.21
2048,16384,2,2048,5675.7
2048,16384,2,4096,5346.42
2048,16384,2,8192,5362.11
2048,16384,2,16384,5150.78
2048,16384,4,16,5107.83
2048,16384,4,32,5675.33
2048,16384,4,64,5118.18
2048,16384,4,128,5111.23
2048,16384,4,256,5142.72
2048,16384,4,512,5123.42
2048,16384,4,1024,5121.38
2048,16384,4,2048,5131.01
2048,16384,4,4096,5698.72
2048,16384,4,8192,5171.88
2048,16384,4,16384,5784.23
2048,16384,8,16,5146.7
2048,16384,8,32,5163.84
2048,16384,8,64,5115.62
2048,16384,8,128,5127.21
2048,16384,8,256,5149.74
2048,16384,8,512,5164.91
2048,16384,8,1024,5152.22
2048,16384,8,2048,5203.75
2048,16384,8,4096,5282.71
2048,16384,8,8192,5532.41
2048,16384,8,16384,5959.29
2048,16384,16,16,5140.02
2048,16384,16,32,5143.82
2048,16384,16,64,5710.19
2048,16384,16,128,5650.37
2048,16384,16,256,5736.35
2048,16384,16,512,5749.59
2048,16384,16,1024,5249.1
2048,16384,16,2048,5321.4
2048,16384,16,4096,5556.03
2048,16384,16,8192,6039.49
2048,16384,16,16384,7200.69
2048,16384,32,16,5206.02
2048,16384,32,32,5227.62
2048,16384,32,64,5203.24
2048,16384,32,128,5804.94
2048,16384,32,256,5253.47
2048,16384,32,512,5293.12
2048,16384,32,1024,5382.77
2048,16384,32,2048,5627.42
2048,16384,32,4096,6849.9
2048,16384,32,8192,7446.67
2048,16384,32,16384,10322.5
2048,16384,64,16,5879.79
2048,16384,64,32,5249.71
2048,16384,64,64,5888.73
2048,16384,64,128,5934
2048,16384,64,256,5400.84
2048,16384,64,512,6101.73
2048,16384,64,1024,6356.68
2048,16384,64,2048,6253.04
2048,16384,64,4096,8234.79
2048,16384,64,8192,10695.7
2048,16384,64,16384,15473.3
