prefill_chunk,kv_prefill,n_decode,kv_decode,time_us
0,0,1,16,6.122
0,0,1,32,6.17567
0,0,1,64,7.82867
0,0,1,128,10.6023
0,0,1,256,10.8683
0,0,1,512,11.2853
0,0,1,1024,11.8277
0,0,1,2048,13.0237
0,0,1,4096,15.4867
0,0,1,8192,24.766
0,0,1,16384,31.8697
0,0,2,16,10.1007
0,0,2,32,10.0997
0,0,2,64,11.487
0,0,2,128,13.556
0,0,2,256,13.8453
0,0,2,512,14.3253
0,0,2,1024,15.3907
0,0,2,2048,18.7077
0,0,2,4096,27.358
0,0,2,8192,37.7883
0,0,2,16384,57.4037
0,0,4,16,10.0897
0,0,4,32,10.0683
0,0,4,64,11.572
0,0,4,128,13.642
0,0,4,256,13.9833
0,0,4,512,14.868
0,0,4,1024,17.471
0,0,4,2048,24.9803
0,0,4,4096,35.325
0,0,4,8192,55.1637
0,0,4,16384,97.347
0,0,8,16,10.2927
0,0,8,32,10.218
0,0,8,64,11.6577
0,0,8,128,13.95
0,0,8,256,14.6973
0,0,8,512,17.0447
0,0,8,1024,23.988
0,0,8,2048,34.0777
0,0,8,4096,54.1083
0,0,8,8192,98.329
0,0,8,16384,179.358
0,0,16,16,10.3463
0,0,16,32,10.581
0,0,16,64,11.882
0,0,16,128,14.4943
0,0,16,256,18.772
0,0,16,512,23.1667
0,0,16,1024,33.9287
0,0,16,2048,53.681
0,0,16,4096,96.441
0,0,16,8192,178.024
0,0,16,16384,338.406
0,0,32,16,10.8257
0,0,32,32,11.1243
0,0,32,64,13.3743
0,0,32,128,19.6783
0,0,32,256,24.6917
0,0,32,512,34.2913
0,0,32,1024,54.716
0,0,32,2048,100.495
0,0,32,4096,182.824
0,0,32,8192,338.524
0,0,32,16384,657.679
0,0,64,16,12.4673
0,0,64,32,13.0873
0,0,64,64,16.212
0,0,64,128,21.576
0,0,64,256,31.7627
0,0,64,512,55.11
0,0,64,1024,95.769
0,0,64,2048,180.349
0,0,64,4096,343.666
0,0,64,8192,659.856
0,0,64,16384,1295.75
0,0,128,16,16.7777
0,0,128,32,18.1537
0,0,128,64,23.881
0,0,128,128,34.1203
0,0,128,256,54.4177
0,0,128,512,96.5587
0,0,128,1024,178.089
0,0,128,2048,346.567
0,0,128,4096,669.754
0,0,128,8192,1321.96
0,0,128,16384,2601.2
16,0,0,0,8.21333
16,0,1,16,8.16967
16,0,1,32,8.28733
16,0,1,64,8.20133
16,0,1,128,10.815
16,0,1,256,14.292
16,0,1,512,21.1717
16,0,1,1024,35.1227
16,0,1,2048,63.0353
16,0,1,4096,118.85
16,0,1,8192,230.714
16,0,1,16384,454.367
16,0,2,16,8.085
16,0,2,32,8.12767
16,0,2,64,8.12733
16,0,2,128,10.772
16,0,2,256,14.1747
16,0,2,512,21.108
16,0,2,1024,35.1003
16,0,2,2048,63.078
16,0,2,4096,118.924
16,0,2,8192,230.628
16,0,2,16384,455.071
16,0,4,16,8.00933
16,0,4,32,7.93567
16,0,4,64,7.99933
16,0,4,128,10.7403
16,0,4,256,14.186
16,0,4,512,21.097
16,0,4,1024,35.1017
16,0,4,2048,63.2167
16,0,4,4096,119.139
16,0,4,8192,230.928
16,0,4,16384,467.017
16,0,8,16,7.95667
16,0,8,32,8.03133
16,0,8,64,8.13767
16,0,8,128,10.7933
16,0,8,256,14.1647
16,0,8,512,21.1393
16,0,8,1024,35.229
16,0,8,2048,64.027
16,0,8,4096,120.418
16,0,8,8192,238.17
16,0,8,16384,474.61
16,0,16,16,12.9057
16,0,16,32,12.927
16,0,16,64,13.119
16,0,16,128,19.1777
16,0,16,256,26.3773
16,0,16,512,40.4453
16,0,16,1024,68.912
16,0,16,2048,125.698
16,0,16,4096,239.694
16,0,16,8192,479.784
16,0,16,16384,952.678
16,0,32,16,21.9933
16,0,32,32,22.249
16,0,32,64,22.6863
16,0,32,128,35.208
16,0,32,256,49.2443
16,0,32,512,77.328
16,0,32,1024,133.921
16,0,32,2048,246.074
16,0,32,4096,475.369
16,0,32,8192,941.927
16,0,32,16384,1870.7
16,0,64,16,36.4143
16,0,64,32,36.5417
16,0,64,64,37.149
16,0,64,128,59.793
16,0,64,256,84.8687
16,0,64,512,134.315
16,0,64,1024,232.943
16,0,64,2048,439.82
16,0,64,4096,905.888
16,0,64,8192,1791.8
16,0,64,16384,3570.77
16,16,0,0,8.33033
16,16,1,16,8.43733
16,16,1,32,8.51167
16,16,1,64,8.39433
16,16,1,128,10.826
16,16,1,256,14.2283
16,16,1,512,21.151
16,16,1,1024,35.1333
16,16,1,2048,63.0463
16,16,1,4096,118.808
16,16,1,8192,230.874
16,16,1,16384,454.197
16,16,2,16,8.36233
16,16,2,32,8.266
16,16,2,64,8.416
16,16,2,128,10.794
16,16,2,256,14.261
16,16,2,512,21.15
16,16,2,1024,35.0697
16,16,2,2048,62.9717
16,16,2,4096,118.829
16,16,2,8192,230.842
16,16,2,16384,454.121
16,16,4,16,8.213
16,16,4,32,8.213
16,16,4,64,8.266
16,16,4,128,10.7517
16,16,4,256,14.271
16,16,4,512,21.065
16,16,4,1024,35.048
16,16,4,2048,63.2273
16,16,4,4096,119.245
16,16,4,8192,230.885
16,16,4,16384,466.975
16,16,8,16,8.148
16,16,8,32,8.22333
16,16,8,64,8.46833
16,16,8,128,10.7723
16,16,8,256,14.1967
16,16,8,512,21.1297
16,16,8,1024,35.3147
16,16,8,2048,63.91
16,16,8,4096,120.44
16,16,8,8192,237.305
16,16,8,16384,474.782
16,16,16,16,13.1303
16,16,16,32,13.023
16,16,16,64,13.3217
16,16,16,128,19.2623
16,16,16,256,26.3557
16,16,16,512,40.5193
16,16,16,1024,69.0087
16,16,16,2048,125.804
16,16,16,4096,239.545
16,16,16,8192,480.265
16,16,16,16384,952.626
16,16,32,16,21.9823
16,16,32,32,22.3453
16,16,32,64,22.5793
16,16,32,128,35.2077
16,16,32,256,49.1057
16,16,32,512,77.5413
16,16,32,1024,133.59
16,16,32,2048,246.404
16,16,32,4096,476.649
16,16,32,8192,941.832
16,16,32,16384,1869.96
16,16,64,16,36.392
16,16,64,32,36.5953
16,16,64,64,37.213
16,16,64,128,59.8463
16,16,64,256,84.8367
16,16,64,512,134.518
16,16,64,1024,233.071
16,16,64,2048,439.543
16,16,64,4096,904.267
16,16,64,8192,1791.02
16,16,64,16384,3584.45
16,32,0,0,8.46933
16,32,1,16,8.43667
16,32,1,32,8.49033
16,32,1,64,8.49067
16,32,1,128,10.7623
16,32,1,256,14.26
16,32,1,512,21.1617
16,32,1,1024,35.1977
16,32,1,2048,63.0037
16,32,1,4096,118.936
16,32,1,8192,230.511
16,32,1,16384,454.251
16,32,2,16,8.29833
16,32,2,32,8.34067
16,32,2,64,8.41533
16,32,2,128,10.794
16,32,2,256,14.1753
16,32,2,512,21.1293
16,32,2,1024,35.0483
16,32,2,2048,63.0567
16,32,2,4096,118.946
16,32,2,8192,230.725
16,32,2,16384,454.421
16,32,4,16,8.21267
16,32,4,32,8.28733
16,32,4,64,8.37333
16,32,4,128,10.7193
16,32,4,256,14.1857
16,32,4,512,21.1077
16,32,4,1024,35.08
16,32,4,2048,63.27
16,32,4,4096,119.235
16,32,4,8192,231.248
16,32,4,16384,466.656
16,32,8,16,8.08433
16,32,8,32,8.28733
16,32,8,64,8.24467
16,32,8,128,10.7833
16,32,8,256,14.1327
16,32,8,512,21.1297
16,32,8,1024,35.2617
16,32,8,2048,63.9107
16,32,8,4096,120.546
16,32,8,8192,236.986
16,32,8,16384,473.908
16,32,16,16,13.1937
16,32,16,32,13.0763
16,32,16,64,13.343
16,32,16,128,19.3377
16,32,16,256,26.3237
16,32,16,512,40.4983
16,32,16,1024,68.9123
16,32,16,2048,125.667
16,32,16,4096,239.62
16,32,16,8192,480.255
16,32,16,16384,951.306
16,32,32,16,22.1743
16,32,32,32,22.26
16,32,32,64,22.825
16,32,32,128,35.251
16,32,32,256,49.2443
16,32,32,512,77.4987
16,32,32,1024,134.06
16,32,32,2048,245.903
16,32,32,4096,477.61
16,32,32,8192,943.466
16,32,32,16384,1870.58
16,32,64,16,36.3287
16,32,64,32,36.595
16,32,64,64,37.3413
16,32,64,128,59.804
16,32,64,256,84.8793
16,32,64,512,134.369
16,32,64,1024,232.847
16,32,64,2048,439.875
16,32,64,4096,905.869
16,32,64,8192,1787.8
16,32,64,16384,3583.62
16,64,0,0,8.52233
16,64,1,16,8.42567
16,64,1,32,8.41533
16,64,1,64,8.61833
16,64,1,128,10.794
16,64,1,256,14.303
16,64,1,512,21.193
16,64,1,1024,35.0593
16,64,1,2048,63.0463
16,64,1,4096,118.914
16,64,1,8192,230.917
16,64,1,16384,454.464
16,64,2,16,8.32967
16,64,2,32,8.426
16,64,2,64,8.426
16,64,2,128,10.8047
16,64,2,256,14.1963
16,64,2,512,21.1927
16,64,2,1024,35.102
16,64,2,2048,63.025
16,64,2,4096,119.064
16,64,2,8192,231.067
16,64,2,16384,454.262
16,64,4,16,8.234
16,64,4,32,8.234
16,64,4,64,8.34067
16,64,4,128,10.7083
16,64,4,256,14.154
16,64,4,512,21.0763
16,64,4,1024,35.102
16,64,4,2048,63.249
16,64,4,4096,119.384
16,64,4,8192,231.28
16,64,4,16384,466.539
16,64,8,16,8.11633
16,64,8,32,8.19167
16,64,8,64,8.341
16,64,8,128,10.784
16,64,8,256,14.1537
16,64,8,512,21.161
16,64,8,1024,35.208
16,64,8,2048,63.9213
16,64,8,4096,120.547
16,64,8,8192,237.999
16,64,8,16384,474.89
16,64,16,16,13.1407
16,64,16,32,13.2687
16,64,16,64,13.5457
16,64,16,128,19.2193
16,64,16,256,26.398
16,64,16,512,40.5307
16,64,16,1024,68.7303
16,64,16,2048,125.837
16,64,16,4096,239.857
16,64,16,8192,480.927
16,64,16,16384,953.054
16,64,32,16,22.121
16,64,32,32,22.2923
16,64,32,64,22.825
16,64,32,128,35.2193
16,64,32,256,49.3087
16,64,32,512,77.445
16,64,32,1024,133.751
16,64,32,2048,246.191
16,64,32,4096,477.365
16,64,32,8192,942.902
16,64,32,16384,1868.96
16,64,64,16,36.4667
16,64,64,32,36.6697
16,64,64,64,37.2877
16,64,64,128,59.9
16,64,64,256,84.912
16,64,64,512,134.327
16,64,64,1024,233.03
16,64,64,2048,440.578
16,64,64,4096,905.987
16,64,64,8192,1792.46
16,64,64,16384,3585.62
16,128,0,0,11.775
16,128,1,16,10.8473
16,128,1,32,10.8253
16,128,1,64,10.8473
16,128,1,128,11.6793
16,128,1,256,14.3133
16,128,1,512,21.1717
16,128,1,1024,35.134
16,128,1,2048,63.153
16,128,1,4096,119.01
16,128,1,8192,231.024
16,128,1,16384,454.721
16,128,2,16,10.8043
16,128,2,32,10.837
16,128,2,64,10.7827
16,128,2,128,11.5517
16,128,2,256,14.2073
16,128,2,512,21.1083
16,128,2,1024,35.027
16,128,2,2048,63.0463
16,128,2,4096,118.989
16,128,2,8192,231.046
16,128,2,16384,455.009
16,128,4,16,10.6977
16,128,4,32,10.7083
16,128,4,64,10.7407
16,128,4,128,11.3903
16,128,4,256,14.3673
16,128,4,512,21.0867
16,128,4,1024,35.1017
16,128,4,2048,63.196
16,128,4,4096,119.331
16,128,4,8192,231.184
16,128,4,16384,465.931
16,128,8,16,10.666
16,128,8,32,10.698
16,128,8,64,10.741
16,128,8,128,11.434
16,128,8,256,14.1643
16,128,8,512,21.1723
16,128,8,1024,35.166
16,128,8,2048,63.9
16,128,8,4096,120.77
16,128,8,8192,237.392
16,128,8,16384,475.328
16,128,16,16,16.5107
16,128,16,32,16.6073
16,128,16,64,16.8523
16,128,16,128,20.0947
16,128,16,256,26.3983
16,128,16,512,40.5197
16,128,16,1024,69.0513
16,128,16,2048,125.795
16,128,16,4096,240.294
16,128,16,8192,480.224
16,128,16,16384,951.83
16,128,32,16,25.683
16,128,32,32,25.8657
16,128,32,64,26.014
16,128,32,128,36.2323
16,128,32,256,49.1703
16,128,32,512,77.4987
16,128,32,1024,133.964
16,128,32,2048,246.127
16,128,32,4096,476.298
16,128,32,8192,943.553
16,128,32,16384,1868.68
16,128,64,16,39.9657
16,128,64,32,40.072
16,128,64,64,40.7867
16,128,64,128,60.892
16,128,64,256,84.837
16,128,64,512,134.284
16,128,64,1024,233.062
16,128,64,2048,439.353
16,128,64,4096,905.134
16,128,64,8192,1792.46
16,128,64,16384,3572.05
16,256,0,0,15.0283
16,256,1,16,14.3033
16,256,1,32,14.3137
16,256,1,64,14.335
16,256,1,128,14.3133
16,256,1,256,14.943
16,256,1,512,21.1723
16,256,1,1024,35.059
16,256,1,2048,63.1213
16,256,1,4096,119.16
16,256,1,8192,230.865
16,256,1,16384,455.084
16,256,2,16,14.25
16,256,2,32,14.2497
16,256,2,64,14.3133
16,256,2,128,14.2927
16,256,2,256,14.7403
16,256,2,512,21.1403
16,256,2,1024,35.0483
16,256,2,2048,63.0567
16,256,2,4096,118.905
16,256,2,8192,230.928
16,256,2,16384,454.476
16,256,4,16,14.1427
16,256,4,32,14.1433
16,256,4,64,14.1427
16,256,4,128,14.1747
16,256,4,256,14.6547
16,256,4,512,21.1297
16,256,4,1024,35.1233
16,256,4,2048,63.26
16,256,4,4096,119.235
16,256,4,8192,231.462
16,256,4,16384,467.212
16,256,8,16,14.197
16,256,8,32,14.1967
16,256,8,64,14.1213
16,256,8,128,14.1433
16,256,8,256,14.6763
16,256,8,512,21.1823
16,256,8,1024,35.3043
16,256,8,2048,63.8357
16,256,8,4096,120.664
16,256,8,8192,237.787
16,256,8,16384,476.459
16,256,16,16,20.1267
16,256,16,32,20.02
16,256,16,64,20.447
16,256,16,128,23.5927
16,256,16,256,27.0173
16,256,16,512,40.4663
16,256,16,1024,68.913
16,256,16,2048,125.88
16,256,16,4096,239.686
16,256,16,8192,480.598
16,256,16,16384,950.979
16,256,32,16,29.1183
16,256,32,32,29.352
16,256,32,64,29.5977
16,256,32,128,39.656
16,256,32,256,50.333
16,256,32,512,77.19
16,256,32,1024,133.975
16,256,32,2048,246.533
16,256,32,4096,476.962
16,256,32,8192,942.413
16,256,32,16384,1869.81
16,256,64,16,43.4103
16,256,64,32,43.826
16,256,64,64,44.3917
16,256,64,128,64.3803
16,256,64,256,86.0107
16,256,64,512,134.327
16,256,64,1024,233.073
16,256,64,2048,439.577
16,256,64,4096,904.667
16,256,64,8192,1790.1
16,256,64,16384,3584.32
16,512,0,0,21.876
16,512,1,16,21.215
16,512,1,32,21.1613
16,512,1,64,21.1937
16,512,1,128,21.1723
16,512,1,256,21.1933
16,512,1,512,21.737
16,512,1,1024,35.123
16,512,1,2048,63.0357
16,512,1,4096,119.182
16,512,1,8192,230.833
16,512,1,16384,454.84
16,512,2,16,21.2033
16,512,2,32,21.1403
16,512,2,64,21.2037
16,512,2,128,21.15
16,512,2,256,21.1183
16,512,2,512,21.6197
16,512,2,1024,35.059
16,512,2,2048,63.121
16,512,2,4096,119.108
16,512,2,8192,230.918
16,512,2,16384,454.53
16,512,4,16,21.033
16,512,4,32,20.959
16,512,4,64,21.012
16,512,4,128,20.98
16,512,4,256,21.023
16,512,4,512,21.471
16,512,4,1024,35.1657
16,512,4,2048,63.324
16,512,4,4096,119.277
16,512,4,8192,231.196
16,512,4,16384,466.967
16,512,8,16,21.0437
16,512,8,32,21.044
16,512,8,64,21.1713
16,512,8,128,21.0543
16,512,8,256,21.065
16,512,8,512,21.5663
16,512,8,1024,35.2187
16,512,8,2048,64.028
16,512,8,4096,120.547
16,512,8,8192,237.339
16,512,8,16384,477.1
16,512,16,16,26.889
16,512,16,32,26.867
16,512,16,64,27.2193
16,512,16,128,30.5047
16,512,16,256,33.971
16,512,16,512,41.2987
16,512,16,1024,69.0623
16,512,16,2048,126.029
16,512,16,4096,240.561
16,512,16,8192,480.311
16,512,16,16384,952.025
16,512,32,16,36.0723
16,512,32,32,36.3707
16,512,32,64,36.4673
16,512,32,128,46.813
16,512,32,256,57.191
16,512,32,512,78.4907
16,512,32,1024,134.104
16,512,32,2048,246.364
16,512,32,4096,478.103
16,512,32,8192,942.606
16,512,32,16384,1871.08
16,512,64,16,50.323
16,512,64,32,50.8127
16,512,64,64,51.3783
16,512,64,128,71.5793
16,512,64,256,93.2317
16,512,64,512,135.725
16,512,64,1024,233.222
16,512,64,2048,438.628
16,512,64,4096,905.18
16,512,64,8192,1789.74
16,512,64,16384,3575.45
16,1024,0,0,35.699
16,1024,1,16,35.1553
16,1024,1,32,35.091
16,1024,1,64,35.1447
16,1024,1,128,35.1123
16,1024,1,256,35.1553
16,1024,1,512,35.134
16,1024,1,1024,35.678
16,1024,1,2048,63.1003
16,1024,1,4096,119.043
16,1024,1,8192,230.726
16,1024,1,16384,454.787
16,1024,2,16,35.1757
16,1024,2,32,35.186
16,1024,2,64,35.1127
16,1024,2,128,35.1123
16,1024,2,256,35.0693
16,1024,2,512,35.1873
16,1024,2,1024,35.507
16,1024,2,2048,63.1213
16,1024,2,4096,118.904
16,1024,2,8192,231.143
16,1024,2,16384,454.606
16,1024,4,16,34.9097
16,1024,4,32,34.8777
16,1024,4,64,34.92
16,1024,4,128,34.91
16,1024,4,256,34.9527
16,1024,4,512,34.9633
16,1024,4,1024,35.347
16,1024,4,2048,63.3343
16,1024,4,4096,119.268
16,1024,4,8192,231.346
16,1024,4,16384,465.709
16,1024,8,16,34.92
16,1024,8,32,34.942
16,1024,8,64,34.9527
16,1024,8,128,35.0053
16,1024,8,256,34.974
16,1024,8,512,35.0487
16,1024,8,1024,35.518
16,1024,8,2048,63.9423
16,1024,8,4096,120.846
16,1024,8,8192,237.979
16,1024,8,16384,478.093
16,1024,16,16,40.819
16,1024,16,32,40.8403
16,1024,16,64,41.2667
16,1024,16,128,44.6903
16,1024,16,256,47.933
16,1024,16,512,55.3567
16,1024,16,1024,69.67
16,1024,16,2048,125.965
16,1024,16,4096,240.465
16,1024,16,8192,481.581
16,1024,16,16384,951.439
16,1024,32,16,50.013
16,1024,32,32,50.173
16,1024,32,64,50.3437
16,1024,32,128,60.7213
16,1024,32,256,71.2597
16,1024,32,512,92.4843
16,1024,32,1024,135.511
16,1024,32,2048,246.107
16,1024,32,4096,476.93
16,1024,32,8192,942.842
16,1024,32,16384,1870.42
16,1024,64,16,64.54
16,1024,64,32,64.871
16,1024,64,64,65.5533
16,1024,64,128,85.7973
16,1024,64,256,107.353
16,1024,64,512,149.719
16,1024,64,1024,234.374
16,1024,64,2048,437.007
16,1024,64,4096,908.21
16,1024,64,8192,1791.75
16,1024,64,16384,3584.61
16,2048,0,0,63.505
16,2048,1,16,63.0783
16,2048,1,32,62.9827
16,2048,1,64,63.0147
16,2048,1,128,62.9403
16,2048,1,256,63.068
16,2048,1,512,62.9717
16,2048,1,1024,63.0363
16,2048,1,2048,63.3347
16,2048,1,4096,119.086
16,2048,1,8192,231.004
16,2048,1,16384,455.193
16,2048,2,16,63.0573
16,2048,2,32,63.1217
16,2048,2,64,63.2067
16,2048,2,128,63.0673
16,2048,2,256,63.0143
16,2048,2,512,63.015
16,2048,2,1024,63.0787
16,2048,2,2048,63.26
16,2048,2,4096,119.182
16,2048,2,8192,230.95
16,2048,2,16384,458.499
16,2048,4,16,62.908
16,2048,4,32,62.7483
16,2048,4,64,62.9403
16,2048,4,128,62.79
16,2048,4,256,62.854
16,2048,4,512,62.843
16,2048,4,1024,62.8227
16,2048,4,2048,63.3457
16,2048,4,4096,119.278
16,2048,4,8192,231.516
16,2048,4,16384,468.706
16,2048,8,16,62.801
16,2048,8,32,62.7587
16,2048,8,64,62.844
16,2048,8,128,62.7693
16,2048,8,256,62.833
16,2048,8,512,62.8443
16,2048,8,1024,63.1423
16,2048,8,2048,64.369
16,2048,8,4096,121.422
16,2048,8,8192,238.609
16,2048,8,16384,478.669
16,2048,16,16,68.7853
16,2048,16,32,68.8177
16,2048,16,64,69.1903
16,2048,16,128,72.347
16,2048,16,256,75.9533
16,2048,16,512,83.354
16,2048,16,1024,97.6043
16,2048,16,2048,126.584
16,2048,16,4096,240.615
16,2048,16,8192,480.567
16,2048,16,16384,951.963
16,2048,32,16,77.9997
16,2048,32,32,77.83
16,2048,32,64,78.299
16,2048,32,128,88.4
16,2048,32,256,98.9167
16,2048,32,512,120.612
16,2048,32,1024,163.104
16,2048,32,2048,248.081
16,2048,32,4096,476.739
16,2048,32,8192,943.728
16,2048,32,16384,1871.18
16,2048,64,16,92.5377
16,2048,64,32,92.506
16,2048,64,64,93.3487
16,2048,64,128,113.562
16,2048,64,256,135.436
16,2048,64,512,177.856
16,2048,64,1024,262.96
16,2048,64,2048,445.295
16,2048,64,4096,916.285
16,2048,64,8192,1808.08
16,2048,64,16384,3622.58
16,4096,0,0,119.055
16,4096,1,16,118.979
16,4096,1,32,118.798
16,4096,1,64,118.797
16,4096,1,128,118.809
16,4096,1,256,118.787
16,4096,1,512,118.851
16,4096,1,1024,118.936
16,4096,1,2048,119.001
16,4096,1,4096,119.118
16,4096,1,8192,231.175
16,4096,1,16384,454.787
16,4096,2,16,119.012
16,4096,2,32,118.915
16,4096,2,64,118.884
16,4096,2,128,118.936
16,4096,2,256,118.979
16,4096,2,512,119.001
16,4096,2,1024,118.883
16,4096,2,2048,118.915
16,4096,2,4096,119.022
16,4096,2,8192,231.25
16,4096,2,16384,454.629
16,4096,4,16,118.574
16,4096,4,32,118.541
16,4096,4,64,118.584
16,4096,4,128,118.52
16,4096,4,256,118.627
16,4096,4,512,118.563
16,4096,4,1024,118.531
16,4096,4,2048,118.585
16,4096,4,4096,119.395
16,4096,4,8192,231.474
16,4096,4,16384,466.308
16,4096,8,16,118.585
16,4096,8,32,118.402
16,4096,8,64,118.595
16,4096,8,128,118.617
16,4096,8,256,118.744
16,4096,8,512,118.606
16,4096,8,1024,118.894
16,4096,8,2048,119.534
16,4096,8,4096,121.135
16,4096,8,8192,239.313
16,4096,8,16384,478.457
16,4096,16,16,124.782
16,4096,16,32,124.749
16,4096,16,64,124.973
16,4096,16,128,128.259
16,4096,16,256,131.554
16,4096,16,512,138.541
16,4096,16,1024,153.239
16,4096,16,2048,181.567
16,4096,16,4096,242.162
16,4096,16,8192,479.875
16,4096,16,16384,953.148
16,4096,32,16,133.421
16,4096,32,32,133.699
16,4096,32,64,133.772
16,4096,32,128,143.842
16,4096,32,256,154.486
16,4096,32,512,176
16,4096,32,1024,219.026
16,4096,32,2048,303.78
16,4096,32,4096,483.886
16,4096,32,8192,946.651
16,4096,32,16384,1873.16
16,4096,64,16,148.162
16,4096,64,32,148.365
16,4096,64,64,149.047
16,4096,64,128,169.344
16,4096,64,256,191.38
16,4096,64,512,233.853
16,4096,64,1024,318.733
16,4096,64,2048,499.991
16,4096,64,4096,924.638
16,4096,64,8192,1837.47
16,4096,64,16384,3696.9
16,8192,0,0,231.058
16,8192,1,16,230.716
16,8192,1,32,230.429
16,8192,1,64,230.728
16,8192,1,128,230.61
16,8192,1,256,230.482
16,8192,1,512,230.524
16,8192,1,1024,230.791
16,8192,1,2048,230.568
16,8192,1,4096,230.567
16,8192,1,8192,231.015
16,8192,1,16384,454.896
16,8192,2,16,232.946
16,8192,2,32,231.122
16,8192,2,64,230.973
16,8192,2,128,231.015
16,8192,2,256,230.855
16,8192,2,512,230.824
16,8192,2,1024,230.93
16,8192,2,2048,231.037
16,8192,2,4096,230.834
16,8192,2,8192,231.101
16,8192,2,16384,458.01
16,8192,4,16,230.216
16,8192,4,32,230.428
16,8192,4,64,230.567
16,8192,4,128,230.226
16,8192,4,256,230.428
16,8192,4,512,230.429
16,8192,4,1024,230.365
16,8192,4,2048,230.109
16,8192,4,4096,230.61
16,8192,4,8192,232.584
16,8192,4,16384,469.54
16,8192,8,16,230.365
16,8192,8,32,230.108
16,8192,8,64,230.291
16,8192,8,128,230.343
16,8192,8,256,230.408
16,8192,8,512,230.183
16,8192,8,1024,230.269
16,8192,8,2048,230.973
16,8192,8,4096,236.776
16,8192,8,8192,239.153
16,8192,8,16384,478.478
16,8192,16,16,236.071
16,8192,16,32,235.933
16,8192,16,64,236.242
16,8192,16,128,239.431
16,8192,16,256,242.801
16,8192,16,512,249.798
16,8192,16,1024,264.581
16,8192,16,2048,293.198
16,8192,16,4096,353.365
16,8192,16,8192,481.017
16,8192,16,16384,952.541
16,8192,32,16,244.53
16,8192,32,32,244.882
16,8192,32,64,245.03
16,8192,32,128,255.11
16,8192,32,256,265.627
16,8192,32,512,287.279
16,8192,32,1024,329.399
16,8192,32,2048,415.752
16,8192,32,4096,590.77
16,8192,32,8192,952.135
16,8192,32,16384,1858.38
16,8192,64,16,259.665
16,8192,64,32,259.814
16,8192,64,64,260.902
16,8192,64,128,281.465
16,8192,64,256,302.564
16,8192,64,512,345.356
16,8192,64,1024,430.566
16,8192,64,2048,609.34
16,8192,64,4096,1036.32
16,8192,64,8192,1820.51
16,8192,64,16384,3684.96
16,16384,0,0,454.405
16,16384,1,16,454.885
16,16384,1,32,454.223
16,16384,1,64,454.277
16,16384,1,128,454.617
16,16384,1,256,454.203
16,16384,1,512,453.956
16,16384,1,1024,454.297
16,16384,1,2048,454.137
16,16384,1,4096,454.352
16,16384,1,8192,454.234
16,16384,1,16384,455.247
16,16384,2,16,454.523
16,16384,2,32,454.822
16,16384,2,64,454.469
16,16384,2,128,454.937
16,16384,2,256,454.596
16,16384,2,512,454.501
16,16384,2,1024,454.598
16,16384,2,2048,454.607
16,16384,2,4096,454.618
16,16384,2,8192,454.661
16,16384,2,16384,462.565
16,16384,4,16,453.978
16,16384,4,32,454.394
16,16384,4,64,454.309
16,16384,4,128,454.181
16,16384,4,256,454.106
16,16384,4,512,453.904
16,16384,4,1024,453.542
16,16384,4,2048,453.925
16,16384,4,4096,454.949
16,16384,4,8192,467.365
16,16384,4,16384,469.22
16,16384,8,16,453.477
16,16384,8,32,453.061
16,16384,8,64,453.787
16,16384,8,128,453.424
16,16384,8,256,453.424
16,16384,8,512,453.468
16,16384,8,1024,453.413
16,16384,8,2048,454.736
16,16384,8,4096,474.063
16,16384,8,8192,476.047
16,16384,8,16384,477.444
16,16384,16,16,458.938
16,16384,16,32,458.661
16,16384,16,64,459.386
16,16384,16,128,462.511
16,16384,16,256,466.49
16,16384,16,512,473.797
16,16384,16,1024,487.95
16,16384,16,2048,516.631
16,16384,16,4096,576.084
16,16384,16,8192,712.908
16,16384,16,16384,953.928
16,16384,32,16,467.15
16,16384,32,32,466.788
16,16384,32,64,466.896
16,16384,32,128,477.636
16,16384,32,256,487.801
16,16384,32,512,509.666
16,16384,32,1024,552.885
16,16384,32,2048,637.615
16,16384,32,4096,821.467
16,16384,32,8192,1178.48
16,16384,32,16384,1879.24
16,16384,64,16,482.958
16,16384,64,32,483.705
16,16384,64,64,483.716
16,16384,64,128,504.771
16,16384,64,256,525.57
16,16384,64,512,569.428
16,16384,64,1024,653.286
16,16384,64,2048,833.103
16,16384,64,4096,1256.28
16,16384,64,8192,2057.26
16,16384,64,16384,3637.11
32,0,0,0,8.43733
32,0,1,16,8.37233
32,0,1,32,8.40467
32,0,1,64,8.42567
32,0,1,128,10.965
32,0,1,256,14.474
32,0,1,512,21.3217
32,0,1,1024,35.283
32,0,1,2048,63.2173
32,0,1,4096,119.225
32,0,1,8192,231.208
32,0,1,16384,455.131
32,0,2,16,8.34067
32,0,2,32,8.362
32,0,2,64,8.42667
32,0,2,128,11.039
32,0,2,256,14.421
32,0,2,512,21.3533
32,0,2,1024,35.283
32,0,2,2048,63.271
32,0,2,4096,119.246
32,0,2,8192,231.197
32,0,2,16384,455.28
32,0,4,16,8.24467
32,0,4,32,8.30867
32,0,4,64,8.26633
32,0,4,128,10.9327
32,0,4,256,14.3777
32,0,4,512,21.3313
32,0,4,1024,35.23
32,0,4,2048,63.421
32,0,4,4096,119.556
32,0,4,8192,231.751
32,0,4,16384,467.77
32,0,8,16,8.25567
32,0,8,32,8.36233
32,0,8,64,8.37267
32,0,8,128,11.0073
32,0,8,256,14.3567
32,0,8,512,21.3323
32,0,8,1024,35.6993
32,0,8,2048,64.0393
32,0,8,4096,120.878
32,0,8,8192,238.206
32,0,8,16384,474.873
32,0,16,16,12.9917
32,0,16,32,13.151
32,0,16,64,13.3537
32,0,16,128,19.3373
32,0,16,256,26.4843
32,0,16,512,40.606
32,0,16,1024,68.924
32,0,16,2048,126.041
32,0,16,4096,240.413
32,0,16,8192,480.549
32,0,16,16384,952.789
32,0,32,16,22.3983
32,0,32,32,22.4417
32,0,32,64,22.857
32,0,32,128,35.1767
32,0,32,256,49.0957
32,0,32,512,77.5107
32,0,32,1024,133.805
32,0,32,2048,246.183
32,0,32,4096,477.903
32,0,32,8192,942.645
32,0,32,16384,1871.99
32,0,64,16,36.4463
32,0,64,32,36.7127
32,0,64,64,37.246
32,0,64,128,59.8257
32,0,64,256,85.0943
32,0,64,512,134.531
32,0,64,1024,233.106
32,0,64,2048,440.668
32,0,64,4096,906.35
32,0,64,8192,1790.41
32,0,64,16384,3581.87
32,16,0,0,8.60767
32,16,1,16,8.55433
32,16,1,32,8.67167
32,16,1,64,8.586
32,16,1,128,10.9753
32,16,1,256,14.506
32,16,1,512,21.353
32,16,1,1024,35.283
32,16,1,2048,63.239
32,16,1,4096,119.193
32,16,1,8192,231.326
32,16,1,16384,454.876
32,16,2,16,8.43667
32,16,2,32,8.57633
32,16,2,64,8.596
32,16,2,128,10.9753
32,16,2,256,14.3457
32,16,2,512,21.3107
32,16,2,1024,35.3047
32,16,2,2048,63.2923
32,16,2,4096,119.3
32,16,2,8192,231.347
32,16,2,16384,455.717
32,16,4,16,8.47933
32,16,4,32,8.351
32,16,4,64,8.469
32,16,4,128,10.912
32,16,4,256,14.3457
32,16,4,512,21.3323
32,16,4,1024,35.3043
32,16,4,2048,63.495
32,16,4,4096,119.556
32,16,4,8192,231.4
32,16,4,16384,468.081
32,16,8,16,8.37233
32,16,8,32,8.51233
32,16,8,64,8.64033
32,16,8,128,10.9967
32,16,8,256,14.3567
32,16,8,512,21.641
32,16,8,1024,35.5283
32,16,8,2048,64.4013
32,16,8,4096,120.91
32,16,8,8192,237.981
32,16,8,16384,474.896
32,16,16,16,13.215
32,16,16,32,13.407
32,16,16,64,13.6523
32,16,16,128,19.4337
32,16,16,256,26.451
32,16,16,512,40.638
32,16,16,1024,69.2127
32,16,16,2048,126.147
32,16,16,4096,240.413
32,16,16,8192,481.37
32,16,16,16384,954.239
32,16,32,16,22.4303
32,16,32,32,22.58
32,16,32,64,22.8253
32,16,32,128,35.1873
32,16,32,256,49.2893
32,16,32,512,77.3503
32,16,32,1024,133.817
32,16,32,2048,246.183
32,16,32,4096,477.851
32,16,32,8192,942.785
32,16,32,16384,1869.72
32,16,64,16,36.4993
32,16,64,32,36.734
32,16,64,64,37.3843
32,16,64,128,59.7303
32,16,64,256,85.0617
32,16,64,512,134.531
32,16,64,1024,233.342
32,16,64,2048,441.735
32,16,64,4096,906.126
32,16,64,8192,1791.41
32,16,64,16384,3582.81
32,32,0,0,8.693
32,32,1,16,8.52233
32,32,1,32,8.53233
32,32,1,64,8.68233
32,32,1,128,10.9753
32,32,1,256,14.4097
32,32,1,512,21.417
32,32,1,1024,35.2937
32,32,1,2048,63.1967
32,32,1,4096,119.225
32,32,1,8192,231.006
32,32,1,16384,455.324
32,32,2,16,8.448
32,32,2,32,8.618
32,32,2,64,8.597
32,32,2,128,10.9963
32,32,2,256,14.4313
32,32,2,512,21.3647
32,32,2,1024,35.2837
32,32,2,2048,63.1643
32,32,2,4096,119.161
32,32,2,8192,231.294
32,32,2,16384,455.281
32,32,4,16,8.44767
32,32,4,32,8.43633
32,32,4,64,8.586
32,32,4,128,10.9327
32,32,4,256,14.3457
32,32,4,512,21.268
32,32,4,1024,35.3153
32,32,4,2048,63.506
32,32,4,4096,119.406
32,32,4,8192,231.411
32,32,4,16384,469.36
32,32,8,16,8.469
32,32,8,32,8.49067
32,32,8,64,8.57533
32,32,8,128,10.9327
32,32,8,256,14.3563
32,32,8,512,21.3327
32,32,8,1024,35.4433
32,32,8,2048,64.018
32,32,8,4096,120.975
32,32,8,8192,238.142
32,32,8,16384,474.694
32,32,16,16,13.1933
32,32,16,32,13.3223
32,32,16,64,13.6207
32,32,16,128,19.3913
32,32,16,256,26.398
32,32,16,512,40.5847
32,32,16,1024,68.839
32,32,16,2048,125.902
32,32,16,4096,240.083
32,32,16,8192,480.635
32,32,16,16384,953.771
32,32,32,16,22.388
32,32,32,32,22.5803
32,32,32,64,22.953
32,32,32,128,35.177
32,32,32,256,49.2557
32,32,32,512,77.5533
32,32,32,1024,133.721
32,32,32,2048,246.589
32,32,32,4096,478.129
32,32,32,8192,943.575
32,32,32,16384,1872.78
32,32,64,16,36.4673
32,32,64,32,36.841
32,32,64,64,37.3843
32,32,64,128,59.7733
32,32,64,256,85.1473
32,32,64,512,134.723
32,32,64,1024,233.097
32,32,64,2048,440.371
32,32,64,4096,908.207
32,32,64,8192,1792.25
32,32,64,16384,3581.16
32,64,0,0,8.73533
32,64,1,16,8.63967
32,64,1,32,8.682
32,64,1,64,8.65067
32,64,1,128,10.9433
32,64,1,256,14.4203
32,64,1,512,21.311
32,64,1,1024,35.294
32,64,1,2048,63.2067
32,64,1,4096,119.289
32,64,1,8192,231.144
32,64,1,16384,454.801
32,64,2,16,8.47933
32,64,2,32,8.576
32,64,2,64,8.68167
32,64,2,128,10.9963
32,64,2,256,14.3997
32,64,2,512,21.396
32,64,2,1024,35.369
32,64,2,2048,63.2713
32,64,2,4096,119.151
32,64,2,8192,231.23
32,64,2,16384,455.507
32,64,4,16,8.36233
32,64,4,32,8.38333
32,64,4,64,8.57633
32,64,4,128,10.901
32,64,4,256,14.388
32,64,4,512,21.3217
32,64,4,1024,35.3047
32,64,4,2048,63.4527
32,64,4,4096,119.471
32,64,4,8192,231.667
32,64,4,16384,467.494
32,64,8,16,8.39433
32,64,8,32,8.64
32,64,8,64,8.576
32,64,8,128,10.9547
32,64,8,256,14.5167
32,64,8,512,21.343
32,64,8,1024,35.6353
32,64,8,2048,64.082
32,64,8,4096,120.943
32,64,8,8192,237.8
32,64,8,16384,473.916
32,64,16,16,13.312
32,64,16,32,13.4287
32,64,16,64,13.7053
32,64,16,128,19.4127
32,64,16,256,26.3983
32,64,16,512,40.574
32,64,16,1024,68.9347
32,64,16,2048,126.137
32,64,16,4096,240.275
32,64,16,8192,482.022
32,64,16,16384,952.332
32,64,32,16,22.5697
32,64,32,32,22.7723
32,64,32,64,22.9643
32,64,32,128,35.3477
32,64,32,256,49.245
32,64,32,512,77.6707
32,64,32,1024,133.966
32,64,32,2048,246.504
32,64,32,4096,477.318
32,64,32,8192,938.189
32,64,32,16384,1872
32,64,64,16,36.627
32,64,64,32,36.979
32,64,64,64,37.4597
32,64,64,128,59.73
32,64,64,256,85.052
32,64,64,512,134.766
32,64,64,1024,233.022
32,64,64,2048,440.499
32,64,64,4096,908.058
32,64,64,8192,1788.5
32,64,64,16384,3581.24
32,128,0,0,11.9567
32,128,1,16,11.1027
32,128,1,32,11.146
32,128,1,64,11.1037
32,128,1,128,11.818
32,128,1,256,14.4207
32,128,1,512,21.2897
32,128,1,1024,35.305
32,128,1,2048,63.271
32,128,1,4096,119.15
32,128,1,8192,231.156
32,128,1,16384,455.112
32,128,2,16,11.0927
32,128,2,32,11.1037
32,128,2,64,11.1673
32,128,2,128,11.7537
32,128,2,256,14.367
32,128,2,512,21.2997
32,128,2,1024,35.2733
32,128,2,2048,63.314
32,128,2,4096,119.268
32,128,2,8192,231.188
32,128,2,16384,455.41
32,128,4,16,11.0507
32,128,4,32,11.039
32,128,4,64,11.0713
32,128,4,128,11.6693
32,128,4,256,14.3567
32,128,4,512,21.3747
32,128,4,1024,35.2833
32,128,4,2048,63.3887
32,128,4,4096,119.354
32,128,4,8192,231.507
32,128,4,16384,466.45
32,128,8,16,10.9753
32,128,8,32,10.964
32,128,8,64,10.9967
32,128,8,128,11.7113
32,128,8,256,14.3353
32,128,8,512,21.3537
32,128,8,1024,35.5293
32,128,8,2048,64.1667
32,128,8,4096,120.805
32,128,8,8192,236.947
32,128,8,16384,474.791
32,128,16,16,16.7673
32,128,16,32,17.0977
32,128,16,64,17.0227
32,128,16,128,20.223
32,128,16,256,26.4733
32,128,16,512,40.638
32,128,16,1024,68.9773
32,128,16,2048,125.967
32,128,16,4096,240.521
32,128,16,8192,480.273
32,128,16,16384,951.108
32,128,32,16,25.8763
32,128,32,32,26.0893
32,128,32,64,26.4523
32,128,32,128,36.35
32,128,32,256,49.149
32,128,32,512,77.5427
32,128,32,1024,133.593
32,128,32,2048,246.312
32,128,32,4096,476.753
32,128,32,8192,942.905
32,128,32,16384,1869.17
32,128,64,16,40.0937
32,128,64,32,40.2113
32,128,64,64,40.723
32,128,64,128,60.9567
32,128,64,256,85.094
32,128,64,512,134.564
32,128,64,1024,233.374
32,128,64,2048,440.574
32,128,64,4096,905.595
32,128,64,8192,1794.38
32,128,64,16384,3577.1
32,256,0,0,15.3063
32,256,1,16,14.6333
32,256,1,32,14.5913
32,256,1,64,14.5907
32,256,1,128,14.559
32,256,1,256,15.125
32,256,1,512,21.3317
32,256,1,1024,35.2623
32,256,1,2048,63.229
32,256,1,4096,119.258
32,256,1,8192,231.22
32,256,1,16384,454.802
32,256,2,16,14.57
32,256,2,32,14.569
32,256,2,64,14.6443
32,256,2,128,14.5807
32,256,2,256,14.9543
32,256,2,512,21.4173
32,256,2,1024,35.315
32,256,2,2048,63.3247
32,256,2,4096,119.141
32,256,2,8192,231.124
32,256,2,16384,455.571
32,256,4,16,14.538
32,256,4,32,14.4423
32,256,4,64,14.4523
32,256,4,128,14.4307
32,256,4,256,14.8903
32,256,4,512,21.3537
32,256,4,1024,35.305
32,256,4,2048,63.4097
32,256,4,4096,119.588
32,256,4,8192,231.465
32,256,4,16384,466.451
32,256,8,16,14.463
32,256,8,32,14.4737
32,256,8,64,14.4203
32,256,8,128,14.4637
32,256,8,256,14.9003
32,256,8,512,21.4383
32,256,8,1024,35.625
32,256,8,2048,64.221
32,256,8,4096,120.805
32,256,8,8192,238.323
32,256,8,16384,475.282
32,256,16,16,20.2547
32,256,16,32,20.362
32,256,16,64,20.735
32,256,16,128,23.8813
32,256,16,256,27.2943
32,256,16,512,40.5737
32,256,16,1024,68.946
32,256,16,2048,126.138
32,256,16,4096,240.755
32,256,16,8192,481.981
32,256,16,16384,953.081
32,256,32,16,29.5343
32,256,32,32,29.5553
32,256,32,64,30.8567
32,256,32,128,39.8057
32,256,32,256,50.313
32,256,32,512,77.4147
32,256,32,1024,133.582
32,256,32,2048,246.462
32,256,32,4096,478.407
32,256,32,8192,943.748
32,256,32,16384,1869.24
32,256,64,16,43.795
32,256,64,32,43.9977
32,256,64,64,44.638
32,256,64,128,64.5833
32,256,64,256,86.224
32,256,64,512,134.585
32,256,64,1024,233.055
32,256,64,2048,439.199
32,256,64,4096,906.577
32,256,64,8192,1790.35
32,256,64,16384,3586.82
32,512,0,0,22.0787
32,512,1,16,21.5023
32,512,1,32,21.4277
32,512,1,64,21.45
32,512,1,128,21.4603
32,512,1,256,21.428
32,512,1,512,21.908
32,512,1,1024,35.2193
32,512,1,2048,63.25
32,512,1,4096,119.215
32,512,1,8192,231.017
32,512,1,16384,454.984
32,512,2,16,21.5243
32,512,2,32,21.4923
32,512,2,64,21.4603
32,512,2,128,21.5247
32,512,2,256,21.4707
32,512,2,512,21.8543
32,512,2,1024,35.2833
32,512,2,2048,63.2397
32,512,2,4096,119.183
32,512,2,8192,231.038
32,512,2,16384,455.219
32,512,4,16,21.3003
32,512,4,32,21.322
32,512,4,64,21.3323
32,512,4,128,21.3323
32,512,4,256,21.407
32,512,4,512,21.7377
32,512,4,1024,35.305
32,512,4,2048,63.4207
32,512,4,4096,119.524
32,512,4,8192,231.636
32,512,4,16384,466.738
32,512,8,16,21.407
32,512,8,32,21.332
32,512,8,64,21.3217
32,512,8,128,21.3857
32,512,8,256,21.3643
32,512,8,512,21.759
32,512,8,1024,35.487
32,512,8,2048,64.2947
32,512,8,4096,121.071
32,512,8,8192,238.227
32,512,8,16384,475.494
32,512,16,16,27.1667
32,512,16,32,27.231
32,512,16,64,27.5507
32,512,16,128,30.6863
32,512,16,256,34.3023
32,512,16,512,41.2033
32,512,16,1024,68.9887
32,512,16,2048,126.212
32,512,16,4096,240.937
32,512,16,8192,480.829
32,512,16,16384,953.605
32,512,32,16,36.3823
32,512,32,32,36.5737
32,512,32,64,36.83
32,512,32,128,46.6853
32,512,32,256,57.2663
32,512,32,512,78.4277
32,512,32,1024,133.828
32,512,32,2048,245.811
32,512,32,4096,478.237
32,512,32,8192,937.403
32,512,32,16384,1867.92
32,512,64,16,50.835
32,512,64,32,50.952
32,512,64,64,51.656
32,512,64,128,71.7187
32,512,64,256,93.2437
32,512,64,512,135.844
32,512,64,1024,233.365
32,512,64,2048,439.338
32,512,64,4096,905.778
32,512,64,8192,1792.21
32,512,64,16384,3575.66
32,1024,0,0,36.0413
32,1024,1,16,35.4547
32,1024,1,32,35.4117
32,1024,1,64,35.411
32,1024,1,128,35.4113
32,1024,1,256,35.4653
32,1024,1,512,35.3687
32,1024,1,1024,35.849
32,1024,1,2048,63.186
32,1024,1,4096,119.162
32,1024,1,8192,231.071
32,1024,1,16384,455.07
32,1024,2,16,35.5077
32,1024,2,32,35.4643
32,1024,2,64,35.4647
32,1024,2,128,35.4753
32,1024,2,256,35.369
32,1024,2,512,35.4217
32,1024,2,1024,35.6883
32,1024,2,2048,63.2817
32,1024,2,4096,119.205
32,1024,2,8192,230.953
32,1024,2,16384,454.685
32,1024,4,16,35.2947
32,1024,4,32,35.2407
32,1024,4,64,35.1987
32,1024,4,128,35.1767
32,1024,4,256,35.1977
32,1024,4,512,35.2197
32,1024,4,1024,35.5503
32,1024,4,2048,63.538
32,1024,4,4096,119.61
32,1024,4,8192,231.689
32,1024,4,16384,466.514
32,1024,8,16,35.2723
32,1024,8,32,35.283
32,1024,8,64,35.2087
32,1024,8,128,35.433
32,1024,8,256,35.3793
32,1024,8,512,35.422
32,1024,8,1024,35.7953
32,1024,8,2048,64.285
32,1024,8,4096,121.231
32,1024,8,8192,238.729
32,1024,8,16384,477.256
32,1024,16,16,41.086
32,1024,16,32,41.3093
32,1024,16,64,41.4587
32,1024,16,128,44.7867
32,1024,16,256,48.275
32,1024,16,512,55.3247
32,1024,16,1024,69.767
32,1024,16,2048,126.074
32,1024,16,4096,241.119
32,1024,16,8192,481.15
32,1024,16,16384,954.203
32,1024,32,16,50.3023
32,1024,32,32,50.515
32,1024,32,64,50.792
32,1024,32,128,60.8073
32,1024,32,256,71.367
32,1024,32,512,92.422
32,1024,32,1024,135.417
32,1024,32,2048,246.483
32,1024,32,4096,473.395
32,1024,32,8192,945.072
32,1024,32,16384,1871.43
32,1024,64,16,64.701
32,1024,64,32,65.0317
32,1024,64,64,65.5537
32,1024,64,128,85.7877
32,1024,64,256,107.366
32,1024,64,512,150.073
32,1024,64,1024,234.581
32,1024,64,2048,437.163
32,1024,64,4096,906.856
32,1024,64,8192,1794.87
32,1024,64,16384,3581.97
32,2048,0,0,63.8157
32,2048,1,16,63.2927
32,2048,1,32,63.293
32,2048,1,64,63.2927
32,2048,1,128,63.24
32,2048,1,256,63.3143
32,2048,1,512,63.335
32,2048,1,1024,63.2293
32,2048,1,2048,63.538
32,2048,1,4096,119.109
32,2048,1,8192,230.932
32,2048,1,16384,454.815
32,2048,2,16,63.442
32,2048,2,32,63.3887
32,2048,2,64,63.3887
32,2048,2,128,63.4633
32,2048,2,256,63.3677
32,2048,2,512,63.3143
32,2048,2,1024,63.282
32,2048,2,2048,63.485
32,2048,2,4096,119.227
32,2048,2,8192,230.932
32,2048,2,16384,458.333
32,2048,4,16,63.2287
32,2048,4,32,63.1117
32,2048,4,64,63.1647
32,2048,4,128,63.122
32,2048,4,256,63.0797
32,2048,4,512,63.037
32,2048,4,1024,63.0587
32,2048,4,2048,63.5163
32,2048,4,4096,119.482
32,2048,4,8192,231.701
32,2048,4,16384,469.629
32,2048,8,16,63.0687
32,2048,8,32,63.101
32,2048,8,64,63.0693
32,2048,8,128,63.2077
32,2048,8,256,63.1757
32,2048,8,512,63.4207
32,2048,8,1024,63.8797
32,2048,8,2048,64.3703
32,2048,8,4096,121.732
32,2048,8,8192,240.564
32,2048,8,16384,477.662
32,2048,16,16,69.031
32,2048,16,32,69.159
32,2048,16,64,69.3613
32,2048,16,128,72.5083
32,2048,16,256,76.0707
32,2048,16,512,83.185
32,2048,16,1024,97.8943
32,2048,16,2048,126.597
32,2048,16,4096,240.661
32,2048,16,8192,482.365
32,2048,16,16384,953.617
32,2048,32,16,78.1393
32,2048,32,32,78.407
32,2048,32,64,78.556
32,2048,32,128,88.4757
32,2048,32,256,99.0567
32,2048,32,512,120.421
32,2048,32,1024,163.032
32,2048,32,2048,248.468
32,2048,32,4096,476.958
32,2048,32,8192,944.946
32,2048,32,16384,1875.64
32,2048,64,16,92.6567
32,2048,64,32,92.817
32,2048,64,64,93.4883
32,2048,64,128,113.797
32,2048,64,256,135.523
32,2048,64,512,178.081
32,2048,64,1024,262.644
32,2048,64,2048,445.994
32,2048,64,4096,920.862
32,2048,64,8192,1807.56
32,2048,64,16384,3624.51
32,4096,0,0,119.418
32,4096,1,16,119.311
32,4096,1,32,119.301
32,4096,1,64,119.087
32,4096,1,128,119.098
32,4096,1,256,119.119
32,4096,1,512,119.109
32,4096,1,1024,119.109
32,4096,1,2048,119.141
32,4096,1,4096,119.226
32,4096,1,8192,230.922
32,4096,1,16384,454.772
32,4096,2,16,119.375
32,4096,2,32,119.343
32,4096,2,64,119.237
32,4096,2,128,119.259
32,4096,2,256,119.205
32,4096,2,512,119.312
32,4096,2,1024,119.279
32,4096,2,2048,119.322
32,4096,2,4096,119.355
32,4096,2,8192,231.252
32,4096,2,16384,454.921
32,4096,4,16,118.842
32,4096,4,32,118.863
32,4096,4,64,119.014
32,4096,4,128,118.863
32,4096,4,256,118.895
32,4096,4,512,118.96
32,4096,4,1024,119.066
32,4096,4,2048,118.917
32,4096,4,4096,119.748
32,4096,4,8192,231.892
32,4096,4,16384,469.801
32,4096,8,16,118.938
32,4096,8,32,118.885
32,4096,8,64,118.97
32,4096,8,128,119.109
32,4096,8,256,119.151
32,4096,8,512,119.28
32,4096,8,1024,119.557
32,4096,8,2048,120.016
32,4096,8,4096,121.477
32,4096,8,8192,240.436
32,4096,8,16384,478.036
32,4096,16,16,124.869
32,4096,16,32,124.943
32,4096,16,64,125.508
32,4096,16,128,128.591
32,4096,16,256,131.769
32,4096,16,512,139.001
32,4096,16,1024,153.549
32,4096,16,2048,182.69
32,4096,16,4096,242.175
32,4096,16,8192,481.289
32,4096,16,16384,953.458
32,4096,32,16,133.519
32,4096,32,32,133.998
32,4096,32,64,134.094
32,4096,32,128,143.876
32,4096,32,256,154.744
32,4096,32,512,175.842
32,4096,32,1024,218.57
32,4096,32,2048,303.867
32,4096,32,4096,484.116
32,4096,32,8192,944.989
32,4096,32,16384,1874.59
32,4096,64,16,148.408
32,4096,64,32,148.686
32,4096,64,64,149.368
32,4096,64,128,169.155
32,4096,64,256,191.201
32,4096,64,512,233.845
32,4096,64,1024,318.715
32,4096,64,2048,500.829
32,4096,64,4096,924.99
32,4096,64,8192,1834.49
32,4096,64,16384,3680.64
32,8192,0,0,231.179
32,8192,1,16,230.645
32,8192,1,32,230.965
32,8192,1,64,230.836
32,8192,1,128,230.688
32,8192,1,256,230.742
32,8192,1,512,230.954
32,8192,1,1024,230.709
32,8192,1,2048,230.954
32,8192,1,4096,230.784
32,8192,1,8192,231.093
32,8192,1,16384,454.677
32,8192,2,16,231.328
32,8192,2,32,231.391
32,8192,2,64,231.221
32,8192,2,128,231.616
32,8192,2,256,230.997
32,8192,2,512,231.487
32,8192,2,1024,231.157
32,8192,2,2048,231.06
32,8192,2,4096,231.284
32,8192,2,8192,231.423
32,8192,2,16384,458.645
32,8192,4,16,230.826
32,8192,4,32,230.421
32,8192,4,64,230.954
32,8192,4,128,230.719
32,8192,4,256,230.549
32,8192,4,512,230.431
32,8192,4,1024,230.783
32,8192,4,2048,230.506
32,8192,4,4096,230.985
32,8192,4,8192,232.682
32,8192,4,16384,470.409
32,8192,8,16,230.496
32,8192,8,32,230.303
32,8192,8,64,230.41
32,8192,8,128,230.496
32,8192,8,256,230.496
32,8192,8,512,230.912
32,8192,8,1024,231.136
32,8192,8,2048,231.69
32,8192,8,4096,236.65
32,8192,8,8192,239.85
32,8192,8,16384,480.414
32,8192,16,16,236.233
32,8192,16,32,236.65
32,8192,16,64,236.447
32,8192,16,128,240.105
32,8192,16,256,242.879
32,8192,16,512,250.185
32,8192,16,1024,264.883
32,8192,16,2048,293.618
32,8192,16,4096,354.308
32,8192,16,8192,481.129
32,8192,16,16384,951.389
32,8192,32,16,244.777
32,8192,32,32,245.342
32,8192,32,64,244.98
32,8192,32,128,254.974
32,8192,32,256,266.131
32,8192,32,512,286.984
32,8192,32,1024,330.181
32,8192,32,2048,416.065
32,8192,32,4096,594.158
32,8192,32,8192,953.459
32,8192,32,16384,1869.26
32,8192,64,16,259.784
32,8192,64,32,260.031
32,8192,64,64,260.969
32,8192,64,128,281.032
32,8192,64,256,302.631
32,8192,64,512,345.541
32,8192,64,1024,431.136
32,8192,64,2048,609.87
32,8192,64,4096,1036.85
32,8192,64,8192,1820.62
32,8192,64,16384,3682.41
32,16384,0,0,455.552
32,16384,1,16,454.623
32,16384,1,32,454.41
32,16384,1,64,454.443
32,16384,1,128,454.272
32,16384,1,256,455.05
32,16384,1,512,454.645
32,16384,1,1024,454.795
32,16384,1,2048,454.272
32,16384,1,4096,454.73
32,16384,1,8192,454.933
32,16384,1,16384,455.882
32,16384,2,16,455.071
32,16384,2,32,454.858
32,16384,2,64,454.869
32,16384,2,128,455.158
32,16384,2,256,454.986
32,16384,2,512,455.274
32,16384,2,1024,455.05
32,16384,2,2048,455.168
32,16384,2,4096,454.761
32,16384,2,8192,455.061
32,16384,2,16384,462.869
32,16384,4,16,454.56
32,16384,4,32,454.602
32,16384,4,64,454.506
32,16384,4,128,454.603
32,16384,4,256,454.134
32,16384,4,512,454.368
32,16384,4,1024,454.57
32,16384,4,2048,454.517
32,16384,4,4096,455.455
32,16384,4,8192,467.178
32,16384,4,16384,469.674
32,16384,8,16,453.588
32,16384,8,32,453.728
32,16384,8,64,453.525
32,16384,8,128,453.578
32,16384,8,256,453.739
32,16384,8,512,454.197
32,16384,8,1024,454.432
32,16384,8,2048,455.444
32,16384,8,4096,476.607
32,16384,8,8192,478.101
32,16384,8,16384,477.769
32,16384,16,16,459.103
32,16384,16,32,459.456
32,16384,16,64,459.957
32,16384,16,128,462.282
32,16384,16,256,466.239
32,16384,16,512,473.684
32,16384,16,1024,487.839
32,16384,16,2048,515.943
32,16384,16,4096,576.186
32,16384,16,8192,714.409
32,16384,16,16384,954.696
32,16384,32,16,466.303
32,16384,32,32,466.763
32,16384,32,64,467.744
32,16384,32,128,477.098
32,16384,32,256,488.095
32,16384,32,512,509.096
32,16384,32,1024,552.347
32,16384,32,2048,637.74
32,16384,32,4096,819.737
32,16384,32,8192,1179.11
32,16384,32,16384,1881.99
32,16384,64,16,482.964
32,16384,64,32,483.028
32,16384,64,64,484.03
32,16384,64,128,504.114
32,16384,64,256,526.119
32,16384,64,512,569.062
32,16384,64,1024,653.271
32,16384,64,2048,833.636
32,16384,64,4096,1254.31
32,16384,64,8192,2053.4
32,16384,64,16384,3639.36
64,0,0,0,8.586
64,0,1,16,8.64
64,0,1,32,8.64
64,0,1,64,8.68233
64,0,1,128,11.0187
64,0,1,256,14.485
64,0,1,512,21.3643
64,0,1,1024,35.327
64,0,1,2048,63.2937
64,0,1,4096,119.354
64,0,1,8192,231.53
64,0,1,16384,455.061
64,0,2,16,8.55467
64,0,2,32,8.52167
64,0,2,64,8.59667
64,0,2,128,10.9863
64,0,2,256,14.463
64,0,2,512,21.311
64,0,2,1024,35.401
64,0,2,2048,63.2823
64,0,2,4096,119.312
64,0,2,8192,231.403
64,0,2,16384,457.834
64,0,4,16,8.58633
64,0,4,32,8.533
64,0,4,64,8.47933
64,0,4,128,10.9857
64,0,4,256,14.4947
64,0,4,512,21.3753
64,0,4,1024,35.39
64,0,4,2048,63.5277
64,0,4,4096,119.439
64,0,4,8192,231.605
64,0,4,16384,470.613
64,0,8,16,8.46867
64,0,8,32,8.40533
64,0,8,64,8.61867
64,0,8,128,11.072
64,0,8,256,14.5597
64,0,8,512,21.4503
64,0,8,1024,35.8703
64,0,8,2048,64.295
64,0,8,4096,121.349
64,0,8,8192,237.525
64,0,8,16384,481.077
64,0,16,16,13.6103
64,0,16,32,13.6527
64,0,16,64,13.717
64,0,16,128,19.4017
64,0,16,256,26.5693
64,0,16,512,40.6593
64,0,16,1024,69.106
64,0,16,2048,126.202
64,0,16,4096,240.512
64,0,16,8192,482.826
64,0,16,16384,954.718
64,0,32,16,22.623
64,0,32,32,22.7077
64,0,32,64,22.975
64,0,32,128,35.1877
64,0,32,256,49.6617
64,0,32,512,77.5537
64,0,32,1024,133.999
64,0,32,2048,246.165
64,0,32,4096,479.306
64,0,32,8192,942.677
64,0,32,16384,1873.43
64,0,64,16,36.766
64,0,64,32,36.841
64,0,64,64,37.4597
64,0,64,128,59.8797
64,0,64,256,84.9347
64,0,64,512,134.66
64,0,64,1024,233.376
64,0,64,2048,440.918
64,0,64,4096,905.825
64,0,64,8192,1792.04
64,0,64,16384,3589.93
64,16,0,0,8.64967
64,16,1,16,8.618
64,16,1,32,8.67167
64,16,1,64,8.72533
64,16,1,128,11.0073
64,16,1,256,14.5277
64,16,1,512,21.3537
64,16,1,1024,35.3587
64,16,1,2048,63.3353
64,16,1,4096,119.376
64,16,1,8192,231.275
64,16,1,16384,455.531
64,16,2,16,8.53333
64,16,2,32,8.65067
64,16,2,64,8.64
64,16,2,128,10.9967
64,16,2,256,14.3677
64,16,2,512,21.3533
64,16,2,1024,35.3257
64,16,2,2048,63.368
64,16,2,4096,119.418
64,16,2,8192,231.595
64,16,2,16384,458.048
64,16,4,16,8.42633
64,16,4,32,8.533
64,16,4,64,8.544
64,16,4,128,10.933
64,16,4,256,14.4743
64,16,4,512,21.46
64,16,4,1024,35.4327
64,16,4,2048,63.571
64,16,4,4096,119.621
64,16,4,8192,232.032
64,16,4,16384,467.819
64,16,8,16,8.40433
64,16,8,32,8.54333
64,16,8,64,8.565
64,16,8,128,11.0607
64,16,8,256,14.3667
64,16,8,512,21.525
64,16,8,1024,35.6893
64,16,8,2048,64.2103
64,16,8,4096,121.498
64,16,8,8192,238.282
64,16,8,16384,479.733
64,16,16,16,13.5887
64,16,16,32,13.5353
64,16,16,64,13.803
64,16,16,128,19.295
64,16,16,256,26.484
64,16,16,512,40.489
64,16,16,1024,69.064
64,16,16,2048,126.256
64,16,16,4096,240.768
64,16,16,8192,481.461
64,16,16,16384,953.13
64,16,32,16,22.6013
64,16,32,32,22.847
64,16,32,64,23.0283
64,16,32,128,35.0487
64,16,32,256,49.289
64,16,32,512,77.6073
64,16,32,1024,133.988
64,16,32,2048,246.453
64,16,32,4096,479.189
64,16,32,8192,944.246
64,16,32,16384,1869.63
64,16,64,16,36.895
64,16,64,32,37.0117
64,16,64,64,37.7583
64,16,64,128,59.8057
64,16,64,256,85.1697
64,16,64,512,134.618
64,16,64,1024,233.323
64,16,64,2048,441.676
64,16,64,4096,901.453
64,16,64,8192,1791.49
64,16,64,16384,3580.42
64,32,0,0,8.64
64,32,1,16,8.60767
64,32,1,32,8.736
64,32,1,64,8.82033
64,32,1,128,10.9863
64,32,1,256,14.463
64,32,1,512,21.332
64,32,1,1024,35.3693
64,32,1,2048,63.335
64,32,1,4096,119.237
64,32,1,8192,231.499
64,32,1,16384,455.211
64,32,2,16,8.576
64,32,2,32,8.68233
64,32,2,64,8.789
64,32,2,128,11.039
64,32,2,256,14.4103
64,32,2,512,21.343
64,32,2,1024,35.3477
64,32,2,2048,63.3143
64,32,2,4096,119.354
64,32,2,8192,231.296
64,32,2,16384,457.451
64,32,4,16,8.41567
64,32,4,32,8.46933
64,32,4,64,8.62933
64,32,4,128,10.9323
64,32,4,256,14.5167
64,32,4,512,21.3
64,32,4,1024,35.3373
64,32,4,2048,63.4853
64,32,4,4096,119.717
64,32,4,8192,231.979
64,32,4,16384,470.219
64,32,8,16,8.35167
64,32,8,32,8.501
64,32,8,64,8.76767
64,32,8,128,11.0507
64,32,8,256,14.41
64,32,8,512,21.4287
64,32,8,1024,35.7633
64,32,8,2048,64.2107
64,32,8,4096,121.413
64,32,8,8192,238.699
64,32,8,16384,477.771
64,32,16,16,13.5993
64,32,16,32,13.845
64,32,16,64,14.0047
64,32,16,128,19.348
64,32,16,256,26.6123
64,32,16,512,40.681
64,32,16,1024,69.0843
64,32,16,2048,126.042
64,32,16,4096,241.12
64,32,16,8192,481.493
64,32,16,16384,955.67
64,32,32,16,22.58
64,32,32,32,22.815
64,32,32,64,23.0493
64,32,32,128,35.102
64,32,32,256,49.4377
64,32,32,512,77.543
64,32,32,1024,134.266
64,32,32,2048,246.336
64,32,32,4096,475.958
64,32,32,8192,944.353
64,32,32,16384,1874.44
64,32,64,16,36.7237
64,32,64,32,37.0653
64,32,64,64,37.6087
64,32,64,128,59.8593
64,32,64,256,84.999
64,32,64,512,134.64
64,32,64,1024,233.269
64,32,64,2048,441.292
64,32,64,4096,905.666
64,32,64,8192,1788.1
64,32,64,16384,3571.79
64,64,0,0,8.597
64,64,1,16,8.608
64,64,1,32,8.57567
64,64,1,64,8.71433
64,64,1,128,10.9967
64,64,1,256,14.4417
64,64,1,512,21.3223
64,64,1,1024,35.337
64,64,1,2048,63.3777
64,64,1,4096,119.268
64,64,1,8192,231.147
64,64,1,16384,454.732
64,64,2,16,8.608
64,64,2,32,8.608
64,64,2,64,8.63933
64,64,2,128,11.061
64,64,2,256,14.474
64,64,2,512,21.4497
64,64,2,1024,35.4013
64,64,2,2048,63.368
64,64,2,4096,119.248
64,64,2,8192,231.381
64,64,2,16384,457.665
64,64,4,16,8.43667
64,64,4,32,8.55467
64,64,4,64,8.49067
64,64,4,128,11.029
64,64,4,256,14.485
64,64,4,512,21.4073
64,64,4,1024,35.454
64,64,4,2048,63.453
64,64,4,4096,119.621
64,64,4,8192,231.777
64,64,4,16384,468.759
64,64,8,16,8.42633
64,64,8,32,8.50067
64,64,8,64,8.54333
64,64,8,128,11.0397
64,64,8,256,14.602
64,64,8,512,21.8763
64,64,8,1024,35.9457
64,64,8,2048,64.3707
64,64,8,4096,121.264
64,64,8,8192,238.56
64,64,8,16384,477.077
64,64,16,16,13.8237
64,64,16,32,13.7913
64,64,16,64,13.9517
64,64,16,128,19.4553
64,64,16,256,26.5483
64,64,16,512,40.595
64,64,16,1024,69.277
64,64,16,2048,126.298
64,64,16,4096,241.131
64,64,16,8192,481.525
64,64,16,16384,953.312
64,64,32,16,22.6763
64,64,32,32,22.847
64,64,32,64,23.2737
64,64,32,128,35.294
64,64,32,256,49.4377
64,64,32,512,77.8317
64,64,32,1024,134.266
64,64,32,2048,246.186
64,64,32,4096,478.539
64,64,32,8192,931.096
64,64,32,16384,1870.6
64,64,64,16,36.862
64,64,64,32,37.2463
64,64,64,64,37.7047
64,64,64,128,59.7303
64,64,64,256,84.8493
64,64,64,512,134.703
64,64,64,1024,233.206
64,64,64,2048,440.727
64,64,64,4096,905.71
64,64,64,8192,1788.15
64,64,64,16384,3588.22
64,128,0,0,12.053
64,128,1,16,11.3817
64,128,1,32,11.3377
64,128,1,64,11.413
64,128,1,128,11.9777
64,128,1,256,14.4533
64,128,1,512,21.3433
64,128,1,1024,35.327
64,128,1,2048,63.4103
64,128,1,4096,119.344
64,128,1,8192,231.201
64,128,1,16384,455.479
64,128,2,16,11.3487
64,128,2,32,11.37
64,128,2,64,11.37
64,128,2,128,11.9247
64,128,2,256,14.4523
64,128,2,512,21.354
64,128,2,1024,35.3377
64,128,2,2048,63.3257
64,128,2,4096,119.323
64,128,2,8192,231.115
64,128,2,16384,456.982
64,128,4,16,11.285
64,128,4,32,11.274
64,128,4,64,11.2633
64,128,4,128,11.711
64,128,4,256,14.4527
64,128,4,512,21.343
64,128,4,1024,35.3903
64,128,4,2048,63.5277
64,128,4,4096,119.696
64,128,4,8192,231.734
64,128,4,16384,469.836
64,128,8,16,11.2633
64,128,8,32,11.2957
64,128,8,64,11.3377
64,128,8,128,11.6583
64,128,8,256,14.463
64,128,8,512,21.364
64,128,8,1024,35.7423
64,128,8,2048,64.2317
64,128,8,4096,121.243
64,128,8,8192,241.025
64,128,8,16384,475.243
64,128,16,16,17.2153
64,128,16,32,17.301
64,128,16,64,17.4713
64,128,16,128,20.4577
64,128,16,256,26.506
64,128,16,512,40.6173
64,128,16,1024,69.0637
64,128,16,2048,125.99
64,128,16,4096,240.629
64,128,16,8192,481.856
64,128,16,16384,954.05
64,128,32,16,26.1433
64,128,32,32,26.367
64,128,32,64,26.6017
64,128,32,128,36.5317
64,128,32,256,49.3633
64,128,32,512,77.4893
64,128,32,1024,134.362
64,128,32,2048,246.251
64,128,32,4096,478.475
64,128,32,8192,943.213
64,128,32,16384,1873.15
64,128,64,16,40.3603
64,128,64,32,40.5957
64,128,64,64,41.129
64,128,64,128,61.2127
64,128,64,256,84.9137
64,128,64,512,134.735
64,128,64,1024,233.43
64,128,64,2048,440.12
64,128,64,4096,903.769
64,128,64,8192,1789.82
64,128,64,16384,3576.83
64,256,0,0,15.4237
64,256,1,16,14.869
64,256,1,32,14.9113
64,256,1,64,14.9323
64,256,1,128,14.8583
64,256,1,256,15.231
64,256,1,512,21.3217
64,256,1,1024,35.422
64,256,1,2048,63.3363
64,256,1,4096,119.227
64,256,1,8192,231.169
64,256,1,16384,455.287
64,256,2,16,14.8583
64,256,2,32,14.9113
64,256,2,64,14.8047
64,256,2,128,14.89
64,256,2,256,15.072
64,256,2,512,21.375
64,256,2,1024,35.3793
64,256,2,2048,63.464
64,256,2,4096,119.173
64,256,2,8192,231.179
64,256,2,16384,456.097
64,256,4,16,14.8263
64,256,4,32,14.7297
64,256,4,64,14.826
64,256,4,128,14.73
64,256,4,256,14.9967
64,256,4,512,21.3747
64,256,4,1024,35.4117
64,256,4,2048,63.432
64,256,4,4096,119.451
64,256,4,8192,231.873
64,256,4,16384,470.7
64,256,8,16,14.8153
64,256,8,32,14.7517
64,256,8,64,14.741
64,256,8,128,15.1783
64,256,8,256,15.0927
64,256,8,512,21.6307
64,256,8,1024,35.828
64,256,8,2048,64.2747
64,256,8,4096,120.955
64,256,8,8192,239.563
64,256,8,16384,475.745
64,256,16,16,20.746
64,256,16,32,20.906
64,256,16,64,21.162
64,256,16,128,24.0947
64,256,16,256,27.6577
64,256,16,512,40.51
64,256,16,1024,69.0747
64,256,16,2048,126.043
64,256,16,4096,241.067
64,256,16,8192,480.876
64,256,16,16384,953.485
64,256,32,16,29.6623
64,256,32,32,29.8013
64,256,32,64,30.1003
64,256,32,128,40.1047
64,256,32,256,50.7607
64,256,32,512,77.4263
64,256,32,1024,134.298
64,256,32,2048,246.411
64,256,32,4096,479.211
64,256,32,8192,945.496
64,256,32,16384,1871.53
64,256,64,16,43.8487
64,256,64,32,44.1047
64,256,64,64,44.841
64,256,64,128,64.9033
64,256,64,256,86.5243
64,256,64,512,134.736
64,256,64,1024,233.27
64,256,64,2048,439.896
64,256,64,4096,904.88
64,256,64,8192,1789.73
64,256,64,16384,3585.28
64,512,0,0,22.2813
64,512,1,16,21.8123
64,512,1,32,21.7483
64,512,1,64,21.7803
64,512,1,128,21.8233
64,512,1,256,21.7157
64,512,1,512,22.0043
64,512,1,1024,35.391
64,512,1,2048,63.3143
64,512,1,4096,119.515
64,512,1,8192,231.351
64,512,1,16384,454.711
64,512,2,16,21.78
64,512,2,32,21.7587
64,512,2,64,21.7697
64,512,2,128,21.717
64,512,2,256,21.7377
64,512,2,512,21.9723
64,512,2,1024,35.305
64,512,2,2048,63.3573
64,512,2,4096,119.227
64,512,2,8192,231.094
64,512,2,16384,455.682
64,512,4,16,21.6523
64,512,4,32,21.5883
64,512,4,64,21.631
64,512,4,128,21.631
64,512,4,256,21.684
64,512,4,512,21.8443
64,512,4,1024,35.476
64,512,4,2048,63.5277
64,512,4,4096,119.643
64,512,4,8192,231.521
64,512,4,16384,469.953
64,512,8,16,21.5893
64,512,8,32,21.631
64,512,8,64,21.663
64,512,8,128,21.887
64,512,8,256,21.9717
64,512,8,512,22.1533
64,512,8,1024,36.0413
64,512,8,2048,64.296
64,512,8,4096,121.168
64,512,8,8192,239.819
64,512,8,16384,477.409
64,512,16,16,27.6363
64,512,16,32,27.721
64,512,16,64,27.8173
64,512,16,128,30.985
64,512,16,256,34.612
64,512,16,512,41.513
64,512,16,1024,68.9677
64,512,16,2048,126.064
64,512,16,4096,241.387
64,512,16,8192,482.134
64,512,16,16384,952.398
64,512,32,16,36.5643
64,512,32,32,36.788
64,512,32,64,37.097
64,512,32,128,47.049
64,512,32,256,57.747
64,512,32,512,78.8983
64,512,32,1024,134.32
64,512,32,2048,246.048
64,512,32,4096,476.673
64,512,32,8192,937.721
64,512,32,16384,1873.11
64,512,64,16,50.8027
64,512,64,32,51.176
64,512,64,64,51.8483
64,512,64,128,71.9223
64,512,64,256,93.521
64,512,64,512,136.005
64,512,64,1024,233.174
64,512,64,2048,439.629
64,512,64,4096,907.035
64,512,64,8192,1792.31
64,512,64,16384,3584.16
64,1024,0,0,36.233
64,1024,1,16,35.7423
64,1024,1,32,35.6783
64,1024,1,64,35.711
64,1024,1,128,35.6677
64,1024,1,256,35.7527
64,1024,1,512,35.7953
64,1024,1,1024,35.9877
64,1024,1,2048,63.304
64,1024,1,4096,119.281
64,1024,1,8192,231.073
64,1024,1,16384,454.722
64,1024,2,16,35.7103
64,1024,2,32,35.774
64,1024,2,64,35.7533
64,1024,2,128,35.7323
64,1024,2,256,35.7633
64,1024,2,512,35.839
64,1024,2,1024,35.956
64,1024,2,2048,63.2823
64,1024,2,4096,119.43
64,1024,2,8192,231.083
64,1024,2,16384,455.395
64,1024,4,16,35.5607
64,1024,4,32,35.5183
64,1024,4,64,35.593
64,1024,4,128,35.4867
64,1024,4,256,35.6253
64,1024,4,512,35.4653
64,1024,4,1024,35.796
64,1024,4,2048,63.5817
64,1024,4,4096,119.622
64,1024,4,8192,231.649
64,1024,4,16384,469.431
64,1024,8,16,35.5717
64,1024,8,32,35.5937
64,1024,8,64,35.593
64,1024,8,128,35.838
64,1024,8,256,35.9347
64,1024,8,512,36.084
64,1024,8,1024,36.201
64,1024,8,2048,64.296
64,1024,8,4096,121.242
64,1024,8,8192,239.382
64,1024,8,16384,477.58
64,1024,16,16,41.5023
64,1024,16,32,41.6413
64,1024,16,64,41.8967
64,1024,16,128,45.022
64,1024,16,256,48.5953
64,1024,16,512,55.6567
64,1024,16,1024,69.9917
64,1024,16,2048,126.224
64,1024,16,4096,241.046
64,1024,16,8192,483.127
64,1024,16,16384,953.166
64,1024,32,16,50.5157
64,1024,32,32,50.7827
64,1024,32,64,50.9103
64,1024,32,128,60.989
64,1024,32,256,71.8687
64,1024,32,512,93.3403
64,1024,32,1024,135.951
64,1024,32,2048,246.304
64,1024,32,4096,476.567
64,1024,32,8192,943.684
64,1024,32,16384,1862
64,1024,64,16,65.022
64,1024,64,32,65.3417
64,1024,64,64,65.938
64,1024,64,128,86.0123
64,1024,64,256,107.708
64,1024,64,512,150.127
64,1024,64,1024,234.956
64,1024,64,2048,437.262
64,1024,64,4096,907.558
64,1024,64,8192,1794.98
64,1024,64,16384,3569.02
64,2048,0,0,64.1363
64,2048,1,16,63.7417
64,2048,1,32,63.688
64,2048,1,64,63.6453
64,2048,1,128,63.6457
64,2048,1,256,63.5603
64,2048,1,512,63.5707
64,2048,1,1024,63.603
64,2048,1,2048,63.7627
64,2048,1,4096,119.206
64,2048,1,8192,231.009
64,2048,1,16384,455.373
64,2048,2,16,63.7737
64,2048,2,32,63.7313
64,2048,2,64,63.7413
64,2048,2,128,63.688
64,2048,2,256,63.5923
64,2048,2,512,63.603
64,2048,2,1024,63.816
64,2048,2,2048,63.912
64,2048,2,4096,119.323
64,2048,2,8192,231.297
64,2048,2,16384,459.682
64,2048,4,16,63.474
64,2048,4,32,63.5707
64,2048,4,64,63.5593
64,2048,4,128,63.4633
64,2048,4,256,63.3783
64,2048,4,512,63.443
64,2048,4,1024,63.6453
64,2048,4,2048,63.635
64,2048,4,4096,119.515
64,2048,4,8192,233.462
64,2048,4,16384,469.731
64,2048,8,16,63.4643
64,2048,8,32,63.4317
64,2048,8,64,63.432
64,2048,8,128,63.7413
64,2048,8,256,63.9227
64,2048,8,512,63.9337
64,2048,8,1024,64.2537
64,2048,8,2048,64.6907
64,2048,8,4096,121.883
64,2048,8,8192,240.279
64,2048,8,16384,480.813
64,2048,16,16,69.4693
64,2048,16,32,69.543
64,2048,16,64,69.703
64,2048,16,128,72.925
64,2048,16,256,76.3163
64,2048,16,512,83.6447
64,2048,16,1024,98.0223
64,2048,16,2048,127.099
64,2048,16,4096,241.206
64,2048,16,8192,481.569
64,2048,16,16384,952.826
64,2048,32,16,77.981
64,2048,32,32,78.4717
64,2048,32,64,78.877
64,2048,32,128,88.6143
64,2048,32,256,99.6227
64,2048,32,512,121.168
64,2048,32,1024,163.78
64,2048,32,2048,248.779
64,2048,32,4096,476.599
64,2048,32,8192,944.463
64,2048,32,16384,1857.4
64,2048,64,16,92.924
64,2048,64,32,93.031
64,2048,64,64,93.65
64,2048,64,128,114.086
64,2048,64,256,135.823
64,2048,64,512,178.232
64,2048,64,1024,262.933
64,2048,64,2048,447.043
64,2048,64,4096,917.232
64,2048,64,8192,1811.94
64,2048,64,16384,3594.65
64,4096,0,0,119.632
64,4096,1,16,119.579
64,4096,1,32,119.547
64,4096,1,64,119.504
64,4096,1,128,119.526
64,4096,1,256,119.483
64,4096,1,512,119.568
64,4096,1,1024,119.377
64,4096,1,2048,119.6
64,4096,1,4096,119.398
64,4096,1,8192,231.052
64,4096,1,16384,455.907
64,4096,2,16,119.824
64,4096,2,32,119.717
64,4096,2,64,119.675
64,4096,2,128,119.781
64,4096,2,256,119.782
64,4096,2,512,119.739
64,4096,2,1024,119.834
64,4096,2,2048,119.729
64,4096,2,4096,119.856
64,4096,2,8192,231.308
64,4096,2,16384,459.607
64,4096,4,16,119.28
64,4096,4,32,119.216
64,4096,4,64,119.387
64,4096,4,128,119.302
64,4096,4,256,119.387
64,4096,4,512,119.59
64,4096,4,1024,119.568
64,4096,4,2048,119.59
64,4096,4,4096,119.75
64,4096,4,8192,231.724
64,4096,4,16384,471.031
64,4096,8,16,119.269
64,4096,8,32,119.291
64,4096,8,64,119.249
64,4096,8,128,119.558
64,4096,8,256,119.547
64,4096,8,512,119.76
64,4096,8,1024,119.825
64,4096,8,2048,120.678
64,4096,8,4096,121.766
64,4096,8,8192,240.791
64,4096,8,16384,480.098
64,4096,16,16,125.478
64,4096,16,32,125.222
64,4096,16,64,125.542
64,4096,16,128,128.806
64,4096,16,256,132.219
64,4096,16,512,139.419
64,4096,16,1024,153.817
64,4096,16,2048,182.595
64,4096,16,4096,241.985
64,4096,16,8192,481.591
64,4096,16,16384,956.623
64,4096,32,16,133.968
64,4096,32,32,133.946
64,4096,32,64,134.117
64,4096,32,128,144.624
64,4096,32,256,155.364
64,4096,32,512,176.719
64,4096,32,1024,219.735
64,4096,32,2048,304.532
64,4096,32,4096,485.079
64,4096,32,8192,946.074
64,4096,32,16384,1871.63
64,4096,64,16,148.346
64,4096,64,32,148.709
64,4096,64,64,149.189
64,4096,64,128,169.678
64,4096,64,256,191.651
64,4096,64,512,234.273
64,4096,64,1024,319.252
64,4096,64,2048,502.562
64,4096,64,4096,925.286
64,4096,64,8192,1830.5
64,4096,64,16384,3687.4
64,8192,0,0,231.426
64,8192,1,16,231.415
64,8192,1,32,231.201
64,8192,1,64,231.201
64,8192,1,128,231.383
64,8192,1,256,230.988
64,8192,1,512,230.945
64,8192,1,1024,231.286
64,8192,1,2048,230.902
64,8192,1,4096,231.362
64,8192,1,8192,231.595
64,8192,1,16384,455.864
64,8192,2,16,231.841
64,8192,2,32,231.703
64,8192,2,64,231.777
64,8192,2,128,231.841
64,8192,2,256,231.703
64,8192,2,512,231.671
64,8192,2,1024,231.522
64,8192,2,2048,231.554
64,8192,2,4096,231.692
64,8192,2,8192,231.915
64,8192,2,16384,460.611
64,8192,4,16,231.062
64,8192,4,32,231.149
64,8192,4,64,230.924
64,8192,4,128,230.978
64,8192,4,256,230.892
64,8192,4,512,231.02
64,8192,4,1024,230.882
64,8192,4,2048,231.169
64,8192,4,4096,231.394
64,8192,4,8192,232.78
64,8192,4,16384,470.072
64,8192,8,16,231.307
64,8192,8,32,230.839
64,8192,8,64,230.999
64,8192,8,128,231.159
64,8192,8,256,231.223
64,8192,8,512,231.521
64,8192,8,1024,231.511
64,8192,8,2048,232.31
64,8192,8,4096,240.503
64,8192,8,8192,240.716
64,8192,8,16384,481.037
64,8192,16,16,236.833
64,8192,16,32,236.769
64,8192,16,64,236.875
64,8192,16,128,240.257
64,8192,16,256,243.937
64,8192,16,512,251.52
64,8192,16,1024,265.002
64,8192,16,2048,294.389
64,8192,16,4096,355.015
64,8192,16,8192,481.613
64,8192,16,16384,953.488
64,8192,32,16,244.492
64,8192,32,32,245.185
64,8192,32,64,245.366
64,8192,32,128,255.617
64,8192,32,256,266.389
64,8192,32,512,287.615
64,8192,32,1024,330.632
64,8192,32,2048,415.813
64,8192,32,4096,595.38
64,8192,32,8192,954.214
64,8192,32,16384,1873.87
64,8192,64,16,259.979
64,8192,64,32,260.438
64,8192,64,64,260.918
64,8192,64,128,281.834
64,8192,64,256,302.878
64,8192,64,512,345.821
64,8192,64,1024,431.652
64,8192,64,2048,610.845
64,8192,64,4096,1035.7
64,8192,64,8192,1818.97
64,8192,64,16384,3665.29
64,16384,0,0,455.502
64,16384,1,16,455.097
64,16384,1,32,454.574
64,16384,1,64,455.48
64,16384,1,128,455.182
64,16384,1,256,455.31
64,16384,1,512,454.819
64,16384,1,1024,455.32
64,16384,1,2048,455.299
64,16384,1,4096,455.022
64,16384,1,8192,454.958
64,16384,1,16384,459.086
64,16384,2,16,455.491
64,16384,2,32,455.853
64,16384,2,64,455.118
64,16384,2,128,455.779
64,16384,2,256,455.246
64,16384,2,512,455.524
64,16384,2,1024,455.15
64,16384,2,2048,455.182
64,16384,2,4096,455.438
64,16384,2,8192,464.334
64,16384,2,16384,469.005
64,16384,4,16,454.703
64,16384,4,32,455.607
64,16384,4,64,455.48
64,16384,4,128,454.755
64,16384,4,256,455.118
64,16384,4,512,454.83
64,16384,4,1024,455.299
64,16384,4,2048,455.534
64,16384,4,4096,461.592
64,16384,4,8192,470.318
64,16384,4,16384,472.227
64,16384,8,16,453.711
64,16384,8,32,454.275
64,16384,8,64,454.424
64,16384,8,128,454.541
64,16384,8,256,454.211
64,16384,8,512,454.713
64,16384,8,1024,455.117
64,16384,8,2048,460.921
64,16384,8,4096,478.391
64,16384,8,8192,478.99
64,16384,8,16384,478.701
64,16384,16,16,459.725
64,16384,16,32,459.683
64,16384,16,64,459.875
64,16384,16,128,463.545
64,16384,16,256,466.883
64,16384,16,512,474.424
64,16384,16,1024,489.165
64,16384,16,2048,517.483
64,16384,16,4096,577.3
64,16384,16,8192,713.796
64,16384,16,16384,955.003
64,16384,32,16,467.672
64,16384,32,32,467.8
64,16384,32,64,467.95
64,16384,32,128,479.117
64,16384,32,256,488.749
64,16384,32,512,511.147
64,16384,32,1024,552.299
64,16384,32,2048,638.749
64,16384,32,4096,820.992
64,16384,32,8192,1173.94
64,16384,32,16384,1890.26
64,16384,64,16,483.031
64,16384,64,32,483.587
64,16384,64,64,483.917
64,16384,64,128,504.056
64,16384,64,256,527.425
64,16384,64,512,568.863
64,16384,64,1024,655.057
64,16384,64,2048,834.741
64,16384,64,4096,1258.52
64,16384,64,8192,2054.31
64,16384,64,16384,3630.3
128,0,0,0,8.65033
128,0,1,16,8.58633
128,0,1,32,8.661
128,0,1,64,8.618
128,0,1,128,11.1783
128,0,1,256,14.538
128,0,1,512,21.514
128,0,1,1024,35.4337
128,0,1,2048,63.4107
128,0,1,4096,119.494
128,0,1,8192,231.287
128,0,1,16384,455.737
128,0,2,16,8.53333
128,0,2,32,8.53267
128,0,2,64,8.629
128,0,2,128,11.2313
128,0,2,256,14.581
128,0,2,512,21.567
128,0,2,1024,35.5613
128,0,2,2048,63.5813
128,0,2,4096,119.793
128,0,2,8192,231.692
128,0,2,16384,457.369
128,0,4,16,8.46867
128,0,4,32,8.48967
128,0,4,64,8.55467
128,0,4,128,11.1887
128,0,4,256,14.5707
128,0,4,512,21.535
128,0,4,1024,35.4437
128,0,4,2048,64.0397
128,0,4,4096,120.187
128,0,4,8192,232.354
128,0,4,16384,470.456
128,0,8,16,9.00267
128,0,8,32,9.01333
128,0,8,64,8.91733
128,0,8,128,11.7543
128,0,8,256,15.3053
128,0,8,512,22.2927
128,0,8,1024,36.255
128,0,8,2048,64.6797
128,0,8,4096,121.467
128,0,8,8192,238.028
128,0,8,16384,478.808
128,0,16,16,14.2607
128,0,16,32,14.3457
128,0,16,64,14.4737
128,0,16,128,20.0097
128,0,16,256,27.1137
128,0,16,512,41.0757
128,0,16,1024,69.5973
128,0,16,2048,126.875
128,0,16,4096,241.655
128,0,16,8192,482.435
128,0,16,16384,954.962
128,0,32,16,23.242
128,0,32,32,23.3267
128,0,32,64,23.6467
128,0,32,128,35.7523
128,0,32,256,49.4707
128,0,32,512,78.098
128,0,32,1024,134.981
128,0,32,2048,247.329
128,0,32,4096,479.373
128,0,32,8192,945.19
128,0,32,16384,1874.15
128,0,64,16,38.5907
128,0,64,32,38.8257
128,0,64,64,39.401
128,0,64,128,61.1607
128,0,64,256,86.29
128,0,64,512,136.091
128,0,64,1024,234.892
128,0,64,2048,442.117
128,0,64,4096,906.664
128,0,64,8192,1795.22
128,0,64,16384,3574.05
128,16,0,0,11.146
128,16,1,16,11.285
128,16,1,32,11.296
128,16,1,64,11.349
128,16,1,128,11.3273
128,16,1,256,14.751
128,16,1,512,21.6317
128,16,1,1024,35.572
128,16,1,2048,63.624
128,16,1,4096,119.526
128,16,1,8192,231.714
128,16,1,16384,455.14
128,16,2,16,11.317
128,16,2,32,11.306
128,16,2,64,11.3597
128,16,2,128,11.2953
128,16,2,256,14.751
128,16,2,512,21.7057
128,16,2,1024,35.7533
128,16,2,2048,63.7627
128,16,2,4096,119.888
128,16,2,8192,231.703
128,16,2,16384,457.689
128,16,4,16,11.1997
128,16,4,32,11.2103
128,16,4,64,11.2637
128,16,4,128,11.2423
128,16,4,256,14.6553
128,16,4,512,21.5887
128,16,4,1024,35.903
128,16,4,2048,63.9013
128,16,4,4096,120.401
128,16,4,8192,232.716
128,16,4,16384,470.637
128,16,8,16,12.0527
128,16,8,32,12.0317
128,16,8,64,12.1913
128,16,8,128,12.0213
128,16,8,256,15.1347
128,16,8,512,22.1213
128,16,8,1024,36.287
128,16,8,2048,64.7017
128,16,8,4096,121.574
128,16,8,8192,238.284
128,16,8,16384,478.147
128,16,16,16,17.6103
128,16,16,32,17.653
128,16,16,64,17.6637
128,16,16,128,20.1063
128,16,16,256,27.071
128,16,16,512,41.0973
128,16,16,1024,69.48
128,16,16,2048,126.864
128,16,16,4096,241.847
128,16,16,8192,481.881
128,16,16,16384,954.62
128,16,32,16,26.4097
128,16,32,32,26.591
128,16,32,64,26.8257
128,16,32,128,36.1473
128,16,32,256,49.8323
128,16,32,512,78.045
128,16,32,1024,135.056
128,16,32,2048,247.682
128,16,32,4096,479.097
128,16,32,8192,944.657
128,16,32,16384,1874.52
128,16,64,16,41.726
128,16,64,32,42.2387
128,16,64,64,42.8247
128,16,64,128,61.9387
128,16,64,256,86.5037
128,16,64,512,136.357
128,16,64,1024,234.839
128,16,64,2048,440.303
128,16,64,4096,906.697
128,16,64,8192,1789.94
128,16,64,16384,3578.05
128,32,0,0,11.1673
128,32,1,16,11.2853
128,32,1,32,11.328
128,32,1,64,11.2423
128,32,1,128,11.4023
128,32,1,256,14.6227
128,32,1,512,21.5993
128,32,1,1024,35.5293
128,32,1,2048,63.5607
128,32,1,4096,119.398
128,32,1,8192,231.352
128,32,1,16384,455.951
128,32,2,16,11.2633
128,32,2,32,11.3277
128,32,2,64,11.37
128,32,2,128,11.3173
128,32,2,256,14.6343
128,32,2,512,21.4927
128,32,2,1024,35.583
128,32,2,2048,63.71
128,32,2,4096,119.74
128,32,2,8192,231.564
128,32,2,16384,457.284
128,32,4,16,11.264
128,32,4,32,11.2103
128,32,4,64,11.1893
128,32,4,128,11.242
128,32,4,256,14.6447
128,32,4,512,21.5457
128,32,4,1024,35.6567
128,32,4,2048,63.987
128,32,4,4096,120.465
128,32,4,8192,232.376
128,32,4,16384,471.119
128,32,8,16,12.0953
128,32,8,32,12.042
128,32,8,64,12.116
128,32,8,128,11.8823
128,32,8,256,15.253
128,32,8,512,22.282
128,32,8,1024,36.223
128,32,8,2048,64.691
128,32,8,4096,121.543
128,32,8,8192,238.551
128,32,8,16384,477.721
128,32,16,16,17.6417
128,32,16,32,17.6213
128,32,16,64,17.727
128,32,16,128,20.276
128,32,16,256,27.0173
128,32,16,512,41.0227
128,32,16,1024,69.554
128,32,16,2048,126.726
128,32,16,4096,241.783
128,32,16,8192,481.838
128,32,16,16384,956.092
128,32,32,16,26.6117
128,32,32,32,26.7617
128,32,32,64,26.9857
128,32,32,128,36.1477
128,32,32,256,49.8007
128,32,32,512,78.024
128,32,32,1024,134.896
128,32,32,2048,247.617
128,32,32,4096,479.406
128,32,32,8192,946.045
128,32,32,16384,1874.61
128,32,64,16,41.8223
128,32,64,32,42.0133
128,32,64,64,42.7717
128,32,64,128,61.8003
128,32,64,256,86.4077
128,32,64,512,136.198
128,32,64,1024,235.127
128,32,64,2048,440.848
128,32,64,4096,908.649
128,32,64,8192,1791.11
128,32,64,16384,3578.24
128,64,0,0,11.296
128,64,1,16,11.3597
128,64,1,32,11.3813
128,64,1,64,11.402
128,64,1,128,11.477
128,64,1,256,14.5917
128,64,1,512,21.4713
128,64,1,1024,35.487
128,64,1,2048,63.5597
128,64,1,4096,119.516
128,64,1,8192,231.884
128,64,1,16384,455.301
128,64,2,16,11.4023
128,64,2,32,11.3387
128,64,2,64,11.4133
128,64,2,128,11.4127
128,64,2,256,14.5913
128,64,2,512,21.4703
128,64,2,1024,35.5187
128,64,2,2048,63.6453
128,64,2,4096,119.814
128,64,2,8192,231.767
128,64,2,16384,456.667
128,64,4,16,11.316
128,64,4,32,11.37
128,64,4,64,11.487
128,64,4,128,11.306
128,64,4,256,14.5593
128,64,4,512,21.5467
128,64,4,1024,35.593
128,64,4,2048,64.1047
128,64,4,4096,120.177
128,64,4,8192,232.408
128,64,4,16384,470.724
128,64,8,16,12.1917
128,64,8,32,12.1487
128,64,8,64,12.4053
128,64,8,128,12.1487
128,64,8,256,15.3057
128,64,8,512,22.207
128,64,8,1024,36.351
128,64,8,2048,64.7117
128,64,8,4096,121.734
128,64,8,8192,240.162
128,64,8,16384,476.484
128,64,16,16,17.7057
128,64,16,32,17.834
128,64,16,64,17.8127
128,64,16,128,20.255
128,64,16,256,26.9747
128,64,16,512,41.279
128,64,16,1024,69.5437
128,64,16,2048,126.822
128,64,16,4096,241.687
128,64,16,8192,481.956
128,64,16,16384,953.725
128,64,32,16,26.591
128,64,32,32,26.719
128,64,32,64,27.0067
128,64,32,128,36.372
128,64,32,256,49.79
128,64,32,512,78.3017
128,64,32,1024,135.142
128,64,32,2048,247.671
128,64,32,4096,478.98
128,64,32,8192,944.189
128,64,32,16384,1873.01
128,64,64,16,42.153
128,64,64,32,42.3663
128,64,64,64,42.8887
128,64,64,128,62.035
128,64,64,256,86.493
128,64,64,512,136.027
128,64,64,1024,235.106
128,64,64,2048,441.967
128,64,64,4096,907.466
128,64,64,8192,1795.03
128,64,64,16384,3581.67
128,128,0,0,12.053
128,128,1,16,11.6793
128,128,1,32,11.7003
128,128,1,64,11.6687
128,128,1,128,11.882
128,128,1,256,14.5913
128,128,1,512,21.5133
128,128,1,1024,35.3907
128,128,1,2048,63.368
128,128,1,4096,119.334
128,128,1,8192,231.373
128,128,1,16384,455.802
128,128,2,16,11.7437
128,128,2,32,11.7117
128,128,2,64,11.7007
128,128,2,128,11.7437
128,128,2,256,14.5487
128,128,2,512,21.4603
128,128,2,1024,35.5077
128,128,2,2048,63.72
128,128,2,4096,119.89
128,128,2,8192,231.692
128,128,2,16384,457.082
128,128,4,16,11.69
128,128,4,32,11.7007
128,128,4,64,11.6787
128,128,4,128,11.7433
128,128,4,256,14.581
128,128,4,512,21.4823
128,128,4,1024,35.689
128,128,4,2048,64.0723
128,128,4,4096,120.081
128,128,4,8192,232.471
128,128,4,16384,468.878
128,128,8,16,12.5323
128,128,8,32,12.5653
128,128,8,64,12.5217
128,128,8,128,12.5007
128,128,8,256,15.4343
128,128,8,512,22.3993
128,128,8,1024,36.457
128,128,8,2048,64.6377
128,128,8,4096,121.575
128,128,8,8192,238.947
128,128,8,16384,475.439
128,128,16,16,17.9823
128,128,16,32,18.0897
128,128,16,64,18.069
128,128,16,128,21.0553
128,128,16,256,27.0713
128,128,16,512,41.1507
128,128,16,1024,69.6293
128,128,16,2048,126.992
128,128,16,4096,241.473
128,128,16,8192,481.913
128,128,16,16384,955.624
128,128,32,16,27.007
128,128,32,32,26.975
128,128,32,64,27.4337
128,128,32,128,37.2573
128,128,32,256,50.036
128,128,32,512,78.109
128,128,32,1024,134.907
128,128,32,2048,247.351
128,128,32,4096,479.535
128,128,32,8192,946.046
128,128,32,16384,1872.98
128,128,64,16,42.591
128,128,64,32,42.5267
128,128,64,64,43.2943
128,128,64,128,63.2087
128,128,64,256,86.9197
128,128,64,512,136.347
128,128,64,1024,234.84
128,128,64,2048,441.915
128,128,64,4096,907.477
128,128,64,8192,1794.79
128,128,64,16384,3568.28
128,256,0,0,15.3807
128,256,1,16,15.1143
128,256,1,32,15.125
128,256,1,64,15.0927
128,256,1,128,15.0923
128,256,1,256,15.2743
128,256,1,512,21.4393
128,256,1,1024,35.4657
128,256,1,2048,63.518
128,256,1,4096,119.494
128,256,1,8192,231.543
128,256,1,16384,455.599
128,256,2,16,15.1037
128,256,2,32,15.1033
128,256,2,64,15.0927
128,256,2,128,15.1783
128,256,2,256,15.1253
128,256,2,512,21.5357
128,256,2,1024,35.4337
128,256,2,2048,63.6447
128,256,2,4096,119.687
128,256,2,8192,231.767
128,256,2,16384,456.666
128,256,4,16,15.125
128,256,4,32,15.082
128,256,4,64,15.1037
128,256,4,128,15.1883
128,256,4,256,15.285
128,256,4,512,21.695
128,256,4,1024,35.7637
128,256,4,2048,64.0503
128,256,4,4096,120.283
128,256,4,8192,232.386
128,256,4,16384,468.859
128,256,8,16,16.213
128,256,8,32,16.0423
128,256,8,64,16.2877
128,256,8,128,16.0207
128,256,8,256,15.957
128,256,8,512,22.3243
128,256,8,1024,36.4473
128,256,8,2048,64.7357
128,256,8,4096,121.649
128,256,8,8192,241.239
128,256,8,16384,479.129
128,256,16,16,21.471
128,256,16,32,21.46
128,256,16,64,21.642
128,256,16,128,24.7357
128,256,16,256,28.1703
128,256,16,512,41.1397
128,256,16,1024,69.6293
128,256,16,2048,126.8
128,256,16,4096,242.029
128,256,16,8192,481.285
128,256,16,16384,953.353
128,256,32,16,30.772
128,256,32,32,30.7933
128,256,32,64,31.2307
128,256,32,128,40.9483
128,256,32,256,51.529
128,256,32,512,78.0553
128,256,32,1024,135.163
128,256,32,2048,247.885
128,256,32,4096,477.391
128,256,32,8192,945.651
128,256,32,16384,1871.36
128,256,64,16,46.377
128,256,64,32,46.3877
128,256,64,64,47.1447
128,256,64,128,66.7283
128,256,64,256,88.4343
128,256,64,512,136.24
128,256,64,1024,234.925
128,256,64,2048,440.976
128,256,64,4096,907.402
128,256,64,8192,1788.4
128,256,64,16384,3585.86
128,512,0,0,22.3243
128,512,1,16,21.9937
128,512,1,32,22.079
128,512,1,64,22.0477
128,512,1,128,22.0363
128,512,1,256,22.0153
128,512,1,512,22.143
128,512,1,1024,35.509
128,512,1,2048,63.4537
128,512,1,4096,119.633
128,512,1,8192,231.522
128,512,1,16384,455.119
128,512,2,16,22.047
128,512,2,32,22.015
128,512,2,64,22.0153
128,512,2,128,22.0897
128,512,2,256,22.1003
128,512,2,512,22.1433
128,512,2,1024,35.519
128,512,2,2048,63.6243
128,512,2,4096,119.622
128,512,2,8192,231.565
128,512,2,16384,456.294
128,512,4,16,21.9723
128,512,4,32,22.0373
128,512,4,64,21.962
128,512,4,128,22.0047
128,512,4,256,22.1327
128,512,4,512,22.1537
128,512,4,1024,35.8183
128,512,4,2048,63.955
128,512,4,4096,120.241
128,512,4,8192,232.45
128,512,4,16384,469.455
128,512,8,16,22.869
128,512,8,32,22.9643
128,512,8,64,22.911
128,512,8,128,23.039
128,512,8,256,22.89
128,512,8,512,22.9747
128,512,8,1024,36.5213
128,512,8,2048,64.798
128,512,8,4096,121.607
128,512,8,8192,239.821
128,512,8,16384,479.705
128,512,16,16,28.2657
128,512,16,32,28.3937
128,512,16,64,28.5537
128,512,16,128,31.775
128,512,16,256,35.1883
128,512,16,512,42.2173
128,512,16,1024,69.736
128,512,16,2048,127.036
128,512,16,4096,242.38
128,512,16,8192,481.156
128,512,16,16384,955.444
128,512,32,16,37.7693
128,512,32,32,37.9617
128,512,32,64,38.2063
128,512,32,128,48.0937
128,512,32,256,58.6863
128,512,32,512,80.0823
128,512,32,1024,135.057
128,512,32,2048,247.981
128,512,32,4096,479.333
128,512,32,8192,945.993
128,512,32,16384,1873.32
128,512,64,16,53.6513
128,512,64,32,53.576
128,512,64,64,54.601
128,512,64,128,74.2583
128,512,64,256,95.6443
128,512,64,512,138.405
128,512,64,1024,235.32
128,512,64,2048,439.803
128,512,64,4096,907.286
128,512,64,8192,1796.63
128,512,64,16384,3583.65
128,1024,0,0,36.191
128,1024,1,16,36.052
128,1024,1,32,36.073
128,1024,1,64,35.988
128,1024,1,128,36.0403
128,1024,1,256,36.0513
128,1024,1,512,36.1367
128,1024,1,1024,36.0523
128,1024,1,2048,63.5607
128,1024,1,4096,119.324
128,1024,1,8192,231.587
128,1024,1,16384,455.865
128,1024,2,16,36.052
128,1024,2,32,35.9877
128,1024,2,64,35.9983
128,1024,2,128,36.1587
128,1024,2,256,36.0947
128,1024,2,512,36.18
128,1024,2,1024,36.2543
128,1024,2,2048,63.411
128,1024,2,4096,119.58
128,1024,2,8192,231.746
128,1024,2,16384,456.186
128,1024,4,16,36.0093
128,1024,4,32,35.9987
128,1024,4,64,35.9877
128,1024,4,128,36.1477
128,1024,4,256,36.1693
128,1024,4,512,36.3717
128,1024,4,1024,36.2973
128,1024,4,2048,63.87
128,1024,4,4096,119.921
128,1024,4,8192,232.408
128,1024,4,16384,471.514
128,1024,8,16,36.874
128,1024,8,32,36.8307
128,1024,8,64,37.0123
128,1024,8,128,36.8733
128,1024,8,256,37.0443
128,1024,8,512,36.8733
128,1024,8,1024,36.9693
128,1024,8,2048,64.957
128,1024,8,4096,121.979
128,1024,8,8192,239.597
128,1024,8,16384,481.284
128,1024,16,16,42.3663
128,1024,16,32,42.4303
128,1024,16,64,42.5477
128,1024,16,128,45.855
128,1024,16,256,49.3963
128,1024,16,512,56.318
128,1024,16,1024,70.568
128,1024,16,2048,127.184
128,1024,16,4096,242.114
128,1024,16,8192,482.265
128,1024,16,16384,954.825
128,1024,32,16,51.8487
128,1024,32,32,52.126
128,1024,32,64,52.2007
128,1024,32,128,62.2383
128,1024,32,256,73.0213
128,1024,32,512,94.4283
128,1024,32,1024,137.478
128,1024,32,2048,247.319
128,1024,32,4096,476.272
128,1024,32,8192,945.045
128,1024,32,16384,1876.02
128,1024,64,16,68.2753
128,1024,64,32,68.5313
128,1024,64,64,69.267
128,1024,64,128,88.7863
128,1024,64,256,110.365
128,1024,64,512,152.645
128,1024,64,1024,237.709
128,1024,64,2048,439.217
128,1024,64,4096,906.444
128,1024,64,8192,1797.08
128,1024,64,16384,3576.14
128,2048,0,0,63.933
128,2048,1,16,63.998
128,2048,1,32,64.094
128,2048,1,64,63.955
128,2048,1,128,64.211
128,2048,1,256,64.0507
128,2048,1,512,63.9337
128,2048,1,1024,63.976
128,2048,1,2048,64.2007
128,2048,1,4096,119.355
128,2048,1,8192,231.853
128,2048,1,16384,455.014
128,2048,2,16,64.1463
128,2048,2,32,64.094
128,2048,2,64,64.104
128,2048,2,128,64.0723
128,2048,2,256,64.1257
128,2048,2,512,64.2433
128,2048,2,1024,64.062
128,2048,2,2048,64.2107
128,2048,2,4096,119.708
128,2048,2,8192,231.896
128,2048,2,16384,458.544
128,2048,4,16,63.8697
128,2048,4,32,63.827
128,2048,4,64,63.9453
128,2048,4,128,63.987
128,2048,4,256,63.9657
128,2048,4,512,64.1893
128,2048,4,1024,64.243
128,2048,4,2048,64.3603
128,2048,4,4096,120.23
128,2048,4,8192,233.826
128,2048,4,16384,470.948
128,2048,8,16,64.8303
128,2048,8,32,64.6483
128,2048,8,64,64.9257
128,2048,8,128,64.82
128,2048,8,256,64.9153
128,2048,8,512,64.851
128,2048,8,1024,65.0963
128,2048,8,2048,65.4053
128,2048,8,4096,122.481
128,2048,8,8192,241.037
128,2048,8,16384,480.43
128,2048,16,16,70.11
128,2048,16,32,70.0777
128,2048,16,64,70.5363
128,2048,16,128,73.6193
128,2048,16,256,77.0963
128,2048,16,512,84.3493
128,2048,16,1024,99.048
128,2048,16,2048,127.91
128,2048,16,4096,241.965
128,2048,16,8192,484.336
128,2048,16,16384,954.314
128,2048,32,16,79.7943
128,2048,32,32,79.955
128,2048,32,64,80.1357
128,2048,32,128,90.098
128,2048,32,256,101.234
128,2048,32,512,122.908
128,2048,32,1024,165.477
128,2048,32,2048,250.647
128,2048,32,4096,480.101
128,2048,32,8192,946.517
128,2048,32,16384,1871.09
128,2048,64,16,96.1677
128,2048,64,32,96.5193
128,2048,64,64,97.266
128,2048,64,128,117.596
128,2048,64,256,139.526
128,2048,64,512,181.743
128,2048,64,1024,266.028
128,2048,64,2048,445.926
128,2048,64,4096,928.565
128,2048,64,8192,1840.45
128,2048,64,16384,3668.34
128,4096,0,0,120.177
128,4096,1,16,119.921
128,4096,1,32,119.847
128,4096,1,64,120.102
128,4096,1,128,119.868
128,4096,1,256,119.9
128,4096,1,512,119.932
128,4096,1,1024,120.199
128,4096,1,2048,119.911
128,4096,1,4096,119.804
128,4096,1,8192,231.832
128,4096,1,16384,455.578
128,4096,2,16,120.039
128,4096,2,32,120.103
128,4096,2,64,119.931
128,4096,2,128,120.369
128,4096,2,256,120.135
128,4096,2,512,120.017
128,4096,2,1024,120.156
128,4096,2,2048,120.113
128,4096,2,4096,120.23
128,4096,2,8192,231.992
128,4096,2,16384,460.07
128,4096,4,16,119.836
128,4096,4,32,119.804
128,4096,4,64,119.857
128,4096,4,128,119.869
128,4096,4,256,119.825
128,4096,4,512,120.071
128,4096,4,1024,120.082
128,4096,4,2048,120.423
128,4096,4,4096,120.593
128,4096,4,8192,233.091
128,4096,4,16384,471.717
128,4096,8,16,120.38
128,4096,8,32,120.529
128,4096,8,64,120.443
128,4096,8,128,120.464
128,4096,8,256,120.625
128,4096,8,512,120.689
128,4096,8,1024,121.083
128,4096,8,2048,121.798
128,4096,8,4096,123.015
128,4096,8,8192,242.253
128,4096,8,16384,481.243
128,4096,16,16,126.012
128,4096,16,32,126.396
128,4096,16,64,126.204
128,4096,16,128,129.34
128,4096,16,256,133.073
128,4096,16,512,140.187
128,4096,16,1024,154.906
128,4096,16,2048,184.25
128,4096,16,4096,243.554
128,4096,16,8192,477.712
128,4096,16,16384,956.735
128,4096,32,16,135.505
128,4096,32,32,135.441
128,4096,32,64,135.867
128,4096,32,128,145.883
128,4096,32,256,156.72
128,4096,32,512,178.436
128,4096,32,1024,221.976
128,4096,32,2048,306.603
128,4096,32,4096,488.421
128,4096,32,8192,947.839
128,4096,32,16384,1886.74
128,4096,64,16,151.995
128,4096,64,32,152.165
128,4096,64,64,152.87
128,4096,64,128,173.349
128,4096,64,256,195.161
128,4096,64,512,238.04
128,4096,64,1024,322.698
128,4096,64,2048,499.535
128,4096,64,4096,924.737
128,4096,64,8192,1865.21
128,4096,64,16384,3791.23
128,8192,0,0,231.875
128,8192,1,16,231.523
128,8192,1,32,231.501
128,8192,1,64,231.661
128,8192,1,128,231.598
128,8192,1,256,231.843
128,8192,1,512,231.842
128,8192,1,1024,231.629
128,8192,1,2048,231.587
128,8192,1,4096,232.003
128,8192,1,8192,231.779
128,8192,1,16384,455.718
128,8192,2,16,232.28
128,8192,2,32,232.258
128,8192,2,64,232.035
128,8192,2,128,232.28
128,8192,2,256,231.938
128,8192,2,512,232.067
128,8192,2,1024,232.045
128,8192,2,2048,232.227
128,8192,2,4096,232.312
128,8192,2,8192,232.28
128,8192,2,16384,460.198
128,8192,4,16,231.63
128,8192,4,32,231.821
128,8192,4,64,231.79
128,8192,4,128,231.693
128,8192,4,256,231.854
128,8192,4,512,231.778
128,8192,4,1024,232.205
128,8192,4,2048,232.163
128,8192,4,4096,232.088
128,8192,4,8192,233.624
128,8192,4,16384,471.984
128,8192,8,16,231.97
128,8192,8,32,232.344
128,8192,8,64,231.96
128,8192,8,128,232.44
128,8192,8,256,232.227
128,8192,8,512,232.045
128,8192,8,1024,232.44
128,8192,8,2048,233.507
128,8192,8,4096,240.344
128,8192,8,8192,241.325
128,8192,8,16384,481.093
128,8192,16,16,237.795
128,8192,16,32,237.709
128,8192,16,64,237.986
128,8192,16,128,241.207
128,8192,16,256,244.461
128,8192,16,512,252.002
128,8192,16,1024,266.796
128,8192,16,2048,295.851
128,8192,16,4096,355.348
128,8192,16,8192,483.12
128,8192,16,16384,953.76
128,8192,32,16,246.658
128,8192,32,32,247.053
128,8192,32,64,246.883
128,8192,32,128,257.485
128,8192,32,256,268.087
128,8192,32,512,290.934
128,8192,32,1024,333.227
128,8192,32,2048,418.791
128,8192,32,4096,597.751
128,8192,32,8192,958.986
128,8192,32,16384,1884.19
128,8192,64,16,263.885
128,8192,64,32,264.3
128,8192,64,64,265.037
128,8192,64,128,285.59
128,8192,64,256,307.222
128,8192,64,512,350.314
128,8192,64,1024,435.324
128,8192,64,2048,612.15
128,8192,64,4096,1021.89
128,8192,64,8192,1818.6
128,8192,64,16384,3746.48
128,16384,0,0,455.623
128,16384,1,16,456.026
128,16384,1,32,455.824
128,16384,1,64,455.781
128,16384,1,128,455.622
128,16384,1,256,456.262
128,16384,1,512,456.55
128,16384,1,1024,455.355
128,16384,1,2048,455.814
128,16384,1,4096,456.198
128,16384,1,8192,455.398
128,16384,1,16384,457.649
128,16384,2,16,455.995
128,16384,2,32,456.369
128,16384,2,64,455.6
128,16384,2,128,456.358
128,16384,2,256,456.07
128,16384,2,512,456.379
128,16384,2,1024,455.814
128,16384,2,2048,456.071
128,16384,2,4096,456.028
128,16384,2,8192,463.931
128,16384,2,16384,469.969
128,16384,4,16,455.494
128,16384,4,32,455.687
128,16384,4,64,455.932
128,16384,4,128,455.953
128,16384,4,256,455.92
128,16384,4,512,455.599
128,16384,4,1024,456.176
128,16384,4,2048,455.878
128,16384,4,4096,461.669
128,16384,4,8192,470.405
128,16384,4,16384,476.23
128,16384,8,16,455.537
128,16384,8,32,455.099
128,16384,8,64,455.43
128,16384,8,128,455.334
128,16384,8,256,455.696
128,16384,8,512,455.782
128,16384,8,1024,455.921
128,16384,8,2048,462.928
128,16384,8,4096,481.691
128,16384,8,8192,477.658
128,16384,8,16384,479.526
128,16384,16,16,461.265
128,16384,16,32,460.88
128,16384,16,64,460.753
128,16384,16,128,464.518
128,16384,16,256,468.113
128,16384,16,512,476.027
128,16384,16,1024,490.992
128,16384,16,2048,519.588
128,16384,16,4096,578.947
128,16384,16,8192,714.045
128,16384,16,16384,956.15
128,16384,32,16,470.107
128,16384,32,32,469.84
128,16384,32,64,469.914
128,16384,32,128,479.695
128,16384,32,256,491.119
128,16384,32,512,512.869
128,16384,32,1024,556.451
128,16384,32,2048,641.387
128,16384,32,4096,822.618
128,16384,32,8192,1182.73
128,16384,32,16384,1902
128,16384,64,16,487.365
128,16384,64,32,487.429
128,16384,64,64,488.197
128,16384,64,128,509.444
128,16384,64,256,530.616
128,16384,64,512,573.293
128,16384,64,1024,658.848
128,16384,64,2048,836.208
128,16384,64,4096,1238.66
128,16384,64,8192,2022.14
128,16384,64,16384,3613.4
256,0,0,0,11.6903
256,0,1,16,11.5837
256,0,1,32,11.5727
256,0,1,64,11.5943
256,0,1,128,11.5727
256,0,1,256,14.5383
256,0,1,512,21.439
256,0,1,1024,35.4017
256,0,1,2048,63.5183
256,0,1,4096,119.377
256,0,1,8192,231.619
256,0,1,16384,454.822
256,0,2,16,11.722
256,0,2,32,11.7653
256,0,2,64,11.7967
256,0,2,128,11.797
256,0,2,256,14.5703
256,0,2,512,21.375
256,0,2,1024,35.316
256,0,2,2048,63.582
256,0,2,4096,119.473
256,0,2,8192,231.619
256,0,2,16384,455.996
256,0,4,16,11.967
256,0,4,32,12.106
256,0,4,64,12.1597
256,0,4,128,11.9787
256,0,4,256,15.1147
256,0,4,512,22.0583
256,0,4,1024,36.0943
256,0,4,2048,63.891
256,0,4,4096,120.167
256,0,4,8192,232.088
256,0,4,16384,468.4
256,0,8,16,17.2153
256,0,8,32,17.354
256,0,8,64,17.3973
256,0,8,128,18.4427
256,0,8,256,21.2577
256,0,8,512,28.2337
256,0,8,1024,42.3023
256,0,8,2048,70.4933
256,0,8,4096,127.185
256,0,8,8192,240.45
256,0,8,16384,479.066
256,0,16,16,20.3937
256,0,16,32,20.4267
256,0,16,64,20.522
256,0,16,128,22.7087
256,0,16,256,28.5857
256,0,16,512,42.2607
256,0,16,1024,70.6213
256,0,16,2048,128.166
256,0,16,4096,242.776
256,0,16,8192,482.715
256,0,16,16384,954.124
256,0,32,16,29.2257
256,0,32,32,29.311
256,0,32,64,29.631
256,0,32,128,38.473
256,0,32,256,51.4223
256,0,32,512,79.261
256,0,32,1024,135.569
256,0,32,2048,249.229
256,0,32,4096,479.43
256,0,32,8192,945.953
256,0,32,16384,1873.87
256,0,64,16,46.622
256,0,64,32,46.698
256,0,64,64,47.294
256,0,64,128,66.3017
256,0,64,256,89.746
256,0,64,512,138.363
256,0,64,1024,237.251
256,0,64,2048,443.654
256,0,64,4096,912.867
256,0,64,8192,1792.1
256,0,64,16384,3582.16
256,16,0,0,14.8473
256,16,1,16,14.7297
256,16,1,32,14.7727
256,16,1,64,14.8153
256,16,1,128,14.783
256,16,1,256,14.7837
256,16,1,512,21.4923
256,16,1,1024,35.5403
256,16,1,2048,63.4213
256,16,1,4096,119.676
256,16,1,8192,231.885
256,16,1,16384,455.911
256,16,2,16,14.976
256,16,2,32,14.997
256,16,2,64,15.0293
256,16,2,128,14.9007
256,16,2,256,15.0603
256,16,2,512,21.45
256,16,2,1024,35.519
256,16,2,2048,63.561
256,16,2,4096,119.409
256,16,2,8192,231.437
256,16,2,16384,456.71
256,16,4,16,15.0823
256,16,4,32,15.0607
256,16,4,64,15.1353
256,16,4,128,15.1993
256,16,4,256,15.1137
256,16,4,512,22.1107
256,16,4,1024,36.0203
256,16,4,2048,64.1153
256,16,4,4096,120.018
256,16,4,8192,232.045
256,16,4,16384,467.921
256,16,8,16,20.4897
256,16,8,32,20.543
256,16,8,64,20.692
256,16,8,128,22.9333
256,16,8,256,23.7107
256,16,8,512,30.5057
256,16,8,1024,44.8523
256,16,8,2048,72.9047
256,16,8,4096,129.447
256,16,8,8192,242.381
256,16,8,16384,478.278
256,16,16,16,24.159
256,16,16,32,24.0737
256,16,16,64,24.2557
256,16,16,128,26.1007
256,16,16,256,29.044
256,16,16,512,42.5363
256,16,16,1024,70.9097
256,16,16,2048,128.209
256,16,16,4096,243.043
256,16,16,8192,482.235
256,16,16,16384,956.919
256,16,32,16,32.6387
256,16,32,32,32.8203
256,16,32,64,32.9163
256,16,32,128,41.8653
256,16,32,256,52.0727
256,16,32,512,79.5817
256,16,32,1024,135.867
256,16,32,2048,249.453
256,16,32,4096,479.996
256,16,32,8192,946.188
256,16,32,16384,1875.46
256,16,64,16,50.1957
256,16,64,32,50.2387
256,16,64,64,50.8353
256,16,64,128,69.9183
256,16,64,256,90.5467
256,16,64,512,139.078
256,16,64,1024,237.411
256,16,64,2048,444.007
256,16,64,4096,911.001
256,16,64,8192,1793.14
256,16,64,16384,3583.2
256,32,0,0,14.879
256,32,1,16,14.7943
256,32,1,32,14.7513
256,32,1,64,14.879
256,32,1,128,14.826
256,32,1,256,14.7623
256,32,1,512,21.535
256,32,1,1024,35.4977
256,32,1,2048,63.4433
256,32,1,4096,119.676
256,32,1,8192,231.64
256,32,1,16384,454.801
256,32,2,16,14.9223
256,32,2,32,14.9857
256,32,2,64,14.965
256,32,2,128,15.1353
256,32,2,256,15.029
256,32,2,512,21.5567
256,32,2,1024,35.5397
256,32,2,2048,63.529
256,32,2,4096,119.516
256,32,2,8192,231.363
256,32,2,16384,455.868
256,32,4,16,15.1997
256,32,4,32,15.221
256,32,4,64,15.3277
256,32,4,128,15.2747
256,32,4,256,15.242
256,32,4,512,22.0683
256,32,4,1024,36.1057
256,32,4,2048,64.0187
256,32,4,4096,119.986
256,32,4,8192,232.387
256,32,4,16384,470.213
256,32,8,16,20.5223
256,32,8,32,20.5647
256,32,8,64,20.522
256,32,8,128,22.9643
256,32,8,256,23.7433
256,32,8,512,30.4627
256,32,8,1024,44.6923
256,32,8,2048,73.2563
256,32,8,4096,129.628
256,32,8,8192,241.667
256,32,8,16384,477.553
256,32,16,16,24.255
256,32,16,32,24.17
256,32,16,64,24.298
256,32,16,128,26.2497
256,32,16,256,29.0343
256,32,16,512,42.7613
256,32,16,1024,70.9417
256,32,16,2048,128.348
256,32,16,4096,243.287
256,32,16,8192,481.659
256,32,16,16384,953.986
256,32,32,16,32.7987
256,32,32,32,32.7243
256,32,32,64,33.0123
256,32,32,128,42.0577
256,32,32,256,52.169
256,32,32,512,79.6237
256,32,32,1024,135.654
256,32,32,2048,249.058
256,32,32,4096,479.142
256,32,32,8192,946.69
256,32,32,16384,1872.56
256,32,64,16,50.0783
256,32,64,32,50.4303
256,32,64,64,51.1877
256,32,64,128,70.0993
256,32,64,256,90.866
256,32,64,512,138.726
256,32,64,1024,237.251
256,32,64,2048,443.911
256,32,64,4096,910.937
256,32,64,8192,1797.92
256,32,64,16384,3578.09
256,64,0,0,14.8907
256,64,1,16,14.8047
256,64,1,32,14.8477
256,64,1,64,14.837
256,64,1,128,14.8363
256,64,1,256,14.847
256,64,1,512,21.5143
256,64,1,1024,35.4123
256,64,1,2048,63.4753
256,64,1,4096,119.452
256,64,1,8192,231.299
256,64,1,16384,455.357
256,64,2,16,15.018
256,64,2,32,15.071
256,64,2,64,15.264
256,64,2,128,15.114
256,64,2,256,15.1033
256,64,2,512,21.472
256,64,2,1024,35.476
256,64,2,2048,63.486
256,64,2,4096,119.442
256,64,2,8192,231.256
256,64,2,16384,454.941
256,64,4,16,15.1137
256,64,4,32,15.2533
256,64,4,64,15.274
256,64,4,128,15.1893
256,64,4,256,15.264
256,64,4,512,22.1327
256,64,4,1024,36.052
256,64,4,2048,63.9873
256,64,4,4096,120.188
256,64,4,8192,232.377
256,64,4,16384,468.252
256,64,8,16,20.597
256,64,8,32,20.7993
256,64,8,64,20.6603
256,64,8,128,23.1353
256,64,8,256,23.8713
256,64,8,512,30.623
256,64,8,1024,44.8623
256,64,8,2048,73.3097
256,64,8,4096,129.574
256,64,8,8192,242.083
256,64,8,16384,479.121
256,64,16,16,24.362
256,64,16,32,24.426
256,64,16,64,24.2447
256,64,16,128,26.186
256,64,16,256,29.343
256,64,16,512,42.708
256,64,16,1024,70.9523
256,64,16,2048,128.476
256,64,16,4096,243.139
256,64,16,8192,482.673
256,64,16,16384,954.114
256,64,32,16,32.831
256,64,32,32,32.81
256,64,32,64,32.9377
256,64,32,128,42.0357
256,64,32,256,52.1903
256,64,32,512,79.6243
256,64,32,1024,135.708
256,64,32,2048,249.358
256,64,32,4096,480.423
256,64,32,8192,947.043
256,64,32,16384,1873.03
256,64,64,16,50.1213
256,64,64,32,50.686
256,64,64,64,51.2087
256,64,64,128,69.8003
256,64,64,256,90.5463
256,64,64,512,138.854
256,64,64,1024,237.049
256,64,64,2048,443.986
256,64,64,4096,910.414
256,64,64,8192,1796.59
256,64,64,16384,3581.13
256,128,0,0,15.0717
256,128,1,16,15.029
256,128,1,32,14.9653
256,128,1,64,15.0183
256,128,1,128,15.0613
256,128,1,256,14.997
256,128,1,512,21.4923
256,128,1,1024,35.3697
256,128,1,2048,63.4003
256,128,1,4096,119.356
256,128,1,8192,231.427
256,128,1,16384,455.164
256,128,2,16,15.3483
256,128,2,32,15.2213
256,128,2,64,15.189
256,128,2,128,15.2953
256,128,2,256,15.232
256,128,2,512,21.535
256,128,2,1024,35.327
256,128,2,2048,63.5713
256,128,2,4096,119.356
256,128,2,8192,231.417
256,128,2,16384,456.487
256,128,4,16,15.595
256,128,4,32,15.487
256,128,4,64,15.69
256,128,4,128,15.7327
256,128,4,256,15.605
256,128,4,512,22.272
256,128,4,1024,36.0847
256,128,4,2048,64.179
256,128,4,4096,120.209
256,128,4,8192,232.334
256,128,4,16384,468.594
256,128,8,16,20.8627
256,128,8,32,20.949
256,128,8,64,21.0873
256,128,8,128,24.0947
256,128,8,256,25.3017
256,128,8,512,31.956
256,128,8,1024,45.7803
256,128,8,2048,74.5687
256,128,8,4096,131.079
256,128,8,8192,243.8
256,128,8,16384,480.23
256,128,16,16,25.4287
256,128,16,32,25.492
256,128,16,64,25.5883
256,128,16,128,27.434
256,128,16,256,29.6097
256,128,16,512,42.7823
256,128,16,1024,71.0587
256,128,16,2048,128.177
256,128,16,4096,243.363
256,128,16,8192,481.756
256,128,16,16384,954.232
256,128,32,16,33.6523
256,128,32,32,33.6093
256,128,32,64,33.8877
256,128,32,128,42.8677
256,128,32,256,52.8837
256,128,32,512,79.8803
256,128,32,1024,135.825
256,128,32,2048,249.23
256,128,32,4096,479.057
256,128,32,8192,946.072
256,128,32,16384,1874.01
256,128,64,16,51.2093
256,128,64,32,51.5183
256,128,64,64,51.956
256,128,64,128,70.8667
256,128,64,256,91.4743
256,128,64,512,139.249
256,128,64,1024,237.241
256,128,64,2048,442.6
256,128,64,4096,912.399
256,128,64,8192,1797.02
256,128,64,16384,3585.23
256,256,0,0,18.5063
256,256,1,16,18.453
256,256,1,32,18.4307
256,256,1,64,18.3993
256,256,1,128,18.4207
256,256,1,256,18.485
256,256,1,512,21.4927
256,256,1,1024,35.4013
256,256,1,2048,63.5603
256,256,1,4096,119.207
256,256,1,8192,231.662
256,256,1,16384,455.228
256,256,2,16,18.6547
256,256,2,32,18.709
256,256,2,64,18.6553
256,256,2,128,18.7083
256,256,2,256,18.741
256,256,2,512,21.503
256,256,2,1024,35.391
256,256,2,2048,63.3263
256,256,2,4096,119.602
256,256,2,8192,231.31
256,256,2,16384,456.007
256,256,4,16,18.9757
256,256,4,32,19.0177
256,256,4,64,19.0393
256,256,4,128,19.0287
256,256,4,256,18.9753
256,256,4,512,22.2177
256,256,4,1024,36.0947
256,256,4,2048,64.244
256,256,4,4096,120.295
256,256,4,8192,232.003
256,256,4,16384,467.942
256,256,8,16,24.0953
256,256,8,32,24.3943
256,256,8,64,24.4797
256,256,8,128,27.5727
256,256,8,256,31.0177
256,256,8,512,35.359
256,256,8,1024,49.343
256,256,8,2048,77.95
256,256,8,4096,134.46
256,256,8,8192,247.076
256,256,8,16384,478.578
256,256,16,16,29.0657
256,256,16,32,29.0863
256,256,16,64,29.5667
256,256,16,128,32.5537
256,256,16,256,34.3987
256,256,16,512,42.708
256,256,16,1024,71.0163
256,256,16,2048,128.476
256,256,16,4096,243.033
256,256,16,8192,482.417
256,256,16,16384,953.571
256,256,32,16,37.514
256,256,32,32,37.4813
256,256,32,64,37.887
256,256,32,128,46.7713
256,256,32,256,57.3103
256,256,32,512,80.146
256,256,32,1024,136.572
256,256,32,2048,249.422
256,256,32,4096,479.324
256,256,32,8192,944.43
256,256,32,16384,1876.73
256,256,64,16,55.5613
256,256,64,32,55.7
256,256,64,64,56.3287
256,256,64,128,75.4537
256,256,64,256,96.189
256,256,64,512,139.91
256,256,64,1024,237.753
256,256,64,2048,443.421
256,256,64,4096,911.237
256,256,64,8192,1798.15
256,256,64,16384,3573.32
256,512,0,0,25.439
256,512,1,16,25.3537
256,512,1,32,25.3327
256,512,1,64,25.4283
256,512,1,128,25.4503
256,512,1,256,25.3963
256,512,1,512,25.4497
256,512,1,1024,35.4547
256,512,1,2048,63.507
256,512,1,4096,119.505
256,512,1,8192,231.373
256,512,1,16384,454.726
256,512,2,16,25.8013
256,512,2,32,25.8447
256,512,2,64,25.791
256,512,2,128,25.759
256,512,2,256,25.7807
256,512,2,512,25.8443
256,512,2,1024,35.3803
256,512,2,2048,63.5287
256,512,2,4096,119.538
256,512,2,8192,231.288
256,512,2,16384,455.613
256,512,4,16,25.8123
256,512,4,32,26.0153
256,512,4,64,25.9513
256,512,4,128,26.0257
256,512,4,256,26.079
256,512,4,512,26.0043
256,512,4,1024,36.1693
256,512,4,2048,64.3393
256,512,4,4096,120.231
256,512,4,8192,232.313
256,512,4,16384,468.21
256,512,8,16,31.423
256,512,8,32,31.3377
256,512,8,64,31.423
256,512,8,128,34.5803
256,512,8,256,38.2173
256,512,8,512,45.0437
256,512,8,1024,56.4463
256,512,8,2048,85.107
256,512,8,4096,141.734
256,512,8,8192,254.392
256,512,8,16384,480.006
256,512,16,16,36.0953
256,512,16,32,36.5003
256,512,16,64,36.4797
256,512,16,128,42.8357
256,512,16,256,45.962
256,512,16,512,48.5527
256,512,16,1024,71.6247
256,512,16,2048,128.582
256,512,16,4096,242.926
256,512,16,8192,482.609
256,512,16,16384,953.955
256,512,32,16,45.9933
256,512,32,32,45.9083
256,512,32,64,46.303
256,512,32,128,55.145
256,512,32,256,64.6807
256,512,32,512,85.8003
256,512,32,1024,137.201
256,512,32,2048,249.475
256,512,32,4096,477.916
256,512,32,8192,947.075
256,512,32,16384,1871.45
256,512,64,16,64.2007
256,512,64,32,64.0623
256,512,64,64,65.31
256,512,64,128,84.1787
256,512,64,256,104.434
256,512,64,512,146.524
256,512,64,1024,237.945
256,512,64,2048,441.555
256,512,64,4096,913.306
256,512,64,8192,1797
256,512,64,16384,3591.12
256,1024,0,0,39.54
256,1024,1,16,39.4647
256,1024,1,32,39.5077
256,1024,1,64,39.295
256,1024,1,128,39.4647
256,1024,1,256,39.5827
256,1024,1,512,39.5297
256,1024,1,1024,39.6043
256,1024,1,2048,63.4647
256,1024,1,4096,119.656
256,1024,1,8192,231.021
256,1024,1,16384,455.379
256,1024,2,16,39.711
256,1024,2,32,39.8493
256,1024,2,64,39.8173
256,1024,2,128,39.977
256,1024,2,256,39.807
256,1024,2,512,39.8493
256,1024,2,1024,39.9457
256,1024,2,2048,63.593
256,1024,2,4096,119.484
256,1024,2,8192,231.46
256,1024,2,16384,455.453
256,1024,4,16,40.031
256,1024,4,32,40.0413
256,1024,4,64,40.0097
256,1024,4,128,39.9987
256,1024,4,256,40.0417
256,1024,4,512,40.0737
256,1024,4,1024,40.1273
256,1024,4,2048,64.628
256,1024,4,4096,120.796
256,1024,4,8192,232.697
256,1024,4,16384,469.628
256,1024,8,16,45.1717
256,1024,8,32,45.0763
256,1024,8,64,45.4597
256,1024,8,128,48.3937
256,1024,8,256,52.0517
256,1024,8,512,59.1027
256,1024,8,1024,73.2137
256,1024,8,2048,99.5383
256,1024,8,4096,156.134
256,1024,8,8192,268.547
256,1024,8,16384,494.578
256,1024,16,16,49.94
256,1024,16,32,50.2067
256,1024,16,64,50.3873
256,1024,16,128,57.0863
256,1024,16,256,64.158
256,1024,16,512,74.0453
256,1024,16,1024,76.7547
256,1024,16,2048,129.351
256,1024,16,4096,243.044
256,1024,16,8192,483.474
256,1024,16,16384,955.833
256,1024,32,16,60.084
256,1024,32,32,60.2433
256,1024,32,64,60.585
256,1024,32,128,71.2087
256,1024,32,256,80.4987
256,1024,32,512,100.733
256,1024,32,1024,143.322
256,1024,32,2048,250.777
256,1024,32,4096,475.239
256,1024,32,8192,943.961
256,1024,32,16384,1875.9
256,1024,64,16,80.4987
256,1024,64,32,80.7447
256,1024,64,64,81.4373
256,1024,64,128,102.376
256,1024,64,256,122.268
256,1024,64,512,161.584
256,1024,64,1024,245.635
256,1024,64,2048,441.245
256,1024,64,4096,919.727
256,1024,64,8192,1803.84
256,1024,64,16384,3589.75
256,2048,0,0,67.7523
256,2048,1,16,67.486
256,2048,1,32,67.4967
256,2048,1,64,67.4647
256,2048,1,128,67.4643
256,2048,1,256,67.5817
256,2048,1,512,67.646
256,2048,1,1024,67.5393
256,2048,1,2048,67.6883
256,2048,1,4096,119.377
256,2048,1,8192,231.491
256,2048,1,16384,455.559
256,2048,2,16,67.8383
256,2048,2,32,67.838
256,2048,2,64,67.9877
256,2048,2,128,67.8063
256,2048,2,256,67.8803
256,2048,2,512,67.9873
256,2048,2,1024,67.8697
256,2048,2,2048,67.8913
256,2048,2,4096,119.421
256,2048,2,8192,231.428
256,2048,2,16384,457.576
256,2048,4,16,67.8377
256,2048,4,32,67.8597
256,2048,4,64,67.8593
256,2048,4,128,67.795
256,2048,4,256,67.934
256,2048,4,512,68.158
256,2048,4,1024,68.275
256,2048,4,2048,68.2857
256,2048,4,4096,120.956
256,2048,4,8192,233.337
256,2048,4,16384,470.269
256,2048,8,16,73.032
256,2048,8,32,73.1283
256,2048,8,64,73.331
256,2048,8,128,76.2963
256,2048,8,256,79.9767
256,2048,8,512,87.155
256,2048,8,1024,101.469
256,2048,8,2048,130.193
256,2048,8,4096,184.976
256,2048,8,8192,297.335
256,2048,8,16384,524.337
256,2048,16,16,77.9177
256,2048,16,32,78.1207
256,2048,16,64,78.333
256,2048,16,128,84.957
256,2048,16,256,91.9543
256,2048,16,512,106.322
256,2048,16,1024,130.161
256,2048,16,2048,134.876
256,2048,16,4096,243.919
256,2048,16,8192,481.489
256,2048,16,16384,953.924
256,2048,32,16,87.88
256,2048,32,32,88.0827
256,2048,32,64,88.6163
256,2048,32,128,99.2507
256,2048,32,256,110.269
256,2048,32,512,131.633
256,2048,32,1024,172.07
256,2048,32,2048,256.996
256,2048,32,4096,479.933
256,2048,32,8192,946.745
256,2048,32,16384,1878.28
256,2048,64,16,108.924
256,2048,64,32,109.202
256,2048,64,64,110.364
256,2048,64,128,133.937
256,2048,64,256,157.563
256,2048,64,512,195.397
256,2048,64,1024,274.605
256,2048,64,2048,450.771
256,2048,64,4096,923.077
256,2048,64,8192,1880.7
256,2048,64,16384,3773.47
256,4096,0,0,123.74
256,4096,1,16,123.185
256,4096,1,32,123.431
256,4096,1,64,123.324
256,4096,1,128,123.345
256,4096,1,256,123.346
256,4096,1,512,123.26
256,4096,1,1024,123.452
256,4096,1,2048,123.335
256,4096,1,4096,123.346
256,4096,1,8192,231.46
256,4096,1,16384,455.507
256,4096,2,16,123.762
256,4096,2,32,123.836
256,4096,2,64,123.74
256,4096,2,128,123.975
256,4096,2,256,124.06
256,4096,2,512,124.199
256,4096,2,1024,124.028
256,4096,2,2048,123.943
256,4096,2,4096,124.028
256,4096,2,8192,231.417
256,4096,2,16384,460.51
256,4096,4,16,123.697
256,4096,4,32,123.729
256,4096,4,64,124.007
256,4096,4,128,123.782
256,4096,4,256,123.815
256,4096,4,512,123.697
256,4096,4,1024,123.953
256,4096,4,2048,124.124
256,4096,4,4096,124.785
256,4096,4,8192,233.347
256,4096,4,16384,473.672
256,4096,8,16,128.849
256,4096,8,32,129.222
256,4096,8,64,129.041
256,4096,8,128,132.284
256,4096,8,256,135.591
256,4096,8,512,142.822
256,4096,8,1024,157.019
256,4096,8,2048,185.253
256,4096,8,4096,243.534
256,4096,8,8192,354.314
256,4096,8,16384,579.813
256,4096,16,16,134.172
256,4096,16,32,133.798
256,4096,16,64,133.927
256,4096,16,128,140.358
256,4096,16,256,147.751
256,4096,16,512,162.15
256,4096,16,1024,190.842
256,4096,16,2048,241.956
256,4096,16,4096,247.523
256,4096,16,8192,478.375
256,4096,16,16384,955.833
256,4096,32,16,143.825
256,4096,32,32,143.686
256,4096,32,64,144.294
256,4096,32,128,155.025
256,4096,32,256,165.904
256,4096,32,512,187.493
256,4096,32,1024,230.99
256,4096,32,2048,313.143
256,4096,32,4096,490.503
256,4096,32,8192,956.858
256,4096,32,16384,1912.21
256,4096,64,16,164.955
256,4096,64,32,165.105
256,4096,64,64,165.883
256,4096,64,128,190.042
256,4096,64,256,215.343
256,4096,64,512,264.739
256,4096,64,1024,348.534
256,4096,64,2048,505.873
256,4096,64,4096,908.934
256,4096,64,8192,1922.17
256,4096,64,16384,4035.8
256,8192,0,0,235.566
256,8192,1,16,235.065
256,8192,1,32,234.958
256,8192,1,64,234.969
256,8192,1,128,234.99
256,8192,1,256,235.022
256,8192,1,512,235.129
256,8192,1,1024,234.959
256,8192,1,2048,235.182
256,8192,1,4096,235.001
256,8192,1,8192,235.214
256,8192,1,16384,455.56
256,8192,2,16,235.834
256,8192,2,32,235.769
256,8192,2,64,235.865
256,8192,2,128,236.068
256,8192,2,256,235.95
256,8192,2,512,235.886
256,8192,2,1024,235.832
256,8192,2,2048,235.94
256,8192,2,4096,235.887
256,8192,2,8192,236.004
256,8192,2,16384,461.81
256,8192,4,16,235.727
256,8192,4,32,235.801
256,8192,4,64,235.161
256,8192,4,128,235.652
256,8192,4,256,235.342
256,8192,4,512,235.555
256,8192,4,1024,235.801
256,8192,4,2048,236.003
256,8192,4,4096,236.1
256,8192,4,8192,236.687
256,8192,4,16384,472.659
256,8192,8,16,240.846
256,8192,8,32,240.761
256,8192,8,64,241.443
256,8192,8,128,243.908
256,8192,8,256,247.631
256,8192,8,512,254.456
256,8192,8,1024,268.686
256,8192,8,2048,297.452
256,8192,8,4096,355.242
256,8192,8,8192,477.117
256,8192,8,16384,714.368
256,8192,16,16,245.496
256,8192,16,32,245.251
256,8192,16,64,245.497
256,8192,16,128,251.95
256,8192,16,256,259.245
256,8192,16,512,273.72
256,8192,16,1024,303.042
256,8192,16,2048,359.2
256,8192,16,4096,470.696
256,8192,16,8192,483.079
256,8192,16,16384,953.647
256,8192,32,16,254.808
256,8192,32,32,255.235
256,8192,32,64,255.939
256,8192,32,128,266.744
256,8192,32,256,277.101
256,8192,32,512,299.448
256,8192,32,1024,342.593
256,8192,32,2048,427.988
256,8192,32,4096,601.475
256,8192,32,8192,962.735
256,8192,32,16384,1900.65
256,8192,64,16,277.112
256,8192,64,32,276.738
256,8192,64,64,277.741
256,8192,64,128,301.932
256,8192,64,256,327.137
256,8192,64,512,377.237
256,8192,64,1024,476.808
256,8192,64,2048,676.172
256,8192,64,4096,1027.59
256,8192,64,8192,1782.89
256,8192,64,16384,3984.11
256,16384,0,0,459.688
256,16384,1,16,458.868
256,16384,1,32,458.578
256,16384,1,64,458.909
256,16384,1,128,459.027
256,16384,1,256,458.793
256,16384,1,512,459.4
256,16384,1,1024,459.091
256,16384,1,2048,459.09
256,16384,1,4096,459.422
256,16384,1,8192,459.39
256,16384,1,16384,458.994
256,16384,2,16,460.04
256,16384,2,32,460.2
256,16384,2,64,459.924
256,16384,2,128,460.21
256,16384,2,256,459.975
256,16384,2,512,460.168
256,16384,2,1024,459.73
256,16384,2,2048,460.114
256,16384,2,4096,460.37
256,16384,2,8192,464.018
256,16384,2,16384,470.247
256,16384,4,16,459.635
256,16384,4,32,460.028
256,16384,4,64,459.816
256,16384,4,128,460.434
256,16384,4,256,460.168
256,16384,4,512,459.794
256,16384,4,1024,459.912
256,16384,4,2048,459.986
256,16384,4,4096,464.765
256,16384,4,8192,473.01
256,16384,4,16384,476.2
256,16384,8,16,464.52
256,16384,8,32,464.21
256,16384,8,64,463.645
256,16384,8,128,467.901
256,16384,8,256,470.493
256,16384,8,512,477.266
256,16384,8,1024,491.196
256,16384,8,2048,520.902
256,16384,8,4096,578.276
256,16384,8,8192,699.072
256,16384,8,16384,958.51
256,16384,16,16,468.456
256,16384,16,32,468.284
256,16384,16,64,468.477
256,16384,16,128,475.048
256,16384,16,256,483.314
256,16384,16,512,496.881
256,16384,16,1024,525.819
256,16384,16,2048,582.725
256,16384,16,4096,696.396
256,16384,16,8192,917.904
256,16384,16,16384,955.044
256,16384,32,16,477.884
256,16384,32,32,478.812
256,16384,32,64,478.929
256,16384,32,128,489.703
256,16384,32,256,500.348
256,16384,32,512,522.161
256,16384,32,1024,565.114
256,16384,32,2048,651.49
256,16384,32,4096,829.245
256,16384,32,8192,1181.1
256,16384,32,16384,1897.19
256,16384,64,16,500.391
256,16384,64,32,500.529
256,16384,64,64,501.585
256,16384,64,128,525.095
256,16384,64,256,551.323
256,16384,64,512,600.783
256,16384,64,1024,701.537
256,16384,64,2048,912.294
256,16384,64,4096,1394.33
256,16384,64,8192,2014.42
256,16384,64,16384,3553.44
512,0,0,0,19.7007
512,0,1,16,20.1173
512,0,1,32,20.1167
512,0,1,64,20.1593
512,0,1,128,20.1167
512,0,1,256,20.1173
512,0,1,512,23.0293
512,0,1,1024,36.9267
512,0,1,2048,64.8413
512,0,1,4096,120.808
512,0,1,8192,232.612
512,0,1,16384,455.538
512,0,2,16,20.65
512,0,2,32,20.6927
512,0,2,64,20.671
512,0,2,128,20.6283
512,0,2,256,20.6607
512,0,2,512,23.3913
512,0,2,1024,37.4067
512,0,2,2048,65.2357
512,0,2,4096,121.01
512,0,2,8192,232.846
512,0,2,16384,462.834
512,0,4,16,25.1193
512,0,4,32,25.2257
512,0,4,64,25.311
512,0,4,128,26.1433
512,0,4,256,26.2713
512,0,4,512,28.9697
512,0,4,1024,42.9643
512,0,4,2048,70.7287
512,0,4,4096,127.271
512,0,4,8192,238.542
512,0,4,16384,470.44
512,0,8,16,27.3807
512,0,8,32,27.3483
512,0,8,64,27.4127
512,0,8,128,29.6953
512,0,8,256,32.671
512,0,8,512,40.2757
512,0,8,1024,54.3983
512,0,8,2048,83.144
512,0,8,4096,139.399
512,0,8,8192,251.971
512,0,8,16384,477.842
512,0,16,16,33.6097
512,0,16,32,33.9937
512,0,16,64,34.0577
512,0,16,128,38.484
512,0,16,256,44.02
512,0,16,512,52.979
512,0,16,1024,80.2217
512,0,16,2048,137.116
512,0,16,4096,251.107
512,0,16,8192,485.938
512,0,16,16384,955.44
512,0,32,16,44.9483
512,0,32,32,45.2047
512,0,32,64,45.567
512,0,32,128,54.6653
512,0,32,256,63.593
512,0,32,512,85.0323
512,0,32,1024,140.369
512,0,32,2048,251.78
512,0,32,4096,481.352
512,0,32,8192,949.029
512,0,32,16384,1876.46
512,0,64,16,66.249
512,0,64,32,66.611
512,0,64,64,67.1767
512,0,64,128,86.5467
512,0,64,256,106.653
512,0,64,512,149.265
512,0,64,1024,244.942
512,0,64,2048,447.358
512,0,64,4096,922.139
512,0,64,8192,1806.75
512,0,64,16384,3589.31
512,16,0,0,22.9863
512,16,1,16,23.4337
512,16,1,32,23.327
512,16,1,64,23.4333
512,16,1,128,23.2853
512,16,1,256,23.3593
512,16,1,512,23.37
512,16,1,1024,36.9377
512,16,1,2048,64.841
512,16,1,4096,120.946
512,16,1,8192,232.537
512,16,1,16384,456.093
512,16,2,16,23.8713
512,16,2,32,23.69
512,16,2,64,23.765
512,16,2,128,23.7223
512,16,2,256,23.8713
512,16,2,512,23.8823
512,16,2,1024,37.567
512,16,2,2048,65.321
512,16,2,4096,121.16
512,16,2,8192,233.06
512,16,2,16384,461.544
512,16,4,16,28.5113
512,16,4,32,28.426
512,16,4,64,28.3937
512,16,4,128,30.6447
512,16,4,256,31.274
512,16,4,512,31.594
512,16,4,1024,44.8843
512,16,4,2048,72.9367
512,16,4,4096,128.679
512,16,4,8192,240.473
512,16,4,16384,471.208
512,16,8,16,30.9863
512,16,8,32,30.773
512,16,8,64,31.231
512,16,8,128,33.5243
512,16,8,256,35.9243
512,16,8,512,41.5777
512,16,8,1024,56.6593
512,16,8,2048,85.3307
512,16,8,4096,142.044
512,16,8,8192,254.531
512,16,8,16384,480.626
512,16,16,16,37.8977
512,16,16,32,37.5993
512,16,16,64,37.802
512,16,16,128,42.121
512,16,16,256,47.9237
512,16,16,512,55.6787
512,16,16,1024,82.333
512,16,16,2048,138.513
512,16,16,4096,252.612
512,16,16,8192,484.306
512,16,16,16384,956.241
512,16,32,16,48.7563
512,16,32,32,48.7877
512,16,32,64,49.4063
512,16,32,128,58.6227
512,16,32,256,67.4653
512,16,32,512,86.184
512,16,32,1024,140.881
512,16,32,2048,251.064
512,16,32,4096,482.386
512,16,32,8192,948.059
512,16,32,16384,1875.91
512,16,64,16,70.5793
512,16,64,32,70.5687
512,16,64,64,71.305
512,16,64,128,90.621
512,16,64,256,110.813
512,16,64,512,150.695
512,16,64,1024,245.881
512,16,64,2048,446.75
512,16,64,4096,922.929
512,16,64,8192,1812.52
512,16,64,16384,3593.82
512,32,0,0,23.146
512,32,1,16,23.3803
512,32,1,32,23.381
512,32,1,64,23.413
512,32,1,128,23.4123
512,32,1,256,23.359
512,32,1,512,23.434
512,32,1,1024,37.0017
512,32,1,2048,64.7453
512,32,1,4096,120.84
512,32,1,8192,232.313
512,32,1,16384,456.125
512,32,2,16,23.9463
512,32,2,32,23.85
512,32,2,64,23.9143
512,32,2,128,23.925
512,32,2,256,23.8067
512,32,2,512,23.7547
512,32,2,1024,37.3643
512,32,2,2048,65.1823
512,32,2,4096,121.02
512,32,2,8192,233.273
512,32,2,16384,461.086
512,32,4,16,28.703
512,32,4,32,28.4473
512,32,4,64,28.66
512,32,4,128,30.8573
512,32,4,256,31.4123
512,32,4,512,31.5727
512,32,4,1024,44.959
512,32,4,2048,73.0327
512,32,4,4096,128.743
512,32,4,8192,240.718
512,32,4,16384,471.272
512,32,8,16,30.8787
512,32,8,32,31.018
512,32,8,64,31.007
512,32,8,128,33.2687
512,32,8,256,36.0313
512,32,8,512,41.6413
512,32,8,1024,56.6707
512,32,8,2048,85.448
512,32,8,4096,142.129
512,32,8,8192,254.446
512,32,8,16384,479.709
512,32,16,16,37.46
512,32,16,32,37.919
512,32,16,64,37.9293
512,32,16,128,42.4203
512,32,16,256,47.7213
512,32,16,512,55.977
512,32,16,1024,82.3123
512,32,16,2048,138.588
512,32,16,4096,252.516
512,32,16,8192,484.627
512,32,16,16384,956.667
512,32,32,16,48.4997
512,32,32,32,48.7987
512,32,32,64,49.1723
512,32,32,128,58.8463
512,32,32,256,67.7103
512,32,32,512,86.643
512,32,32,1024,141.106
512,32,32,2048,251.727
512,32,32,4096,482.013
512,32,32,8192,950.214
512,32,32,16384,1878.57
512,32,64,16,70.6967
512,32,64,32,70.7497
512,32,64,64,71.1123
512,32,64,128,90.5787
512,32,64,256,110.781
512,32,64,512,150.449
512,32,64,1024,245.818
512,32,64,2048,446.654
512,32,64,4096,921.5
512,32,64,8192,1810.93
512,32,64,16384,3591.99
512,64,0,0,23.05
512,64,1,16,23.4877
512,64,1,32,23.4017
512,64,1,64,23.5517
512,64,1,128,23.434
512,64,1,256,23.4447
512,64,1,512,23.4127
512,64,1,1024,36.7887
512,64,1,2048,64.99
512,64,1,4096,120.957
512,64,1,8192,232.697
512,64,1,16384,455.368
512,64,2,16,24.0633
512,64,2,32,24.0637
512,64,2,64,23.893
512,64,2,128,23.935
512,64,2,256,23.9243
512,64,2,512,23.8183
512,64,2,1024,37.2893
512,64,2,2048,65.342
512,64,2,4096,120.967
512,64,2,8192,233.273
512,64,2,16384,462.238
512,64,4,16,28.5217
512,64,4,32,28.4907
512,64,4,64,28.5963
512,64,4,128,30.8363
512,64,4,256,31.6587
512,64,4,512,31.6687
512,64,4,1024,44.9797
512,64,4,2048,73.022
512,64,4,4096,129.159
512,64,4,8192,240.889
512,64,4,16384,470.493
512,64,8,16,31.146
512,64,8,32,31.0497
512,64,8,64,31.1457
512,64,8,128,33.6423
512,64,8,256,36.2873
512,64,8,512,42.068
512,64,8,1024,56.691
512,64,8,2048,85.3517
512,64,8,4096,142.183
512,64,8,8192,254.083
512,64,8,16384,480.51
512,64,16,16,37.791
512,64,16,32,38.0363
512,64,16,64,38.1003
512,64,16,128,42.303
512,64,16,256,47.9883
512,64,16,512,55.7423
512,64,16,1024,82.398
512,64,16,2048,138.524
512,64,16,4096,252.505
512,64,16,8192,484.829
512,64,16,16384,955.227
512,64,32,16,49.1183
512,64,32,32,48.9157
512,64,32,64,49.2253
512,64,32,128,58.3983
512,64,32,256,68.0727
512,64,32,512,86.4507
512,64,32,1024,140.977
512,64,32,2048,251.929
512,64,32,4096,483.432
512,64,32,8192,948.933
512,64,32,16384,1875.96
512,64,64,16,70.6223
512,64,64,32,70.729
512,64,64,64,71.1557
512,64,64,128,90.5787
512,64,64,256,110.737
512,64,64,512,150.599
512,64,64,1024,245.572
512,64,64,2048,445.876
512,64,64,4096,922.534
512,64,64,8192,1808.12
512,64,64,16384,3597.85
512,128,0,0,23.2957
512,128,1,16,23.6257
512,128,1,32,23.5833
512,128,1,64,23.7437
512,128,1,128,23.6153
512,128,1,256,23.722
512,128,1,512,23.743
512,128,1,1024,37.0123
512,128,1,2048,64.862
512,128,1,4096,120.86
512,128,1,8192,232.313
512,128,1,16384,456.072
512,128,2,16,24.1913
512,128,2,32,24.1267
512,128,2,64,24.2127
512,128,2,128,24.0737
512,128,2,256,24.2237
512,128,2,512,24.127
512,128,2,1024,37.407
512,128,2,2048,65.3747
512,128,2,4096,121.341
512,128,2,8192,232.868
512,128,2,16384,461.641
512,128,4,16,28.7137
512,128,4,32,29.087
512,128,4,64,28.9907
512,128,4,128,31.9457
512,128,4,256,33.2047
512,128,4,512,33.343
512,128,4,1024,46.5053
512,128,4,2048,74.387
512,128,4,4096,130.631
512,128,4,8192,242.063
512,128,4,16384,471.475
512,128,8,16,32.0947
512,128,8,32,32.0097
512,128,8,64,32.468
512,128,8,128,34.346
512,128,8,256,36.8203
512,128,8,512,42.633
512,128,8,1024,58.633
512,128,8,2048,87.699
512,128,8,4096,144.231
512,128,8,8192,256.313
512,128,8,16384,481.885
512,128,16,16,39.1237
512,128,16,32,38.826
512,128,16,64,39.1243
512,128,16,128,43.732
512,128,16,256,49.1717
512,128,16,512,58.174
512,128,16,1024,84.6807
512,128,16,2048,140.753
512,128,16,4096,255.043
512,128,16,8192,485.554
512,128,16,16384,955.345
512,128,32,16,50.281
512,128,32,32,50.569
512,128,32,64,50.8253
512,128,32,128,60.1797
512,128,32,256,69.3313
512,128,32,512,87.475
512,128,32,1024,141.959
512,128,32,2048,251.396
512,128,32,4096,483.145
512,128,32,8192,949.403
512,128,32,16384,1876.85
512,128,64,16,72.0613
512,128,64,32,72.0723
512,128,64,64,72.894
512,128,64,128,92.5627
512,128,64,256,112.701
512,128,64,512,151.729
512,128,64,1024,246.148
512,128,64,2048,445.055
512,128,64,4096,926.482
512,128,64,8192,1809.19
512,128,64,16384,3592.13
512,256,0,0,26.8367
512,256,1,16,27.1563
512,256,1,32,27.242
512,256,1,64,27.0607
512,256,1,128,27.1677
512,256,1,256,27.3167
512,256,1,512,27.1777
512,256,1,1024,36.9377
512,256,1,2048,64.82
512,256,1,4096,120.85
512,256,1,8192,232.451
512,256,1,16384,456.159
512,256,2,16,27.647
512,256,2,32,27.711
512,256,2,64,27.882
512,256,2,128,27.743
512,256,2,256,27.8817
512,256,2,512,27.6583
512,256,2,1024,37.375
512,256,2,2048,65.4803
512,256,2,4096,121.181
512,256,2,8192,232.996
512,256,2,16384,460.435
512,256,4,16,32.575
512,256,4,32,32.415
512,256,4,64,32.7133
512,256,4,128,35.6467
512,256,4,256,39.0927
512,256,4,512,40.191
512,256,4,1024,50.175
512,256,4,2048,78.4937
512,256,4,4096,134.472
512,256,4,8192,246.052
512,256,4,16384,470.75
512,256,8,16,36.1377
512,256,8,32,36.148
512,256,8,64,36.319
512,256,8,128,39.4547
512,256,8,256,41.1503
512,256,8,512,46.7293
512,256,8,1024,62.9427
512,256,8,2048,91.5607
512,256,8,4096,148.071
512,256,8,8192,260.484
512,256,8,16384,486.952
512,256,16,16,43.647
512,256,16,32,43.903
512,256,16,64,44.127
512,256,16,128,48.777
512,256,16,256,53.7903
512,256,16,512,64.9267
512,256,16,1024,88.5737
512,256,16,2048,144.423
512,256,16,4096,258.255
512,256,16,8192,486.696
512,256,16,16384,955.505
512,256,32,16,55.2193
512,256,32,32,55.604
512,256,32,64,55.8067
512,256,32,128,65.6407
512,256,32,256,75.7743
512,256,32,512,92.6373
512,256,32,1024,142.652
512,256,32,2048,252.462
512,256,32,4096,483.592
512,256,32,8192,948.913
512,256,32,16384,1877.9
512,256,64,16,77.054
512,256,64,32,77.5127
512,256,64,64,78.1097
512,256,64,128,98.003
512,256,64,256,118.77
512,256,64,512,157.318
512,256,64,1024,247.492
512,256,64,2048,443.956
512,256,64,4096,924.711
512,256,64,8192,1811.15
512,256,64,16384,3595.21
512,512,0,0,34.1003
512,512,1,16,34.175
512,512,1,32,34.303
512,512,1,64,34.2927
512,512,1,128,34.2287
512,512,1,256,34.271
512,512,1,512,34.1857
512,512,1,1024,37.023
512,512,1,2048,64.958
512,512,1,4096,120.861
512,512,1,8192,232.527
512,512,1,16384,455.754
512,512,2,16,34.815
512,512,2,32,34.7727
512,512,2,64,34.7623
512,512,2,128,34.794
512,512,2,256,34.7297
512,512,2,512,34.6653
512,512,2,1024,37.631
512,512,2,2048,65.385
512,512,2,4096,121.682
512,512,2,8192,233.509
512,512,2,16384,461.545
512,512,4,16,39.4977
512,512,4,32,39.562
512,512,4,64,39.5933
512,512,4,128,42.911
512,512,4,256,46.143
512,512,4,512,52.8093
512,512,4,1024,57.311
512,512,4,2048,85.6617
512,512,4,4096,141.553
512,512,4,8192,253.582
512,512,4,16384,477.662
512,512,8,16,43.3587
512,512,8,32,43.38
512,512,8,64,43.391
512,512,8,128,46.7083
512,512,8,256,50.2923
512,512,8,512,55.6467
512,512,8,1024,69.3847
512,512,8,2048,98.8883
512,512,8,4096,155.783
512,512,8,8192,267.577
512,512,8,16384,494.002
512,512,16,16,52.2323
512,512,16,32,52.3397
512,512,16,64,52.585
512,512,16,128,58.911
512,512,16,256,63.2193
512,512,16,512,75.1553
512,512,16,1024,96.4553
512,512,16,2048,152.401
512,512,16,4096,265.134
512,512,16,8192,492.659
512,512,16,16384,956.199
512,512,32,16,65.523
512,512,32,32,65.3093
512,512,32,64,65.79
512,512,32,128,76.0617
512,512,32,256,86.9843
512,512,32,512,104.264
512,512,32,1024,143.772
512,512,32,2048,254.179
512,512,32,4096,482.098
512,512,32,8192,944.22
512,512,32,16384,1875.36
512,512,64,16,87.6883
512,512,64,32,88.1363
512,512,64,64,88.67
512,512,64,128,109.117
512,512,64,256,130.183
512,512,64,512,169.414
512,512,64,1024,249.988
512,512,64,2048,445.546
512,512,64,4096,935.485
512,512,64,8192,1816.25
512,512,64,16384,3599.39
512,1024,0,0,48.2437
512,1024,1,16,48.2763
512,1024,1,32,48.3187
512,1024,1,64,48.286
512,1024,1,128,48.2333
512,1024,1,256,48.2333
512,1024,1,512,48.34
512,1024,1,1024,48.2867
512,1024,1,2048,65.5023
512,1024,1,4096,121.373
512,1024,1,8192,233.167
512,1024,1,16384,457.033
512,1024,2,16,48.9903
512,1024,2,32,49.0653
512,1024,2,64,49.0647
512,1024,2,128,48.9477
512,1024,2,256,48.9693
512,1024,2,512,49.1723
512,1024,2,1024,49.1933
512,1024,2,2048,66.0353
512,1024,2,4096,122.312
512,1024,2,8192,234.266
512,1024,2,16384,461.032
512,1024,4,16,53.6413
512,1024,4,32,53.46
512,1024,4,64,53.5237
512,1024,4,128,56.9157
512,1024,4,256,60.4353
512,1024,4,512,67.3263
512,1024,4,1024,81.4803
512,1024,4,2048,99.997
512,1024,4,4096,156.54
512,1024,4,8192,268.302
512,1024,4,16384,491.954
512,1024,8,16,57.353
512,1024,8,32,57.3317
512,1024,8,64,57.5343
512,1024,8,128,60.915
512,1024,8,256,64.425
512,1024,8,512,71.647
512,1024,8,1024,84.1897
512,1024,8,2048,113.277
512,1024,8,4096,170.364
512,1024,8,8192,282.573
512,1024,8,16384,508.509
512,1024,16,16,66.5263
512,1024,16,32,66.7393
512,1024,16,64,66.5793
512,1024,16,128,76.723
512,1024,16,256,85.8647
512,1024,16,512,91.3147
512,1024,16,1024,117.917
512,1024,16,2048,167.398
512,1024,16,4096,279.694
512,1024,16,8192,506.365
512,1024,16,16384,956.967
512,1024,32,16,84.03
512,1024,32,32,84.1253
512,1024,32,64,84.595
512,1024,32,128,96.2853
512,1024,32,256,107.336
512,1024,32,512,129.511
512,1024,32,1024,161.041
512,1024,32,2048,256.868
512,1024,32,4096,482.611
512,1024,32,8192,950.823
512,1024,32,16384,1879.85
512,1024,64,16,108.509
512,1024,64,32,108.797
512,1024,64,64,109.352
512,1024,64,128,130.514
512,1024,64,256,152.348
512,1024,64,512,193.787
512,1024,64,1024,269.252
512,1024,64,2048,448.148
512,1024,64,4096,935.431
512,1024,64,8192,1860.03
512,1024,64,16384,3673.55
512,2048,0,0,76.7873
512,2048,1,16,76.595
512,2048,1,32,76.617
512,2048,1,64,76.6597
512,2048,1,128,76.6807
512,2048,1,256,76.6167
512,2048,1,512,76.6917
512,2048,1,1024,76.7873
512,2048,1,2048,77.044
512,2048,1,4096,122.098
512,2048,1,8192,234.073
512,2048,1,16384,457.214
512,2048,2,16,77.2457
512,2048,2,32,77.2673
512,2048,2,64,77.1603
512,2048,2,128,77.2883
512,2048,2,256,77.1497
512,2048,2,512,77.4377
512,2048,2,1024,77.6937
512,2048,2,2048,77.6727
512,2048,2,4096,123.143
512,2048,2,8192,235.054
512,2048,2,16384,465.384
512,2048,4,16,81.6517
512,2048,4,32,81.8327
512,2048,4,64,81.534
512,2048,4,128,85.214
512,2048,4,256,89.267
512,2048,4,512,95.8587
512,2048,4,1024,110.311
512,2048,4,2048,138.002
512,2048,4,4096,185.104
512,2048,4,8192,297.421
512,2048,4,16384,520.829
512,2048,8,16,85.779
512,2048,8,32,85.587
512,2048,8,64,85.6507
512,2048,8,128,89.1813
512,2048,8,256,92.9363
512,2048,8,512,100.317
512,2048,8,1024,114.685
512,2048,8,2048,141.233
512,2048,8,4096,198.949
512,2048,8,8192,311.64
512,2048,8,16384,537.767
512,2048,16,16,94.6327
512,2048,16,32,94.9523
512,2048,16,64,95.0907
512,2048,16,128,105.212
512,2048,16,256,116.072
512,2048,16,512,137.074
512,2048,16,1024,149.137
512,2048,16,2048,203.696
512,2048,16,4096,309.282
512,2048,16,8192,533.841
512,2048,16,16384,986.748
512,2048,32,16,113.106
512,2048,32,32,113.202
512,2048,32,64,113.511
512,2048,32,128,132.306
512,2048,32,256,146.641
512,2048,32,512,167.611
512,2048,32,1024,214.853
512,2048,32,2048,275.854
512,2048,32,4096,483.454
512,2048,32,8192,969.319
512,2048,32,16384,1927.27
512,2048,64,16,147.452
512,2048,64,32,148.018
512,2048,64,64,148.381
512,2048,64,128,170.822
512,2048,64,256,193.158
512,2048,64,512,235.632
512,2048,64,1024,321.741
512,2048,64,2048,470.963
512,2048,64,4096,911.187
512,2048,64,8192,1975.92
512,2048,64,16384,4058.38
512,4096,0,0,132.626
512,4096,1,16,132.551
512,4096,1,32,132.476
512,4096,1,64,132.68
512,4096,1,128,132.434
512,4096,1,256,132.348
512,4096,1,512,132.519
512,4096,1,1024,132.754
512,4096,1,2048,133.02
512,4096,1,4096,133.18
512,4096,1,8192,234.606
512,4096,1,16384,457.439
512,4096,2,16,133.682
512,4096,2,32,133.617
512,4096,2,64,133.34
512,4096,2,128,133.394
512,4096,2,256,133.564
512,4096,2,512,133.82
512,4096,2,1024,133.949
512,4096,2,2048,134.695
512,4096,2,4096,134.95
512,4096,2,8192,235.663
512,4096,2,16384,464.424
512,4096,4,16,137.682
512,4096,4,32,137.702
512,4096,4,64,137.927
512,4096,4,128,141.127
512,4096,4,256,144.871
512,4096,4,512,151.708
512,4096,4,1024,166.011
512,4096,4,2048,194.448
512,4096,4,4096,250.693
512,4096,4,8192,354.315
512,4096,4,16384,577.712
512,4096,8,16,141.33
512,4096,8,32,141.905
512,4096,8,64,141.404
512,4096,8,128,145.404
512,4096,8,256,148.807
512,4096,8,512,156.198
512,4096,8,1024,170.768
512,4096,8,2048,199.611
512,4096,8,4096,254.212
512,4096,8,8192,369.932
512,4096,8,16384,592.603
512,4096,16,16,150.951
512,4096,16,32,150.929
512,4096,16,64,150.983
512,4096,16,128,161.009
512,4096,16,256,171.899
512,4096,16,512,193.039
512,4096,16,1024,235.93
512,4096,16,2048,260.505
512,4096,16,4096,372.832
512,4096,16,8192,603.323
512,4096,16,16384,1075.21
512,4096,32,16,168.571
512,4096,32,32,168.71
512,4096,32,64,169.116
512,4096,32,128,188.038
512,4096,32,256,207.621
512,4096,32,512,244.569
512,4096,32,1024,290.136
512,4096,32,2048,384.012
512,4096,32,4096,500.126
512,4096,32,8192,987.654
512,4096,32,16384,2020.71
512,4096,64,16,204.645
512,4096,64,32,205.189
512,4096,64,64,206.234
512,4096,64,128,242.82
512,4096,64,256,269.24
512,4096,64,512,319.725
512,4096,64,1024,407.221
512,4096,64,2048,582.416
512,4096,64,4096,931.411
512,4096,64,8192,1991.73
512,4096,64,16384,4324.55
512,8192,0,0,244.601
512,8192,1,16,244.218
512,8192,1,32,244.207
512,8192,1,64,244.271
512,8192,1,128,244.153
512,8192,1,256,244.281
512,8192,1,512,244.655
512,8192,1,1024,244.409
512,8192,1,2048,244.527
512,8192,1,4096,244.602
512,8192,1,8192,244.975
512,8192,1,16384,457.887
512,8192,2,16,245.54
512,8192,2,32,245.615
512,8192,2,64,245.551
512,8192,2,128,245.338
512,8192,2,256,245.583
512,8192,2,512,245.391
512,8192,2,1024,245.828
512,8192,2,2048,246.329
512,8192,2,4096,246.821
512,8192,2,8192,246.831
512,8192,2,16384,470.131
512,8192,4,16,248.974
512,8192,4,32,249.263
512,8192,4,64,249.785
512,8192,4,128,252.42
512,8192,4,256,256.494
512,8192,4,512,263.502
512,8192,4,1024,277.859
512,8192,4,2048,305.773
512,8192,4,4096,362.614
512,8192,4,8192,477.875
512,8192,4,16384,696.035
512,8192,8,16,253.092
512,8192,8,32,253.102
512,8192,8,64,253.199
512,8192,8,128,257.22
512,8192,8,256,260.046
512,8192,8,512,267.62
512,8192,8,1024,282.105
512,8192,8,2048,310.456
512,8192,8,4096,367.757
512,8192,8,8192,482.313
512,8192,8,16384,720.248
512,8192,16,16,262.084
512,8192,16,32,262.425
512,8192,16,64,262.638
512,8192,16,128,272.11
512,8192,16,256,283.726
512,8192,16,512,304.664
512,8192,16,1024,347.308
512,8192,16,2048,431.947
512,8192,16,4096,485.715
512,8192,16,8192,720.323
512,8192,16,16384,1192.3
512,8192,32,16,280.26
512,8192,32,32,280.43
512,8192,32,64,281.774
512,8192,32,128,300.066
512,8192,32,256,320.013
512,8192,32,512,356.471
512,8192,32,1024,427.179
512,8192,32,2048,540.039
512,8192,32,4096,721.752
512,8192,32,8192,968.114
512,8192,32,16384,1959.78
512,8192,64,16,316.771
512,8192,64,32,316.931
512,8192,64,64,317.976
512,8192,64,128,354.774
512,8192,64,256,393.302
512,8192,64,512,470.719
512,8192,64,1024,561.798
512,8192,64,2048,746.552
512,8192,64,4096,1185.52
512,8192,64,8192,1809.58
512,8192,64,16384,4169.71
512,16384,0,0,468.457
512,16384,1,16,468.329
512,16384,1,32,468.244
512,16384,1,64,469.044
512,16384,1,128,468.126
512,16384,1,256,468.628
512,16384,1,512,469.044
512,16384,1,1024,469.044
512,16384,1,2048,469.279
512,16384,1,4096,469.257
512,16384,1,8192,469.107
512,16384,1,16384,470.206
512,16384,2,16,470.548
512,16384,2,32,469.588
512,16384,2,64,470.164
512,16384,2,128,470.078
512,16384,2,256,470.228
512,16384,2,512,470.601
512,16384,2,1024,470.856
512,16384,2,2048,471.615
512,16384,2,4096,471.465
512,16384,2,8192,474.622
512,16384,2,16384,476.008
512,16384,4,16,473.726
512,16384,4,32,473.491
512,16384,4,64,473.832
512,16384,4,128,476.563
512,16384,4,256,480.254
512,16384,4,512,487.144
512,16384,4,1024,501.885
512,16384,4,2048,530.375
512,16384,4,4096,587.804
512,16384,4,8192,704.889
512,16384,4,16384,941.704
512,16384,8,16,476.564
512,16384,8,32,475.935
512,16384,8,64,477.043
512,16384,8,128,479.955
512,16384,8,256,484.404
512,16384,8,512,491.753
512,16384,8,1024,505.769
512,16384,8,2048,534.461
512,16384,8,4096,591.473
512,16384,8,8192,708.857
512,16384,8,16384,955.208
512,16384,16,16,485.385
512,16384,16,32,486.003
512,16384,16,64,486.333
512,16384,16,128,496.329
512,16384,16,256,507.559
512,16384,16,512,529.105
512,16384,16,1024,570.374
512,16384,16,2048,655.908
512,16384,16,4096,825.985
512,16384,16,8192,947.528
512,16384,16,16384,1423.9
512,16384,32,16,503.261
512,16384,32,32,504.136
512,16384,32,64,504.542
512,16384,32,128,523.911
512,16384,32,256,542.332
512,16384,32,512,580.977
512,16384,32,1024,651.236
512,16384,32,2048,793.708
512,16384,32,4096,1042.8
512,16384,32,8192,1414.64
512,16384,32,16384,1895.97
512,16384,64,16,540.594
512,16384,64,32,540.327
512,16384,64,64,542.962
512,16384,64,128,579.28
512,16384,64,256,618.085
512,16384,64,512,695.631
512,16384,64,1024,850.037
512,16384,64,2048,1057.79
512,16384,64,4096,1458.21
512,16384,64,8192,2313.33
512,16384,64,16384,3568.44
1024,0,0,0,51.028
1024,0,1,16,51.657
1024,0,1,32,51.8063
1024,0,1,64,51.647
1024,0,1,128,52.4677
1024,0,1,256,53.14
1024,0,1,512,54.2063
1024,0,1,1024,55.0817
1024,0,1,2048,83.1127
1024,0,1,4096,138.972
1024,0,1,8192,250.916
1024,0,1,16384,474.42
1024,0,2,16,53.172
1024,0,2,32,53.6843
1024,0,2,64,53.6093
1024,0,2,128,53.9293
1024,0,2,256,54.9003
1024,0,2,512,55.348
1024,0,2,1024,58.9103
1024,0,2,2048,87.0487
1024,0,2,4096,142.855
1024,0,2,8192,254.639
1024,0,2,16384,477.182
1024,0,4,16,54.985
1024,0,4,32,54.932
1024,0,4,64,54.8357
1024,0,4,128,56.2757
1024,0,4,256,57.7907
1024,0,4,512,58.9103
1024,0,4,1024,66.739
1024,0,4,2048,95.272
1024,0,4,4096,151.261
1024,0,4,8192,262.405
1024,0,4,16384,486.856
1024,0,8,16,59.0483
1024,0,8,32,59.3043
1024,0,8,64,59.4117
1024,0,8,128,62.4513
1024,0,8,256,64.3293
1024,0,8,512,68.5417
1024,0,8,1024,77.118
1024,0,8,2048,122.728
1024,0,8,4096,179.302
1024,0,8,8192,291.715
1024,0,8,16384,517.011
1024,0,16,16,67.7317
1024,0,16,32,67.4537
1024,0,16,64,67.6997
1024,0,16,128,72.6057
1024,0,16,256,78.366
1024,0,16,512,87.0267
1024,0,16,1024,108.872
1024,0,16,2048,164.743
1024,0,16,4096,276.846
1024,0,16,8192,503.987
1024,0,16,16384,961.319
1024,0,32,16,82.6967
1024,0,32,32,82.8993
1024,0,32,64,82.8457
1024,0,32,128,93.6397
1024,0,32,256,104.041
1024,0,32,512,124.125
1024,0,32,1024,163.441
1024,0,32,2048,266.212
1024,0,32,4096,488.51
1024,0,32,8192,958.92
1024,0,32,16384,1888.41
1024,0,64,16,111.954
1024,0,64,32,112.254
1024,0,64,64,112.925
1024,0,64,128,133.277
1024,0,64,256,153.553
1024,0,64,512,194.63
1024,0,64,1024,276.889
1024,0,64,2048,464.159
1024,0,64,4096,958.3
1024,0,64,8192,1843.59
1024,0,64,16384,3635.41
1024,16,0,0,57.2253
1024,16,1,16,57.0547
1024,16,1,32,57.1607
1024,16,1,64,57.1927
1024,16,1,128,57.246
1024,16,1,256,57.5667
1024,16,1,512,58.1103
1024,16,1,1024,60.0197
1024,16,1,2048,85.5333
1024,16,1,4096,141.159
1024,16,1,8192,253.53
1024,16,1,16384,475.571
1024,16,2,16,58.185
1024,16,2,32,57.961
1024,16,2,64,58.143
1024,16,2,128,58.4517
1024,16,2,256,60.2227
1024,16,2,512,60.2543
1024,16,2,1024,63.497
1024,16,2,2048,90.1307
1024,16,2,4096,145.724
1024,16,2,8192,256.676
1024,16,2,16384,480.255
1024,16,4,16,60.137
1024,16,4,32,60.5103
1024,16,4,64,60.2643
1024,16,4,128,61.118
1024,16,4,256,62.8463
1024,16,4,512,64.126
1024,16,4,1024,69.3423
1024,16,4,2048,97.949
1024,16,4,4096,153.564
1024,16,4,8192,265.668
1024,16,4,16384,490.303
1024,16,8,16,64.3613
1024,16,8,32,64.5
1024,16,8,64,64.404
1024,16,8,128,66.9953
1024,16,8,256,68.681
1024,16,8,512,73.9073
1024,16,8,1024,80.6597
1024,16,8,2048,127.356
1024,16,8,4096,184.188
1024,16,8,8192,296.568
1024,16,8,16384,522.088
1024,16,16,16,72.3183
1024,16,16,32,72.2327
1024,16,16,64,72.4567
1024,16,16,128,77.459
1024,16,16,256,82.7073
1024,16,16,512,92.51
1024,16,16,1024,110.76
1024,16,16,2048,167.921
1024,16,16,4096,278.958
1024,16,16,8192,506.654
1024,16,16,16384,963.048
1024,16,32,16,87.934
1024,16,32,32,87.0593
1024,16,32,64,88.0833
1024,16,32,128,98.302
1024,16,32,256,109.086
1024,16,32,512,129.277
1024,16,32,1024,167.249
1024,16,32,2048,267.268
1024,16,32,4096,484.862
1024,16,32,8192,957.565
1024,16,32,16384,1886.43
1024,16,64,16,116.99
1024,16,64,32,117.586
1024,16,64,64,117.8
1024,16,64,128,137.97
1024,16,64,256,159.196
1024,16,64,512,199.483
1024,16,64,1024,280.185
1024,16,64,2048,465.663
1024,16,64,4096,961.235
1024,16,64,8192,1855.24
1024,16,64,16384,3628.32
1024,32,0,0,57.4277
1024,32,1,16,57.1077
1024,32,1,32,57.183
1024,32,1,64,57.183
1024,32,1,128,57.417
1024,32,1,256,57.5777
1024,32,1,512,57.9933
1024,32,1,1024,60.02
1024,32,1,2048,85.3527
1024,32,1,4096,141.266
1024,32,1,8192,252.729
1024,32,1,16384,476.479
1024,32,2,16,58.1427
1024,32,2,32,57.972
1024,32,2,64,58.0037
1024,32,2,128,58.793
1024,32,2,256,59.8707
1024,32,2,512,60.521
1024,32,2,1024,63.1877
1024,32,2,2048,89.6187
1024,32,2,4096,145.895
1024,32,2,8192,257.476
1024,32,2,16384,480.457
1024,32,4,16,60.4253
1024,32,4,32,59.8817
1024,32,4,64,60.0627
1024,32,4,128,61.5447
1024,32,4,256,62.8037
1024,32,4,512,64.425
1024,32,4,1024,69.3847
1024,32,4,2048,98.0447
1024,32,4,4096,153.778
1024,32,4,8192,265.956
1024,32,4,16384,489.364
1024,32,8,16,64.5737
1024,32,8,32,64.4253
1024,32,8,64,64.5423
1024,32,8,128,66.8893
1024,32,8,256,69.1077
1024,32,8,512,74.3127
1024,32,8,1024,81.2243
1024,32,8,2048,127.826
1024,32,8,4096,184.102
1024,32,8,8192,296.025
1024,32,8,16384,519.902
1024,32,16,16,73.0223
1024,32,16,32,72.414
1024,32,16,64,72.5953
1024,32,16,128,77.7583
1024,32,16,256,83.1873
1024,32,16,512,92.2327
1024,32,16,1024,110.45
1024,32,16,2048,168.028
1024,32,16,4096,279.033
1024,32,16,8192,507.187
1024,32,16,16384,963.208
1024,32,32,16,87.2727
1024,32,32,32,87.4853
1024,32,32,64,87.5073
1024,32,32,128,97.7253
1024,32,32,256,109.054
1024,32,32,512,128.477
1024,32,32,1024,166.96
1024,32,32,2048,267.971
1024,32,32,4096,487.7
1024,32,32,8192,958.878
1024,32,32,16384,1887.8
1024,32,64,16,116.893
1024,32,64,32,117.437
1024,32,64,64,117.853
1024,32,64,128,138.481
1024,32,64,256,158.823
1024,32,64,512,199.398
1024,32,64,1024,280.526
1024,32,64,2048,465.652
1024,32,64,4096,961.096
1024,32,64,8192,1857.2
1024,32,64,16384,3633.5
1024,64,0,0,57.1717
1024,64,1,16,57.129
1024,64,1,32,57.3107
1024,64,1,64,57.2457
1024,64,1,128,57.4497
1024,64,1,256,57.6523
1024,64,1,512,58.004
1024,64,1,1024,60.1047
1024,64,1,2048,85.3313
1024,64,1,4096,141.084
1024,64,1,8192,252.783
1024,64,1,16384,475.732
1024,64,2,16,58.3347
1024,64,2,32,58.0887
1024,64,2,64,58.1107
1024,64,2,128,58.5053
1024,64,2,256,60.1157
1024,64,2,512,60.8943
1024,64,2,1024,63.668
1024,64,2,2048,90.142
1024,64,2,4096,145.596
1024,64,2,8192,257.124
1024,64,2,16384,480.735
1024,64,4,16,60.1053
1024,64,4,32,60.4253
1024,64,4,64,60.169
1024,64,4,128,61.161
1024,64,4,256,62.5693
1024,64,4,512,64.585
1024,64,4,1024,69.6193
1024,64,4,2048,97.8753
1024,64,4,4096,154.438
1024,64,4,8192,265.572
1024,64,4,16384,490.634
1024,64,8,16,64.585
1024,64,8,32,64.5527
1024,64,8,64,64.4997
1024,64,8,128,67.2197
1024,64,8,256,69.417
1024,64,8,512,74.2277
1024,64,8,1024,80.9687
1024,64,8,2048,127.368
1024,64,8,4096,184.166
1024,64,8,8192,296.697
1024,64,8,16384,521.406
1024,64,16,16,73.0433
1024,64,16,32,72.3283
1024,64,16,64,72.6703
1024,64,16,128,77.6727
1024,64,16,256,82.6433
1024,64,16,512,92.9687
1024,64,16,1024,111.293
1024,64,16,2048,167.921
1024,64,16,4096,279.14
1024,64,16,8192,506.91
1024,64,16,16384,965.106
1024,64,32,16,87.4537
1024,64,32,32,88.3287
1024,64,32,64,88.008
1024,64,32,128,98.3763
1024,64,32,256,109.042
1024,64,32,512,129.063
1024,64,32,1024,166.823
1024,64,32,2048,267.662
1024,64,32,4096,488.211
1024,64,32,8192,959.966
1024,64,32,16384,1885.94
1024,64,64,16,117.203
1024,64,64,32,117.736
1024,64,64,64,118.407
1024,64,64,128,138.514
1024,64,64,256,159.121
1024,64,64,512,199.856
1024,64,64,1024,280.707
1024,64,64,2048,465.706
1024,64,64,4096,958.43
1024,64,64,8192,1856.39
1024,64,64,16384,3625.69
1024,128,0,0,58.0567
1024,128,1,16,60.276
1024,128,1,32,60.095
1024,128,1,64,60.553
1024,128,1,128,60.873
1024,128,1,256,60.7767
1024,128,1,512,61.0857
1024,128,1,1024,61.8123
1024,128,1,2048,88.6913
1024,128,1,4096,144.498
1024,128,1,8192,255.737
1024,128,1,16384,479.636
1024,128,2,16,61.161
1024,128,2,32,60.7667
1024,128,2,64,61.151
1024,128,2,128,60.937
1024,128,2,256,62.27
1024,128,2,512,62.3987
1024,128,2,1024,65.513
1024,128,2,2048,92.5097
1024,128,2,4096,148.434
1024,128,2,8192,260.473
1024,128,2,16384,483.081
1024,128,4,16,62.3557
1024,128,4,32,62.2057
1024,128,4,64,62.3027
1024,128,4,128,63.977
1024,128,4,256,65.14
1024,128,4,512,67.6993
1024,128,4,1024,72.2963
1024,128,4,2048,100.691
1024,128,4,4096,156.295
1024,128,4,8192,268.281
1024,128,4,16384,492.361
1024,128,8,16,66.783
1024,128,8,32,66.6757
1024,128,8,64,66.8573
1024,128,8,128,69.2997
1024,128,8,256,71.636
1024,128,8,512,77.0967
1024,128,8,1024,84.211
1024,128,8,2048,129.149
1024,128,8,4096,188.891
1024,128,8,8192,301.006
1024,128,8,16384,526.271
1024,128,16,16,74.942
1024,128,16,32,74.8887
1024,128,16,64,74.8033
1024,128,16,128,80.2643
1024,128,16,256,85.704
1024,128,16,512,95.9127
1024,128,16,1024,112.541
1024,128,16,2048,170.854
1024,128,16,4096,281.785
1024,128,16,8192,509.748
1024,128,16,16384,968.052
1024,128,32,16,90.259
1024,128,32,32,90.1633
1024,128,32,64,90.622
1024,128,32,128,100.957
1024,128,32,256,111.518
1024,128,32,512,131.826
1024,128,32,1024,170.716
1024,128,32,2048,269.401
1024,128,32,4096,488.042
1024,128,32,8192,957.278
1024,128,32,16384,1884.46
1024,128,64,16,119.773
1024,128,64,32,120.061
1024,128,64,64,120.328
1024,128,64,128,141.031
1024,128,64,256,162.247
1024,128,64,512,202.789
1024,128,64,1024,283.62
1024,128,64,2048,467.626
1024,128,64,4096,962.654
1024,128,64,8192,1864.65
1024,128,64,16384,3647.18
1024,256,0,0,65.215
1024,256,1,16,67.5187
1024,256,1,32,67.6567
1024,256,1,64,67.4113
1024,256,1,128,67.5183
1024,256,1,256,67.6783
1024,256,1,512,68.03
1024,256,1,1024,69.769
1024,256,1,2048,92.3817
1024,256,1,4096,148.188
1024,256,1,8192,259.79
1024,256,1,16384,483.05
1024,256,2,16,67.9983
1024,256,2,32,67.881
1024,256,2,64,67.7743
1024,256,2,128,68.2437
1024,256,2,256,69.182
1024,256,2,512,69.63
1024,256,2,1024,73.0543
1024,256,2,2048,96.9463
1024,256,2,4096,152.721
1024,256,2,8192,264.676
1024,256,2,16384,487.785
1024,256,4,16,69.8653
1024,256,4,32,69.5027
1024,256,4,64,69.9287
1024,256,4,128,71.6253
1024,256,4,256,72.286
1024,256,4,512,75.113
1024,256,4,1024,77.8543
1024,256,4,2048,105.256
1024,256,4,4096,161.34
1024,256,4,8192,272.761
1024,256,4,16384,496.608
1024,256,8,16,74.462
1024,256,8,32,74.164
1024,256,8,64,74.3663
1024,256,8,128,76.8193
1024,256,8,256,79.593
1024,256,8,512,84.126
1024,256,8,1024,93.0753
1024,256,8,2048,130.813
1024,256,8,4096,197.979
1024,256,8,8192,310.596
1024,256,8,16384,535.732
1024,256,16,16,81.9497
1024,256,16,32,82.1313
1024,256,16,64,82.3127
1024,256,16,128,87.4643
1024,256,16,256,92.7763
1024,256,16,512,103.325
1024,256,16,1024,119.773
1024,256,16,2048,177.575
1024,256,16,4096,286.915
1024,256,16,8192,514.057
1024,256,16,16384,969.449
1024,256,32,16,97.6193
1024,256,32,32,97.0963
1024,256,32,64,97.758
1024,256,32,128,109.053
1024,256,32,256,119.442
1024,256,32,512,140.125
1024,256,32,1024,180.423
1024,256,32,2048,273.124
1024,256,32,4096,489.076
1024,256,32,8192,961.235
1024,256,32,16384,1886.87
1024,256,64,16,127.592
1024,256,64,32,127.954
1024,256,64,64,128.584
1024,256,64,128,148.603
1024,256,64,256,169.532
1024,256,64,512,210.363
1024,256,64,1024,291.694
1024,256,64,2048,472.49
1024,256,64,4096,964.915
1024,256,64,8192,1885.53
1024,256,64,16384,3691.47
1024,512,0,0,79.0803
1024,512,1,16,81.641
1024,512,1,32,81.5977
1024,512,1,64,81.6087
1024,512,1,128,81.5763
1024,512,1,256,81.6087
1024,512,1,512,82.452
1024,512,1,1024,83.1657
1024,512,1,2048,99.966
1024,512,1,4096,155.697
1024,512,1,8192,267.417
1024,512,1,16384,490.025
1024,512,2,16,81.843
1024,512,2,32,82.153
1024,512,2,64,81.9723
1024,512,2,128,82.5473
1024,512,2,256,83.0487
1024,512,2,512,85.5553
1024,512,2,1024,85.566
1024,512,2,2048,104.936
1024,512,2,4096,160.551
1024,512,2,8192,272.858
1024,512,2,16384,496.969
1024,512,4,16,83.5603
1024,512,4,32,83.667
1024,512,4,64,83.8167
1024,512,4,128,85.6513
1024,512,4,256,86.3447
1024,512,4,512,89.6937
1024,512,4,1024,90.3017
1024,512,4,2048,115.25
1024,512,4,4096,171.217
1024,512,4,8192,283.044
1024,512,4,16384,506.857
1024,512,8,16,88.3283
1024,512,8,32,88.6267
1024,512,8,64,88.4777
1024,512,8,128,91.0793
1024,512,8,256,93.619
1024,512,8,512,97.0963
1024,512,8,1024,111.026
1024,512,8,2048,135.154
1024,512,8,4096,217.21
1024,512,8,8192,329.411
1024,512,8,16384,554.183
1024,512,16,16,96.1047
1024,512,16,32,96.2327
1024,512,16,64,96.1257
1024,512,16,128,101.96
1024,512,16,256,107.667
1024,512,16,512,118.354
1024,512,16,1024,135.133
1024,512,16,2048,192.518
1024,512,16,4096,298.425
1024,512,16,8192,523.294
1024,512,16,16384,978.601
1024,512,32,16,111.528
1024,512,32,32,112.189
1024,512,32,64,112.135
1024,512,32,128,123.133
1024,512,32,256,134.258
1024,512,32,512,155.549
1024,512,32,1024,195.164
1024,512,32,2048,284.612
1024,512,32,4096,491.999
1024,512,32,8192,961.385
1024,512,32,16384,1894.98
1024,512,64,16,142.045
1024,512,64,32,142.493
1024,512,64,64,143.111
1024,512,64,128,163.975
1024,512,64,256,185.744
1024,512,64,512,226.597
1024,512,64,1024,307.726
1024,512,64,2048,482.004
1024,512,64,4096,958.931
1024,512,64,8192,1915.19
1024,512,64,16384,3783.97
1024,1024,0,0,107.464
1024,1024,1,16,109.672
1024,1024,1,32,109.587
1024,1024,1,64,109.448
1024,1024,1,128,109.501
1024,1024,1,256,109.81
1024,1024,1,512,110.355
1024,1024,1,1024,110.173
1024,1024,1,2048,114.429
1024,1024,1,4096,170.3
1024,1024,1,8192,282.521
1024,1024,1,16384,505.386
1024,1024,2,16,110.035
1024,1024,2,32,110.28
1024,1024,2,64,110.237
1024,1024,2,128,110.461
1024,1024,2,256,111.485
1024,1024,2,512,111.752
1024,1024,2,1024,113.523
1024,1024,2,2048,119.123
1024,1024,2,4096,175.867
1024,1024,2,8192,287.363
1024,1024,2,16384,511.486
1024,1024,4,16,111.571
1024,1024,4,32,111.87
1024,1024,4,64,111.966
1024,1024,4,128,113.522
1024,1024,4,256,114.248
1024,1024,4,512,117.544
1024,1024,4,1024,118.578
1024,1024,4,2048,129.746
1024,1024,4,4096,192.198
1024,1024,4,8192,303.651
1024,1024,4,16384,527.604
1024,1024,8,16,116.413
1024,1024,8,32,116.446
1024,1024,8,64,116.722
1024,1024,8,128,119.421
1024,1024,8,256,121.437
1024,1024,8,512,126.13
1024,1024,8,1024,138.748
1024,1024,8,2048,161.543
1024,1024,8,4096,244.528
1024,1024,8,8192,371.255
1024,1024,8,16384,596.594
1024,1024,16,16,123.987
1024,1024,16,32,124.146
1024,1024,16,64,124.839
1024,1024,16,128,129.33
1024,1024,16,256,135.496
1024,1024,16,512,146.717
1024,1024,16,1024,169.692
1024,1024,16,2048,200.752
1024,1024,16,4096,326.882
1024,1024,16,8192,537.875
1024,1024,16,16384,996.03
1024,1024,32,16,139.687
1024,1024,32,32,140.039
1024,1024,32,64,139.805
1024,1024,32,128,152.071
1024,1024,32,256,163.857
1024,1024,32,512,185.873
1024,1024,32,1024,225.51
1024,1024,32,2048,307.566
1024,1024,32,4096,498.516
1024,1024,32,8192,961.321
1024,1024,32,16384,1907.25
1024,1024,64,16,171.516
1024,1024,64,32,171.996
1024,1024,64,64,171.921
1024,1024,64,128,193.638
1024,1024,64,256,215.462
1024,1024,64,512,258.596
1024,1024,64,1024,340.142
1024,1024,64,2048,504.809
1024,1024,64,4096,951.347
1024,1024,64,8192,1984.04
1024,1024,64,16384,4017.79
1024,2048,0,0,163.185
1024,2048,1,16,164.636
1024,2048,1,32,165.201
1024,2048,1,64,164.519
1024,2048,1,128,165.426
1024,2048,1,256,165.436
1024,2048,1,512,165.735
1024,2048,1,1024,166.246
1024,2048,1,2048,166.204
1024,2048,1,4096,198.982
1024,2048,1,8192,311.118
1024,2048,1,16384,533.566
1024,2048,2,16,166.161
1024,2048,2,32,165.842
1024,2048,2,64,165.554
1024,2048,2,128,166.332
1024,2048,2,256,167.142
1024,2048,2,512,167.409
1024,2048,2,1024,167.889
1024,2048,2,2048,170.3
1024,2048,2,4096,204.689
1024,2048,2,8192,316.59
1024,2048,2,16384,541.118
1024,2048,4,16,167.27
1024,2048,4,32,167.42
1024,2048,4,64,167.783
1024,2048,4,128,169.105
1024,2048,4,256,170.695
1024,2048,4,512,173.393
1024,2048,4,1024,173.341
1024,2048,4,2048,175.057
1024,2048,4,4096,221.221
1024,2048,4,8192,333.699
1024,2048,4,16384,556.957
1024,2048,8,16,171.964
1024,2048,8,32,172.476
1024,2048,8,64,172.764
1024,2048,8,128,175.1
1024,2048,8,256,176.934
1024,2048,8,512,180.07
1024,2048,8,1024,195.505
1024,2048,8,2048,223.908
1024,2048,8,4096,273.508
1024,2048,8,8192,453.781
1024,2048,8,16384,679.173
1024,2048,16,16,180.07
1024,2048,16,32,179.846
1024,2048,16,64,180.048
1024,2048,16,128,184.668
1024,2048,16,256,190.161
1024,2048,16,512,201.499
1024,2048,16,1024,229.712
1024,2048,16,2048,280.623
1024,2048,16,4096,367.084
1024,2048,16,8192,603.303
1024,2048,16,16384,1028.4
1024,2048,32,16,194.012
1024,2048,32,32,194.46
1024,2048,32,64,194.832
1024,2048,32,128,205.541
1024,2048,32,256,218.138
1024,2048,32,512,244.719
1024,2048,32,1024,285.721
1024,2048,32,2048,364.556
1024,2048,32,4096,542.857
1024,2048,32,8192,976.105
1024,2048,32,16384,1986.93
1024,2048,64,16,226.437
1024,2048,64,32,226.182
1024,2048,64,64,227.014
1024,2048,64,128,250.66
1024,2048,64,256,274.767
1024,2048,64,512,319.523
1024,2048,64,1024,403.126
1024,2048,64,2048,565.416
1024,2048,64,4096,1029.79
1024,2048,64,8192,2350.89
1024,2048,64,16384,4613.51
1024,4096,0,0,273.796
1024,4096,1,16,275.566
1024,4096,1,32,274.789
1024,4096,1,64,275.525
1024,4096,1,128,276.079
1024,4096,1,256,275.342
1024,4096,1,512,276.43
1024,4096,1,1024,276.355
1024,4096,1,2048,276.09
1024,4096,1,4096,277.391
1024,4096,1,8192,368.002
1024,4096,1,16384,590.365
1024,4096,2,16,277.071
1024,4096,2,32,276.9
1024,4096,2,64,276.527
1024,4096,2,128,277.305
1024,4096,2,256,278.116
1024,4096,2,512,277.882
1024,4096,2,1024,278.862
1024,4096,2,2048,279.065
1024,4096,2,4096,280.772
1024,4096,2,8192,373.9
1024,4096,2,16384,597.266
1024,4096,4,16,278.105
1024,4096,4,32,277.87
1024,4096,4,64,277.667
1024,4096,4,128,279.599
1024,4096,4,256,280.601
1024,4096,4,512,283.3
1024,4096,4,1024,283.716
1024,4096,4,2048,284.057
1024,4096,4,4096,285.775
1024,4096,4,8192,391.266
1024,4096,4,16384,612.135
1024,4096,8,16,283.012
1024,4096,8,32,283.162
1024,4096,8,64,282.937
1024,4096,8,128,285.625
1024,4096,8,256,287.055
1024,4096,8,512,290.254
1024,4096,8,1024,302.723
1024,4096,8,2048,335.278
1024,4096,8,4096,391.372
1024,4096,8,8192,496.852
1024,4096,8,16384,846.016
1024,4096,16,16,290.596
1024,4096,16,32,290.34
1024,4096,16,64,290.627
1024,4096,16,128,295.182
1024,4096,16,256,299.939
1024,4096,16,512,309.625
1024,4096,16,1024,335.522
1024,4096,16,2048,398.102
1024,4096,16,4096,505.374
1024,4096,16,8192,708.847
1024,4096,16,16384,1107.77
1024,4096,32,16,304.504
1024,4096,32,32,304.387
1024,4096,32,64,305.316
1024,4096,32,128,315.108
1024,4096,32,256,325.965
1024,4096,32,512,351.298
1024,4096,32,1024,404.855
1024,4096,32,2048,482.773
1024,4096,32,4096,647.964
1024,4096,32,8192,999.581
1024,4096,32,16384,1976.79
1024,4096,64,16,335.032
1024,4096,64,32,334.381
1024,4096,64,64,336.877
1024,4096,64,128,359.532
1024,4096,64,256,384.663
1024,4096,64,512,436.629
1024,4096,64,1024,524.521
1024,4096,64,2048,684.837
1024,4096,64,4096,1072.39
1024,4096,64,8192,2327.51
1024,4096,64,16384,4739.71
1024,8192,0,0,494.431
1024,8192,1,16,495.252
1024,8192,1,32,495.156
1024,8192,1,64,494.836
1024,8192,1,128,495.22
1024,8192,1,256,496.693
1024,8192,1,512,495.444
1024,8192,1,1024,496.095
1024,8192,1,2048,496.233
1024,8192,1,4096,496.799
1024,8192,1,8192,496.5
1024,8192,1,16384,704.048
1024,8192,2,16,497.535
1024,8192,2,32,496.415
1024,8192,2,64,495.774
1024,8192,2,128,497.62
1024,8192,2,256,498.452
1024,8192,2,512,498.772
1024,8192,2,1024,498.174
1024,8192,2,2048,498.473
1024,8192,2,4096,499.732
1024,8192,2,8192,500.212
1024,8192,2,16384,708.932
1024,8192,4,16,497.599
1024,8192,4,32,498.057
1024,8192,4,64,497.545
1024,8192,4,128,499.668
1024,8192,4,256,500.447
1024,8192,4,512,502.953
1024,8192,4,1024,503.188
1024,8192,4,2048,503.007
1024,8192,4,4096,504.02
1024,8192,4,8192,506.356
1024,8192,4,16384,726.01
1024,8192,8,16,502.634
1024,8192,8,32,502.399
1024,8192,8,64,502.078
1024,8192,8,128,505.108
1024,8192,8,256,506.676
1024,8192,8,512,509.577
1024,8192,8,1024,521.843
1024,8192,8,2048,549.992
1024,8192,8,4096,616.701
1024,8192,8,8192,727.727
1024,8192,8,16384,941.002
1024,8192,16,16,509.833
1024,8192,16,32,509.683
1024,8192,16,64,510.046
1024,8192,16,128,514.441
1024,8192,16,256,519.571
1024,8192,16,512,530.004
1024,8192,16,1024,547.827
1024,8192,16,2048,612.807
1024,8192,16,4096,731.354
1024,8192,16,8192,966.292
1024,8192,16,16384,1421.65
1024,8192,32,16,524.649
1024,8192,32,32,524.372
1024,8192,32,64,524.19
1024,8192,32,128,534.452
1024,8192,32,256,544.947
1024,8192,32,512,566.248
1024,8192,32,1024,614.172
1024,8192,32,2048,713.786
1024,8192,32,4096,872.438
1024,8192,32,8192,1225.11
1024,8192,32,16384,1930.69
1024,8192,64,16,556.435
1024,8192,64,32,556.756
1024,8192,64,64,556.691
1024,8192,64,128,577.117
1024,8192,64,256,601.821
1024,8192,64,512,650.704
1024,8192,64,1024,760.558
1024,8192,64,2048,938.592
1024,8192,64,4096,1296.3
1024,8192,64,8192,2058.36
1024,8192,64,16384,4677.94
1024,16384,0,0,936.34
1024,16384,1,16,936.331
1024,16384,1,32,936.129
1024,16384,1,64,937.514
1024,16384,1,128,935.945
1024,16384,1,256,937.151
1024,16384,1,512,936.084
1024,16384,1,1024,937.344
1024,16384,1,2048,936.595
1024,16384,1,4096,937.162
1024,16384,1,8192,937.099
1024,16384,1,16384,939.615
1024,16384,2,16,938.603
1024,16384,2,32,938.987
1024,16384,2,64,939.84
1024,16384,2,128,939.819
1024,16384,2,256,940.895
1024,16384,2,512,939.594
1024,16384,2,1024,940.01
1024,16384,2,2048,941.461
1024,16384,2,4096,939.05
1024,16384,2,8192,941.653
1024,16384,2,16384,952.66
1024,16384,4,16,939.604
1024,16384,4,32,941.609
1024,16384,4,64,940.67
1024,16384,4,128,940.766
1024,16384,4,256,941.663
1024,16384,4,512,943.604
1024,16384,4,1024,944.084
1024,16384,4,2048,943.146
1024,16384,4,4096,944.254
1024,16384,4,8192,946.378
1024,16384,4,16384,959.049
1024,16384,8,16,943.593
1024,16384,8,32,945.909
1024,16384,8,64,943.806
1024,16384,8,128,945.707
1024,16384,8,256,949.843
1024,16384,8,512,950.932
1024,16384,8,1024,962.965
1024,16384,8,2048,991.42
1024,16384,8,4096,1054.36
1024,16384,8,8192,1183
1024,16384,8,16384,1405.25
1024,16384,16,16,949.973
1024,16384,16,32,950.751
1024,16384,16,64,952.235
1024,16384,16,128,956.191
1024,16384,16,256,961.76
1024,16384,16,512,971.551
1024,16384,16,1024,989.971
1024,16384,16,2048,1019.14
1024,16384,16,4096,1172.99
1024,16384,16,8192,1410.57
1024,16384,16,16384,1872.04
1024,16384,32,16,966.421
1024,16384,32,32,968.596
1024,16384,32,64,968.008
1024,16384,32,128,975.189
1024,16384,32,256,986.846
1024,16384,32,512,1009.99
1024,16384,32,1024,1054.34
1024,16384,32,2048,1143.16
1024,16384,32,4096,1334.17
1024,16384,32,8192,1687.51
1024,16384,32,16384,2375.47
1024,16384,64,16,1000.34
1024,16384,64,32,999.721
1024,16384,64,64,1001.85
1024,16384,64,128,1022.8
1024,16384,64,256,1043.81
1024,16384,64,512,1093.31
1024,16384,64,1024,1190.38
1024,16384,64,2048,1408.88
1024,16384,64,4096,1796.09
1024,16384,64,8192,2491.28
1024,16384,64,16384,4062.84
2048,0,0,0,140.455
2048,0,1,16,141.255
2048,0,1,32,141.693
2048,0,1,64,141.746
2048,0,1,128,142.333
2048,0,1,256,142.545
2048,0,1,512,143.282
2048,0,1,1024,144.913
2048,0,1,2048,146.354
2048,0,1,4096,200.859
2048,0,1,8192,313.155
2048,0,1,16384,537.118
2048,0,2,16,143.281
2048,0,2,32,143.805
2048,0,2,64,142.919
2048,0,2,128,144.22
2048,0,2,256,144.018
2048,0,2,512,145.576
2048,0,2,1024,149.084
2048,0,2,2048,153.565
2048,0,2,4096,210.032
2048,0,2,8192,322.585
2048,0,2,16384,546.814
2048,0,4,16,144.295
2048,0,4,32,144.839
2048,0,4,64,144.552
2048,0,4,128,146.29
2048,0,4,256,147.73
2048,0,4,512,151.047
2048,0,4,1024,156.444
2048,0,4,2048,164.093
2048,0,4,4096,231.771
2048,0,4,8192,344.632
2048,0,4,16384,568.659
2048,0,8,16,151.847
2048,0,8,32,151.996
2048,0,8,64,151.986
2048,0,8,128,154.14
2048,0,8,256,157.073
2048,0,8,512,162.055
2048,0,8,1024,171.58
2048,0,8,2048,191.036
2048,0,8,4096,273.977
2048,0,8,8192,423.361
2048,0,8,16384,650.097
2048,0,16,16,163.261
2048,0,16,32,162.396
2048,0,16,64,162.461
2048,0,16,128,168.252
2048,0,16,256,173.871
2048,0,16,512,184.572
2048,0,16,1024,205.564
2048,0,16,2048,243.269
2048,0,16,4096,368.962
2048,0,16,8192,587.422
2048,0,16,16384,1035.61
2048,0,32,16,186.663
2048,0,32,32,186.812
2048,0,32,64,187.036
2048,0,32,128,197.04
2048,0,32,256,208.656
2048,0,32,512,229.584
2048,0,32,1024,271.343
2048,0,32,2048,350.04
2048,0,32,4096,550.643
2048,0,32,8192,992.617
2048,0,32,16384,1985.29
2048,0,64,16,231.845
2048,0,64,32,231.718
2048,0,64,64,232.815
2048,0,64,128,252.911
2048,0,64,256,274.991
2048,0,64,512,316.931
2048,0,64,1024,400.076
2048,0,64,2048,561.332
2048,0,64,4096,1016.63
2048,0,64,8192,2139.8
2048,0,64,16384,4158.05
2048,16,0,0,148.189
2048,16,1,16,148.445
2048,16,1,32,148.433
2048,16,1,64,149.148
2048,16,1,128,148.754
2048,16,1,256,149.212
2048,16,1,512,149.693
2048,16,1,1024,151.879
2048,16,1,2048,153.917
2048,16,1,4096,205.189
2048,16,1,8192,317.699
2048,16,1,16384,541.278
2048,16,2,16,150.493
2048,16,2,32,150.226
2048,16,2,64,150.588
2048,16,2,128,151.42
2048,16,2,256,152.061
2048,16,2,512,152.882
2048,16,2,1024,156.488
2048,16,2,2048,160.625
2048,16,2,4096,214.395
2048,16,2,8192,326.659
2048,16,2,16384,550.921
2048,16,4,16,152.039
2048,16,4,32,151.485
2048,16,4,64,151.527
2048,16,4,128,153.266
2048,16,4,256,155.026
2048,16,4,512,158.077
2048,16,4,1024,162.888
2048,16,4,2048,172.999
2048,16,4,4096,238.043
2048,16,4,8192,348.921
2048,16,4,16384,575.101
2048,16,8,16,158.631
2048,16,8,32,158.93
2048,16,8,64,158.407
2048,16,8,128,161.256
2048,16,8,256,164.466
2048,16,8,512,169.852
2048,16,8,1024,180.572
2048,16,8,2048,197.041
2048,16,8,4096,279.929
2048,16,8,8192,431.926
2048,16,8,16384,659.344
2048,16,16,16,169.468
2048,16,16,32,169.447
2048,16,16,64,170.417
2048,16,16,128,175.548
2048,16,16,256,181.724
2048,16,16,512,192.337
2048,16,16,1024,212.816
2048,16,16,2048,251.045
2048,16,16,4096,373.89
2048,16,16,8192,592.754
2048,16,16,16384,1040.96
2048,16,32,16,193.34
2048,16,32,32,193.659
2048,16,32,64,194.225
2048,16,32,128,204.827
2048,16,32,256,216.049
2048,16,32,512,236.56
2048,16,32,1024,278.351
2048,16,32,2048,356.365
2048,16,32,4096,555.507
2048,16,32,8192,995.956
2048,16,32,16384,2004.69
2048,16,64,16,239.302
2048,16,64,32,239.525
2048,16,64,64,240.101
2048,16,64,128,261.232
2048,16,64,256,282.554
2048,16,64,512,324.857
2048,16,64,1024,407.447
2048,16,64,2048,572.339
2048,16,64,4096,1027.86
2048,16,64,8192,2150.53
2048,16,64,16384,4170.31
2048,32,0,0,147.356
2048,32,1,16,148.914
2048,32,1,32,149.224
2048,32,1,64,149.511
2048,32,1,128,149.084
2048,32,1,256,149.128
2048,32,1,512,150.152
2048,32,1,1024,151.655
2048,32,1,2048,154.013
2048,32,1,4096,204.615
2048,32,1,8192,316.632
2048,32,1,16384,540.436
2048,32,2,16,150.237
2048,32,2,32,150.823
2048,32,2,64,150.834
2048,32,2,128,152.274
2048,32,2,256,152.285
2048,32,2,512,153.084
2048,32,2,1024,156.21
2048,32,2,2048,161.106
2048,32,2,4096,214.641
2048,32,2,8192,328.089
2048,32,2,16384,552.596
2048,32,4,16,152.391
2048,32,4,32,152.114
2048,32,4,64,151.58
2048,32,4,128,153.202
2048,32,4,256,155.345
2048,32,4,512,157.938
2048,32,4,1024,162.502
2048,32,4,2048,171.879
2048,32,4,4096,236.645
2048,32,4,8192,350.019
2048,32,4,16384,577.609
2048,32,8,16,158.14
2048,32,8,32,158.791
2048,32,8,64,158.408
2048,32,8,128,161.426
2048,32,8,256,164.018
2048,32,8,512,169.735
2048,32,8,1024,180.86
2048,32,8,2048,196.924
2048,32,8,4096,279.898
2048,32,8,8192,432.374
2048,32,8,16384,657.808
2048,32,16,16,169.713
2048,32,16,32,170.065
2048,32,16,64,169.809
2048,32,16,128,174.94
2048,32,16,256,181.703
2048,32,16,512,192.06
2048,32,16,1024,212.123
2048,32,16,2048,250.469
2048,32,16,4096,373.517
2048,32,16,8192,593.437
2048,32,16,16384,1042.66
2048,32,32,16,194.118
2048,32,32,32,193.499
2048,32,32,64,193.906
2048,32,32,128,205.104
2048,32,32,256,215.558
2048,32,32,512,236.251
2048,32,32,1024,279.865
2048,32,32,2048,357.293
2048,32,32,4096,555.731
2048,32,32,8192,997.225
2048,32,32,16384,2007.05
2048,32,64,16,239.216
2048,32,64,32,239.856
2048,32,64,64,239.942
2048,32,64,128,260.357
2048,32,64,256,282.34
2048,32,64,512,326.425
2048,32,64,1024,407.831
2048,32,64,2048,572.424
2048,32,64,4096,1027.81
2048,32,64,8192,2162.58
2048,32,64,16384,4190.43
2048,64,0,0,147.953
2048,64,1,16,149.298
2048,64,1,32,148.796
2048,64,1,64,148.413
2048,64,1,128,148.796
2048,64,1,256,148.807
2048,64,1,512,150.45
2048,64,1,1024,151.441
2048,64,1,2048,153.671
2048,64,1,4096,205.382
2048,64,1,8192,317.763
2048,64,1,16384,540.66
2048,64,2,16,151.239
2048,64,2,32,149.927
2048,64,2,64,150.546
2048,64,2,128,152.061
2048,64,2,256,152.465
2048,64,2,512,154.162
2048,64,2,1024,156.38
2048,64,2,2048,161.287
2048,64,2,4096,214.459
2048,64,2,8192,326.98
2048,64,2,16384,551.817
2048,64,4,16,153.607
2048,64,4,32,153.096
2048,64,4,64,152.38
2048,64,4,128,153.842
2048,64,4,256,154.855
2048,64,4,512,158.62
2048,64,4,1024,162.556
2048,64,4,2048,172.551
2048,64,4,4096,237.893
2048,64,4,8192,349.816
2048,64,4,16384,576.616
2048,64,8,16,158.759
2048,64,8,32,158.482
2048,64,8,64,158.525
2048,64,8,128,161.255
2048,64,8,256,164.049
2048,64,8,512,169.767
2048,64,8,1024,180.252
2048,64,8,2048,196.859
2048,64,8,4096,279.194
2048,64,8,8192,432.395
2048,64,8,16384,657.916
2048,64,16,16,169.937
2048,64,16,32,170.215
2048,64,16,64,169.724
2048,64,16,128,175.399
2048,64,16,256,181.351
2048,64,16,512,192.999
2048,64,16,1024,212.593
2048,64,16,2048,250.778
2048,64,16,4096,373.56
2048,64,16,8192,593.384
2048,64,16,16384,1044.09
2048,64,32,16,194.15
2048,64,32,32,193.457
2048,64,32,64,194.576
2048,64,32,128,206.075
2048,64,32,256,216.198
2048,64,32,512,237.36
2048,64,32,1024,279.386
2048,64,32,2048,356.771
2048,64,32,4096,556.339
2048,64,32,8192,997.599
2048,64,32,16384,2014.45
2048,64,64,16,239.866
2048,64,64,32,239.856
2048,64,64,64,239.824
2048,64,64,128,260.41
2048,64,64,256,281.999
2048,64,64,512,324.377
2048,64,64,1024,409.122
2048,64,64,2048,571.123
2048,64,64,4096,1025.63
2048,64,64,8192,2173.02
2048,64,64,16384,4204.39
2048,128,0,0,153.191
2048,128,1,16,153.373
2048,128,1,32,153.597
2048,128,1,64,154.673
2048,128,1,128,154.396
2048,128,1,256,154.471
2048,128,1,512,155.421
2048,128,1,1024,157.704
2048,128,1,2048,158.717
2048,128,1,4096,209.628
2048,128,1,8192,323.512
2048,128,1,16384,548.265
2048,128,2,16,155.345
2048,128,2,32,155.805
2048,128,2,64,156.072
2048,128,2,128,156.273
2048,128,2,256,157.991
2048,128,2,512,158.577
2048,128,2,1024,161.671
2048,128,2,2048,166.183
2048,128,2,4096,220.763
2048,128,2,8192,333.272
2048,128,2,16384,557.332
2048,128,4,16,158.066
2048,128,4,32,157.32
2048,128,4,64,158.289
2048,128,4,128,159.335
2048,128,4,256,160.594
2048,128,4,512,163.57
2048,128,4,1024,167.719
2048,128,4,2048,178.706
2048,128,4,4096,243.664
2048,128,4,8192,355.853
2048,128,4,16384,583.41
2048,128,8,16,163.197
2048,128,8,32,164.882
2048,128,8,64,164.38
2048,128,8,128,167.089
2048,128,8,256,169.66
2048,128,8,512,174.642
2048,128,8,1024,185.745
2048,128,8,2048,204.316
2048,128,8,4096,285.786
2048,128,8,8192,442.422
2048,128,8,16384,669.041
2048,128,16,16,175.27
2048,128,16,32,175.942
2048,128,16,64,175.58
2048,128,16,128,180.764
2048,128,16,256,186.545
2048,128,16,512,197.063
2048,128,16,1024,216.753
2048,128,16,2048,256.272
2048,128,16,4096,376.696
2048,128,16,8192,598.813
2048,128,16,16384,1050.13
2048,128,32,16,198.855
2048,128,32,32,198.343
2048,128,32,64,199.836
2048,128,32,128,209.691
2048,128,32,256,221.83
2048,128,32,512,242.373
2048,128,32,1024,283.77
2048,128,32,2048,362.627
2048,128,32,4096,560.233
2048,128,32,8192,1001.9
2048,128,32,16384,2026.63
2048,128,64,16,243.846
2048,128,64,32,244.677
2048,128,64,64,244.293
2048,128,64,128,266.052
2048,128,64,256,287.716
2048,128,64,512,330.052
2048,128,64,1024,412.386
2048,128,64,2048,579.017
2048,128,64,4096,1032.44
2048,128,64,8192,2189.05
2048,128,64,16384,4204.55
2048,256,0,0,165.725
2048,256,1,16,167.389
2048,256,1,32,165.788
2048,256,1,64,166.642
2048,256,1,128,167.409
2048,256,1,256,167.879
2048,256,1,512,169.02
2048,256,1,1024,170.172
2048,256,1,2048,171.186
2048,256,1,4096,220.763
2048,256,1,8192,332.856
2048,256,1,16384,557.758
2048,256,2,16,168.21
2048,256,2,32,169.543
2048,256,2,64,168.583
2048,256,2,128,169.233
2048,256,2,256,169.042
2048,256,2,512,170.684
2048,256,2,1024,175.079
2048,256,2,2048,178.962
2048,256,2,4096,230.949
2048,256,2,8192,343.917
2048,256,2,16384,567.432
2048,256,4,16,170.663
2048,256,4,32,170.332
2048,256,4,64,170.61
2048,256,4,128,172.913
2048,256,4,256,173.074
2048,256,4,512,176.081
2048,256,4,1024,181.073
2048,256,4,2048,190.257
2048,256,4,4096,249.786
2048,256,4,8192,368.557
2048,256,4,16384,594.845
2048,256,8,16,176.284
2048,256,8,32,176.071
2048,256,8,64,175.943
2048,256,8,128,180.209
2048,256,8,256,181.5
2048,256,8,512,188.028
2048,256,8,1024,199.099
2048,256,8,2048,217.201
2048,256,8,4096,295.716
2048,256,8,8192,460.961
2048,256,8,16384,688.977
2048,256,16,16,187.91
2048,256,16,32,187.739
2048,256,16,64,188.049
2048,256,16,128,193.479
2048,256,16,256,199.153
2048,256,16,512,210.406
2048,256,16,1024,230.747
2048,256,16,2048,268.634
2048,256,16,4096,385.101
2048,256,16,8192,611.219
2048,256,16,16384,1061.41
2048,256,32,16,211.686
2048,256,32,32,210.875
2048,256,32,64,212.092
2048,256,32,128,222.139
2048,256,32,256,233.926
2048,256,32,512,254.832
2048,256,32,1024,298.02
2048,256,32,2048,376.066
2048,256,32,4096,572.852
2048,256,32,8192,1017.41
2048,256,32,16384,2052.04
2048,256,64,16,256.378
2048,256,64,32,255.972
2048,256,64,64,256.911
2048,256,64,128,278.575
2048,256,64,256,299.94
2048,256,64,512,342.318
2048,256,64,1024,425.708
2048,256,64,2048,591.753
2048,256,64,4096,1049.59
2048,256,64,8192,2223.5
2048,256,64,16384,4398.03
2048,512,0,0,191.324
2048,512,1,16,191.91
2048,512,1,32,191.431
2048,512,1,64,192.059
2048,512,1,128,192.508
2048,512,1,256,191.612
2048,512,1,512,192.913
2048,512,1,1024,194.896
2048,512,1,2048,195.91
2048,512,1,4096,237.243
2048,512,1,8192,349.166
2048,512,1,16384,575.923
2048,512,2,16,193.115
2048,512,2,32,193.105
2048,512,2,64,192.764
2048,512,2,128,193.392
2048,512,2,256,194.619
2048,512,2,512,196.487
2048,512,2,1024,199.152
2048,512,2,2048,203.718
2048,512,2,4096,245.21
2048,512,2,8192,361.889
2048,512,2,16384,587.133
2048,512,4,16,194.822
2048,512,4,32,195.1
2048,512,4,64,194.513
2048,512,4,128,197.232
2048,512,4,256,198.097
2048,512,4,512,202.299
2048,512,4,1024,206.566
2048,512,4,2048,214.811
2048,512,4,4096,270.212
2048,512,4,8192,392.823
2048,512,4,16384,618.866
2048,512,8,16,200.252
2048,512,8,32,201.233
2048,512,8,64,200.753
2048,512,8,128,203.676
2048,512,8,256,206.747
2048,512,8,512,212.646
2048,512,8,1024,223.195
2048,512,8,2048,242.383
2048,512,8,4096,313.817
2048,512,8,8192,485.249
2048,512,8,16384,724.101
2048,512,16,16,211.985
2048,512,16,32,211.75
2048,512,16,64,211.9
2048,512,16,128,218.139
2048,512,16,256,221.584
2048,512,16,512,234.875
2048,512,16,1024,257.146
2048,512,16,2048,295.225
2048,512,16,4096,408.364
2048,512,16,8192,634.632
2048,512,16,16384,1080.21
2048,512,32,16,235.334
2048,512,32,32,235.835
2048,512,32,64,235.088
2048,512,32,128,247.78
2048,512,32,256,257.999
2048,512,32,512,280.495
2048,512,32,1024,322.543
2048,512,32,2048,403.917
2048,512,32,4096,594.589
2048,512,32,8192,1043.88
2048,512,32,16384,2094.63
2048,512,64,16,281.946
2048,512,64,32,281.593
2048,512,64,64,281.477
2048,512,64,128,303.033
2048,512,64,256,325.486
2048,512,64,512,367.192
2048,512,64,1024,451.627
2048,512,64,2048,617.662
2048,512,64,4096,1102.1
2048,512,64,8192,2368.16
2048,512,64,16384,4648.61
2048,1024,0,0,238.587
2048,1024,1,16,239.782
2048,1024,1,32,240.08
2048,1024,1,64,240.666
2048,1024,1,128,240.954
2048,1024,1,256,241.743
2048,1024,1,512,241.946
2048,1024,1,1024,244.176
2048,1024,1,2048,246.597
2048,1024,1,4096,269.456
2048,1024,1,8192,386.275
2048,1024,1,16384,610.59
2048,1024,2,16,242.917
2048,1024,2,32,243.162
2048,1024,2,64,242.757
2048,1024,2,128,242.981
2048,1024,2,256,244.07
2048,1024,2,512,244.56
2048,1024,2,1024,248.581
2048,1024,2,2048,253.903
2048,1024,2,4096,281.562
2048,1024,2,8192,400.685
2048,1024,2,16384,624.402
2048,1024,4,16,242.938
2048,1024,4,32,243.706
2048,1024,4,64,243.782
2048,1024,4,128,244.848
2048,1024,4,256,247.237
2048,1024,4,512,249.936
2048,1024,4,1024,255.29
2048,1024,4,2048,266.992
2048,1024,4,4096,307.717
2048,1024,4,8192,438.689
2048,1024,4,16384,662.727
2048,1024,8,16,248.688
2048,1024,8,32,249.104
2048,1024,8,64,248.602
2048,1024,8,128,253.317
2048,1024,8,256,255.994
2048,1024,8,512,261.573
2048,1024,8,1024,272.9
2048,1024,8,2048,293.21
2048,1024,8,4096,353.433
2048,1024,8,8192,526.175
2048,1024,8,16384,797.71
2048,1024,16,16,259.535
2048,1024,16,32,258.351
2048,1024,16,64,260.303
2048,1024,16,128,267.62
2048,1024,16,256,272.325
2048,1024,16,512,282.724
2048,1024,16,1024,306.116
2048,1024,16,2048,347.47
2048,1024,16,4096,447.852
2048,1024,16,8192,687.75
2048,1024,16,16384,1130.97
2048,1024,32,16,283.087
2048,1024,32,32,282.97
2048,1024,32,64,284.282
2048,1024,32,128,295.29
2048,1024,32,256,306.02
2048,1024,32,512,329.625
2048,1024,32,1024,372.717
2048,1024,32,2048,456.716
2048,1024,32,4096,634.77
2048,1024,32,8192,1102.23
2048,1024,32,16384,2183.51
2048,1024,64,16,329.39
2048,1024,64,32,331.289
2048,1024,64,64,330.979
2048,1024,64,128,352.814
2048,1024,64,256,375.672
2048,1024,64,512,417.879
2048,1024,64,1024,504.362
2048,1024,64,2048,670.087
2048,1024,64,4096,1036.79
2048,1024,64,8192,2454.97
2048,1024,64,16384,4899.64
2048,2048,0,0,334.392
2048,2048,1,16,336.718
2048,2048,1,32,335.704
2048,2048,1,64,335.385
2048,2048,1,128,335.555
2048,2048,1,256,335.737
2048,2048,1,512,339.62
2048,2048,1,1024,340.974
2048,2048,1,2048,345.154
2048,2048,1,4096,349.88
2048,2048,1,8192,453.473
2048,2048,1,16384,679.164
2048,2048,2,16,337.7
2048,2048,2,32,338.031
2048,2048,2,64,338.468
2048,2048,2,128,338.158
2048,2048,2,256,339.428
2048,2048,2,512,343.694
2048,2048,2,1024,346.157
2048,2048,2,2048,352.963
2048,2048,2,4096,363.352
2048,2048,2,8192,477.877
2048,2048,2,16384,707.622
2048,2048,4,16,337.987
2048,2048,4,32,338.905
2048,2048,4,64,338.606
2048,2048,4,128,341.241
2048,2048,4,256,341.304
2048,2048,4,512,347.054
2048,2048,4,1024,355.949
2048,2048,4,2048,367.033
2048,2048,4,4096,386.071
2048,2048,4,8192,514.026
2048,2048,4,16384,751.631
2048,2048,8,16,345.241
2048,2048,8,32,345.027
2048,2048,8,64,345.475
2048,2048,8,128,347.971
2048,2048,8,256,349.154
2048,2048,8,512,359.426
2048,2048,8,1024,372.387
2048,2048,8,2048,392.333
2048,2048,8,4096,429.591
2048,2048,8,8192,594.76
2048,2048,8,16384,943.82
2048,2048,16,16,352.515
2048,2048,16,32,350.957
2048,2048,16,64,352.441
2048,2048,16,128,360.664
2048,2048,16,256,368.588
2048,2048,16,512,382.989
2048,2048,16,1024,405.197
2048,2048,16,2048,447.82
2048,2048,16,4096,528.671
2048,2048,16,8192,765.306
2048,2048,16,16384,1238.07
2048,2048,32,16,379.149
2048,2048,32,32,378.38
2048,2048,32,64,378.488
2048,2048,32,128,392.439
2048,2048,32,256,405.378
2048,2048,32,512,426.337
2048,2048,32,1024,471.381
2048,2048,32,2048,558.003
2048,2048,32,4096,719.131
2048,2048,32,8192,1135.72
2048,2048,32,16384,2294.73
2048,2048,64,16,426.7
2048,2048,64,32,426.881
2048,2048,64,64,429.43
2048,2048,64,128,450.187
2048,2048,64,256,472.427
2048,2048,64,512,517.642
2048,2048,64,1024,604.392
2048,2048,64,2048,775.343
2048,2048,64,4096,1132.8
2048,2048,64,8192,2467.64
2048,2048,64,16384,4889.2
2048,4096,0,0,542.953
2048,4096,1,16,550.494
2048,4096,1,32,549.887
2048,4096,1,64,551.284
2048,4096,1,128,549.523
2048,4096,1,256,547.945
2048,4096,1,512,549.876
2048,4096,1,1024,550.057
2048,4096,1,2048,554.388
2048,4096,1,4096,567.677
2048,4096,1,8192,573.417
2048,4096,1,16384,829.092
2048,4096,2,16,554.377
2048,4096,2,32,553.801
2048,4096,2,64,553.001
2048,4096,2,128,554.153
2048,4096,2,256,554.964
2048,4096,2,512,554.91
2048,4096,2,1024,555.721
2048,4096,2,2048,562.227
2048,4096,2,4096,576.253
2048,4096,2,8192,631.623
2048,4096,2,16384,876.012
2048,4096,4,16,557.599
2048,4096,4,32,557.908
2048,4096,4,64,557.439
2048,4096,4,128,556.447
2048,4096,4,256,557.236
2048,4096,4,512,558.27
2048,4096,4,1024,555.528
2048,4096,4,2048,573.257
2048,4096,4,4096,592.093
2048,4096,4,8192,661.565
2048,4096,4,16384,919.681
2048,4096,8,16,564.19
2048,4096,8,32,564.317
2048,4096,8,64,564.125
2048,4096,8,128,566.558
2048,4096,8,256,568.116
2048,4096,8,512,567.038
2048,4096,8,1024,570.238
2048,4096,8,2048,596.115
2048,4096,8,4096,615.73
2048,4096,8,8192,752.079
2048,4096,8,16384,1084.67
2048,4096,16,16,573.865
2048,4096,16,32,572.425
2048,4096,16,64,572.777
2048,4096,16,128,575.231
2048,4096,16,256,577.822
2048,4096,16,512,579.944
2048,4096,16,1024,607.422
2048,4096,16,2048,647.174
2048,4096,16,4096,729.446
2048,4096,16,8192,920.609
2048,4096,16,16384,1412.62
2048,4096,32,16,582.548
2048,4096,32,32,584.957
2048,4096,32,64,584.573
2048,4096,32,128,583.08
2048,4096,32,256,598.888
2048,4096,32,512,623.421
2048,4096,32,1024,671.174
2048,4096,32,2048,756.527
2048,4096,32,4096,933.377
2048,4096,32,8192,1298.48
2048,4096,32,16384,2418.19
2048,4096,64,16,620.167
2048,4096,64,32,622.183
2048,4096,64,64,618.6
2048,4096,64,128,645.073
2048,4096,64,256,670.076
2048,4096,64,512,713.627
2048,4096,64,1024,808.398
2048,4096,64,2048,978.262
2048,4096,64,4096,1368.86
2048,4096,64,8192,2391.09
2048,4096,64,16384,4903.53
2048,8192,0,0,986.506
2048,8192,1,16,992.726
2048,8192,1,32,994.27
2048,8192,1,64,992.278
2048,8192,1,128,994.783
2048,8192,1,256,992.672
2048,8192,1,512,993.119
2048,8192,1,1024,994.784
2048,8192,1,2048,992.98
2048,8192,1,4096,996.137
2048,8192,1,8192,1013.57
2048,8192,1,16384,1020.39
2048,8192,2,16,1000.52
2048,8192,2,32,1000.22
2048,8192,2,64,999.936
2048,8192,2,128,999.318
2048,8192,2,256,999.061
2048,8192,2,512,1000.89
2048,8192,2,1024,999.967
2048,8192,2,2048,1002.33
2048,8192,2,4096,1006.09
2048,8192,2,8192,1020.51
2048,8192,2,16384,1188.38
2048,8192,4,16,1003.62
2048,8192,4,32,1000.83
2048,8192,4,64,1002.66
2048,8192,4,128,1000.95
2048,8192,4,256,1000.19
2048,8192,4,512,1003.13
2048,8192,4,1024,1002.74
2048,8192,4,2048,1005.55
2048,8192,4,4096,1018.35
2048,8192,4,8192,1036.5
2048,8192,4,16384,1222.28
2048,8192,8,16,1007.18
2048,8192,8,32,1007.17
2048,8192,8,64,1008.12
2048,8192,8,128,1010.44
2048,8192,8,256,1008.57
2048,8192,8,512,1012.84
2048,8192,8,1024,1014.36
2048,8192,8,2048,1014.15
2048,8192,8,4096,1039.13
2048,8192,8,8192,1064.11
2048,8192,8,16384,1433.23
2048,8192,16,16,1012.89
2048,8192,16,32,1015.98
2048,8192,16,64,1013.99
2048,8192,16,128,1020.01
2048,8192,16,256,1023.87
2048,8192,16,512,1024.83
2048,8192,16,1024,1028.17
2048,8192,16,2048,1047.39
2048,8192,16,4096,1150.13
2048,8192,16,8192,1289.03
2048,8192,16,16384,1723.9
2048,8192,32,16,1029.94
2048,8192,32,32,1028.16
2048,8192,32,64,1027.42
2048,8192,32,128,1029.97
2048,8192,32,256,1034.48
2048,8192,32,512,1036.07
2048,8192,32,1024,1071.17
2048,8192,32,2048,1150.34
2048,8192,32,4096,1318.75
2048,8192,32,8192,1753.7
2048,8192,32,16384,2476.26
2048,8192,64,16,1031.84
2048,8192,64,32,1032.83
2048,8192,64,64,1032.78
2048,8192,64,128,1028.96
2048,8192,64,256,1057.25
2048,8192,64,512,1112.58
2048,8192,64,1024,1199.01
2048,8192,64,2048,1379.63
2048,8192,64,4096,1737.86
2048,8192,64,8192,2581.68
2048,8192,64,16384,4795.32
2048,16384,0,0,1871.53
2048,16384,1,16,1887.18
2048,16384,1,32,1882.27
2048,16384,1,64,1881.38
2048,16384,1,128,1889.28
2048,16384,1,256,1890.28
2048,16384,1,512,1888.79
2048,16384,1,1024,1888.71
2048,16384,1,2048,1888.24
2048,16384,1,4096,1889.76
2048,16384,1,8192,1885.98
2048,16384,1,16384,1904.76
2048,16384,2,16,1882.87
2048,16384,2,32,1893.34
2048,16384,2,64,1892.38
2048,16384,2,128,1888.38
2048,16384,2,256,1891.06
2048,16384,2,512,1890.43
2048,16384,2,1024,1890.96
2048,16384,2,2048,1892.62
2048,16384,2,4096,1892.86
2048,16384,2,8192,1896.45
2048,16384,2,16384,1916.48
2048,16384,4,16,1889.92
2048,16384,4,32,1897.36
2048,16384,4,64,1891.78
2048,16384,4,128,1891.91
2048,16384,4,256,1894.72
2048,16384,4,512,1895.19
2048,16384,4,1024,1898.58
2048,16384,4,2048,1894.6
2048,16384,4,4096,1904.41
2048,16384,4,8192,1915.96
2048,16384,4,16384,1935.77
2048,16384,8,16,1895.59
2048,16384,8,32,1893.33
2048,16384,8,64,1897.69
2048,16384,8,128,1896.06
2048,16384,8,256,1896.9
2048,16384,8,512,1901.27
2048,16384,8,1024,1899.62
2048,16384,8,2048,1900.3
2048,16384,8,4096,1905.11
2048,16384,8,8192,1935.86
2048,16384,8,16384,1957.49
2048,16384,16,16,1900.95
2048,16384,16,32,1901.4
2048,16384,16,64,1899.92
2048,16384,16,128,1902.97
2048,16384,16,256,1906.17
2048,16384,16,512,1909.09
2048,16384,16,1024,1918.25
2048,16384,16,2048,1917.07
2048,16384,16,4096,1939.7
2048,16384,16,8192,2155.24
2048,16384,16,16384,2418.45
2048,16384,32,16,1918.2
2048,16384,32,32,1924.26
2048,16384,32,64,1919.51
2048,16384,32,128,1916.81
2048,16384,32,256,1922.13
2048,16384,32,512,1931.7
2048,16384,32,1024,1937.35
2048,16384,32,2048,1958.44
2048,16384,32,4096,2105.74
2048,16384,32,8192,2464.02
2048,16384,32,16384,3361.02
2048,16384,64,16,1925.98
2048,16384,64,32,1923.09
2048,16384,64,64,1928.98
2048,16384,64,128,1927.29
2048,16384,64,256,1938.9
2048,16384,64,512,1943.93
2048,16384,64,1024,1994.9
2048,16384,64,2048,2169.59
2048,16384,64,4096,2576.03
2048,16384,64,8192,3241.6
2048,16384,64,16384,5002.28
