prefill_chunk,kv_prefill,n_decode,kv_decode,time_us
0,0,1,16,7.50967
0,0,1,32,7.531
0,0,1,64,9.49333
0,0,1,128,13.2263
0,0,1,256,13.3537
0,0,1,512,13.803
0,0,1,1024,14.539
0,0,1,2048,20.789
0,0,1,4096,25.269
0,0,1,8192,38.57
0,0,1,16384,58.1007
0,0,2,16,11.9997
0,0,2,32,12.085
0,0,2,64,13.845
0,0,2,128,16.587
0,0,2,256,17.323
0,0,2,512,18.816
0,0,2,1024,25.248
0,0,2,2048,37.4077
0,0,2,4096,53.7167
0,0,2,8192,89.1407
0,0,2,16384,161.535
0,0,4,16,12.032
0,0,4,32,12.139
0,0,4,64,13.813
0,0,4,128,17.1733
0,0,4,256,18.5063
0,0,4,512,24.395
0,0,4,1024,36.4897
0,0,4,2048,53.109
0,0,4,4096,92.1597
0,0,4,8192,159.67
0,0,4,16384,304.756
0,0,8,16,12.5333
0,0,8,32,12.736
0,0,8,64,14.6233
0,0,8,128,18.56
0,0,8,256,24.6507
0,0,8,512,35.8503
0,0,8,1024,51.6053
0,0,8,2048,88.0847
0,0,8,4096,160.234
0,0,8,8192,304.116
0,0,8,16384,586.943
0,0,16,16,12.7997
0,0,16,32,13.771
0,0,16,64,16.9277
0,0,16,128,25.2693
0,0,16,256,35.8503
0,0,16,512,54.698
0,0,16,1024,90.3993
0,0,16,2048,162.421
0,0,16,4096,305.962
0,0,16,8192,585.907
0,0,16,16384,1151.97
0,0,32,16,15.6583
0,0,32,32,17.5783
0,0,32,64,22.3787
0,0,32,128,32.8957
0,0,32,256,52.245
0,0,32,512,89.5143
0,0,32,1024,163.082
0,0,32,2048,303.7
0,0,32,4096,583.282
0,0,32,8192,1149.53
0,0,32,16384,2272.72
0,0,64,16,21.3447
0,0,64,32,24.7137
0,0,64,64,34.2073
0,0,64,128,54.965
0,0,64,256,91.0183
0,0,64,512,166.984
0,0,64,1024,309.567
0,0,64,2048,592.499
0,0,64,4096,1155.23
0,0,64,8192,2275.11
0,0,64,16384,4518.64
0,0,128,16,31.4557
0,0,128,32,37.8123
0,0,128,64,56.5543
0,0,128,128,96.9493
0,0,128,256,172.671
0,0,128,512,319.326
0,0,128,1024,599.487
0,0,128,2048,1168.4
0,0,128,4096,2288.29
0,0,128,8192,4534.61
0,0,128,16384,9021.03
16,0,0,0,9.86633
16,0,1,16,9.941
16,0,1,32,10.005
16,0,1,64,9.96233
16,0,1,128,13.056
16,0,1,256,17.0557
16,0,1,512,25.1093
16,0,1,1024,41.2043
16,0,1,2048,73.5033
16,0,1,4096,137.951
16,0,1,8192,268.393
16,0,1,16384,530.493
16,0,2,16,9.99433
16,0,2,32,9.99433
16,0,2,64,9.984
16,0,2,128,13.152
16,0,2,256,17.216
16,0,2,512,25.504
16,0,2,1024,41.8983
16,0,2,2048,74.3143
16,0,2,4096,139.306
16,0,2,8192,270.143
16,0,2,16384,533.523
16,0,4,16,15.445
16,0,4,32,15.4343
16,0,4,64,15.5197
16,0,4,128,22.1227
16,0,4,256,30.336
16,0,4,512,42.837
16,0,4,1024,59.082
16,0,4,2048,91.733
16,0,4,4096,155.445
16,0,4,8192,284.149
16,0,4,16384,542.718
16,0,8,16,20.8957
16,0,8,32,21.0877
16,0,8,64,21.2377
16,0,8,128,31.509
16,0,8,256,43.4343
16,0,8,512,60.0957
16,0,8,1024,91.968
16,0,8,2048,156.042
16,0,8,4096,285.727
16,0,8,8192,545.182
16,0,8,16384,1073.03
16,0,16,16,31.701
16,0,16,32,31.9787
16,0,16,64,32.6293
16,0,16,128,50.1547
16,0,16,256,68.5227
16,0,16,512,101.002
16,0,16,1024,165.002
16,0,16,2048,294.163
16,0,16,4096,551.998
16,0,16,8192,1084.03
16,0,16,16384,2132.23
16,0,32,16,53.4507
16,0,32,32,54.133
16,0,32,64,55.5197
16,0,32,128,85.5253
16,0,32,256,118.357
16,0,32,512,182.335
16,0,32,1024,312.126
16,0,32,2048,569.395
16,0,32,4096,1086.4
16,0,32,8192,2145.55
16,0,32,16384,4240.61
16,0,64,16,95.8287
16,0,64,32,97.0557
16,0,64,64,98.6127
16,0,64,128,159.05
16,0,64,256,226.399
16,0,64,512,363.369
16,0,64,1024,631.059
16,0,64,2048,1169.85
16,0,64,4096,2355.9
16,0,64,8192,4751.52
16,0,64,16384,10322.3
16,16,0,0,10.0477
16,16,1,16,10.1227
16,16,1,32,10.1977
16,16,1,64,10.24
16,16,1,128,13.0983
16,16,1,256,17.2697
16,16,1,512,25.141
16,16,1,1024,41.28
16,16,1,2048,73.5253
16,16,1,4096,137.93
16,16,1,8192,269.182
16,16,1,16384,530.548
16,16,2,16,10.155
16,16,2,32,10.2397
16,16,2,64,10.3357
16,16,2,128,13.1733
16,16,2,256,17.205
16,16,2,512,25.4503
16,16,2,1024,41.9203
16,16,2,2048,74.2397
16,16,2,4096,139.445
16,16,2,8192,270.687
16,16,2,16384,533.8
16,16,4,16,15.573
16,16,4,32,15.6587
16,16,4,64,15.9573
16,16,4,128,22.091
16,16,4,256,30.2293
16,16,4,512,43.0187
16,16,4,1024,59.391
16,16,4,2048,91.53
16,16,4,4096,155.531
16,16,4,8192,284.265
16,16,4,16384,541.971
16,16,8,16,21.1307
16,16,8,32,21.301
16,16,8,64,21.5893
16,16,8,128,31.648
16,16,8,256,43.4663
16,16,8,512,60.063
16,16,8,1024,92.6607
16,16,8,2048,156.96
16,16,8,4096,285.631
16,16,8,8192,545.801
16,16,8,16384,1071.74
16,16,16,16,31.9043
16,16,16,32,32.4373
16,16,16,64,33.088
16,16,16,128,50.6133
16,16,16,256,68.7143
16,16,16,512,100.757
16,16,16,1024,165.589
16,16,16,2048,294.26
16,16,16,4096,553.266
16,16,16,8192,1080.24
16,16,16,16384,2130.3
16,16,32,16,53.664
16,16,32,32,54.2397
16,16,32,64,55.488
16,16,32,128,85.301
16,16,32,256,118.251
16,16,32,512,182.613
16,16,32,1024,312.041
16,16,32,2048,568.755
16,16,32,4096,1086.58
16,16,32,8192,2147.91
16,16,32,16384,4243.22
16,16,64,16,95.9467
16,16,64,32,97.013
16,16,64,64,98.6773
16,16,64,128,159.423
16,16,64,256,226.847
16,16,64,512,363.358
16,16,64,1024,631.208
16,16,64,2048,1168.93
16,16,64,4096,2360.67
16,16,64,8192,4773.24
16,16,64,16384,9911.25
16,32,0,0,10.0693
16,32,1,16,10.1333
16,32,1,32,10.176
16,32,1,64,10.208
16,32,1,128,13.0773
16,32,1,256,17.088
16,32,1,512,25.0667
16,32,1,1024,41.12
16,32,1,2048,73.4507
16,32,1,4096,137.855
16,32,1,8192,269.278
16,32,1,16384,530.952
16,32,2,16,10.176
16,32,2,32,10.2827
16,32,2,64,10.421
16,32,2,128,13.1623
16,32,2,256,17.237
16,32,2,512,25.4503
16,32,2,1024,41.834
16,32,2,2048,74.2397
16,32,2,4096,139.327
16,32,2,8192,270.943
16,32,2,16384,533.779
16,32,4,16,15.606
16,32,4,32,15.6797
16,32,4,64,15.9467
16,32,4,128,22.0803
16,32,4,256,30.3893
16,32,4,512,42.88
16,32,4,1024,59.4773
16,32,4,2048,91.8927
16,32,4,4096,156.405
16,32,4,8192,284.905
16,32,4,16384,542.334
16,32,8,16,21.205
16,32,8,32,21.291
16,32,8,64,21.7913
16,32,8,128,31.5733
16,32,8,256,43.5627
16,32,8,512,60.2663
16,32,8,1024,92.5647
16,32,8,2048,156.8
16,32,8,4096,285.427
16,32,8,8192,545.566
16,32,8,16384,1071.38
16,32,16,16,32.0427
16,32,16,32,32.416
16,32,16,64,33.056
16,32,16,128,50.165
16,32,16,256,68.8317
16,32,16,512,101.322
16,32,16,1024,165.471
16,32,16,2048,294.42
16,32,16,4096,552.883
16,32,16,8192,1079.26
16,32,16,16384,2130.07
16,32,32,16,53.5677
16,32,32,32,54.538
16,32,32,64,55.4877
16,32,32,128,85.1413
16,32,32,256,118.228
16,32,32,512,182.826
16,32,32,1024,312.169
16,32,32,2048,569.096
16,32,32,4096,1086.47
16,32,32,8192,2158.37
16,32,32,16384,4262.76
16,32,64,16,96.01
16,32,64,32,97.013
16,32,64,64,98.7937
16,32,64,128,159.349
16,32,64,256,226.943
16,32,64,512,363.828
16,32,64,1024,630.664
16,32,64,2048,1173.57
16,32,64,4096,2348.51
16,32,64,8192,4760.06
16,32,64,16384,9864.34
16,64,0,0,10.208
16,64,1,16,10.24
16,64,1,32,10.24
16,64,1,64,10.4003
16,64,1,128,13.0773
16,64,1,256,17.0873
16,64,1,512,25.109
16,64,1,1024,41.109
16,64,1,2048,73.6427
16,64,1,4096,138.015
16,64,1,8192,269.545
16,64,1,16384,531.166
16,64,2,16,10.2287
16,64,2,32,10.3467
16,64,2,64,10.5813
16,64,2,128,13.174
16,64,2,256,17.3333
16,64,2,512,25.397
16,64,2,1024,41.8457
16,64,2,2048,74.3467
16,64,2,4096,139.38
16,64,2,8192,271.199
16,64,2,16384,534.589
16,64,4,16,15.7227
16,64,4,32,15.8293
16,64,4,64,16.0427
16,64,4,128,22.09
16,64,4,256,30.2293
16,64,4,512,43.3593
16,64,4,1024,59.829
16,64,4,2048,91.9893
16,64,4,4096,155.594
16,64,4,8192,284.862
16,64,4,16384,541.833
16,64,8,16,21.3323
16,64,8,32,21.493
16,64,8,64,21.9413
16,64,8,128,31.5093
16,64,8,256,43.5623
16,64,8,512,60.2557
16,64,8,1024,92.5223
16,64,8,2048,156.479
16,64,8,4096,285.822
16,64,8,8192,547.251
16,64,8,16384,1071.23
16,64,16,16,32.0427
16,64,16,32,32.4053
16,64,16,64,32.9803
16,64,16,128,50.2187
16,64,16,256,69.2573
16,64,16,512,100.757
16,64,16,1024,165.162
16,64,16,2048,294.75
16,64,16,4096,554.067
16,64,16,8192,1078.99
16,64,16,16384,2131.93
16,64,32,16,53.7063
16,64,32,32,54.3357
16,64,32,64,55.4453
16,64,32,128,85.3757
16,64,32,256,118.346
16,64,32,512,182.666
16,64,32,1024,312.447
16,64,32,2048,569.245
16,64,32,4096,1086.45
16,64,32,8192,2146.87
16,64,32,16384,4240.09
16,64,64,16,96.042
16,64,64,32,96.9917
16,64,64,64,98.656
16,64,64,128,159.21
16,64,64,256,227.028
16,64,64,512,364.243
16,64,64,1024,632.52
16,64,64,2048,1170.93
16,64,64,4096,2346.88
16,64,64,8192,4766.44
16,64,64,16384,9942.08
16,128,0,0,13.9307
16,128,1,16,13.184
16,128,1,32,13.2157
16,128,1,64,13.237
16,128,1,128,13.9733
16,128,1,256,17.0983
16,128,1,512,25.0877
16,128,1,1024,41.269
16,128,1,2048,73.568
16,128,1,4096,137.972
16,128,1,8192,269.193
16,128,1,16384,532.124
16,128,2,16,13.152
16,128,2,32,13.1737
16,128,2,64,13.28
16,128,2,128,14.1123
16,128,2,256,17.2793
16,128,2,512,25.5147
16,128,2,1024,41.888
16,128,2,2048,74.282
16,128,2,4096,139.487
16,128,2,8192,270.858
16,128,2,16384,535.016
16,128,4,16,19.648
16,128,4,32,19.7227
16,128,4,64,20.0533
16,128,4,128,23.4773
16,128,4,256,30.5067
16,128,4,512,46.3893
16,128,4,1024,71.2953
16,128,4,2048,103.679
16,128,4,4096,167.509
16,128,4,8192,296.34
16,128,4,16384,552.724
16,128,8,16,25.088
16,128,8,32,25.5143
16,128,8,64,25.749
16,128,8,128,33.0777
16,128,8,256,43.8293
16,128,8,512,67.9997
16,128,8,1024,100.074
16,128,8,2048,164.575
16,128,8,4096,293.3
16,128,8,8192,554.056
16,128,8,16384,1076.8
16,128,16,16,35.925
16,128,16,32,36.3837
16,128,16,64,37.013
16,128,16,128,51.968
16,128,16,256,70.5387
16,128,16,512,109.12
16,128,16,1024,173.471
16,128,16,2048,301.503
16,128,16,4096,560.724
16,128,16,8192,1085.68
16,128,16,16384,2134.01
16,128,32,16,57.695
16,128,32,32,58.357
16,128,32,64,59.552
16,128,32,128,89.0773
16,128,32,256,122.09
16,128,32,512,187.263
16,128,32,1024,316.233
16,128,32,2048,576.284
16,128,32,4096,1092.17
16,128,32,8192,2151.48
16,128,32,16384,4241.82
16,128,64,16,100.011
16,128,64,32,101.311
16,128,64,64,103.093
16,128,64,128,162.282
16,128,64,256,231.039
16,128,64,512,369.236
16,128,64,1024,636.232
16,128,64,2048,1173.5
16,128,64,4096,2352.16
16,128,64,8192,4739.65
16,128,64,16384,10007.9
16,256,0,0,17.888
16,256,1,16,17.2053
16,256,1,32,17.2693
16,256,1,64,17.248
16,256,1,128,17.2483
16,256,1,256,18.0267
16,256,1,512,25.205
16,256,1,1024,41.2263
16,256,1,2048,73.4607
16,256,1,4096,137.962
16,256,1,8192,269.236
16,256,1,16384,532.031
16,256,2,16,17.2153
16,256,2,32,17.3543
16,256,2,64,17.301
16,256,2,128,17.3227
16,256,2,256,18.048
16,256,2,512,25.5463
16,256,2,1024,41.9517
16,256,2,2048,74.3037
16,256,2,4096,139.497
16,256,2,8192,270.623
16,256,2,16384,534.995
16,256,4,16,23.7653
16,256,4,32,24.0107
16,256,4,64,24.1923
16,256,4,128,27.7653
16,256,4,256,31.7547
16,256,4,512,46.4743
16,256,4,1024,78.5383
16,256,4,2048,115.413
16,256,4,4096,179.903
16,256,4,8192,307.455
16,256,4,16384,564.318
16,256,8,16,29.397
16,256,8,32,29.5147
16,256,8,64,29.77
16,256,8,128,37.1307
16,256,8,256,45.482
16,256,8,512,68.192
16,256,8,1024,108.309
16,256,8,2048,173.684
16,256,8,4096,302.27
16,256,8,8192,561.865
16,256,8,16384,1086.13
16,256,16,16,40.1277
16,256,16,32,40.4477
16,256,16,64,41.4827
16,256,16,128,56.1167
16,256,16,256,72.511
16,256,16,512,110.293
16,256,16,1024,181.237
16,256,16,2048,310.377
16,256,16,4096,569.032
16,256,16,8192,1088.81
16,256,16,16384,2135.86
16,256,32,16,61.685
16,256,32,32,62.3467
16,256,32,64,63.8177
16,256,32,128,93.1303
16,256,32,256,125.205
16,256,32,512,190.911
16,256,32,1024,319.551
16,256,32,2048,578.92
16,256,32,4096,1096.34
16,256,32,8192,2155.65
16,256,32,16384,4243.09
16,256,64,16,104.533
16,256,64,32,105.791
16,256,64,64,107.967
16,256,64,128,167.722
16,256,64,256,233.844
16,256,64,512,373.204
16,256,64,1024,641.127
16,256,64,2048,1174.2
16,256,64,4096,2350.17
16,256,64,8192,4725.38
16,256,64,16384,11035
16,512,0,0,25.6957
16,512,1,16,25.1733
16,512,1,32,25.2477
16,512,1,64,25.1943
16,512,1,128,25.2903
16,512,1,256,25.2907
16,512,1,512,25.8457
16,512,1,1024,41.397
16,512,1,2048,73.5677
16,512,1,4096,137.834
16,512,1,8192,268.862
16,512,1,16384,531.421
16,512,2,16,25.1413
16,512,2,32,25.1627
16,512,2,64,25.195
16,512,2,128,25.2483
16,512,2,256,25.3543
16,512,2,512,26.1013
16,512,2,1024,42.047
16,512,2,2048,74.432
16,512,2,4096,138.964
16,512,2,8192,271.082
16,512,2,16384,535.666
16,512,4,16,31.6907
16,512,4,32,31.84
16,512,4,64,32.2027
16,512,4,128,35.989
16,512,4,256,39.9573
16,512,4,512,48.4373
16,512,4,1024,79.3483
16,512,4,2048,138.901
16,512,4,4096,202.815
16,512,4,8192,331.636
16,512,4,16384,588.041
16,512,8,16,37.365
16,512,8,32,37.632
16,512,8,64,37.856
16,512,8,128,45.2587
16,512,8,256,53.504
16,512,8,512,69.45
16,512,8,1024,115.636
16,512,8,2048,187.582
16,512,8,4096,317.577
16,512,8,8192,575.208
16,512,8,16384,1100.89
16,512,16,16,48.2987
16,512,16,32,48.6077
16,512,16,64,49.3653
16,512,16,128,64.266
16,512,16,256,80.3407
16,512,16,512,112.181
16,512,16,1024,189.941
16,512,16,2048,326.068
16,512,16,4096,585.01
16,512,16,8192,1103.16
16,512,16,16384,2147.2
16,512,32,16,70.0793
16,512,32,32,70.976
16,512,32,64,72.2447
16,512,32,128,101.387
16,512,32,256,133.909
16,512,32,512,197.023
16,512,32,1024,327.54
16,512,32,2048,587.559
16,512,32,4096,1111.53
16,512,32,8192,2177.93
16,512,32,16384,4253.49
16,512,64,16,112.853
16,512,64,32,114.378
16,512,64,64,116.981
16,512,64,128,175.732
16,512,64,256,242.538
16,512,64,512,379.699
16,512,64,1024,649.192
16,512,64,2048,1184.19
16,512,64,4096,2354.55
16,512,64,8192,4706.98
16,512,64,16384,10515
16,1024,0,0,41.696
16,1024,1,16,41.3333
16,1024,1,32,41.3653
16,1024,1,64,41.3653
16,1024,1,128,41.4077
16,1024,1,256,41.4613
16,1024,1,512,41.5893
16,1024,1,1024,41.8983
16,1024,1,2048,73.9623
16,1024,1,4096,138.004
16,1024,1,8192,269.694
16,1024,1,16384,532.083
16,1024,2,16,41.2373
16,1024,2,32,41.3753
16,1024,2,64,41.3227
16,1024,2,128,41.5253
16,1024,2,256,41.5893
16,1024,2,512,41.973
16,1024,2,1024,42.293
16,1024,2,2048,74.2933
16,1024,2,4096,139.68
16,1024,2,8192,271.508
16,1024,2,16384,535.176
16,1024,4,16,47.765
16,1024,4,32,47.9467
16,1024,4,64,48.224
16,1024,4,128,51.786
16,1024,4,256,56.1383
16,1024,4,512,64.17
16,1024,4,1024,79.9993
16,1024,4,2048,143.85
16,1024,4,4096,249.246
16,1024,4,8192,379.134
16,1024,4,16384,635.208
16,1024,8,16,53.397
16,1024,8,32,53.6843
16,1024,8,64,54.1113
16,1024,8,128,61.237
16,1024,8,256,69.4827
16,1024,8,512,85.7057
16,1024,8,1024,117.599
16,1024,8,2048,211.561
16,1024,8,4096,349.332
16,1024,8,8192,610.12
16,1024,8,16384,1131.64
16,1024,16,16,64.4153
16,1024,16,32,64.4687
16,1024,16,64,65.781
16,1024,16,128,80.3193
16,1024,16,256,96.7353
16,1024,16,512,128.235
16,1024,16,1024,192.767
16,1024,16,2048,350.079
16,1024,16,4096,617.447
16,1024,16,8192,1135.29
16,1024,16,16384,2173.23
16,1024,32,16,90.6877
16,1024,32,32,90.6553
16,1024,32,64,92.1493
16,1024,32,128,117.781
16,1024,32,256,149.876
16,1024,32,512,212.938
16,1024,32,1024,340.937
16,1024,32,2048,603.624
16,1024,32,4096,1122.43
16,1024,32,8192,2181.63
16,1024,32,16384,4272.52
16,1024,64,16,133.578
16,1024,64,32,134.389
16,1024,64,64,136.415
16,1024,64,128,193.247
16,1024,64,256,260.051
16,1024,64,512,396.34
16,1024,64,1024,665.288
16,1024,64,2048,1205.67
16,1024,64,4096,2373.72
16,1024,64,8192,4706.15
16,1024,64,16384,10022
16,2048,0,0,73.7277
16,2048,1,16,73.5677
16,2048,1,32,73.717
16,2048,1,64,73.61
16,2048,1,128,73.6953
16,2048,1,256,73.61
16,2048,1,512,73.664
16,2048,1,1024,73.8447
16,2048,1,2048,74.2293
16,2048,1,4096,139.295
16,2048,1,8192,270.206
16,2048,1,16384,532.712
16,2048,2,16,73.6527
16,2048,2,32,73.5993
16,2048,2,64,73.6527
16,2048,2,128,73.685
16,2048,2,256,73.6423
16,2048,2,512,73.8553
16,2048,2,1024,74.1227
16,2048,2,2048,74.869
16,2048,2,4096,139.753
16,2048,2,8192,271.519
16,2048,2,16384,535.346
16,2048,4,16,79.9357
16,2048,4,32,80.053
16,2048,4,64,80.3517
16,2048,4,128,83.8397
16,2048,4,256,87.9677
16,2048,4,512,96.4257
16,2048,4,1024,112.672
16,2048,4,2048,145.269
16,2048,4,4096,273.631
16,2048,4,8192,473.896
16,2048,4,16384,731.645
16,2048,8,16,85.792
16,2048,8,32,86.1543
16,2048,8,64,85.898
16,2048,8,128,93.045
16,2048,8,256,101.44
16,2048,8,512,117.482
16,2048,8,1024,149.311
16,2048,8,2048,213.833
16,2048,8,4096,404.744
16,2048,8,8192,672.125
16,2048,8,16384,1195.63
16,2048,16,16,96.256
16,2048,16,32,96.629
16,2048,16,64,97.1833
16,2048,16,128,112.256
16,2048,16,256,128.575
16,2048,16,512,160.522
16,2048,16,1024,223.829
16,2048,16,2048,352.18
16,2048,16,4096,669.064
16,2048,16,8192,1201.05
16,2048,16,16384,2236.99
16,2048,32,16,122.73
16,2048,32,32,123.167
16,2048,32,64,124.341
16,2048,32,128,158.153
16,2048,32,256,183.498
16,2048,32,512,246.43
16,2048,32,1024,372.607
16,2048,32,2048,632.051
16,2048,32,4096,1161.97
16,2048,32,8192,2217.41
16,2048,32,16384,4310.54
16,2048,64,16,170.218
16,2048,64,32,171.37
16,2048,64,64,172.596
16,2048,64,128,232.458
16,2048,64,256,302.089
16,2048,64,512,430.174
16,2048,64,1024,699.549
16,2048,64,2048,1282.74
16,2048,64,4096,2431.82
16,2048,64,8192,4797.43
16,2048,64,16384,9862.98
16,4096,0,0,137.631
16,4096,1,16,137.93
16,4096,1,32,137.45
16,4096,1,64,138.004
16,4096,1,128,137.663
16,4096,1,256,137.845
16,4096,1,512,137.546
16,4096,1,1024,137.898
16,4096,1,2048,138.581
16,4096,1,4096,138.815
16,4096,1,8192,269.779
16,4096,1,16384,533.938
16,4096,2,16,137.62
16,4096,2,32,137.588
16,4096,2,64,137.642
16,4096,2,128,137.525
16,4096,2,256,137.781
16,4096,2,512,137.844
16,4096,2,1024,138.538
16,4096,2,2048,140.031
16,4096,2,4096,140.213
16,4096,2,8192,271.529
16,4096,2,16384,535.325
16,4096,4,16,143.988
16,4096,4,32,143.968
16,4096,4,64,144.416
16,4096,4,128,147.945
16,4096,4,256,151.967
16,4096,4,512,160.223
16,4096,4,1024,176.607
16,4096,4,2048,209.46
16,4096,4,4096,274.687
16,4096,4,8192,534.076
16,4096,4,16384,926.694
16,4096,8,16,148.98
16,4096,8,32,149.343
16,4096,8,64,149.887
16,4096,8,128,156.799
16,4096,8,256,165.141
16,4096,8,512,181.247
16,4096,8,1024,213.387
16,4096,8,2048,277.653
16,4096,8,4096,409.791
16,4096,8,8192,791.57
16,4096,8,16384,1339.77
16,4096,16,16,160.778
16,4096,16,32,160.863
16,4096,16,64,161.546
16,4096,16,128,175.968
16,4096,16,256,192.405
16,4096,16,512,224.671
16,4096,16,1024,288.372
16,4096,16,2048,416.617
16,4096,16,4096,680.968
16,4096,16,8192,1320.16
16,4096,16,16384,2395.9
16,4096,32,16,186.506
16,4096,32,32,187.018
16,4096,32,64,188.138
16,4096,32,128,222.111
16,4096,32,256,258.153
16,4096,32,512,329.587
16,4096,32,1024,438.493
16,4096,32,2048,694.503
16,4096,32,4096,1230.29
16,4096,32,8192,2330.64
16,4096,32,16384,4474.63
16,4096,64,16,234.25
16,4096,64,32,235.925
16,4096,64,64,238.026
16,4096,64,128,304.714
16,4096,64,256,370.569
16,4096,64,512,511.187
16,4096,64,1024,764.935
16,4096,64,2048,1438.7
16,4096,64,4096,2705.64
16,4096,64,8192,6208.11
16,4096,64,16384,12582.5
16,8192,0,0,268.393
16,8192,1,16,268.319
16,8192,1,32,268.372
16,8192,1,64,268.362
16,8192,1,128,268.415
16,8192,1,256,268.255
16,8192,1,512,268.532
16,8192,1,1024,268.276
16,8192,1,2048,269.663
16,8192,1,4096,269.544
16,8192,1,8192,270.238
16,8192,1,16384,532.445
16,8192,2,16,267.934
16,8192,2,32,267.604
16,8192,2,64,268.35
16,8192,2,128,267.977
16,8192,2,256,267.977
16,8192,2,512,267.977
16,8192,2,1024,269.066
16,8192,2,2048,270.153
16,8192,2,4096,270.131
16,8192,2,8192,271.465
16,8192,2,16384,537.704
16,8192,4,16,272.756
16,8192,4,32,272.798
16,8192,4,64,273.14
16,8192,4,128,276.297
16,8192,4,256,280.895
16,8192,4,512,288.223
16,8192,4,1024,304.457
16,8192,4,2048,338.11
16,8192,4,4096,402.953
16,8192,4,8192,541.042
16,8192,4,16384,1057.33
16,8192,8,16,277.3
16,8192,8,32,277.332
16,8192,8,64,277.769
16,8192,8,128,284.809
16,8192,8,256,293.225
16,8192,8,512,309.268
16,8192,8,1024,341.31
16,8192,8,2048,406.28
16,8192,8,4096,538.558
16,8192,8,8192,804.956
16,8192,8,16384,1568.49
16,8192,16,16,288.852
16,8192,16,32,289.054
16,8192,16,64,289.235
16,8192,16,128,304.585
16,8192,16,256,320.5
16,8192,16,512,352.436
16,8192,16,1024,416.425
16,8192,16,2048,545.448
16,8192,16,4096,808.711
16,8192,16,8192,1343.74
16,8192,16,16384,2621.46
16,8192,32,16,314.441
16,8192,32,32,314.836
16,8192,32,64,315.86
16,8192,32,128,350.579
16,8192,32,256,386.313
16,8192,32,512,457.267
16,8192,32,1024,601.651
16,8192,32,2048,824.198
16,8192,32,4096,1402.61
16,8192,32,8192,2423.03
16,8192,32,16384,4634.08
16,8192,64,16,362.121
16,8192,64,32,363.615
16,8192,64,64,365.556
16,8192,64,128,433.406
16,8192,64,256,510.589
16,8192,64,512,656.776
16,8192,64,1024,925.511
16,8192,64,2048,1637.67
16,8192,64,4096,3095.83
16,8192,64,8192,5438.87
16,8192,64,16384,14905.1
16,16384,0,0,532.348
16,16384,1,16,532.062
16,16384,1,32,533.704
16,16384,1,64,533.874
16,16384,1,128,533.022
16,16384,1,256,532.936
16,16384,1,512,532.872
16,16384,1,1024,533.203
16,16384,1,2048,533.756
16,16384,1,4096,534.344
16,16384,1,8192,533.384
16,16384,1,16384,534.141
16,16384,2,16,529.479
16,16384,2,32,529.266
16,16384,2,64,529.971
16,16384,2,128,529.737
16,16384,2,256,530.173
16,16384,2,512,530.259
16,16384,2,1024,531.186
16,16384,2,2048,532.36
16,16384,2,4096,532.51
16,16384,2,8192,532.104
16,16384,2,16384,535.208
16,16384,4,16,532.477
16,16384,4,32,532.371
16,16384,4,64,532.498
16,16384,4,128,533.96
16,16384,4,256,537.971
16,16384,4,512,544.445
16,16384,4,1024,562.014
16,16384,4,2048,596.178
16,16384,4,4096,660.957
16,16384,4,8192,800.081
16,16384,4,16384,1072.31
16,16384,8,16,533.255
16,16384,8,32,534.184
16,16384,8,64,534.611
16,16384,8,128,541.331
16,16384,8,256,550.397
16,16384,8,512,566.589
16,16384,8,1024,597.907
16,16384,8,2048,662.184
16,16384,8,4096,794.726
16,16384,8,8192,1061.02
16,16384,8,16384,1591.04
16,16384,16,16,544.723
16,16384,16,32,544.648
16,16384,16,64,545.426
16,16384,16,128,560.595
16,16384,16,256,577.021
16,16384,16,512,608.989
16,16384,16,1024,672.946
16,16384,16,2048,801.489
16,16384,16,4096,1066.79
16,16384,16,8192,1594.45
16,16384,16,16384,2658.42
16,16384,32,16,570.984
16,16384,32,32,570.514
16,16384,32,64,570.664
16,16384,32,128,606.333
16,16384,32,256,642.151
16,16384,32,512,712.05
16,16384,32,1024,856.487
16,16384,32,2048,1145.68
16,16384,32,4096,1712.41
16,16384,32,8192,2787.45
16,16384,32,16384,4797.8
16,16384,64,16,617.116
16,16384,64,32,619.624
16,16384,64,64,621.512
16,16384,64,128,688.913
16,16384,64,256,767.505
16,16384,64,512,917.105
16,16384,64,1024,1214.51
16,16384,64,2048,1909.27
16,16384,64,4096,3550.84
16,16384,64,8192,6390.15
16,16384,64,16384,13015.4
32,0,0,0,10.1547
32,0,1,16,10.1973
32,0,1,32,10.229
32,0,1,64,10.1973
32,0,1,128,13.2263
32,0,1,256,17.152
32,0,1,512,25.1943
32,0,1,1024,41.3227
32,0,1,2048,73.653
32,0,1,4096,138.036
32,0,1,8192,269.299
32,0,1,16384,530.749
32,0,2,16,10.2077
32,0,2,32,10.2077
32,0,2,64,10.4217
32,0,2,128,13.2693
32,0,2,256,17.3443
32,0,2,512,25.6317
32,0,2,1024,41.9093
32,0,2,2048,74.325
32,0,2,4096,140.063
32,0,2,8192,270.825
32,0,2,16384,533.993
32,0,4,16,15.6057
32,0,4,32,15.7227
32,0,4,64,15.6483
32,0,4,128,22.229
32,0,4,256,30.1973
32,0,4,512,43.6047
32,0,4,1024,59.477
32,0,4,2048,92.3303
32,0,4,4096,156.234
32,0,4,8192,285.524
32,0,4,16384,541.756
32,0,8,16,21.28
32,0,8,32,21.408
32,0,8,64,21.5043
32,0,8,128,31.6907
32,0,8,256,43.648
32,0,8,512,60.4693
32,0,8,1024,92.085
32,0,8,2048,156.906
32,0,8,4096,285.054
32,0,8,8192,547.774
32,0,8,16384,1072.5
32,0,16,16,31.8507
32,0,16,32,32.1493
32,0,16,64,32.6397
32,0,16,128,50.208
32,0,16,256,68.938
32,0,16,512,101.535
32,0,16,1024,165.631
32,0,16,2048,294.632
32,0,16,4096,553.384
32,0,16,8192,1081.06
32,0,16,16384,2132.01
32,0,32,16,53.8667
32,0,32,32,54.4637
32,0,32,64,55.6687
32,0,32,128,85.5567
32,0,32,256,118.122
32,0,32,512,183.232
32,0,32,1024,313.279
32,0,32,2048,569.523
32,0,32,4096,1087.63
32,0,32,8192,2149.53
32,0,32,16384,4241.95
32,0,64,16,95.9673
32,0,64,32,97.0663
32,0,64,64,98.7303
32,0,64,128,159.445
32,0,64,256,226.452
32,0,64,512,363.977
32,0,64,1024,632.072
32,0,64,2048,1170.74
32,0,64,4096,2355.64
32,0,64,8192,4757.2
32,0,64,16384,10994.6
32,16,0,0,10.3467
32,16,1,16,10.2293
32,16,1,32,10.3253
32,16,1,64,10.4003
32,16,1,128,13.1943
32,16,1,256,17.1943
32,16,1,512,25.2053
32,16,1,1024,41.397
32,16,1,2048,73.6317
32,16,1,4096,138.058
32,16,1,8192,269.502
32,16,1,16384,530.898
32,16,2,16,10.3147
32,16,2,32,10.4107
32,16,2,64,10.3997
32,16,2,128,13.3117
32,16,2,256,17.3973
32,16,2,512,25.589
32,16,2,1024,41.9513
32,16,2,2048,74.442
32,16,2,4096,139.381
32,16,2,8192,271.487
32,16,2,16384,533.928
32,16,4,16,15.8607
32,16,4,32,15.9037
32,16,4,64,16.0537
32,16,4,128,22.1653
32,16,4,256,30.3893
32,16,4,512,43.3597
32,16,4,1024,59.892
32,16,4,2048,91.647
32,16,4,4096,156.447
32,16,4,8192,284.66
32,16,4,16384,545.949
32,16,8,16,21.5993
32,16,8,32,21.7387
32,16,8,64,21.8777
32,16,8,128,31.6903
32,16,8,256,43.8933
32,16,8,512,60.501
32,16,8,1024,92.6927
32,16,8,2048,157.077
32,16,8,4096,286.569
32,16,8,8192,547.048
32,16,8,16384,1071.81
32,16,16,16,32.063
32,16,16,32,32.384
32,16,16,64,32.8957
32,16,16,128,50.218
32,16,16,256,68.6503
32,16,16,512,101.205
32,16,16,1024,166.069
32,16,16,2048,294.164
32,16,16,4096,553.405
32,16,16,8192,1080.88
32,16,16,16384,2132.45
32,16,32,16,53.8347
32,16,32,32,54.453
32,16,32,64,55.6477
32,16,32,128,85.3653
32,16,32,256,118.453
32,16,32,512,182.474
32,16,32,1024,314.057
32,16,32,2048,569.981
32,16,32,4096,1086.85
32,16,32,8192,2146.96
32,16,32,16384,4252.4
32,16,64,16,96.5643
32,16,64,32,97.2583
32,16,64,64,98.9863
32,16,64,128,159.435
32,16,64,256,227.754
32,16,64,512,365.044
32,16,64,1024,631.795
32,16,64,2048,1172.86
32,16,64,4096,2344.96
32,16,64,8192,4703.47
32,16,64,16384,10023.9
32,32,0,0,10.3147
32,32,1,16,10.272
32,32,1,32,10.5707
32,32,1,64,10.3573
32,32,1,128,13.2693
32,32,1,256,17.3333
32,32,1,512,25.2793
32,32,1,1024,41.312
32,32,1,2048,73.589
32,32,1,4096,138.068
32,32,1,8192,269.194
32,32,1,16384,531.913
32,32,2,16,10.3467
32,32,2,32,10.4
32,32,2,64,10.528
32,32,2,128,13.301
32,32,2,256,17.344
32,32,2,512,25.5677
32,32,2,1024,42.1117
32,32,2,2048,74.3137
32,32,2,4096,139.541
32,32,2,8192,271.359
32,32,2,16384,534.12
32,32,4,16,15.8183
32,32,4,32,15.9687
32,32,4,64,16.128
32,32,4,128,22.2183
32,32,4,256,30.389
32,32,4,512,43.4023
32,32,4,1024,59.775
32,32,4,2048,92.149
32,32,4,4096,156.212
32,32,4,8192,284.948
32,32,4,16384,543.527
32,32,8,16,21.4933
32,32,8,32,21.6957
32,32,8,64,21.9093
32,32,8,128,31.6373
32,32,8,256,43.722
32,32,8,512,60.202
32,32,8,1024,93.5887
32,32,8,2048,156.714
32,32,8,4096,286.601
32,32,8,8192,547.496
32,32,8,16384,1073.05
32,32,16,16,32.149
32,32,16,32,32.3413
32,32,16,64,32.949
32,32,16,128,50.1543
32,32,16,256,69.0557
32,32,16,512,101.013
32,32,16,1024,165.599
32,32,16,2048,294.772
32,32,16,4096,552.339
32,32,16,8192,1080.29
32,32,16,16384,2130.58
32,32,32,16,53.8663
32,32,32,32,54.3573
32,32,32,64,55.658
32,32,32,128,85.4713
32,32,32,256,118.357
32,32,32,512,183.199
32,32,32,1024,312.596
32,32,32,2048,569.352
32,32,32,4096,1087.17
32,32,32,8192,2145.82
32,32,32,16384,4245.01
32,32,64,16,95.967
32,32,64,32,97.3537
32,32,64,64,99.1033
32,32,64,128,159.53
32,32,64,256,226.793
32,32,64,512,365.396
32,32,64,1024,632.595
32,32,64,2048,1171.47
32,32,64,4096,2347.89
32,32,64,8192,4758.18
32,32,64,16384,9766.58
32,64,0,0,10.3787
32,64,1,16,10.347
32,64,1,32,10.3783
32,64,1,64,10.4427
32,64,1,128,13.2053
32,64,1,256,17.1733
32,64,1,512,25.1627
32,64,1,1024,41.2903
32,64,1,2048,73.6213
32,64,1,4096,138.047
32,64,1,8192,269.193
32,64,1,16384,530.727
32,64,2,16,10.4107
32,64,2,32,10.4533
32,64,2,64,10.5917
32,64,2,128,13.3333
32,64,2,256,17.472
32,64,2,512,25.5893
32,64,2,1024,42.0367
32,64,2,2048,74.3677
32,64,2,4096,139.423
32,64,2,8192,271.252
32,64,2,16384,535.123
32,64,4,16,16.1173
32,64,4,32,16.2453
32,64,4,64,16.1813
32,64,4,128,22.154
32,64,4,256,30.4847
32,64,4,512,43.7217
32,64,4,1024,60.2983
32,64,4,2048,92.6497
32,64,4,4096,157.194
32,64,4,8192,285.587
32,64,4,16384,542.804
32,64,8,16,21.5783
32,64,8,32,21.8133
32,64,8,64,22.229
32,64,8,128,31.722
32,64,8,256,43.8827
32,64,8,512,60.543
32,64,8,1024,93.119
32,64,8,2048,156.98
32,64,8,4096,287.433
32,64,8,8192,548.434
32,64,8,16384,1073.08
32,64,16,16,32.1173
32,64,16,32,32.437
32,64,16,64,32.9167
32,64,16,128,50.2183
32,64,16,256,68.97
32,64,16,512,101.557
32,64,16,1024,166.005
32,64,16,2048,294.665
32,64,16,4096,553.895
32,64,16,8192,1080.37
32,64,16,16384,2130.76
32,64,32,16,53.994
32,64,32,32,54.5807
32,64,32,64,55.861
32,64,32,128,86.1547
32,64,32,256,119.114
32,64,32,512,183.306
32,64,32,1024,312.51
32,64,32,2048,570.045
32,64,32,4096,1087.21
32,64,32,8192,2146.26
32,64,32,16384,4239.93
32,64,64,16,96.3407
32,64,64,32,97.4077
32,64,64,64,99.1683
32,64,64,128,159.339
32,64,64,256,227.199
32,64,64,512,364.638
32,64,64,1024,632.669
32,64,64,2048,1174.03
32,64,64,4096,2355.32
32,64,64,8192,4755.84
32,64,64,16384,10012.2
32,128,0,0,14.2187
32,128,1,16,13.3653
32,128,1,32,13.376
32,128,1,64,13.4827
32,128,1,128,14.2613
32,128,1,256,17.3437
32,128,1,512,25.2267
32,128,1,1024,41.3333
32,128,1,2048,73.6523
32,128,1,4096,138.047
32,128,1,8192,269.311
32,128,1,16384,531.966
32,128,2,16,13.397
32,128,2,32,13.4183
32,128,2,64,13.408
32,128,2,128,14.176
32,128,2,256,17.408
32,128,2,512,25.6213
32,128,2,1024,41.8773
32,128,2,2048,74.4743
32,128,2,4096,139.551
32,128,2,8192,271.38
32,128,2,16384,535.24
32,128,4,16,20.064
32,128,4,32,20.0323
32,128,4,64,20.256
32,128,4,128,23.7547
32,128,4,256,30.5067
32,128,4,512,46.517
32,128,4,1024,71.9883
32,128,4,2048,104.106
32,128,4,4096,168.01
32,128,4,8192,297.438
32,128,4,16384,554.29
32,128,8,16,25.5467
32,128,8,32,25.7063
32,128,8,64,26.3253
32,128,8,128,33.3433
32,128,8,256,43.9893
32,128,8,512,67.999
32,128,8,1024,100.106
32,128,8,2048,164.554
32,128,8,4096,293.983
32,128,8,8192,553.107
32,128,8,16384,1078.77
32,128,16,16,35.9787
32,128,16,32,36.277
32,128,16,64,36.9707
32,128,16,128,52.0963
32,128,16,256,70.6027
32,128,16,512,109.173
32,128,16,1024,173.578
32,128,16,2048,302.047
32,128,16,4096,561.106
32,128,16,8192,1085.68
32,128,16,16384,2134.93
32,128,32,16,57.8233
32,128,32,32,58.571
32,128,32,64,59.8397
32,128,32,128,89.236
32,128,32,256,122.261
32,128,32,512,186.826
32,128,32,1024,316.243
32,128,32,2048,575.133
32,128,32,4096,1091.8
32,128,32,8192,2150.15
32,128,32,16384,4243.79
32,128,64,16,100.159
32,128,64,32,101.29
32,128,64,64,103.936
32,128,64,128,162.783
32,128,64,256,231.316
32,128,64,512,369.588
32,128,64,1024,637.064
32,128,64,2048,1172.68
32,128,64,4096,2353.7
32,128,64,8192,4715.27
32,128,64,16384,10449.4
32,256,0,0,18.1333
32,256,1,16,17.3973
32,256,1,32,17.3653
32,256,1,64,17.4077
32,256,1,128,17.408
32,256,1,256,18.0693
32,256,1,512,25.2583
32,256,1,1024,41.3753
32,256,1,2048,73.557
32,256,1,4096,138.154
32,256,1,8192,269.439
32,256,1,16384,532.253
32,256,2,16,17.344
32,256,2,32,17.4933
32,256,2,64,17.451
32,256,2,128,17.5357
32,256,2,256,18.208
32,256,2,512,25.6313
32,256,2,1024,42.1437
32,256,2,2048,74.4957
32,256,2,4096,139.668
32,256,2,8192,272.436
32,256,2,16384,536.381
32,256,4,16,23.9887
32,256,4,32,24.075
32,256,4,64,24.4157
32,256,4,128,27.8933
32,256,4,256,31.9787
32,256,4,512,46.6023
32,256,4,1024,78.4423
32,256,4,2048,115.989
32,256,4,4096,180.351
32,256,4,8192,308.959
32,256,4,16384,565.042
32,256,8,16,29.621
32,256,8,32,29.8667
32,256,8,64,30.3467
32,256,8,128,37.4713
32,256,8,256,45.813
32,256,8,512,68.138
32,256,8,1024,108.618
32,256,8,2048,172.767
32,256,8,4096,301.193
32,256,8,8192,562.61
32,256,8,16384,1085.05
32,256,16,16,40.1067
32,256,16,32,40.6077
32,256,16,64,41.3013
32,256,16,128,56.085
32,256,16,256,72.415
32,256,16,512,110.964
32,256,16,1024,181.865
32,256,16,2048,310.249
32,256,16,4096,572.424
32,256,16,8192,1092.52
32,256,16,16384,2138.49
32,256,32,16,62.0477
32,256,32,32,62.7303
32,256,32,64,64.0637
32,256,32,128,93.0983
32,256,32,256,125.535
32,256,32,512,190.708
32,256,32,1024,319.668
32,256,32,2048,578.377
32,256,32,4096,1096.87
32,256,32,8192,2154.08
32,256,32,16384,4245.77
32,256,64,16,104.66
32,256,64,32,106.058
32,256,64,64,108.085
32,256,64,128,166.986
32,256,64,256,234.047
32,256,64,512,373.342
32,256,64,1024,642.109
32,256,64,2048,1180.14
32,256,64,4096,2354.41
32,256,64,8192,4692.57
32,256,64,16384,10033.4
32,512,0,0,25.9947
32,512,1,16,25.4077
32,512,1,32,25.3757
32,512,1,64,25.3653
32,512,1,128,25.4187
32,512,1,256,25.493
32,512,1,512,26.0157
32,512,1,1024,41.525
32,512,1,2048,73.717
32,512,1,4096,137.78
32,512,1,8192,268.969
32,512,1,16384,531.4
32,512,2,16,25.3437
32,512,2,32,25.3547
32,512,2,64,25.4187
32,512,2,128,25.6107
32,512,2,256,25.6107
32,512,2,512,26.24
32,512,2,1024,42.144
32,512,2,2048,74.4423
32,512,2,4096,139.06
32,512,2,8192,271.722
32,512,2,16384,535.356
32,512,4,16,32.0533
32,512,4,32,32.1597
32,512,4,64,32.448
32,512,4,128,35.9147
32,512,4,256,40.1383
32,512,4,512,48.2767
32,512,4,1024,79.0183
32,512,4,2048,139.413
32,512,4,4096,204.148
32,512,4,8192,331.636
32,512,4,16384,589.98
32,512,8,16,37.6743
32,512,8,32,38.2187
32,512,8,64,38.3043
32,512,8,128,45.344
32,512,8,256,53.8237
32,512,8,512,69.717
32,512,8,1024,115.658
32,512,8,2048,188.319
32,512,8,4096,317.779
32,512,8,8192,577.534
32,512,8,16384,1097.63
32,512,16,16,48.2983
32,512,16,32,48.725
32,512,16,64,49.4717
32,512,16,128,64.1913
32,512,16,256,80.4897
32,512,16,512,112.351
32,512,16,1024,189.993
32,512,16,2048,325.908
32,512,16,4096,584.669
32,512,16,8192,1105.03
32,512,16,16384,2148.14
32,512,32,16,70.3257
32,512,32,32,71.093
32,512,32,64,72.5223
32,512,32,128,101.493
32,512,32,256,133.589
32,512,32,512,197.151
32,512,32,1024,328.98
32,512,32,2048,586.557
32,512,32,4096,1108.83
32,512,32,8192,2165.41
32,512,32,16384,4258.44
32,512,64,16,113.376
32,512,64,32,114.72
32,512,64,64,117.098
32,512,64,128,175.882
32,512,64,256,242.377
32,512,64,512,380.809
32,512,64,1024,650.119
32,512,64,2048,1184.42
32,512,64,4096,2352.45
32,512,64,8192,4681.62
32,512,64,16384,12241.3
32,1024,0,0,41.9837
32,1024,1,16,41.536
32,1024,1,32,41.5037
32,1024,1,64,41.493
32,1024,1,128,41.5787
32,1024,1,256,41.6103
32,1024,1,512,41.696
32,1024,1,1024,42.0797
32,1024,1,2048,73.855
32,1024,1,4096,139.316
32,1024,1,8192,269.662
32,1024,1,16384,534.631
32,1024,2,16,41.5787
32,1024,2,32,41.4717
32,1024,2,64,41.4503
32,1024,2,128,41.4393
32,1024,2,256,41.8347
32,1024,2,512,42.1113
32,1024,2,1024,42.4853
32,1024,2,2048,74.613
32,1024,2,4096,139.775
32,1024,2,8192,271.497
32,1024,2,16384,536.125
32,1024,4,16,48.127
32,1024,4,32,48.042
32,1024,4,64,48.544
32,1024,4,128,52.064
32,1024,4,256,56.3303
32,1024,4,512,64.2873
32,1024,4,1024,80.2447
32,1024,4,2048,143.765
32,1024,4,4096,249.791
32,1024,4,8192,378.899
32,1024,4,16384,636.146
32,1024,8,16,53.781
32,1024,8,32,53.898
32,1024,8,64,54.208
32,1024,8,128,61.5137
32,1024,8,256,69.8133
32,1024,8,512,85.77
32,1024,8,1024,117.781
32,1024,8,2048,211.604
32,1024,8,4096,349.822
32,1024,8,8192,609.607
32,1024,8,16384,1134.95
32,1024,16,16,64.575
32,1024,16,32,65.0877
32,1024,16,64,65.5147
32,1024,16,128,80.3947
32,1024,16,256,96.469
32,1024,16,512,129.268
32,1024,16,1024,191.871
32,1024,16,2048,349.588
32,1024,16,4096,616.829
32,1024,16,8192,1136.36
32,1024,16,16384,2181.72
32,1024,32,16,91.4347
32,1024,32,32,91.509
32,1024,32,64,91.9993
32,1024,32,128,118.069
32,1024,32,256,149.994
32,1024,32,512,213.343
32,1024,32,1024,340.979
32,1024,32,2048,604.284
32,1024,32,4096,1122.48
32,1024,32,8192,2182.38
32,1024,32,16384,4272.83
32,1024,64,16,133.599
32,1024,64,32,134.485
32,1024,64,64,136.394
32,1024,64,128,192.938
32,1024,64,256,260.436
32,1024,64,512,397.514
32,1024,64,1024,666.92
32,1024,64,2048,1207.19
32,1024,64,4096,2371.08
32,1024,64,8192,4740.53
32,1024,64,16384,9752.6
32,2048,0,0,73.9193
32,2048,1,16,73.6633
32,2048,1,32,73.6313
32,2048,1,64,73.7383
32,2048,1,128,73.7593
32,2048,1,256,73.749
32,2048,1,512,73.824
32,2048,1,1024,74.09
32,2048,1,2048,74.6017
32,2048,1,4096,139.348
32,2048,1,8192,270.303
32,2048,1,16384,533.425
32,2048,2,16,73.909
32,2048,2,32,73.6953
32,2048,2,64,73.7487
32,2048,2,128,73.621
32,2048,2,256,73.8343
32,2048,2,512,73.9723
32,2048,2,1024,74.399
32,2048,2,2048,76.0423
32,2048,2,4096,140.394
32,2048,2,8192,272.372
32,2048,2,16384,536.286
32,2048,4,16,80.2333
32,2048,4,32,80.362
32,2048,4,64,80.4897
32,2048,4,128,84.127
32,2048,4,256,88.33
32,2048,4,512,96.0207
32,2048,4,1024,112.683
32,2048,4,2048,145.578
32,2048,4,4096,274.388
32,2048,4,8192,475.453
32,2048,4,16384,730.941
32,2048,8,16,85.61
32,2048,8,32,86.1013
32,2048,8,64,86.1547
32,2048,8,128,93.3003
32,2048,8,256,101.898
32,2048,8,512,117.6
32,2048,8,1024,149.556
32,2048,8,2048,214.377
32,2048,8,4096,404.414
32,2048,8,8192,675.079
32,2048,8,16384,1197.11
32,2048,16,16,96.4263
32,2048,16,32,96.7677
32,2048,16,64,97.546
32,2048,16,128,112.213
32,2048,16,256,128.64
32,2048,16,512,160.628
32,2048,16,1024,223.818
32,2048,16,2048,352.276
32,2048,16,4096,671.229
32,2048,16,8192,1200.04
32,2048,16,16384,2239.2
32,2048,32,16,122.815
32,2048,32,32,123.594
32,2048,32,64,124.832
32,2048,32,128,158.09
32,2048,32,256,183.807
32,2048,32,512,246.196
32,2048,32,1024,373.107
32,2048,32,2048,629.117
32,2048,32,4096,1156.26
32,2048,32,8192,2217.13
32,2048,32,16384,4311.77
32,2048,64,16,170.868
32,2048,64,32,171.348
32,2048,64,64,172.426
32,2048,64,128,232.692
32,2048,64,256,301.875
32,2048,64,512,431.273
32,2048,64,1024,700.882
32,2048,64,2048,1287.88
32,2048,64,4096,2431.74
32,2048,64,8192,4790.83
32,2048,64,16384,9900.55
32,4096,0,0,139.124
32,4096,1,16,138.154
32,4096,1,32,138.282
32,4096,1,64,138.314
32,4096,1,128,138.186
32,4096,1,256,138.314
32,4096,1,512,138.197
32,4096,1,1024,138.794
32,4096,1,2048,139.573
32,4096,1,4096,139.999
32,4096,1,8192,270.58
32,4096,1,16384,534.078
32,4096,2,16,137.962
32,4096,2,32,138.037
32,4096,2,64,137.812
32,4096,2,128,138.015
32,4096,2,256,138.004
32,4096,2,512,139.103
32,4096,2,1024,141.14
32,4096,2,2048,140.299
32,4096,2,4096,141.418
32,4096,2,8192,272.265
32,4096,2,16384,536.157
32,4096,4,16,144.458
32,4096,4,32,144.287
32,4096,4,64,144.884
32,4096,4,128,148.191
32,4096,4,256,152.501
32,4096,4,512,160.33
32,4096,4,1024,177.353
32,4096,4,2048,210.505
32,4096,4,4096,275.785
32,4096,4,8192,534.322
32,4096,4,16384,927.515
32,4096,8,16,149.183
32,4096,8,32,149.886
32,4096,8,64,149.93
32,4096,8,128,157.183
32,4096,8,256,165.535
32,4096,8,512,181.588
32,4096,8,1024,213.492
32,4096,8,2048,277.662
32,4096,8,4096,410.067
32,4096,8,8192,791.377
32,4096,8,16384,1334.95
32,4096,16,16,160.287
32,4096,16,32,160.618
32,4096,16,64,161.386
32,4096,16,128,176.138
32,4096,16,256,192.692
32,4096,16,512,225.663
32,4096,16,1024,288.723
32,4096,16,2048,416.638
32,4096,16,4096,681.981
32,4096,16,8192,1319.11
32,4096,16,16384,2427.84
32,4096,32,16,186.837
32,4096,32,32,187.348
32,4096,32,64,188.458
32,4096,32,128,222.143
32,4096,32,256,258.207
32,4096,32,512,329.374
32,4096,32,1024,438.771
32,4096,32,2048,694.972
32,4096,32,4096,1231.41
32,4096,32,8192,2332.51
32,4096,32,16384,4474.59
32,4096,64,16,234.548
32,4096,64,32,235.614
32,4096,64,64,237.962
32,4096,64,128,304.991
32,4096,64,256,370.868
32,4096,64,512,511.4
32,4096,64,1024,765.916
32,4096,64,2048,1436.14
32,4096,64,4096,2704.29
32,4096,64,8192,6221.64
32,4096,64,16384,12373.2
32,8192,0,0,270.26
32,8192,1,16,269.769
32,8192,1,32,269.844
32,8192,1,64,269.748
32,8192,1,128,269.833
32,8192,1,256,269.791
32,8192,1,512,269.844
32,8192,1,1024,269.865
32,8192,1,2048,270.537
32,8192,1,4096,272.115
32,8192,1,8192,271.721
32,8192,1,16384,534.226
32,8192,2,16,269.055
32,8192,2,32,268.894
32,8192,2,64,268.905
32,8192,2,128,268.937
32,8192,2,256,268.863
32,8192,2,512,269.31
32,8192,2,1024,269.812
32,8192,2,2048,270.964
32,8192,2,4096,270.986
32,8192,2,8192,272.596
32,8192,2,16384,536.168
32,8192,4,16,272.884
32,8192,4,32,273.129
32,8192,4,64,273.001
32,8192,4,128,276.841
32,8192,4,256,281.044
32,8192,4,512,289.086
32,8192,4,1024,305.321
32,8192,4,2048,339.293
32,8192,4,4096,405.17
32,8192,4,8192,541.34
32,8192,4,16384,1055.92
32,8192,8,16,278.601
32,8192,8,32,277.705
32,8192,8,64,277.833
32,8192,8,128,285.3
32,8192,8,256,293.087
32,8192,8,512,310.035
32,8192,8,1024,341.63
32,8192,8,2048,406.441
32,8192,8,4096,538.941
32,8192,8,8192,806.822
32,8192,8,16384,1569.1
32,8192,16,16,288.575
32,8192,16,32,288.724
32,8192,16,64,289.929
32,8192,16,128,304.062
32,8192,16,256,321.161
32,8192,16,512,352.68
32,8192,16,1024,416.637
32,8192,16,2048,545.404
32,8192,16,4096,808.881
32,8192,16,8192,1343.75
32,8192,16,16384,2623.04
32,8192,32,16,314.996
32,8192,32,32,315.177
32,8192,32,64,316.5
32,8192,32,128,350.142
32,8192,32,256,386.409
32,8192,32,512,458.227
32,8192,32,1024,601.202
32,8192,32,2048,824.422
32,8192,32,4096,1405.11
32,8192,32,8192,2424.22
32,8192,32,16384,4629.59
32,8192,64,16,362.036
32,8192,64,32,363.432
32,8192,64,64,367.529
32,8192,64,128,433.074
32,8192,64,256,510.728
32,8192,64,512,657.405
32,8192,64,1024,928.732
32,8192,64,2048,1642.17
32,8192,64,4096,3088.98
32,8192,64,8192,5464.44
32,8192,64,16384,14928.6
32,16384,0,0,532.114
32,16384,1,16,532.242
32,16384,1,32,532.2
32,16384,1,64,533.16
32,16384,1,128,533.533
32,16384,1,256,533.266
32,16384,1,512,533.533
32,16384,1,1024,533.448
32,16384,1,2048,533.96
32,16384,1,4096,535.048
32,16384,1,8192,534.578
32,16384,1,16384,534.249
32,16384,2,16,530.355
32,16384,2,32,531.197
32,16384,2,64,531.358
32,16384,2,128,531.923
32,16384,2,256,531.527
32,16384,2,512,531.411
32,16384,2,1024,531.304
32,16384,2,2048,532.882
32,16384,2,4096,534.173
32,16384,2,8192,535.912
32,16384,2,16384,535.272
32,16384,4,16,532.371
32,16384,4,32,532.722
32,16384,4,64,532.456
32,16384,4,128,533.608
32,16384,4,256,537.886
32,16384,4,512,545.277
32,16384,4,1024,563.251
32,16384,4,2048,594.034
32,16384,4,4096,660.616
32,16384,4,8192,799.399
32,16384,4,16384,1072.82
32,16384,8,16,533.437
32,16384,8,32,534.045
32,16384,8,64,534.247
32,16384,8,128,541.725
32,16384,8,256,549.608
32,16384,8,512,565.117
32,16384,8,1024,597.639
32,16384,8,2048,661.799
32,16384,8,4096,794.663
32,16384,8,8192,1061.52
32,16384,8,16384,1596.76
32,16384,16,16,544.861
32,16384,16,32,544.424
32,16384,16,64,546.333
32,16384,16,128,559.815
32,16384,16,256,576.498
32,16384,16,512,608.722
32,16384,16,1024,672.594
32,16384,16,2048,802.119
32,16384,16,4096,1068.6
32,16384,16,8192,1596.94
32,16384,16,16384,2656.88
32,16384,32,16,570.866
32,16384,32,32,571.88
32,16384,32,64,572.936
32,16384,32,128,605.384
32,16384,32,256,642.258
32,16384,32,512,714.577
32,16384,32,1024,857.831
32,16384,32,2048,1146.78
32,16384,32,4096,1713.83
32,16384,32,8192,2779.97
32,16384,32,16384,4801.97
32,16384,64,16,617.779
32,16384,64,32,618.909
32,16384,64,64,621.384
32,16384,64,128,687.954
32,16384,64,256,765.446
32,16384,64,512,918.384
32,16384,64,1024,1211
32,16384,64,2048,1913.27
32,16384,64,4096,3561.28
32,16384,64,8192,6399.79
32,16384,64,16384,13030.6
64,0,0,0,10.453
64,0,1,16,10.5707
64,0,1,32,10.6663
64,0,1,64,10.6453
64,0,1,128,13.4293
64,0,1,256,17.237
64,0,1,512,25.3963
64,0,1,1024,41.504
64,0,1,2048,73.6427
64,0,1,4096,137.855
64,0,1,8192,268.35
64,0,1,16384,529.918
64,0,2,16,10.5707
64,0,2,32,10.645
64,0,2,64,10.6883
64,0,2,128,13.6003
64,0,2,256,17.525
64,0,2,512,25.6747
64,0,2,1024,42.122
64,0,2,2048,74.3893
64,0,2,4096,139.434
64,0,2,8192,270.334
64,0,2,16384,533.885
64,0,4,16,16.1813
64,0,4,32,16.288
64,0,4,64,16.3627
64,0,4,128,22.3043
64,0,4,256,30.677
64,0,4,512,44.64
64,0,4,1024,60.96
64,0,4,2048,93.8977
64,0,4,4096,157.599
64,0,4,8192,286.345
64,0,4,16384,543.336
64,0,8,16,21.8873
64,0,8,32,22.059
64,0,8,64,22.2933
64,0,8,128,31.8827
64,0,8,256,43.8507
64,0,8,512,61.0877
64,0,8,1024,93.098
64,0,8,2048,158.431
64,0,8,4096,287.55
64,0,8,8192,552.296
64,0,8,16384,1073.56
64,0,16,16,32.2023
64,0,16,32,32.5973
64,0,16,64,33.163
64,0,16,128,50.1863
64,0,16,256,69.6427
64,0,16,512,101.728
64,0,16,1024,166.708
64,0,16,2048,295.38
64,0,16,4096,553.555
64,0,16,8192,1080.07
64,0,16,16384,2131.19
64,0,32,16,54.229
64,0,32,32,54.8267
64,0,32,64,56.1063
64,0,32,128,85.621
64,0,32,256,118.623
64,0,32,512,183.295
64,0,32,1024,312.947
64,0,32,2048,569.811
64,0,32,4096,1087.69
64,0,32,8192,2146.48
64,0,32,16384,4252.56
64,0,64,16,96.2233
64,0,64,32,97.2267
64,0,64,64,99.1883
64,0,64,128,160.062
64,0,64,256,227.945
64,0,64,512,366.419
64,0,64,1024,634.514
64,0,64,2048,1177.02
64,0,64,4096,2353.29
64,0,64,8192,4779.74
64,0,64,16384,9565.63
64,16,0,0,10.5603
64,16,1,16,10.6137
64,16,1,32,10.6553
64,16,1,64,10.677
64,16,1,128,13.3757
64,16,1,256,17.259
64,16,1,512,25.2687
64,16,1,1024,41.6313
64,16,1,2048,73.6847
64,16,1,4096,137.802
64,16,1,8192,268.468
64,16,1,16384,530.173
64,16,2,16,10.613
64,16,2,32,10.7847
64,16,2,64,10.8373
64,16,2,128,13.6007
64,16,2,256,17.621
64,16,2,512,25.504
64,16,2,1024,42.0793
64,16,2,2048,74.3997
64,16,2,4096,139.349
64,16,2,8192,270.516
64,16,2,16384,534.6
64,16,4,16,16.4373
64,16,4,32,16.3307
64,16,4,64,16.5113
64,16,4,128,22.3363
64,16,4,256,30.6553
64,16,4,512,44.7363
64,16,4,1024,61.1407
64,16,4,2048,94.3243
64,16,4,4096,157.588
64,16,4,8192,286.089
64,16,4,16384,544.232
64,16,8,16,21.8027
64,16,8,32,22.0373
64,16,8,64,22.421
64,16,8,128,31.776
64,16,8,256,43.7547
64,16,8,512,61.4613
64,16,8,1024,93.7917
64,16,8,2048,158.87
64,16,8,4096,287.411
64,16,8,8192,548.541
64,16,8,16384,1072.6
64,16,16,16,32.2453
64,16,16,32,32.4907
64,16,16,64,33.248
64,16,16,128,50.1973
64,16,16,256,69.7917
64,16,16,512,101.802
64,16,16,1024,166.441
64,16,16,2048,295.337
64,16,16,4096,553.778
64,16,16,8192,1079.52
64,16,16,16384,2129.06
64,16,32,16,54.133
64,16,32,32,54.8897
64,16,32,64,55.9467
64,16,32,128,86.0587
64,16,32,256,119.402
64,16,32,512,182.751
64,16,32,1024,313.161
64,16,32,2048,569.938
64,16,32,4096,1087.31
64,16,32,8192,2149.05
64,16,32,16384,4242.21
64,16,64,16,96.4693
64,16,64,32,97.7277
64,16,64,64,99.3067
64,16,64,128,159.765
64,16,64,256,228.095
64,16,64,512,366.505
64,16,64,1024,633.864
64,16,64,2048,1175.81
64,16,64,4096,2349.07
64,16,64,8192,4717.13
64,16,64,16384,9803.93
64,32,0,0,10.6027
64,32,1,16,10.624
64,32,1,32,10.6563
64,32,1,64,10.667
64,32,1,128,13.4507
64,32,1,256,17.3543
64,32,1,512,25.237
64,32,1,1024,41.429
64,32,1,2048,73.7167
64,32,1,4096,137.77
64,32,1,8192,268.553
64,32,1,16384,529.874
64,32,2,16,10.7307
64,32,2,32,10.7943
64,32,2,64,10.837
64,32,2,128,13.611
64,32,2,256,17.4503
64,32,2,512,25.653
64,32,2,1024,42.0587
64,32,2,2048,74.4427
64,32,2,4096,139.679
64,32,2,8192,270.367
64,32,2,16384,535.645
64,32,4,16,16.3303
64,32,4,32,16.3733
64,32,4,64,16.5223
64,32,4,128,22.3253
64,32,4,256,30.6773
64,32,4,512,44.885
64,32,4,1024,61.525
64,32,4,2048,94.186
64,32,4,4096,158.057
64,32,4,8192,286.495
64,32,4,16384,543.571
64,32,8,16,21.8557
64,32,8,32,22.1117
64,32,8,64,22.485
64,32,8,128,31.6583
64,32,8,256,44.1917
64,32,8,512,62.154
64,32,8,1024,94.6027
64,32,8,2048,158.73
64,32,8,4096,287.838
64,32,8,8192,549.522
64,32,8,16384,1078.95
64,32,16,16,32.6183
64,32,16,32,32.8
64,32,16,64,33.3763
64,32,16,128,50.24
64,32,16,256,69.973
64,32,16,512,102.399
64,32,16,1024,166.442
64,32,16,2048,294.942
64,32,16,4096,553.725
64,32,16,8192,1081.78
64,32,16,16384,2130.82
64,32,32,16,54.24
64,32,32,32,54.9973
64,32,32,64,56.2773
64,32,32,128,85.792
64,32,32,256,118.73
64,32,32,512,183.53
64,32,32,1024,313.502
64,32,32,2048,570.364
64,32,32,4096,1087.42
64,32,32,8192,2146.16
64,32,32,16384,4242.98
64,32,64,16,96.458
64,32,64,32,97.728
64,32,64,64,99.3483
64,32,64,128,159.754
64,32,64,256,227.615
64,32,64,512,366.696
64,32,64,1024,634.323
64,32,64,2048,1176.58
64,32,64,4096,2351.16
64,32,64,8192,4756.29
64,32,64,16384,10270.3
64,64,0,0,10.485
64,64,1,16,10.6777
64,64,1,32,10.6663
64,64,1,64,10.688
64,64,1,128,13.4827
64,64,1,256,17.6957
64,64,1,512,25.557
64,64,1,1024,41.6317
64,64,1,2048,73.7383
64,64,1,4096,137.876
64,64,1,8192,268.458
64,64,1,16384,530.994
64,64,2,16,10.6453
64,64,2,32,10.7307
64,64,2,64,10.7413
64,64,2,128,13.5893
64,64,2,256,17.6217
64,64,2,512,25.7917
64,64,2,1024,42.2187
64,64,2,2048,74.272
64,64,2,4096,139.647
64,64,2,8192,271.614
64,64,2,16384,535.57
64,64,4,16,16.427
64,64,4,32,16.5227
64,64,4,64,16.491
64,64,4,128,22.2827
64,64,4,256,30.6557
64,64,4,512,45.0453
64,64,4,1024,61.1733
64,64,4,2048,94.037
64,64,4,4096,157.748
64,64,4,8192,287.508
64,64,4,16384,544.307
64,64,8,16,21.9627
64,64,8,32,22.2293
64,64,8,64,22.5813
64,64,8,128,31.8603
64,64,8,256,44.0743
64,64,8,512,62.752
64,64,8,1024,93.834
64,64,8,2048,158.442
64,64,8,4096,286.644
64,64,8,8192,547.751
64,64,8,16384,1073.42
64,64,16,16,32.5117
64,64,16,32,32.7783
64,64,16,64,33.312
64,64,16,128,50.1223
64,64,16,256,69.717
64,64,16,512,102.378
64,64,16,1024,166.196
64,64,16,2048,295.657
64,64,16,4096,553.831
64,64,16,8192,1080.13
64,64,16,16384,2133.67
64,64,32,16,54.3147
64,64,32,32,55.1253
64,64,32,64,55.9037
64,64,32,128,85.3747
64,64,32,256,119.487
64,64,32,512,183.091
64,64,32,1024,312.467
64,64,32,2048,569.928
64,64,32,4096,1087.64
64,64,32,8192,2146.17
64,64,32,16384,4243.81
64,64,64,16,96.7037
64,64,64,32,97.8133
64,64,64,64,99.4557
64,64,64,128,159.903
64,64,64,256,228.415
64,64,64,512,366.377
64,64,64,1024,634.045
64,64,64,2048,1174.9
64,64,64,4096,2353
64,64,64,8192,4755.91
64,64,64,16384,9899.24
64,128,0,0,14.56
64,128,1,16,13.717
64,128,1,32,13.845
64,128,1,64,13.7603
64,128,1,128,14.4853
64,128,1,256,17.504
64,128,1,512,25.3333
64,128,1,1024,41.44
64,128,1,2048,73.6953
64,128,1,4096,137.727
64,128,1,8192,268.457
64,128,1,16384,530.769
64,128,2,16,13.739
64,128,2,32,13.7603
64,128,2,64,13.8133
64,128,2,128,14.4747
64,128,2,256,17.6
64,128,2,512,25.738
64,128,2,1024,42.0263
64,128,2,2048,74.3993
64,128,2,4096,139.572
64,128,2,8192,271.475
64,128,2,16384,534.611
64,128,4,16,20.491
64,128,4,32,20.5227
64,128,4,64,20.7577
64,128,4,128,24.1067
64,128,4,256,30.6133
64,128,4,512,46.9007
64,128,4,1024,73.504
64,128,4,2048,105.983
64,128,4,4096,170.282
64,128,4,8192,299.039
64,128,4,16384,556.274
64,128,8,16,25.9307
64,128,8,32,26.2187
64,128,8,64,26.6453
64,128,8,128,33.7273
64,128,8,256,44.181
64,128,8,512,68.2773
64,128,8,1024,102.613
64,128,8,2048,166.186
64,128,8,4096,297.375
64,128,8,8192,558.429
64,128,8,16384,1082.25
64,128,16,16,36.4267
64,128,16,32,36.7893
64,128,16,64,37.3867
64,128,16,128,52.235
64,128,16,256,70.5167
64,128,16,512,109.919
64,128,16,1024,174.335
64,128,16,2048,303.241
64,128,16,4096,561.843
64,128,16,8192,1085.35
64,128,16,16384,2135.78
64,128,32,16,58.346
64,128,32,32,59.0287
64,128,32,64,60.17
64,128,32,128,89.5253
64,128,32,256,122.464
64,128,32,512,187.263
64,128,32,1024,318.047
64,128,32,2048,576.392
64,128,32,4096,1091.73
64,128,32,8192,2152.35
64,128,32,16384,4243.39
64,128,64,16,100.351
64,128,64,32,102.016
64,128,64,64,103.435
64,128,64,128,163.071
64,128,64,256,232.052
64,128,64,512,371.23
64,128,64,1024,639.378
64,128,64,2048,1175.9
64,128,64,4096,2352.62
64,128,64,8192,4744.49
64,128,64,16384,11393.4
64,256,0,0,18.4963
64,256,1,16,17.7603
64,256,1,32,17.792
64,256,1,64,17.7923
64,256,1,128,17.824
64,256,1,256,18.1757
64,256,1,512,25.3547
64,256,1,1024,41.44
64,256,1,2048,73.6953
64,256,1,4096,137.823
64,256,1,8192,267.945
64,256,1,16384,530.312
64,256,2,16,17.7593
64,256,2,32,17.781
64,256,2,64,17.8563
64,256,2,128,17.8347
64,256,2,256,18.2827
64,256,2,512,25.899
64,256,2,1024,42.165
64,256,2,2048,74.4633
64,256,2,4096,139.274
64,256,2,8192,271.359
64,256,2,16384,535.495
64,256,4,16,24.661
64,256,4,32,24.6073
64,256,4,64,24.7677
64,256,4,128,28.2873
64,256,4,256,32.4053
64,256,4,512,46.7307
64,256,4,1024,78.7833
64,256,4,2048,118.101
64,256,4,4096,182.164
64,256,4,8192,310.655
64,256,4,16384,567.549
64,256,8,16,30.0583
64,256,8,32,30.1223
64,256,8,64,30.7627
64,256,8,128,37.6747
64,256,8,256,46.101
64,256,8,512,68.213
64,256,8,1024,110.591
64,256,8,2048,174.154
64,256,8,4096,303.155
64,256,8,8192,563.934
64,256,8,16384,1084.42
64,256,16,16,40.5217
64,256,16,32,40.853
64,256,16,64,41.4833
64,256,16,128,56.2127
64,256,16,256,72.8097
64,256,16,512,110.335
64,256,16,1024,182.229
64,256,16,2048,310.825
64,256,16,4096,570.386
64,256,16,8192,1089.99
64,256,16,16384,2145.94
64,256,32,16,62.613
64,256,32,32,63.413
64,256,32,64,64.7563
64,256,32,128,93.3963
64,256,32,256,126.655
64,256,32,512,190.858
64,256,32,1024,320.714
64,256,32,2048,579.666
64,256,32,4096,1096.17
64,256,32,8192,2155.58
64,256,32,16384,4245.08
64,256,64,16,104.874
64,256,64,32,106.24
64,256,64,64,108.757
64,256,64,128,167.21
64,256,64,256,235.22
64,256,64,512,375.401
64,256,64,1024,643.837
64,256,64,2048,1179.77
64,256,64,4096,2356.18
64,256,64,8192,4735.86
64,256,64,16384,9777
64,512,0,0,26.3783
64,512,1,16,25.7277
64,512,1,32,25.728
64,512,1,64,25.952
64,512,1,128,26.0477
64,512,1,256,25.8347
64,512,1,512,26.1437
64,512,1,1024,41.6637
64,512,1,2048,73.728
64,512,1,4096,137.951
64,512,1,8192,268.051
64,512,1,16384,530.269
64,512,2,16,25.7067
64,512,2,32,25.7173
64,512,2,64,25.7493
64,512,2,128,25.7917
64,512,2,256,25.909
64,512,2,512,26.3897
64,512,2,1024,42.1543
64,512,2,2048,74.485
64,512,2,4096,138.943
64,512,2,8192,270.825
64,512,2,16384,535.218
64,512,4,16,32.4043
64,512,4,32,32.6177
64,512,4,64,32.7467
64,512,4,128,36.2553
64,512,4,256,40.5437
64,512,4,512,48.4907
64,512,4,1024,78.9433
64,512,4,2048,141.984
64,512,4,4096,206.197
64,512,4,8192,334.005
64,512,4,16384,590.165
64,512,8,16,37.9103
64,512,8,32,38.305
64,512,8,64,38.8177
64,512,8,128,45.719
64,512,8,256,54.0287
64,512,8,512,70.7643
64,512,8,1024,115.982
64,512,8,2048,190.769
64,512,8,4096,320.457
64,512,8,8192,584.933
64,512,8,16384,1106.27
64,512,16,16,48.6203
64,512,16,32,48.94
64,512,16,64,49.4303
64,512,16,128,64.546
64,512,16,256,80.6423
64,512,16,512,112.398
64,512,16,1024,189.552
64,512,16,2048,326.783
64,512,16,4096,584.849
64,512,16,8192,1104.86
64,512,16,16384,2150.42
64,512,32,16,70.743
64,512,32,32,71.2977
64,512,32,64,72.962
64,512,32,128,101.795
64,512,32,256,133.87
64,512,32,512,197.446
64,512,32,1024,328.287
64,512,32,2048,587.558
64,512,32,4096,1106.38
64,512,32,8192,2165.9
64,512,32,16384,4257.68
64,512,64,16,113.603
64,512,64,32,114.82
64,512,64,64,117.444
64,512,64,128,176.325
64,512,64,256,243.432
64,512,64,512,382.721
64,512,64,1024,651.827
64,512,64,2048,1189.18
64,512,64,4096,2349.39
64,512,64,8192,4697.59
64,512,64,16384,9904.86
64,1024,0,0,42.3583
64,1024,1,16,41.8787
64,1024,1,32,41.889
64,1024,1,64,41.9533
64,1024,1,128,41.996
64,1024,1,256,42.0067
64,1024,1,512,42.0597
64,1024,1,1024,42.252
64,1024,1,2048,73.8687
64,1024,1,4096,137.934
64,1024,1,8192,269.48
64,1024,1,16384,531.257
64,1024,2,16,41.825
64,1024,2,32,41.8367
64,1024,2,64,41.782
64,1024,2,128,42.113
64,1024,2,256,41.9853
64,1024,2,512,42.348
64,1024,2,1024,42.9023
64,1024,2,2048,74.7763
64,1024,2,4096,140.399
64,1024,2,8192,273.064
64,1024,2,16384,536.559
64,1024,4,16,48.9087
64,1024,4,32,48.716
64,1024,4,64,48.769
64,1024,4,128,52.4607
64,1024,4,256,56.5243
64,1024,4,512,64.5667
64,1024,4,1024,80.7703
64,1024,4,2048,144.196
64,1024,4,4096,253.287
64,1024,4,8192,381.589
64,1024,4,16384,638.354
64,1024,8,16,53.8893
64,1024,8,32,54.2527
64,1024,8,64,54.7963
64,1024,8,128,62.071
64,1024,8,256,70.1777
64,1024,8,512,86.061
64,1024,8,1024,118.659
64,1024,8,2048,212.028
64,1024,8,4096,350.591
64,1024,8,8192,611.259
64,1024,8,16384,1131.46
64,1024,16,16,64.684
64,1024,16,32,65.378
64,1024,16,64,66.0603
64,1024,16,128,80.7593
64,1024,16,256,96.984
64,1024,16,512,128.441
64,1024,16,1024,192.197
64,1024,16,2048,349.695
64,1024,16,4096,617.211
64,1024,16,8192,1135.96
64,1024,16,16384,2175.46
64,1024,32,16,91.2877
64,1024,32,32,92.077
64,1024,32,64,92.3543
64,1024,32,128,118.83
64,1024,32,256,150.234
64,1024,32,512,213.488
64,1024,32,1024,341.481
64,1024,32,2048,604.486
64,1024,32,4096,1123.41
64,1024,32,8192,2181.9
64,1024,32,16384,4275.25
64,1024,64,16,133.881
64,1024,64,32,134.628
64,1024,64,64,137.038
64,1024,64,128,193.839
64,1024,64,256,260.508
64,1024,64,512,398.806
64,1024,64,1024,668.786
64,1024,64,2048,1208.65
64,1024,64,4096,2367.8
64,1024,64,8192,4733.43
64,1024,64,16384,10927.2
64,2048,0,0,74.2417
64,2048,1,16,74.242
64,2048,1,32,74.7327
64,2048,1,64,74.3057
64,2048,1,128,74.103
64,2048,1,256,74.1563
64,2048,1,512,74.0713
64,2048,1,1024,74.306
64,2048,1,2048,74.5513
64,2048,1,4096,138.287
64,2048,1,8192,269.405
64,2048,1,16384,532.835
64,2048,2,16,73.9327
64,2048,2,32,74.1353
64,2048,2,64,74.2207
64,2048,2,128,74.1677
64,2048,2,256,74.338
64,2048,2,512,74.349
64,2048,2,1024,74.722
64,2048,2,2048,75.2557
64,2048,2,4096,139.812
64,2048,2,8192,271.911
64,2048,2,16384,535.983
64,2048,4,16,80.663
64,2048,4,32,80.6313
64,2048,4,64,80.738
64,2048,4,128,84.4183
64,2048,4,256,88.7383
64,2048,4,512,96.632
64,2048,4,1024,112.984
64,2048,4,2048,146.223
64,2048,4,4096,274.29
64,2048,4,8192,478.37
64,2048,4,16384,735.166
64,2048,8,16,85.9327
64,2048,8,32,86.338
64,2048,8,64,86.733
64,2048,8,128,93.6123
64,2048,8,256,102.029
64,2048,8,512,118.488
64,2048,8,1024,150.202
64,2048,8,2048,214.502
64,2048,8,4096,405.099
64,2048,8,8192,676.424
64,2048,8,16384,1197.77
64,2048,16,16,97.5173
64,2048,16,32,97.4643
64,2048,16,64,97.634
64,2048,16,128,112.408
64,2048,16,256,128.899
64,2048,16,512,160.9
64,2048,16,1024,224.037
64,2048,16,2048,351.998
64,2048,16,4096,671.506
64,2048,16,8192,1200.09
64,2048,16,16384,2238.91
64,2048,32,16,123.353
64,2048,32,32,124.024
64,2048,32,64,125.123
64,2048,32,128,158.489
64,2048,32,256,184.24
64,2048,32,512,246.62
64,2048,32,1024,373.94
64,2048,32,2048,629.831
64,2048,32,4096,1157.71
64,2048,32,8192,2216.82
64,2048,32,16384,4311.25
64,2048,64,16,170.81
64,2048,64,32,171.29
64,2048,64,64,174.041
64,2048,64,128,233.436
64,2048,64,256,302.632
64,2048,64,512,432.449
64,2048,64,1024,701.619
64,2048,64,2048,1292.45
64,2048,64,4096,2432.8
64,2048,64,8192,4773.43
64,2048,64,16384,11096.5
64,4096,0,0,139.449
64,4096,1,16,138.254
64,4096,1,32,138.308
64,4096,1,64,138.286
64,4096,1,128,138.307
64,4096,1,256,138.083
64,4096,1,512,138.414
64,4096,1,1024,138.671
64,4096,1,2048,139.257
64,4096,1,4096,139.768
64,4096,1,8192,269.916
64,4096,1,16384,532.547
64,4096,2,16,138.19
64,4096,2,32,138.095
64,4096,2,64,138.137
64,4096,2,128,138.275
64,4096,2,256,138.286
64,4096,2,512,138.617
64,4096,2,1024,139.214
64,4096,2,2048,140.665
64,4096,2,4096,140.75
64,4096,2,8192,271.229
64,4096,2,16384,535.428
64,4096,4,16,144.644
64,4096,4,32,145.796
64,4096,4,64,145.262
64,4096,4,128,148.25
64,4096,4,256,152.751
64,4096,4,512,160.772
64,4096,4,1024,177.584
64,4096,4,2048,210.576
64,4096,4,4096,276.753
64,4096,4,8192,534.926
64,4096,4,16384,934.509
64,4096,8,16,149.817
64,4096,8,32,149.999
64,4096,8,64,150.532
64,4096,8,128,157.711
64,4096,8,256,165.797
64,4096,8,512,181.807
64,4096,8,1024,214.139
64,4096,8,2048,278.311
64,4096,8,4096,410.623
64,4096,8,8192,791.509
64,4096,8,16384,1338.49
64,4096,16,16,160.676
64,4096,16,32,161.028
64,4096,16,64,161.711
64,4096,16,128,176.314
64,4096,16,256,192.879
64,4096,16,512,225.094
64,4096,16,1024,288.37
64,4096,16,2048,416.469
64,4096,16,4096,681.031
64,4096,16,8192,1317.49
64,4096,16,16384,2414.31
64,4096,32,16,187.578
64,4096,32,32,187.952
64,4096,32,64,188.879
64,4096,32,128,222.416
64,4096,32,256,258.279
64,4096,32,512,331.465
64,4096,32,1024,439.179
64,4096,32,2048,694.472
64,4096,32,4096,1230.28
64,4096,32,8192,2333.8
64,4096,32,16384,4484.6
64,4096,64,16,234.459
64,4096,64,32,235.985
64,4096,64,64,238.235
64,4096,64,128,305.117
64,4096,64,256,371.616
64,4096,64,512,513.219
64,4096,64,1024,768.158
64,4096,64,2048,1438.03
64,4096,64,4096,2707.63
64,4096,64,8192,6337.97
64,4096,64,16384,14319.2
64,8192,0,0,271.366
64,8192,1,16,269.159
64,8192,1,32,269.17
64,8192,1,64,269.105
64,8192,1,128,268.988
64,8192,1,256,269.095
64,8192,1,512,269.084
64,8192,1,1024,269.457
64,8192,1,2048,270.194
64,8192,1,4096,271.143
64,8192,1,8192,270.396
64,8192,1,16384,532.567
64,8192,2,16,268.315
64,8192,2,32,268.274
64,8192,2,64,268.434
64,8192,2,128,268.391
64,8192,2,256,268.487
64,8192,2,512,269.575
64,8192,2,1024,269.127
64,8192,2,2048,270.354
64,8192,2,4096,272.209
64,8192,2,8192,273.063
64,8192,2,16384,535.917
64,8192,4,16,274.257
64,8192,4,32,273.745
64,8192,4,64,273.468
64,8192,4,128,277.127
64,8192,4,256,281.48
64,8192,4,512,290.131
64,8192,4,1024,306.077
64,8192,4,2048,339.656
64,8192,4,4096,405.29
64,8192,4,8192,542.2
64,8192,4,16384,1058.8
64,8192,8,16,277.778
64,8192,8,32,278.172
64,8192,8,64,278.62
64,8192,8,128,286.173
64,8192,8,256,294.353
64,8192,8,512,310.322
64,8192,8,1024,342.11
64,8192,8,2048,407.242
64,8192,8,4096,540.003
64,8192,8,8192,807.818
64,8192,8,16384,1577.7
64,8192,16,16,288.776
64,8192,16,32,289.458
64,8192,16,64,289.074
64,8192,16,128,304.508
64,8192,16,256,320.861
64,8192,16,512,353.043
64,8192,16,1024,417.429
64,8192,16,2048,546.318
64,8192,16,4096,810.623
64,8192,16,8192,1341.36
64,8192,16,16384,2621.59
64,8192,32,16,314.739
64,8192,32,32,316.115
64,8192,32,64,316.84
64,8192,32,128,349.907
64,8192,32,256,386.687
64,8192,32,512,458.401
64,8192,32,1024,601.946
64,8192,32,2048,825.567
64,8192,32,4096,1405.94
64,8192,32,8192,2426.24
64,8192,32,16384,4631.14
64,8192,64,16,362.782
64,8192,64,32,364.052
64,8192,64,64,366.42
64,8192,64,128,433.878
64,8192,64,256,511.053
64,8192,64,512,659.504
64,8192,64,1024,930.061
64,8192,64,2048,1645.44
64,8192,64,4096,3092.84
64,8192,64,8192,5450.93
64,8192,64,16384,14909.1
64,16384,0,0,532.354
64,16384,1,16,533.89
64,16384,1,32,533.484
64,16384,1,64,533.25
64,16384,1,128,533.847
64,16384,1,256,533.805
64,16384,1,512,533.645
64,16384,1,1024,533.752
64,16384,1,2048,534.168
64,16384,1,4096,535.01
64,16384,1,8192,534.776
64,16384,1,16384,534.339
64,16384,2,16,529.987
64,16384,2,32,530.615
64,16384,2,64,530.69
64,16384,2,128,530.264
64,16384,2,256,530.518
64,16384,2,512,530.85
64,16384,2,1024,533.667
64,16384,2,2048,532.706
64,16384,2,4096,533.517
64,16384,2,8192,534.338
64,16384,2,16384,535.906
64,16384,4,16,533.431
64,16384,4,32,533.635
64,16384,4,64,533.9
64,16384,4,128,534.605
64,16384,4,256,538.605
64,16384,4,512,546.307
64,16384,4,1024,561.72
64,16384,4,2048,595.832
64,16384,4,4096,663.173
64,16384,4,8192,799.7
64,16384,4,16384,1072.35
64,16384,8,16,534.233
64,16384,8,32,533.815
64,16384,8,64,535.16
64,16384,8,128,542.295
64,16384,8,256,551.629
64,16384,8,512,567.309
64,16384,8,1024,597.967
64,16384,8,2048,662.821
64,16384,8,4096,795.166
64,16384,8,8192,1062.87
64,16384,8,16384,1592.85
64,16384,16,16,545.88
64,16384,16,32,545.88
64,16384,16,64,546.595
64,16384,16,128,560.782
64,16384,16,256,577.358
64,16384,16,512,608.58
64,16384,16,1024,673.115
64,16384,16,2048,802.217
64,16384,16,4096,1067.42
64,16384,16,8192,1598.32
64,16384,16,16384,2654.87
64,16384,32,16,570.083
64,16384,32,32,570.958
64,16384,32,64,571.982
64,16384,32,128,609.231
64,16384,32,256,643.142
64,16384,32,512,714.064
64,16384,32,1024,857.14
64,16384,32,2048,1146.14
64,16384,32,4096,1715.48
64,16384,32,8192,2782.5
64,16384,32,16384,4801.08
64,16384,64,16,617.2
64,16384,64,32,618.841
64,16384,64,64,620.879
64,16384,64,128,689.201
64,16384,64,256,766.12
64,16384,64,512,919.446
64,16384,64,1024,1220.42
64,16384,64,2048,1914.24
64,16384,64,4096,3556.83
64,16384,64,8192,6371.03
64,16384,64,16384,12885.8
128,0,0,0,10.635
128,0,1,16,10.7627
128,0,1,32,10.72
128,0,1,64,10.9017
128,0,1,128,13.728
128,0,1,256,17.675
128,0,1,512,25.6537
128,0,1,1024,42.124
128,0,1,2048,74.0603
128,0,1,4096,138.627
128,0,1,8192,272.315
128,0,1,16384,540.002
128,0,2,16,11.2217
128,0,2,32,11.2643
128,0,2,64,11.4133
128,0,2,128,14.464
128,0,2,256,18.603
128,0,2,512,26.646
128,0,2,1024,42.699
128,0,2,2048,74.8713
128,0,2,4096,139.683
128,0,2,8192,271.59
128,0,2,16384,535.511
128,0,4,16,16.5873
128,0,4,32,16.7153
128,0,4,64,16.768
128,0,4,128,22.6457
128,0,4,256,30.944
128,0,4,512,47.0197
128,0,4,1024,67.7677
128,0,4,2048,100.025
128,0,4,4096,164.312
128,0,4,8192,293.127
128,0,4,16384,550.636
128,0,8,16,22.6773
128,0,8,32,22.923
128,0,8,64,23.03
128,0,8,128,32.438
128,0,8,256,44.6087
128,0,8,512,67.7887
128,0,8,1024,99.9807
128,0,8,2048,164.388
128,0,8,4096,293.447
128,0,8,8192,553.847
128,0,8,16384,1074.47
128,0,16,16,33.558
128,0,16,32,33.846
128,0,16,64,34.1877
128,0,16,128,51.4893
128,0,16,256,71.639
128,0,16,512,106.114
128,0,16,1024,170.713
128,0,16,2048,299.601
128,0,16,4096,558.338
128,0,16,8192,1084.38
128,0,16,16384,2133.05
128,0,32,16,57.1427
128,0,32,32,57.7723
128,0,32,64,58.6573
128,0,32,128,89.975
128,0,32,256,125.742
128,0,32,512,191.45
128,0,32,1024,320.274
128,0,32,2048,577.326
128,0,32,4096,1093.23
128,0,32,8192,2151.04
128,0,32,16384,4245.59
128,0,64,16,102.445
128,0,64,32,103.416
128,0,64,64,105.166
128,0,64,128,167.737
128,0,64,256,236.454
128,0,64,512,374.921
128,0,64,1024,643.737
128,0,64,2048,1183.61
128,0,64,4096,2356.18
128,0,64,8192,4666.86
128,0,64,16384,9530.57
128,16,0,0,13.8247
128,16,1,16,14.1547
128,16,1,32,14.144
128,16,1,64,14.219
128,16,1,128,14.1767
128,16,1,256,17.494
128,16,1,512,25.6007
128,16,1,1024,41.8783
128,16,1,2048,73.9643
128,16,1,4096,138.51
128,16,1,8192,272.06
128,16,1,16384,540.375
128,16,2,16,14.9867
128,16,2,32,14.9337
128,16,2,64,14.9337
128,16,2,128,15.0727
128,16,2,256,18.4327
128,16,2,512,26.4107
128,16,2,1024,42.4857
128,16,2,2048,74.786
128,16,2,4096,139.48
128,16,2,8192,272.401
128,16,2,16384,535.862
128,16,4,16,20.619
128,16,4,32,20.5123
128,16,4,64,20.6617
128,16,4,128,23.4353
128,16,4,256,30.9873
128,16,4,512,46.956
128,16,4,1024,75.6397
128,16,4,2048,107.993
128,16,4,4096,171.567
128,16,4,8192,300.689
128,16,4,16384,556.397
128,16,8,16,26.4217
128,16,8,32,26.6033
128,16,8,64,26.8487
128,16,8,128,33.0357
128,16,8,256,44.705
128,16,8,512,68.514
128,16,8,1024,107.607
128,16,8,2048,171.673
128,16,8,4096,300.028
128,16,8,8192,558.541
128,16,8,16384,1080.27
128,16,16,16,37.3883
128,16,16,32,37.7497
128,16,16,64,38.2627
128,16,16,128,52.3963
128,16,16,256,71.82
128,16,16,512,111.34
128,16,16,1024,176.548
128,16,16,2048,307.164
128,16,16,4096,564.93
128,16,16,8192,1089.2
128,16,16,16384,2138.03
128,16,32,16,60.993
128,16,32,32,61.9963
128,16,32,64,63.489
128,16,32,128,90.7323
128,16,32,256,125.976
128,16,32,512,196.494
128,16,32,1024,325.192
128,16,32,2048,582.115
128,16,32,4096,1098.54
128,16,32,8192,2153.44
128,16,32,16384,4242.93
128,16,64,16,106.797
128,16,64,32,107.81
128,16,64,64,109.709
128,16,64,128,168.004
128,16,64,256,237.328
128,16,64,512,378.003
128,16,64,1024,647.94
128,16,64,2048,1183.42
128,16,64,4096,2360.54
128,16,64,8192,4657.29
128,16,64,16384,9577.07
128,32,0,0,13.9627
128,32,1,16,14.2087
128,32,1,32,14.2293
128,32,1,64,14.2617
128,32,1,128,14.2083
128,32,1,256,17.515
128,32,1,512,25.686
128,32,1,1024,42.0167
128,32,1,2048,74.0393
128,32,1,4096,138.414
128,32,1,8192,272.316
128,32,1,16384,539.734
128,32,2,16,15.0083
128,32,2,32,15.0623
128,32,2,64,15.0723
128,32,2,128,15.158
128,32,2,256,18.39
128,32,2,512,26.528
128,32,2,1024,42.721
128,32,2,2048,74.743
128,32,2,4096,139.779
128,32,2,8192,271.75
128,32,2,16384,535.702
128,32,4,16,20.5553
128,32,4,32,20.6727
128,32,4,64,20.7583
128,32,4,128,23.4453
128,32,4,256,31.0407
128,32,4,512,46.9137
128,32,4,1024,75.6603
128,32,4,2048,107.65
128,32,4,4096,172.558
128,32,4,8192,300.721
128,32,4,16384,557.634
128,32,8,16,26.3903
128,32,8,32,26.55
128,32,8,64,27.115
128,32,8,128,33.2917
128,32,8,256,44.481
128,32,8,512,68.2687
128,32,8,1024,107.949
128,32,8,2048,171.737
128,32,8,4096,301.181
128,32,8,8192,559.49
128,32,8,16384,1077.85
128,32,16,16,37.6223
128,32,16,32,37.7293
128,32,16,64,38.316
128,32,16,128,52.545
128,32,16,256,71.9057
128,32,16,512,111.043
128,32,16,1024,176.644
128,32,16,2048,306.066
128,32,16,4096,564.312
128,32,16,8192,1088.21
128,32,16,16384,2135.24
128,32,32,16,61.1
128,32,32,32,61.6973
128,32,32,64,62.5933
128,32,32,128,90.8607
128,32,32,256,125.891
128,32,32,512,196.624
128,32,32,1024,325.543
128,32,32,2048,582.434
128,32,32,4096,1098.01
128,32,32,8192,2155.74
128,32,32,16384,4252.03
128,32,64,16,107.021
128,32,64,32,108.718
128,32,64,64,109.677
128,32,64,128,167.908
128,32,64,256,237.264
128,32,64,512,378.291
128,32,64,1024,647.929
128,32,64,2048,1184.35
128,32,64,4096,2357.09
128,32,64,8192,4655.2
128,32,64,16384,9696.28
128,64,0,0,13.9843
128,64,1,16,14.2933
128,64,1,32,14.2937
128,64,1,64,14.3787
128,64,1,128,14.251
128,64,1,256,17.5793
128,64,1,512,25.6333
128,64,1,1024,41.8677
128,64,1,2048,74.1033
128,64,1,4096,138.403
128,64,1,8192,272.859
128,64,1,16384,540.684
128,64,2,16,15.1147
128,64,2,32,15.115
128,64,2,64,15.2
128,64,2,128,15.2323
128,64,2,256,18.379
128,64,2,512,26.9973
128,64,2,1024,42.9237
128,64,2,2048,75.0313
128,64,2,4096,139.747
128,64,2,8192,271.814
128,64,2,16384,535.691
128,64,4,16,20.651
128,64,4,32,20.6717
128,64,4,64,20.918
128,64,4,128,23.5737
128,64,4,256,30.9443
128,64,4,512,46.9347
128,64,4,1024,75.8847
128,64,4,2048,107.906
128,64,4,4096,171.961
128,64,4,8192,300.369
128,64,4,16384,558.199
128,64,8,16,26.5713
128,64,8,32,26.71
128,64,8,64,26.9443
128,64,8,128,33.451
128,64,8,256,44.705
128,64,8,512,68.6413
128,64,8,1024,107.746
128,64,8,2048,171.887
128,64,8,4096,301.243
128,64,8,8192,559.265
128,64,8,16384,1078.92
128,64,16,16,37.6007
128,64,16,32,37.739
128,64,16,64,38.3047
128,64,16,128,52.545
128,64,16,256,71.863
128,64,16,512,111.149
128,64,16,1024,177.615
128,64,16,2048,306.278
128,64,16,4096,565.473
128,64,16,8192,1088.63
128,64,16,16384,2138.05
128,64,32,16,61.5477
128,64,32,32,62.028
128,64,32,64,62.8057
128,64,32,128,91.0633
128,64,32,256,125.997
128,64,32,512,196.559
128,64,32,1024,325.96
128,64,32,2048,582.497
128,64,32,4096,1098.62
128,64,32,8192,2154.54
128,64,32,16384,4249.1
128,64,64,16,107.095
128,64,64,32,108.099
128,64,64,64,109.837
128,64,64,128,168.195
128,64,64,256,237.115
128,64,64,512,379.005
128,64,64,1024,648.579
128,64,64,2048,1183.59
128,64,64,4096,2361.72
128,64,64,8192,4675.89
128,64,64,16384,9743.91
128,128,0,0,14.7733
128,128,1,16,14.4217
128,128,1,32,14.485
128,128,1,64,14.518
128,128,1,128,14.6247
128,128,1,256,17.7067
128,128,1,512,25.686
128,128,1,1024,41.9953
128,128,1,2048,73.9537
128,128,1,4096,138.776
128,128,1,8192,271.835
128,128,1,16384,539.489
128,128,2,16,15.4033
128,128,2,32,15.424
128,128,2,64,15.5523
128,128,2,128,15.4677
128,128,2,256,18.763
128,128,2,512,26.6993
128,128,2,1024,42.9547
128,128,2,2048,74.988
128,128,2,4096,140.014
128,128,2,8192,271.781
128,128,2,16384,536.075
128,128,4,16,21.088
128,128,4,32,21.184
128,128,4,64,21.4403
128,128,4,128,24.555
128,128,4,256,31.105
128,128,4,512,47.2967
128,128,4,1024,79.2657
128,128,4,2048,116.611
128,128,4,4096,182.105
128,128,4,8192,309.766
128,128,4,16384,568.279
128,128,8,16,27.19
128,128,8,32,27.3493
128,128,8,64,27.702
128,128,8,128,34.571
128,128,8,256,45.089
128,128,8,512,69.335
128,128,8,1024,112.386
128,128,8,2048,176.516
128,128,8,4096,304.774
128,128,8,8192,563.446
128,128,8,16384,1086.05
128,128,16,16,38.571
128,128,16,32,38.9343
128,128,16,64,39.3927
128,128,16,128,54.038
128,128,16,256,71.9907
128,128,16,512,111.757
128,128,16,1024,178.606
128,128,16,2048,307.665
128,128,16,4096,567.169
128,128,16,8192,1092.75
128,128,16,16384,2138.75
128,128,32,16,62.9027
128,128,32,32,63.4677
128,128,32,64,64.1297
128,128,32,128,92.7593
128,128,32,256,126.402
128,128,32,512,197.839
128,128,32,1024,327.623
128,128,32,2048,585.452
128,128,32,4096,1102.87
128,128,32,8192,2159.55
128,128,32,16384,4247.7
128,128,64,16,108.461
128,128,64,32,109.293
128,128,64,64,111.063
128,128,64,128,169.625
128,128,64,256,238.917
128,128,64,512,379.72
128,128,64,1024,650.242
128,128,64,2048,1192.01
128,128,64,4096,2366.68
128,128,64,8192,4682.18
128,128,64,16384,9616.29
128,256,0,0,18.6357
128,256,1,16,18.4963
128,256,1,32,18.613
128,256,1,64,18.721
128,256,1,128,18.4853
128,256,1,256,18.56
128,256,1,512,25.985
128,256,1,1024,42.0277
128,256,1,2048,73.8363
128,256,1,4096,138.371
128,256,1,8192,271.717
128,256,1,16384,539.915
128,256,2,16,19.6053
128,256,2,32,19.691
128,256,2,64,19.7337
128,256,2,128,19.6697
128,256,2,256,19.6693
128,256,2,512,26.8697
128,256,2,1024,43.051
128,256,2,2048,75.223
128,256,2,4096,140.11
128,256,2,8192,271.952
128,256,2,16384,536.042
128,256,4,16,25.377
128,256,4,32,25.227
128,256,4,64,25.5267
128,256,4,128,28.94
128,256,4,256,33.0347
128,256,4,512,47.2973
128,256,4,1024,79.19
128,256,4,2048,131.906
128,256,4,4096,196.388
128,256,4,8192,324.156
128,256,4,16384,582.144
128,256,8,16,32.267
128,256,8,32,32.2677
128,256,8,64,32.5877
128,256,8,128,39.1803
128,256,8,256,47.244
128,256,8,512,69.1957
128,256,8,1024,116.408
128,256,8,2048,189.368
128,256,8,4096,318.118
128,256,8,8192,575.415
128,256,8,16384,1092.39
128,256,16,16,44.7473
128,256,16,32,44.6517
128,256,16,64,45.2913
128,256,16,128,59.4037
128,256,16,256,74.6577
128,256,16,512,111.842
128,256,16,1024,186.574
128,256,16,2048,315.431
128,256,16,4096,574.795
128,256,16,8192,1100.09
128,256,16,16384,2143.16
128,256,32,16,68.9503
128,256,32,32,69.3237
128,256,32,64,70.017
128,256,32,128,97.89
128,256,32,256,128.994
128,256,32,512,197.775
128,256,32,1024,336.519
128,256,32,2048,593.121
128,256,32,4096,1109.37
128,256,32,8192,2163.11
128,256,32,16384,4251.92
128,256,64,16,114.253
128,256,64,32,115.352
128,256,64,64,117.048
128,256,64,128,175.534
128,256,64,256,242.085
128,256,64,512,385.501
128,256,64,1024,655.992
128,256,64,2048,1192.96
128,256,64,4096,2363.64
128,256,64,8192,4658.34
128,256,64,16384,9764.52
128,512,0,0,26.582
128,512,1,16,26.7523
128,512,1,32,26.806
128,512,1,64,26.923
128,512,1,128,26.8807
128,512,1,256,26.8483
128,512,1,512,26.838
128,512,1,1024,42.1233
128,512,1,2048,74.5183
128,512,1,4096,138.275
128,512,1,8192,271.878
128,512,1,16384,538.805
128,512,2,16,27.5313
128,512,2,32,27.6167
128,512,2,64,27.7337
128,512,2,128,27.521
128,512,2,256,27.648
128,512,2,512,27.8303
128,512,2,1024,43.2543
128,512,2,2048,75.5103
128,512,2,4096,139.64
128,512,2,8192,271.034
128,512,2,16384,537.429
128,512,4,16,33.078
128,512,4,32,33.4413
128,512,4,64,33.761
128,512,4,128,37.1737
128,512,4,256,41.6643
128,512,4,512,49.2487
128,512,4,1024,79.4787
128,512,4,2048,143.779
128,512,4,4096,227.289
128,512,4,8192,355.73
128,512,4,16384,613.132
128,512,8,16,43.5317
128,512,8,32,43.809
128,512,8,64,44.215
128,512,8,128,48.31
128,512,8,256,55.425
128,512,8,512,71.2333
128,512,8,1024,117.271
128,512,8,2048,211.556
128,512,8,4096,341.351
128,512,8,8192,598.977
128,512,8,16384,1115.51
128,512,16,16,55.105
128,512,16,32,55.372
128,512,16,64,55.8407
128,512,16,128,68.855
128,512,16,256,83.436
128,512,16,512,114.605
128,512,16,1024,191.684
128,512,16,2048,331.526
128,512,16,4096,590.528
128,512,16,8192,1117.92
128,512,16,16384,2159.52
128,512,32,16,79.0943
128,512,32,32,79.884
128,512,32,64,80.855
128,512,32,128,109.239
128,512,32,256,138.915
128,512,32,512,200.921
128,512,32,1024,344.774
128,512,32,2048,608.961
128,512,32,4096,1125.73
128,512,32,8192,2172.56
128,512,32,16384,4267.63
128,512,64,16,125.485
128,512,64,32,126.243
128,512,64,64,127.864
128,512,64,128,187.812
128,512,64,256,251.6
128,512,64,512,391.239
128,512,64,1024,664.311
128,512,64,2048,1201.19
128,512,64,4096,2369.56
128,512,64,8192,4663.48
128,512,64,16384,9450
128,1024,0,0,42.806
128,1024,1,16,43.222
128,1024,1,32,42.966
128,1024,1,64,43.35
128,1024,1,128,43.1053
128,1024,1,256,43.5107
128,1024,1,512,43.6063
128,1024,1,1024,43.382
128,1024,1,2048,74.3693
128,1024,1,4096,139.725
128,1024,1,8192,274.096
128,1024,1,16384,540.064
128,1024,2,16,43.649
128,1024,2,32,43.5743
128,1024,2,64,43.649
128,1024,2,128,43.6383
128,1024,2,256,43.873
128,1024,2,512,44.001
128,1024,2,1024,44.3307
128,1024,2,2048,76.0013
128,1024,2,4096,141.303
128,1024,2,8192,272.25
128,1024,2,16384,536.149
128,1024,4,16,49.4623
128,1024,4,32,49.4517
128,1024,4,64,49.654
128,1024,4,128,53.2807
128,1024,4,256,57.484
128,1024,4,512,65.8037
128,1024,4,1024,81.3243
128,1024,4,2048,144.759
128,1024,4,4096,273.722
128,1024,4,8192,418.311
128,1024,4,16384,675.895
128,1024,8,16,59.6067
128,1024,8,32,59.713
128,1024,8,64,60.204
128,1024,8,128,71.4467
128,1024,8,256,79.885
128,1024,8,512,87.8097
128,1024,8,1024,119.149
128,1024,8,2048,213.796
128,1024,8,4096,389.458
128,1024,8,8192,650.711
128,1024,8,16384,1165.38
128,1024,16,16,73.0673
128,1024,16,32,73.0783
128,1024,16,64,73.4733
128,1024,16,128,91.5647
128,1024,16,256,109.261
128,1024,16,512,131.362
128,1024,16,1024,194.446
128,1024,16,2048,352.272
128,1024,16,4096,621.729
128,1024,16,8192,1150.57
128,1024,16,16384,2195.29
128,1024,32,16,100.108
128,1024,32,32,100.321
128,1024,32,64,101.741
128,1024,32,128,130.691
128,1024,32,256,164.75
128,1024,32,512,218.852
128,1024,32,1024,345.671
128,1024,32,2048,630.699
128,1024,32,4096,1157.52
128,1024,32,8192,2201.81
128,1024,32,16384,4282.55
128,1024,64,16,147.683
128,1024,64,32,149.048
128,1024,64,64,150.072
128,1024,64,128,209.039
128,1024,64,256,277.648
128,1024,64,512,407.293
128,1024,64,1024,680.546
128,1024,64,2048,1233.15
128,1024,64,4096,2395.68
128,1024,64,8192,4671.75
128,1024,64,16384,9447.71
128,2048,0,0,75.1263
128,2048,1,16,75.3827
128,2048,1,32,75.4467
128,2048,1,64,75.6073
128,2048,1,128,75.585
128,2048,1,256,75.5423
128,2048,1,512,75.5213
128,2048,1,1024,75.596
128,2048,1,2048,75.8733
128,2048,1,4096,140.685
128,2048,1,8192,274.245
128,2048,1,16384,542.452
128,2048,2,16,76.3117
128,2048,2,32,75.9167
128,2048,2,64,76.172
128,2048,2,128,75.7027
128,2048,2,256,75.5957
128,2048,2,512,76.695
128,2048,2,1024,76.7913
128,2048,2,2048,77.3133
128,2048,2,4096,140.578
128,2048,2,8192,272.741
128,2048,2,16384,537.129
128,2048,4,16,81.8043
128,2048,4,32,82.1667
128,2048,4,64,82.369
128,2048,4,128,85.7073
128,2048,4,256,89.847
128,2048,4,512,98.071
128,2048,4,1024,114.21
128,2048,4,2048,146.403
128,2048,4,4096,274.394
128,2048,4,8192,534.58
128,2048,4,16384,814.212
128,2048,8,16,91.66
128,2048,8,32,92.2467
128,2048,8,64,92.3327
128,2048,8,128,103.308
128,2048,8,256,115.863
128,2048,8,512,139.725
128,2048,8,1024,151.737
128,2048,8,2048,215.897
128,2048,8,4096,407.965
128,2048,8,8192,743.319
128,2048,8,16384,1255.68
128,2048,16,16,104.588
128,2048,16,32,104.993
128,2048,16,64,105.868
128,2048,16,128,125.197
128,2048,16,256,145.111
128,2048,16,512,183.256
128,2048,16,1024,227.769
128,2048,16,2048,355.484
128,2048,16,4096,674.465
128,2048,16,8192,1213.4
128,2048,16,16384,2267.63
128,2048,32,16,137.443
128,2048,32,32,137.581
128,2048,32,64,139.768
128,2048,32,128,173.39
128,2048,32,256,201.966
128,2048,32,512,270.469
128,2048,32,1024,380.028
128,2048,32,2048,635.457
128,2048,32,4096,1212.57
128,2048,32,8192,2269.86
128,2048,32,16384,4349.18
128,2048,64,16,189.113
128,2048,64,32,190.285
128,2048,64,64,191.385
128,2048,64,128,253.391
128,2048,64,256,322.032
128,2048,64,512,456.616
128,2048,64,1024,709.698
128,2048,64,2048,1391.88
128,2048,64,4096,2510.97
128,2048,64,8192,4812.46
128,2048,64,16384,9596.58
128,4096,0,0,140.344
128,4096,1,16,139.458
128,4096,1,32,139.831
128,4096,1,64,139.565
128,4096,1,128,139.32
128,4096,1,256,139.426
128,4096,1,512,139.48
128,4096,1,1024,140.29
128,4096,1,2048,141.058
128,4096,1,4096,141.826
128,4096,1,8192,272.794
128,4096,1,16384,541.034
128,4096,2,16,139.693
128,4096,2,32,139.779
128,4096,2,64,139.757
128,4096,2,128,139.811
128,4096,2,256,139.608
128,4096,2,512,140.013
128,4096,2,1024,140.802
128,4096,2,2048,142.093
128,4096,2,4096,142.189
128,4096,2,8192,272.613
128,4096,2,16384,536.191
128,4096,4,16,145.4
128,4096,4,32,145.666
128,4096,4,64,146.04
128,4096,4,128,149.923
128,4096,4,256,153.421
128,4096,4,512,161.763
128,4096,4,1024,178.009
128,4096,4,2048,210.553
128,4096,4,4096,276.612
128,4096,4,8192,534.676
128,4096,4,16384,1060.53
128,4096,8,16,155.406
128,4096,8,32,155.544
128,4096,8,64,155.79
128,4096,8,128,167.267
128,4096,8,256,179.758
128,4096,8,512,202.788
128,4096,8,1024,251.13
128,4096,8,2048,280.72
128,4096,8,4096,411.688
128,4096,8,8192,807.778
128,4096,8,16384,1477.32
128,4096,16,16,168.643
128,4096,16,32,169.027
128,4096,16,64,169.827
128,4096,16,128,188.526
128,4096,16,256,209.081
128,4096,16,512,248.409
128,4096,16,1024,327.451
128,4096,16,2048,420.391
128,4096,16,4096,684.023
128,4096,16,8192,1336.19
128,4096,16,16384,2444.95
128,4096,32,16,201.112
128,4096,32,32,201.731
128,4096,32,64,202.616
128,4096,32,128,244.548
128,4096,32,256,287.824
128,4096,32,512,355.558
128,4096,32,1024,479.005
128,4096,32,2048,701.527
128,4096,32,4096,1277.37
128,4096,32,8192,2543.85
128,4096,32,16384,5084.81
128,4096,64,16,262.362
128,4096,64,32,263.813
128,4096,64,64,267.172
128,4096,64,128,335.825
128,4096,64,256,404.007
128,4096,64,512,542.666
128,4096,64,1024,808.782
128,4096,64,2048,1507.18
128,4096,64,4096,2963.66
128,4096,64,8192,7309.76
128,4096,64,16384,14975
128,8192,0,0,271.353
128,8192,1,16,272.708
128,8192,1,32,272.826
128,8192,1,64,272.804
128,8192,1,128,272.943
128,8192,1,256,272.943
128,8192,1,512,272.933
128,8192,1,1024,275.546
128,8192,1,2048,275.056
128,8192,1,4096,275.984
128,8192,1,8192,276.677
128,8192,1,16384,542.964
128,8192,2,16,270.703
128,8192,2,32,270.553
128,8192,2,64,270.532
128,8192,2,128,270.191
128,8192,2,256,270.351
128,8192,2,512,271.856
128,8192,2,1024,271.813
128,8192,2,2048,272.645
128,8192,2,4096,275.481
128,8192,2,8192,274.533
128,8192,2,16384,537.353
128,8192,4,16,274.841
128,8192,4,32,274.426
128,8192,4,64,274.938
128,8192,4,128,278.49
128,8192,4,256,282.938
128,8192,4,512,291.088
128,8192,4,1024,306.586
128,8192,4,2048,340.517
128,8192,4,4096,405.841
128,8192,4,8192,542.473
128,8192,4,16384,1057.92
128,8192,8,16,283.908
128,8192,8,32,283.866
128,8192,8,64,283.898
128,8192,8,128,295.387
128,8192,8,256,307.226
128,8192,8,512,331.749
128,8192,8,1024,379.708
128,8192,8,2048,475.869
128,8192,8,4096,540.521
128,8192,8,8192,807.608
128,8192,8,16384,1586.53
128,8192,16,16,297.37
128,8192,16,32,297.348
128,8192,16,64,297.999
128,8192,16,128,316.71
128,8192,16,256,337.424
128,8192,16,512,377.094
128,8192,16,1024,457.427
128,8192,16,2048,616.021
128,8192,16,4096,813.379
128,8192,16,8192,1345.72
128,8192,16,16384,2661.55
128,8192,32,16,330.213
128,8192,32,32,331.61
128,8192,32,64,330.832
128,8192,32,128,372.571
128,8192,32,256,416.167
128,8192,32,512,504.531
128,8192,32,1024,644.939
128,8192,32,2048,896.922
128,8192,32,4096,1434.02
128,8192,32,8192,2518.5
128,8192,32,16384,5317.14
128,8192,64,16,390.224
128,8192,64,32,391.505
128,8192,64,64,393.671
128,8192,64,128,477.085
128,8192,64,256,565.118
128,8192,64,512,712.396
128,8192,64,1024,975.878
128,8192,64,2048,1666.14
128,8192,64,4096,3216.18
128,8192,64,8192,6087.17
128,8192,64,16384,15829.5
128,16384,0,0,535.741
128,16384,1,16,540.489
128,16384,1,32,539.817
128,16384,1,64,540.019
128,16384,1,128,539.678
128,16384,1,256,539.4
128,16384,1,512,540.211
128,16384,1,1024,540.009
128,16384,1,2048,542.632
128,16384,1,4096,543.209
128,16384,1,8192,544.212
128,16384,1,16384,545.396
128,16384,2,16,533.192
128,16384,2,32,533.289
128,16384,2,64,532.916
128,16384,2,128,533.043
128,16384,2,256,533.437
128,16384,2,512,533.513
128,16384,2,1024,535.379
128,16384,2,2048,535.976
128,16384,2,4096,535.837
128,16384,2,8192,536.531
128,16384,2,16384,537.663
128,16384,4,16,534.248
128,16384,4,32,534.163
128,16384,4,64,534.333
128,16384,4,128,536.628
128,16384,4,256,540.659
128,16384,4,512,548.66
128,16384,4,1024,564.403
128,16384,4,2048,600.351
128,16384,4,4096,663.082
128,16384,4,8192,803.16
128,16384,4,16384,1072.71
128,16384,8,16,540.254
128,16384,8,32,540.83
128,16384,8,64,544.126
128,16384,8,128,550.996
128,16384,8,256,564.18
128,16384,8,512,587.626
128,16384,8,1024,637.321
128,16384,8,2048,732.129
128,16384,8,4096,925.592
128,16384,8,8192,1064.55
128,16384,8,16384,1597.32
128,16384,16,16,554.697
128,16384,16,32,555.006
128,16384,16,64,555.231
128,16384,16,128,573.535
128,16384,16,256,593.887
128,16384,16,512,633.813
128,16384,16,1024,714.208
128,16384,16,2048,874.745
128,16384,16,4096,1199.63
128,16384,16,8192,1600.07
128,16384,16,16384,2664.77
128,16384,32,16,585.439
128,16384,32,32,586.121
128,16384,32,64,587.871
128,16384,32,128,628.363
128,16384,32,256,672.682
128,16384,32,512,760.098
128,16384,32,1024,937.54
128,16384,32,2048,1226.55
128,16384,32,4096,1820.36
128,16384,32,8192,2828.25
128,16384,32,16384,5028.57
128,16384,64,16,648.896
128,16384,64,32,647.711
128,16384,64,64,648.65
128,16384,64,128,732.418
128,16384,64,256,824.515
128,16384,64,512,1010.19
128,16384,64,1024,1313.7
128,16384,64,2048,2020.88
128,16384,64,4096,3576.17
128,16384,64,8192,7088.69
128,16384,64,16384,14070.6
256,0,0,0,15.296
256,0,1,16,21.1527
256,0,1,32,21.2707
256,0,1,64,21.2803
256,0,1,128,21.4833
256,0,1,256,25.206
256,0,1,512,32.9283
256,0,1,1024,49.0033
256,0,1,2048,80.961
256,0,1,4096,144.962
256,0,1,8192,273.476
256,0,1,16384,536.051
256,0,2,16,21.6433
256,0,2,32,21.707
256,0,2,64,21.8987
256,0,2,128,24.1387
256,0,2,256,28.2783
256,0,2,512,36.4277
256,0,2,1024,52.395
256,0,2,2048,84.566
256,0,2,4096,148.504
256,0,2,8192,277.529
256,0,2,16384,537.161
256,0,4,16,26.2187
256,0,4,32,26.56
256,0,4,64,26.5717
256,0,4,128,27.3287
256,0,4,256,33.0033
256,0,4,512,48.2783
256,0,4,1024,79.9473
256,0,4,2048,127.457
256,0,4,4096,191.662
256,0,4,8192,320.347
256,0,4,16384,578.313
256,0,8,16,32.7897
256,0,8,32,33.1843
256,0,8,64,33.355
256,0,8,128,38.465
256,0,8,256,47.766
256,0,8,512,70.721
256,0,8,1024,117.868
256,0,8,2048,185.165
256,0,8,4096,314.214
256,0,8,8192,572.713
256,0,8,16384,1093.4
256,0,16,16,45.547
256,0,16,32,45.7607
256,0,16,64,46.6573
256,0,16,128,59.8943
256,0,16,256,77.0143
256,0,16,512,114.658
256,0,16,1024,190.595
256,0,16,2048,321.264
256,0,16,4096,581.3
256,0,16,8192,1100.27
256,0,16,16384,2143.05
256,0,32,16,71.5313
256,0,32,32,72.0117
256,0,32,64,72.748
256,0,32,128,101.185
256,0,32,256,134.583
256,0,32,512,203.876
256,0,32,1024,339.109
256,0,32,2048,595.753
256,0,32,4096,1112.06
256,0,32,8192,2164.02
256,0,32,16384,4259.65
256,0,64,16,122.605
256,0,64,32,123.694
256,0,64,64,125.346
256,0,64,128,184.206
256,0,64,256,252.473
256,0,64,512,398.715
256,0,64,1024,668.981
256,0,64,2048,1208.61
256,0,64,4096,2371.82
256,0,64,8192,4660.52
256,0,64,16384,9458.65
256,16,0,0,19.19
256,16,1,16,25.27
256,16,1,32,25.152
256,16,1,64,25.1523
256,16,1,128,27.7127
256,16,1,256,28.1703
256,16,1,512,35.585
256,16,1,1024,51.575
256,16,1,2048,83.468
256,16,1,4096,147.298
256,16,1,8192,275.652
256,16,1,16384,535.369
256,16,2,16,26.5067
256,16,2,32,26.5493
256,16,2,64,26.5923
256,16,2,128,28.4697
256,16,2,256,31.1473
256,16,2,512,37.4937
256,16,2,1024,53.633
256,16,2,2048,85.6013
256,16,2,4096,149.548
256,16,2,8192,278.287
256,16,2,16384,538.269
256,16,4,16,30.742
256,16,4,32,30.966
256,16,4,64,30.9767
256,16,4,128,33.536
256,16,4,256,34.6357
256,16,4,512,49.249
256,16,4,1024,80.2893
256,16,4,2048,140.771
256,16,4,4096,204.205
256,16,4,8192,334.159
256,16,4,16384,589.363
256,16,8,16,37.6647
256,16,8,32,37.5153
256,16,8,64,37.9523
256,16,8,128,44.3843
256,16,8,256,49.6003
256,16,8,512,71.35
256,16,8,1024,118.338
256,16,8,2048,195.619
256,16,8,4096,326.245
256,16,8,8192,582.75
256,16,8,16384,1098.91
256,16,16,16,50.5923
256,16,16,32,50.6567
256,16,16,64,51.0837
256,16,16,128,65.4087
256,16,16,256,78.9773
256,16,16,512,115.693
256,16,16,1024,193.475
256,16,16,2048,327.162
256,16,16,4096,585.15
256,16,16,8192,1105.53
256,16,16,16384,2150.71
256,16,32,16,77.0147
256,16,32,32,77.2063
256,16,32,64,78.2517
256,16,32,128,106.764
256,16,32,256,136.866
256,16,32,512,206.18
256,16,32,1024,345.158
256,16,32,2048,601.918
256,16,32,4096,1123.84
256,16,32,8192,2168.24
256,16,32,16384,4262.46
256,16,64,16,128.183
256,16,64,32,129.314
256,16,64,64,130.626
256,16,64,128,189.57
256,16,64,256,254.777
256,16,64,512,400.945
256,16,64,1024,673.365
256,16,64,2048,1208.54
256,16,64,4096,2375.31
256,16,64,8192,4628.02
256,16,64,16384,9495.72
256,32,0,0,19.0083
256,32,1,16,25.1203
256,32,1,32,24.9387
256,32,1,64,25.0987
256,32,1,128,27.5737
256,32,1,256,27.8823
256,32,1,512,35.6063
256,32,1,1024,51.4353
256,32,1,2048,83.7023
256,32,1,4096,147.512
256,32,1,8192,275.279
256,32,1,16384,535.422
256,32,2,16,26.646
256,32,2,32,26.539
256,32,2,64,26.657
256,32,2,128,28.4163
256,32,2,256,30.9447
256,32,2,512,37.6427
256,32,2,1024,53.526
256,32,2,2048,85.8783
256,32,2,4096,149.57
256,32,2,8192,278.362
256,32,2,16384,537.459
256,32,4,16,30.6777
256,32,4,32,30.88
256,32,4,64,30.9337
256,32,4,128,33.5583
256,32,4,256,34.646
256,32,4,512,48.6833
256,32,4,1024,80.2997
256,32,4,2048,140.898
256,32,4,4096,204.728
256,32,4,8192,332.677
256,32,4,16384,589.78
256,32,8,16,37.579
256,32,8,32,37.6963
256,32,8,64,38.027
256,32,8,128,44.4057
256,32,8,256,49.558
256,32,8,512,71.4253
256,32,8,1024,117.89
256,32,8,2048,196.525
256,32,8,4096,326.096
256,32,8,8192,583.059
256,32,8,16384,1100.97
256,32,16,16,50.7313
256,32,16,32,51.0303
256,32,16,64,51.5
256,32,16,128,65.579
256,32,16,256,79.148
256,32,16,512,115.842
256,32,16,1024,193.465
256,32,16,2048,327.461
256,32,16,4096,585.044
256,32,16,8192,1105.9
256,32,16,16384,2149.23
256,32,32,16,77.164
256,32,32,32,77.313
256,32,32,64,78.305
256,32,32,128,107.18
256,32,32,256,137.047
256,32,32,512,205.486
256,32,32,1024,345.21
256,32,32,2048,601.844
256,32,32,4096,1118.34
256,32,32,8192,2170.68
256,32,32,16384,4258.59
256,32,64,16,128.257
256,32,64,32,129.058
256,32,64,64,130.989
256,32,64,128,190.04
256,32,64,256,254.959
256,32,64,512,400.817
256,32,64,1024,673.098
256,32,64,2048,1212.64
256,32,64,4096,2375.43
256,32,64,8192,4640.91
256,32,64,16384,9389.53
256,64,0,0,19.2647
256,64,1,16,25.291
256,64,1,32,25.174
256,64,1,64,25.3123
256,64,1,128,27.8613
256,64,1,256,28.15
256,64,1,512,35.5633
256,64,1,1024,51.5743
256,64,1,2048,83.4467
256,64,1,4096,147.436
256,64,1,8192,274.99
256,64,1,16384,535.452
256,64,2,16,26.6347
256,64,2,32,26.539
256,64,2,64,26.8697
256,64,2,128,28.651
256,64,2,256,31.2327
256,64,2,512,37.5897
256,64,2,1024,53.3133
256,64,2,2048,85.6547
256,64,2,4096,150.178
256,64,2,8192,281.125
256,64,2,16384,538.716
256,64,4,16,30.8587
256,64,4,32,30.998
256,64,4,64,31.0613
256,64,4,128,33.686
256,64,4,256,34.7843
256,64,4,512,48.7793
256,64,4,1024,80.0333
256,64,4,2048,141.015
256,64,4,4096,204.867
256,64,4,8192,332.933
256,64,4,16384,589.363
256,64,8,16,37.7813
256,64,8,32,37.9737
256,64,8,64,38.0487
256,64,8,128,44.4803
256,64,8,256,49.7497
256,64,8,512,71.564
256,64,8,1024,118.049
256,64,8,2048,196.536
256,64,8,4096,325.956
256,64,8,8192,581.896
256,64,8,16384,1101.54
256,64,16,16,50.784
256,64,16,32,51.1373
256,64,16,64,51.5953
256,64,16,128,65.6223
256,64,16,256,79.383
256,64,16,512,115.842
256,64,16,1024,193.731
256,64,16,2048,327.31
256,64,16,4096,585.32
256,64,16,8192,1107.03
256,64,16,16384,2153.72
256,64,32,16,77.0037
256,64,32,32,77.43
256,64,32,64,79.3293
256,64,32,128,107.137
256,64,32,256,137.271
256,64,32,512,205.347
256,64,32,1024,345.188
256,64,32,2048,602.121
256,64,32,4096,1117.37
256,64,32,8192,2168.64
256,64,32,16384,4261.32
256,64,64,16,128.279
256,64,64,32,129.389
256,64,64,64,130.797
256,64,64,128,190.093
256,64,64,256,255.044
256,64,64,512,401.339
256,64,64,1024,673.279
256,64,64,2048,1210.44
256,64,64,4096,2376.36
256,64,64,8192,4648.41
256,64,64,16384,9480.82
256,128,0,0,19.5633
256,128,1,16,28.5763
256,128,1,32,28.5227
256,128,1,64,28.4697
256,128,1,128,29.2913
256,128,1,256,29.7923
256,128,1,512,37.2273
256,128,1,1024,53.27
256,128,1,2048,85.441
256,128,1,4096,149.111
256,128,1,8192,277.422
256,128,1,16384,536.007
256,128,2,16,28.939
256,128,2,32,28.8113
256,128,2,64,29.0673
256,128,2,128,29.7817
256,128,2,256,32.5767
256,128,2,512,40.491
256,128,2,1024,56.694
256,128,2,2048,88.7367
256,128,2,4096,152.62
256,128,2,8192,281.188
256,128,2,16384,538.686
256,128,4,16,32.31
256,128,4,32,32.384
256,128,4,64,32.4697
256,128,4,128,35.1583
256,128,4,256,35.7983
256,128,4,512,49.462
256,128,4,1024,80.46
256,128,4,2048,144.866
256,128,4,4096,212.813
256,128,4,8192,341.05
256,128,4,16384,598.728
256,128,8,16,39.2753
256,128,8,32,39.51
256,128,8,64,39.5943
256,128,8,128,47.777
256,128,8,256,53.2067
256,128,8,512,72.4067
256,128,8,1024,118.444
256,128,8,2048,201.624
256,128,8,4096,330.169
256,128,8,8192,588.274
256,128,8,16384,1109.51
256,128,16,16,52.8857
256,128,16,32,52.9173
256,128,16,64,53.398
256,128,16,128,68.268
256,128,16,256,81.409
256,128,16,512,117.015
256,128,16,1024,194.424
256,128,16,2048,332.197
256,128,16,4096,590.419
256,128,16,8192,1111.55
256,128,16,16384,2154.65
256,128,32,16,79.244
256,128,32,32,79.6597
256,128,32,64,80.4063
256,128,32,128,109.602
256,128,32,256,139.682
256,128,32,512,206.68
256,128,32,1024,347.183
256,128,32,2048,606.216
256,128,32,4096,1122.1
256,128,32,8192,2173.91
256,128,32,16384,4265.73
256,128,64,16,130.412
256,128,64,32,131.137
256,128,64,64,133.324
256,128,64,128,192.344
256,128,64,256,257.87
256,128,64,512,403.195
256,128,64,1024,677.354
256,128,64,2048,1213.03
256,128,64,4096,2381.05
256,128,64,8192,4653.65
256,128,64,16384,9419.59
256,256,0,0,24.0323
256,256,1,16,36.203
256,256,1,32,36.0857
256,256,1,64,36.0117
256,256,1,128,36.4267
256,256,1,256,37.451
256,256,1,512,41.3233
256,256,1,1024,57.2593
256,256,1,2048,89.3027
256,256,1,4096,153.165
256,256,1,8192,281.827
256,256,1,16384,538.471
256,256,2,16,36.449
256,256,2,32,36.4377
256,256,2,64,36.715
256,256,2,128,37.3657
256,256,2,256,37.9203
256,256,2,512,44.577
256,256,2,1024,60.9927
256,256,2,2048,93.1637
256,256,2,4096,157.143
256,256,2,8192,285.176
256,256,2,16384,542.055
256,256,4,16,39.403
256,256,4,32,39.4133
256,256,4,64,39.3603
256,256,4,128,42.2727
256,256,4,256,43.467
256,256,4,512,50.251
256,256,4,1024,81.0463
256,256,4,2048,144.962
256,256,4,4096,232.334
256,256,4,8192,361.199
256,256,4,16384,618.75
256,256,8,16,46.5287
256,256,8,32,46.7097
256,256,8,64,47.072
256,256,8,128,53.4303
256,256,8,256,60.8963
256,256,8,512,74.0383
256,256,8,1024,119.009
256,256,8,2048,213.773
256,256,8,4096,346.468
256,256,8,8192,604.723
256,256,8,16384,1121.35
256,256,16,16,60.097
256,256,16,32,60.1397
256,256,16,64,60.5663
256,256,16,128,74.9023
256,256,16,256,90.6037
256,256,16,512,120.183
256,256,16,1024,195.362
256,256,16,2048,344.335
256,256,16,4096,601.81
256,256,16,8192,1131.04
256,256,16,16384,2167.45
256,256,32,16,86.8277
256,256,32,32,86.7427
256,256,32,64,87.703
256,256,32,128,116.598
256,256,32,256,148.546
256,256,32,512,209.677
256,256,32,1024,348.965
256,256,32,2048,617.245
256,256,32,4096,1132.61
256,256,32,8192,2179.25
256,256,32,16384,4269.81
256,256,64,16,137.986
256,256,64,32,139.234
256,256,64,64,140.685
256,256,64,128,200.023
256,256,64,256,265.625
256,256,64,512,405.072
256,256,64,1024,685.129
256,256,64,2048,1221.38
256,256,64,4096,2391.96
256,256,64,8192,4649.52
256,256,64,16384,9419.82
256,512,0,0,32.4483
256,512,1,16,48.0537
256,512,1,32,47.958
256,512,1,64,48.246
256,512,1,128,52.032
256,512,1,256,52.1717
256,512,1,512,53.6117
256,512,1,1024,65.3767
256,512,1,2048,97.6333
256,512,1,4096,161.56
256,512,1,8192,289.742
256,512,1,16384,546.759
256,512,2,16,52.0007
256,512,2,32,52.0007
256,512,2,64,51.9473
256,512,2,128,52.4057
256,512,2,256,53.2697
256,512,2,512,54.0697
256,512,2,1024,69.0673
256,512,2,2048,101.484
256,512,2,4096,165.261
256,512,2,8192,294.222
256,512,2,16384,550.662
256,512,4,16,53.0777
256,512,4,32,53.323
256,512,4,64,53.2067
256,512,4,128,55.425
256,512,4,256,58.6457
256,512,4,512,59.5957
256,512,4,1024,82.7853
256,512,4,2048,145.26
256,512,4,4096,271.779
256,512,4,8192,400.25
256,512,4,16384,658.301
256,512,8,16,60.0003
256,512,8,32,59.2117
256,512,8,64,59.958
256,512,8,128,68.0863
256,512,8,256,74.1877
256,512,8,512,85.537
256,512,8,1024,121.527
256,512,8,2048,215.875
256,512,8,4096,378.5
256,512,8,8192,635.496
256,512,8,16384,1151.76
256,512,16,16,73.1423
256,512,16,32,73.761
256,512,16,64,73.8037
256,512,16,128,89.5267
256,512,16,256,103.596
256,512,16,512,132.205
256,512,16,1024,199.042
256,512,16,2048,355.972
256,512,16,4096,626.706
256,512,16,8192,1148.2
256,512,16,16384,2186.81
256,512,32,16,100.471
256,512,32,32,101.068
256,512,32,64,101.452
256,512,32,128,131.693
256,512,32,256,162.178
256,512,32,512,223.373
256,512,32,1024,353.348
256,512,32,2048,636.52
256,512,32,4096,1159.78
256,512,32,8192,2201.74
256,512,32,16384,4287.5
256,512,64,16,153.399
256,512,64,32,154.178
256,512,64,64,155.468
256,512,64,128,215.362
256,512,64,256,280.633
256,512,64,512,416.346
256,512,64,1024,693.065
256,512,64,2048,1236.84
256,512,64,4096,2385.12
256,512,64,8192,4661
256,512,64,16384,9367.01
256,1024,0,0,49.3443
256,1024,1,16,64.4803
256,1024,1,32,64.513
256,1024,1,64,64.641
256,1024,1,128,75.798
256,1024,1,256,83.9477
256,1024,1,512,84.3953
256,1024,1,1024,86.23
256,1024,1,2048,113.654
256,1024,1,4096,179.394
256,1024,1,8192,307.706
256,1024,1,16384,563.537
256,1024,2,16,71.137
256,1024,2,32,70.7743
256,1024,2,64,71.169
256,1024,2,128,84.5663
256,1024,2,256,84.801
256,1024,2,512,86.0383
256,1024,2,1024,86.5393
256,1024,2,2048,117.665
256,1024,2,4096,181.666
256,1024,2,8192,310.02
256,1024,2,16384,566.481
256,1024,4,16,83.777
256,1024,4,32,83.6277
256,1024,4,64,84.3107
256,1024,4,128,85.1847
256,1024,4,256,87.4997
256,1024,4,512,91.2117
256,1024,4,1024,91.98
256,1024,4,2048,147.159
256,1024,4,4096,275.128
256,1024,4,8192,478.726
256,1024,4,16384,736.426
256,1024,8,16,88.0113
256,1024,8,32,87.927
256,1024,8,64,87.777
256,1024,8,128,95.7237
256,1024,8,256,102.69
256,1024,8,512,114.167
256,1024,8,1024,133.121
256,1024,8,2048,217.73
256,1024,8,4096,407.802
256,1024,8,8192,699.956
256,1024,8,16384,1216.11
256,1024,16,16,100.203
256,1024,16,32,100.705
256,1024,16,64,100.502
256,1024,16,128,116.898
256,1024,16,256,132.631
256,1024,16,512,159.864
256,1024,16,1024,212.141
256,1024,16,2048,361.519
256,1024,16,4096,677.641
256,1024,16,8192,1194.42
256,1024,16,16384,2237.09
256,1024,32,16,127.713
256,1024,32,32,128.001
256,1024,32,64,128.983
256,1024,32,128,159.874
256,1024,32,256,190.701
256,1024,32,512,251.022
256,1024,32,1024,367.716
256,1024,32,2048,642.45
256,1024,32,4096,1203.66
256,1024,32,8192,2238.51
256,1024,32,16384,4321.13
256,1024,64,16,181.314
256,1024,64,32,182.295
256,1024,64,64,183.522
256,1024,64,128,244.302
256,1024,64,256,309.924
256,1024,64,512,443.846
256,1024,64,1024,706.121
256,1024,64,2048,1299.35
256,1024,64,4096,2414.87
256,1024,64,8192,4689.87
256,1024,64,16384,9353.7
256,2048,0,0,82.049
256,2048,1,16,97.1217
256,2048,1,32,96.8863
256,2048,1,64,97.601
256,2048,1,128,108.513
256,2048,1,256,120.183
256,2048,1,512,143.607
256,2048,1,1024,148.919
256,2048,1,2048,151.095
256,2048,1,4096,212.098
256,2048,1,8192,339.481
256,2048,1,16384,598.535
256,2048,2,16,103.073
256,2048,2,32,103.319
256,2048,2,64,103.841
256,2048,2,128,118.561
256,2048,2,256,134.401
256,2048,2,512,148.14
256,2048,2,1024,149.463
256,2048,2,2048,151.714
256,2048,2,4096,214.083
256,2048,2,8192,342.265
256,2048,2,16384,599.388
256,2048,4,16,116.492
256,2048,4,32,116.535
256,2048,4,64,117.067
256,2048,4,128,139.33
256,2048,4,256,148.461
256,2048,4,512,149.815
256,2048,4,1024,155.116
256,2048,4,2048,155.052
256,2048,4,4096,276.739
256,2048,4,8192,535.207
256,2048,4,16384,893.91
256,2048,8,16,140.3
256,2048,8,32,142.977
256,2048,8,64,141.676
256,2048,8,128,150.658
256,2048,8,256,153.389
256,2048,8,512,170.999
256,2048,8,1024,194.467
256,2048,8,2048,228.718
256,2048,8,4096,412.591
256,2048,8,8192,793.833
256,2048,8,16384,1344.07
256,2048,16,16,155.394
256,2048,16,32,156.056
256,2048,16,64,156.503
256,2048,16,128,170.167
256,2048,16,256,183.596
256,2048,16,512,218.53
256,2048,16,1024,272.099
256,2048,16,2048,372.1
256,2048,16,4096,682.963
256,2048,16,8192,1294.11
256,2048,16,16384,2342.41
256,2048,32,16,180.407
256,2048,32,32,180.834
256,2048,32,64,182.125
256,2048,32,128,212.909
256,2048,32,256,248.291
256,2048,32,512,310.062
256,2048,32,1024,428.474
256,2048,32,2048,656.605
256,2048,32,4096,1259.06
256,2048,32,8192,2392.83
256,2048,32,16384,4449.06
256,2048,64,16,234.935
256,2048,64,32,236.227
256,2048,64,64,237.742
256,2048,64,128,301.06
256,2048,64,256,368.143
256,2048,64,512,503.664
256,2048,64,1024,766.911
256,2048,64,2048,1450.75
256,2048,64,4096,2738.2
256,2048,64,8192,4888.68
256,2048,64,16384,9518.84
256,4096,0,0,145.644
256,4096,1,16,160.354
256,4096,1,32,160.609
256,4096,1,64,160.727
256,4096,1,128,171.927
256,4096,1,256,183.938
256,4096,1,512,207.107
256,4096,1,1024,254.306
256,4096,1,2048,277.113
256,4096,1,4096,280.494
256,4096,1,8192,407.023
256,4096,1,16384,662.865
256,4096,2,16,166.487
256,4096,2,32,166.295
256,4096,2,64,166.924
256,4096,2,128,182.328
256,4096,2,256,197.698
256,4096,2,512,229.112
256,4096,2,1024,275.811
256,4096,2,2048,276.515
256,4096,2,4096,280.878
256,4096,2,8192,406.159
256,4096,2,16384,662.898
256,4096,4,16,179.799
256,4096,4,32,179.586
256,4096,4,64,180.386
256,4096,4,128,202.69
256,4096,4,256,226.584
256,4096,4,512,273.635
256,4096,4,1024,277.197
256,4096,4,2048,282.488
256,4096,4,4096,282.072
256,4096,4,8192,537.371
256,4096,4,16384,1055.49
256,4096,8,16,203.853
256,4096,8,32,205.229
256,4096,8,64,205.303
256,4096,8,128,242.381
256,4096,8,256,276.313
256,4096,8,512,277.955
256,4096,8,1024,313.486
256,4096,8,2048,353.647
256,4096,8,4096,419.46
256,4096,8,8192,807.572
256,4096,8,16384,1572.15
256,4096,16,16,256.664
256,4096,16,32,256.632
256,4096,16,64,257.784
256,4096,16,128,279.278
256,4096,16,256,294.317
256,4096,16,512,325.262
256,4096,16,1024,395.685
256,4096,16,2048,497.584
256,4096,16,4096,695.591
256,4096,16,8192,1364.44
256,4096,16,16384,2672.81
256,4096,32,16,292.739
256,4096,32,32,293.209
256,4096,32,64,293.732
256,4096,32,128,320.931
256,4096,32,256,352.623
256,4096,32,512,415.258
256,4096,32,1024,548.945
256,4096,32,2048,780.584
256,4096,32,4096,1309.05
256,4096,32,8192,2934.55
256,4096,32,16384,6139.57
256,4096,64,16,340.441
256,4096,64,32,341.326
256,4096,64,64,343.769
256,4096,64,128,407.536
256,4096,64,256,480.176
256,4096,64,512,619.783
256,4096,64,1024,887.594
256,4096,64,2048,1549.09
256,4096,64,4096,3103.83
256,4096,64,8192,8149.5
256,4096,64,16384,16541.2
256,8192,0,0,277.645
256,8192,1,16,289.806
256,8192,1,32,291.257
256,8192,1,64,290.264
256,8192,1,128,302.553
256,8192,1,256,313.614
256,8192,1,512,337.443
256,8192,1,1024,385.924
256,8192,1,2048,478.992
256,8192,1,4096,539.803
256,8192,1,8192,541.029
256,8192,1,16384,793.96
256,8192,2,16,295.331
256,8192,2,32,296.27
256,8192,2,64,295.79
256,8192,2,128,310.456
256,8192,2,256,326.414
256,8192,2,512,358.692
256,8192,2,1024,421.423
256,8192,2,2048,531.185
256,8192,2,4096,536.326
256,8192,2,8192,541.051
256,8192,2,16384,805.63
256,8192,4,16,308.856
256,8192,4,32,309.262
256,8192,4,64,309.241
256,8192,4,128,332.174
256,8192,4,256,355.866
256,8192,4,512,403.941
256,8192,4,1024,499.483
256,8192,4,2048,533.776
256,8192,4,4096,541.584
256,8192,4,8192,545.275
256,8192,4,16384,1061.1
256,8192,8,16,333.358
256,8192,8,32,333.432
256,8192,8,64,334.265
256,8192,8,128,371.673
256,8192,8,256,410.969
256,8192,8,512,490.928
256,8192,8,1024,537.777
256,8192,8,2048,600.561
256,8192,8,4096,678.408
256,8192,8,8192,816.371
256,8192,8,16384,1598.97
256,8192,16,16,385.264
256,8192,16,32,385.498
256,8192,16,64,386.404
256,8192,16,128,453.819
256,8192,16,256,526.524
256,8192,16,512,555.164
256,8192,16,1024,608.775
256,8192,16,2048,744.361
256,8192,16,4096,950.699
256,8192,16,8192,1352.59
256,8192,16,16384,2707.62
256,8192,32,16,488.924
256,8192,32,32,490.32
256,8192,32,64,492.23
256,8192,32,128,544.934
256,8192,32,256,579.175
256,8192,32,512,630.397
256,8192,32,1024,764.424
256,8192,32,2048,1029.13
256,8192,32,4096,1570.96
256,8192,32,8192,2564.85
256,8192,32,16384,6484.71
256,8192,64,16,562.406
256,8192,64,32,563.878
256,8192,64,64,565.03
256,8192,64,128,623.153
256,8192,64,256,689.478
256,8192,64,512,833.054
256,8192,64,1024,1111.35
256,8192,64,2048,1774.57
256,8192,64,4096,3337.96
256,8192,64,8192,6846.43
256,8192,64,16384,16640.1
256,16384,0,0,539.62
256,16384,1,16,554.768
256,16384,1,32,554.257
256,16384,1,64,561.318
256,16384,1,128,566.384
256,16384,1,256,576.229
256,16384,1,512,600.754
256,16384,1,1024,648.508
256,16384,1,2048,739.41
256,16384,1,4096,928.49
256,16384,1,8192,1055.49
256,16384,1,16384,1066.47
256,16384,2,16,556.827
256,16384,2,32,557.308
256,16384,2,64,557.041
256,16384,2,128,572.572
256,16384,2,256,587.867
256,16384,2,512,619.515
256,16384,2,1024,682.077
256,16384,2,2048,810.131
256,16384,2,4096,1047.55
256,16384,2,8192,1054.13
256,16384,2,16384,1070.78
256,16384,4,16,567.27
256,16384,4,32,569.36
256,16384,4,64,568.912
256,16384,4,128,590.993
256,16384,4,256,615.046
256,16384,4,512,662.877
256,16384,4,1024,757.394
256,16384,4,2048,946.335
256,16384,4,4096,1052.07
256,16384,4,8192,1056.99
256,16384,4,16384,1073.29
256,16384,8,16,592.368
256,16384,8,32,592.849
256,16384,8,64,593.681
256,16384,8,128,629
256,16384,8,256,669.308
256,16384,8,512,747.72
256,16384,8,1024,905.429
256,16384,8,2048,1047.86
256,16384,8,4096,1175.8
256,16384,8,8192,1330.38
256,16384,8,16384,1609.02
256,16384,16,16,642.322
256,16384,16,32,643.324
256,16384,16,64,644.593
256,16384,16,128,711.985
256,16384,16,256,783.134
256,16384,16,512,926.441
256,16384,16,1024,1054.28
256,16384,16,2048,1166.56
256,16384,16,4096,1449.74
256,16384,16,8192,1868.05
256,16384,16,16384,2669.96
256,16384,32,16,746.92
256,16384,32,32,747.538
256,16384,32,64,749.32
256,16384,32,128,878.078
256,16384,32,256,1012.91
256,16384,32,512,1084.89
256,16384,32,1024,1194.99
256,16384,32,2048,1463.14
256,16384,32,4096,2068.49
256,16384,32,8192,3108.02
256,16384,32,16384,5105.13
256,16384,64,16,949.6
256,16384,64,32,956.746
256,16384,64,64,959.382
256,16384,64,128,1073.12
256,16384,64,256,1130.53
256,16384,64,512,1254.25
256,16384,64,1024,1539.95
256,16384,64,2048,2201.02
256,16384,64,4096,3869.03
256,16384,64,8192,8257.16
256,16384,64,16384,15852.3
512,0,0,0,42.1237
512,0,1,16,42.7947
512,0,1,32,42.71
512,0,1,64,42.6667
512,0,1,128,43.691
512,0,1,256,44.5333
512,0,1,512,48.6937
512,0,1,1024,65.3343
512,0,1,2048,97.4413
512,0,1,4096,161.623
512,0,1,8192,289.357
512,0,1,16384,544.944
512,0,2,16,45.227
512,0,2,32,45.2483
512,0,2,64,45.5477
512,0,2,128,47.6807
512,0,2,256,49.0463
512,0,2,512,54.8383
512,0,2,1024,75.265
512,0,2,2048,107.361
512,0,2,4096,171.404
512,0,2,8192,299.704
512,0,2,16384,556.998
512,0,4,16,49.4827
512,0,4,32,49.5573
512,0,4,64,49.7177
512,0,4,128,53.0673
512,0,4,256,56.7143
512,0,4,512,66.8597
512,0,4,1024,92.8223
512,0,4,2048,149.079
512,0,4,4096,274.872
512,0,4,8192,403.204
512,0,4,16384,661.009
512,0,8,16,58.3153
512,0,8,32,58.5923
512,0,8,64,58.614
512,0,8,128,65.654
512,0,8,256,73.0037
512,0,8,512,90.049
512,0,8,1024,132.321
512,0,8,2048,219.49
512,0,8,4096,374.329
512,0,8,8192,632.816
512,0,8,16384,1149.04
512,0,16,16,75.0623
512,0,16,32,75.254
512,0,16,64,75.8087
512,0,16,128,91.009
512,0,16,256,105.761
512,0,16,512,138.124
512,0,16,1024,213.356
512,0,16,2048,361.23
512,0,16,4096,625.797
512,0,16,8192,1144.42
512,0,16,16384,2181.66
512,0,32,16,107.809
512,0,32,32,108.204
512,0,32,64,108.62
512,0,32,128,137.965
512,0,32,256,169.026
512,0,32,512,233.186
512,0,32,1024,370.724
512,0,32,2048,643.42
512,0,32,4096,1158.01
512,0,32,8192,2204.07
512,0,32,16384,4296.57
512,0,64,16,170.721
512,0,64,32,171.766
512,0,64,64,173.474
512,0,64,128,232.94
512,0,64,256,298.041
512,0,64,512,437.742
512,0,64,1024,722.099
512,0,64,2048,1261.1
512,0,64,4096,2428.21
512,0,64,8192,4677.89
512,0,64,16384,9357.18
512,16,0,0,48.331
512,16,1,16,49.259
512,16,1,32,49.3877
512,16,1,64,49.2163
512,16,1,128,50.1123
512,16,1,256,51.7767
512,16,1,512,52.6943
512,16,1,1024,69.42
512,16,1,2048,100.939
512,16,1,4096,164.738
512,16,1,8192,292.845
512,16,1,16384,550.266
512,16,2,16,51.8943
512,16,2,32,51.755
512,16,2,64,52.043
512,16,2,128,53.664
512,16,2,256,55.7763
512,16,2,512,59.2853
512,16,2,1024,80.3733
512,16,2,2048,111.809
512,16,2,4096,176.087
512,16,2,8192,304.281
512,16,2,16384,562.117
512,16,4,16,56.0753
512,16,4,32,56.1603
512,16,4,64,56.4273
512,16,4,128,60.2667
512,16,4,256,63.8833
512,16,4,512,70.412
512,16,4,1024,96.6087
512,16,4,2048,149.633
512,16,4,4096,277.485
512,16,4,8192,420.878
512,16,4,16384,685.905
512,16,8,16,65.2483
512,16,8,32,65.3017
512,16,8,64,65.27
512,16,8,128,72.6403
512,16,8,256,79.841
512,16,8,512,94.401
512,16,8,1024,136.023
512,16,8,2048,220.76
512,16,8,4096,387.066
512,16,8,8192,642.405
512,16,8,16384,1161.36
512,16,16,16,81.9423
512,16,16,32,82.4007
512,16,16,64,82.742
512,16,16,128,97.3877
512,16,16,256,112.971
512,16,16,512,141.996
512,16,16,1024,214.84
512,16,16,2048,362.5
512,16,16,4096,635.857
512,16,16,8192,1154.02
512,16,16,16384,2190.96
512,16,32,16,114.465
512,16,32,32,114.743
512,16,32,64,115.734
512,16,32,128,144.897
512,16,32,256,176.578
512,16,32,512,238.339
512,16,32,1024,374.681
512,16,32,2048,651.057
512,16,32,4096,1167.84
512,16,32,8192,2211.11
512,16,32,16384,4300.42
512,16,64,16,177.9
512,16,64,32,178.914
512,16,64,64,180.514
512,16,64,128,240.173
512,16,64,256,304.962
512,16,64,512,441.775
512,16,64,1024,724.05
512,16,64,2048,1267.99
512,16,64,4096,2423.14
512,16,64,8192,4680.16
512,16,64,16384,9351.37
512,32,0,0,48.2773
512,32,1,16,49.4083
512,32,1,32,49.4187
512,32,1,64,49.3763
512,32,1,128,49.7603
512,32,1,256,51.5743
512,32,1,512,52.555
512,32,1,1024,69.2267
512,32,1,2048,101.121
512,32,1,4096,165.505
512,32,1,8192,293.251
512,32,1,16384,548.624
512,32,2,16,52.171
512,32,2,32,51.9683
512,32,2,64,51.7763
512,32,2,128,53.515
512,32,2,256,55.8193
512,32,2,512,59.2317
512,32,2,1024,79.9907
512,32,2,2048,111.883
512,32,2,4096,176.417
512,32,2,8192,304.962
512,32,2,16384,561.712
512,32,4,16,55.979
512,32,4,32,56.2667
512,32,4,64,56.3523
512,32,4,128,59.798
512,32,4,256,63.4563
512,32,4,512,70.7417
512,32,4,1024,96.865
512,32,4,2048,148.886
512,32,4,4096,277.335
512,32,4,8192,422.787
512,32,4,16384,680.22
512,32,8,16,65.1533
512,32,8,32,65.025
512,32,8,64,65.515
512,32,8,128,72.576
512,32,8,256,80.7263
512,32,8,512,94.8173
512,32,8,1024,136.257
512,32,8,2048,221.122
512,32,8,4096,386.286
512,32,8,8192,643.675
512,32,8,16384,1160.89
512,32,16,16,81.537
512,32,16,32,82.0493
512,32,16,64,83.0083
512,32,16,128,97.174
512,32,16,256,112.619
512,32,16,512,142.828
512,32,16,1024,215.245
512,32,16,2048,362.776
512,32,16,4096,636.038
512,32,16,8192,1153.73
512,32,16,16384,2190.87
512,32,32,16,114.742
512,32,32,32,114.966
512,32,32,64,115.596
512,32,32,128,145.409
512,32,32,256,176.268
512,32,32,512,237.869
512,32,32,1024,374.543
512,32,32,2048,650.469
512,32,32,4096,1166.9
512,32,32,8192,2210.2
512,32,32,16384,4300.82
512,32,64,16,178.071
512,32,64,32,178.914
512,32,64,64,180.439
512,32,64,128,240.343
512,32,64,256,305.198
512,32,64,512,441.828
512,32,64,1024,724.445
512,32,64,2048,1268
512,32,64,4096,2425.92
512,32,64,8192,4677.39
512,32,64,16384,9328.7
512,64,0,0,48.5333
512,64,1,16,49.643
512,64,1,32,49.4403
512,64,1,64,49.8453
512,64,1,128,50.209
512,64,1,256,51.9363
512,64,1,512,52.4593
512,64,1,1024,69.1523
512,64,1,2048,100.833
512,64,1,4096,165.143
512,64,1,8192,293.08
512,64,1,16384,549.37
512,64,2,16,51.926
512,64,2,32,52.0113
512,64,2,64,52.0107
512,64,2,128,53.6223
512,64,2,256,55.9577
512,64,2,512,59.403
512,64,2,1024,80.054
512,64,2,2048,112.066
512,64,2,4096,175.884
512,64,2,8192,304.066
512,64,2,16384,560.986
512,64,4,16,56.8007
512,64,4,32,56.4587
512,64,4,64,56.5767
512,64,4,128,60.5663
512,64,4,256,64.161
512,64,4,512,70.7637
512,64,4,1024,96.7793
512,64,4,2048,149.516
512,64,4,4096,276.771
512,64,4,8192,422.936
512,64,4,16384,678.278
512,64,8,16,65.0563
512,64,8,32,65.2593
512,64,8,64,65.4827
512,64,8,128,72.715
512,64,8,256,80.2667
512,64,8,512,94.2833
512,64,8,1024,136.3
512,64,8,2048,220.503
512,64,8,4096,386.563
512,64,8,8192,643.655
512,64,8,16384,1161.82
512,64,16,16,82.241
512,64,16,32,82.0487
512,64,16,64,82.699
512,64,16,128,97.5903
512,64,16,256,112.779
512,64,16,512,141.815
512,64,16,1024,214.647
512,64,16,2048,362.606
512,64,16,4096,636.741
512,64,16,8192,1153.39
512,64,16,16384,2191.75
512,64,32,16,114.369
512,64,32,32,115.435
512,64,32,64,116.011
512,64,32,128,144.982
512,64,32,256,176.599
512,64,32,512,238.925
512,64,32,1024,375.065
512,64,32,2048,650.278
512,64,32,4096,1167.33
512,64,32,8192,2210.42
512,64,32,16384,4297.88
512,64,64,16,178.285
512,64,64,32,179.106
512,64,64,64,180.428
512,64,64,128,240.226
512,64,64,256,305.111
512,64,64,512,441.348
512,64,64,1024,724.316
512,64,64,2048,1267.35
512,64,64,4096,2422.64
512,64,64,8192,4669.53
512,64,64,16384,9302.1
512,128,0,0,50.528
512,128,1,16,52.662
512,128,1,32,52.6407
512,128,1,64,52.587
512,128,1,128,54.3687
512,128,1,256,55.937
512,128,1,512,57.441
512,128,1,1024,73.665
512,128,1,2048,105.814
512,128,1,4096,169.623
512,128,1,8192,297.742
512,128,1,16384,554.874
512,128,2,16,55.659
512,128,2,32,55.638
512,128,2,64,55.6913
512,128,2,128,57.8243
512,128,2,256,60.0427
512,128,2,512,62.956
512,128,2,1024,81.9633
512,128,2,2048,117.388
512,128,2,4096,181.815
512,128,2,8192,310.093
512,128,2,16384,567.461
512,128,4,16,59.5527
512,128,4,32,59.7557
512,128,4,64,59.808
512,128,4,128,63.499
512,128,4,256,67.2967
512,128,4,512,72.9713
512,128,4,1024,100.407
512,128,4,2048,154.764
512,128,4,4096,277.603
512,128,4,8192,441.998
512,128,4,16384,700.635
512,128,8,16,68.8107
512,128,8,32,68.8223
512,128,8,64,69.2063
512,128,8,128,76.4913
512,128,8,256,84.0863
512,128,8,512,98.1127
512,128,8,1024,139.649
512,128,8,2048,223.287
512,128,8,4096,403.129
512,128,8,8192,657.914
512,128,8,16384,1172.9
512,128,16,16,85.6753
512,128,16,32,86.048
512,128,16,64,86.497
512,128,16,128,101.665
512,128,16,256,116.844
512,128,16,512,145.761
512,128,16,1024,219.266
512,128,16,2048,365.839
512,128,16,4096,644.752
512,128,16,8192,1163.21
512,128,16,16384,2197.28
512,128,32,16,118.518
512,128,32,32,119.073
512,128,32,64,119.489
512,128,32,128,149.324
512,128,32,256,180.673
512,128,32,512,241.25
512,128,32,1024,378.307
512,128,32,2048,654.192
512,128,32,4096,1173.2
512,128,32,8192,2216.52
512,128,32,16384,4303.96
512,128,64,16,182.391
512,128,64,32,183.511
512,128,64,64,184.439
512,128,64,128,245.335
512,128,64,256,309.486
512,128,64,512,445.988
512,128,64,1024,727.558
512,128,64,2048,1271.02
512,128,64,4096,2427.64
512,128,64,8192,4685.05
512,128,64,16384,9330.91
512,256,0,0,58.9017
512,256,1,16,63.8823
512,256,1,32,63.6913
512,256,1,64,63.787
512,256,1,128,64.7783
512,256,1,256,65.4733
512,256,1,512,68.6403
512,256,1,1024,81.4513
512,256,1,2048,113.526
512,256,1,4096,177.538
512,256,1,8192,306.008
512,256,1,16384,562.458
512,256,2,16,65.6007
512,256,2,32,66.048
512,256,2,64,65.516
512,256,2,128,68.7463
512,256,2,256,70.166
512,256,2,512,74.1977
512,256,2,1024,88.193
512,256,2,2048,127.116
512,256,2,4096,190.956
512,256,2,8192,319.405
512,256,2,16384,575.237
512,256,4,16,69.8883
512,256,4,32,69.9733
512,256,4,64,70.2083
512,256,4,128,74.0807
512,256,4,256,77.5897
512,256,4,512,83.7437
512,256,4,1024,107.83
512,256,4,2048,162.423
512,256,4,4096,278.221
512,256,4,8192,480.43
512,256,4,16384,738.342
512,256,8,16,78.9977
512,256,8,32,79.233
512,256,8,64,79.67
512,256,8,128,87.2857
512,256,8,256,94.262
512,256,8,512,108.395
512,256,8,1024,147.468
512,256,8,2048,233.453
512,256,8,4096,412.089
512,256,8,8192,681.948
512,256,8,16384,1196.86
512,256,16,16,96.2677
512,256,16,32,96.182
512,256,16,64,96.5977
512,256,16,128,112.15
512,256,16,256,127.948
512,256,16,512,157.462
512,256,16,1024,226.69
512,256,16,2048,372.398
512,256,16,4096,666.758
512,256,16,8192,1181.62
512,256,16,16384,2237.4
512,256,32,16,129.111
512,256,32,32,129.782
512,256,32,64,130.69
512,256,32,128,160.598
512,256,32,256,192.279
512,256,32,512,253.026
512,256,32,1024,386.243
512,256,32,2048,661.093
512,256,32,4096,1188.79
512,256,32,8192,2228.76
512,256,32,16384,4316.78
512,256,64,16,193.067
512,256,64,32,194.348
512,256,64,64,195.767
512,256,64,128,255.618
512,256,64,256,320.984
512,256,64,512,456.729
512,256,64,1024,734.236
512,256,64,2048,1283.14
512,256,64,4096,2430.87
512,256,64,8192,4678.54
512,256,64,16384,9293.94
512,512,0,0,75.499
512,512,1,16,84.235
512,512,1,32,84.47
512,512,1,64,84.0543
512,512,1,128,84.9293
512,512,1,256,87.2757
512,512,1,512,89.601
512,512,1,1024,95.4247
512,512,1,2048,129.462
512,512,1,4096,193.559
512,512,1,8192,321.922
512,512,1,16384,578.565
512,512,2,16,86.2613
512,512,2,32,86.721
512,512,2,64,85.91
512,512,2,128,88.2247
512,512,2,256,90.368
512,512,2,512,94.4543
512,512,2,1024,103.723
512,512,2,2048,145.889
512,512,2,4096,210.156
512,512,2,8192,338.467
512,512,2,16384,594.98
512,512,4,16,90.443
512,512,4,32,90.55
512,512,4,64,90.38
512,512,4,128,94.9763
512,512,4,256,98.849
512,512,4,512,106.592
512,512,4,1024,119.863
512,512,4,2048,177.591
512,512,4,4096,280.536
512,512,4,8192,539.567
512,512,4,16384,811.345
512,512,8,16,99.7123
512,512,8,32,100.022
512,512,8,64,100.662
512,512,8,128,108.363
512,512,8,256,115.627
512,512,8,512,130.892
512,512,8,1024,160.204
512,512,8,2048,246.124
512,512,8,4096,415.181
512,512,8,8192,730.694
512,512,8,16384,1246.9
512,512,16,16,116.673
512,512,16,32,116.94
512,512,16,64,117.366
512,512,16,128,133.569
512,512,16,256,149.313
512,512,16,512,180.418
512,512,16,1024,240.173
512,512,16,2048,389.144
512,512,16,4096,684.891
512,512,16,8192,1220.28
512,512,16,16384,2254.98
512,512,32,16,149.963
512,512,32,32,150.902
512,512,32,64,151.489
512,512,32,128,182.274
512,512,32,256,214.082
512,512,32,512,276.717
512,512,32,1024,400.398
512,512,32,2048,676.219
512,512,32,4096,1224.11
512,512,32,8192,2261.14
512,512,32,16384,4346.76
512,512,64,16,214.967
512,512,64,32,216.172
512,512,64,64,217.355
512,512,64,128,278.231
512,512,64,256,343.682
512,512,64,512,479.898
512,512,64,1024,749.809
512,512,64,2048,1311.11
512,512,64,4096,2444.3
512,512,64,8192,4710.93
512,512,64,16384,9281.23
512,1024,0,0,108.172
512,1024,1,16,116.865
512,1024,1,32,117.493
512,1024,1,64,117.238
512,1024,1,128,124.993
512,1024,1,256,132.565
512,1024,1,512,133.099
512,1024,1,1024,137.889
512,1024,1,2048,159.958
512,1024,1,4096,226.273
512,1024,1,8192,353.432
512,1024,1,16384,611.066
512,1024,2,16,120.833
512,1024,2,32,120.567
512,1024,2,64,121.239
512,1024,2,128,132.929
512,1024,2,256,135.041
512,1024,2,512,138.583
512,1024,2,1024,142.764
512,1024,2,2048,169.025
512,1024,2,4096,244.524
512,1024,2,8192,372.461
512,1024,2,16384,629.339
512,1024,4,16,130.785
512,1024,4,32,130.678
512,1024,4,64,131.435
512,1024,4,128,137.985
512,1024,4,256,141.889
512,1024,4,512,147.052
512,1024,4,1024,157.633
512,1024,4,2048,204.63
512,1024,4,4096,318.744
512,1024,4,8192,539.578
512,1024,4,16384,977.768
512,1024,8,16,141.975
512,1024,8,32,141.75
512,1024,8,64,142.209
512,1024,8,128,149.452
512,1024,8,256,156.918
512,1024,8,512,172.481
512,1024,8,1024,208.525
512,1024,8,2048,274.882
512,1024,8,4096,452.687
512,1024,8,8192,801.414
512,1024,8,16384,1345.29
512,1024,16,16,158.379
512,1024,16,32,158.86
512,1024,16,64,159.116
512,1024,16,128,174.273
512,1024,16,256,191.234
512,1024,16,512,222.433
512,1024,16,1024,285.143
512,1024,16,2048,416.953
512,1024,16,4096,707.131
512,1024,16,8192,1300.38
512,1024,16,16384,2335.28
512,1024,32,16,192.002
512,1024,32,32,192.321
512,1024,32,64,192.684
512,1024,32,128,225.089
512,1024,32,256,258.157
512,1024,32,512,320.834
512,1024,32,1024,444.846
512,1024,32,2048,706.927
512,1024,32,4096,1278.09
512,1024,32,8192,2332.31
512,1024,32,16384,4400.09
512,1024,64,16,258.37
512,1024,64,32,259.191
512,1024,64,64,260.631
512,1024,64,128,322.595
512,1024,64,256,388.344
512,1024,64,512,523.929
512,1024,64,1024,792.688
512,1024,64,2048,1424.1
512,1024,64,4096,2501.74
512,1024,64,8192,4758.5
512,1024,64,16384,9351.63
512,2048,0,0,171.767
512,2048,1,16,180.897
512,2048,1,32,181.238
512,2048,1,64,181.815
512,2048,1,128,188.514
512,2048,1,256,196.706
512,2048,1,512,212.823
512,2048,1,1024,230.018
512,2048,1,2048,234.317
512,2048,1,4096,287.213
512,2048,1,8192,419.193
512,2048,1,16384,674.161
512,2048,2,16,184.535
512,2048,2,32,184.534
512,2048,2,64,184.225
512,2048,2,128,195.82
512,2048,2,256,208.311
512,2048,2,512,227.105
512,2048,2,1024,233.314
512,2048,2,2048,237.388
512,2048,2,4096,295.234
512,2048,2,8192,435.332
512,2048,2,16384,693.476
512,2048,4,16,193.623
512,2048,4,32,193.495
512,2048,4,64,193.708
512,2048,4,128,209.72
512,2048,4,256,226.605
512,2048,4,512,233.75
512,2048,4,1024,241.517
512,2048,4,2048,252.215
512,2048,4,4096,364.311
512,2048,4,8192,605.763
512,2048,4,16384,1059.37
512,2048,8,16,211.703
512,2048,8,32,212.929
512,2048,8,64,213.538
512,2048,8,128,234.872
512,2048,8,256,243.383
512,2048,8,512,255.756
512,2048,8,1024,284.141
512,2048,8,2048,337.698
512,2048,8,4096,499.098
512,2048,8,8192,844.219
512,2048,8,16384,1558.09
512,2048,16,16,241.729
512,2048,16,32,242.423
512,2048,16,64,242.786
512,2048,16,128,257.559
512,2048,16,256,272.557
512,2048,16,512,307.16
512,2048,16,1024,366.008
512,2048,16,2048,477.892
512,2048,16,4096,771.878
512,2048,16,8192,1406.79
512,2048,16,16384,2574.82
512,2048,32,16,274.604
512,2048,32,32,274.573
512,2048,32,64,276.076
512,2048,32,128,306.231
512,2048,32,256,341.208
512,2048,32,512,406.445
512,2048,32,1024,529.337
512,2048,32,2048,771.909
512,2048,32,4096,1366.23
512,2048,32,8192,3010.73
512,2048,32,16384,5644.99
512,2048,64,16,341.303
512,2048,64,32,341.731
512,2048,64,64,344.024
512,2048,64,128,407.491
512,2048,64,256,474.552
512,2048,64,512,610.32
512,2048,64,1024,876.86
512,2048,64,2048,1540.72
512,2048,64,4096,4126.9
512,2048,64,8192,6755.13
512,2048,64,16384,9815.52
512,4096,0,0,297.879
512,4096,1,16,306.893
512,4096,1,32,306.605
512,4096,1,64,307.064
512,4096,1,128,314.317
512,4096,1,256,322.883
512,4096,1,512,338.989
512,4096,1,1024,370.733
512,4096,1,2048,420.238
512,4096,1,4096,424.813
512,4096,1,8192,541.583
512,4096,1,16384,801.135
512,4096,2,16,310.029
512,4096,2,32,310.071
512,4096,2,64,310.274
512,4096,2,128,322.029
512,4096,2,256,335.309
512,4096,2,512,358.019
512,4096,2,1024,407.053
512,4096,2,2048,422.99
512,4096,2,4096,428.44
512,4096,2,8192,551.109
512,4096,2,16384,820.475
512,4096,4,16,320.098
512,4096,4,32,319.693
512,4096,4,64,320.354
512,4096,4,128,336.28
512,4096,4,256,353.058
512,4096,4,512,385.325
512,4096,4,1024,419.843
512,4096,4,2048,432.857
512,4096,4,4096,442.446
512,4096,4,8192,685.551
512,4096,4,16384,1188.4
512,4096,8,16,338.508
512,4096,8,32,339.223
512,4096,8,64,339.447
512,4096,8,128,366.146
512,4096,8,256,392.568
512,4096,8,512,427.662
512,4096,8,1024,449.613
512,4096,8,2048,507.631
512,4096,8,4096,590.533
512,4096,8,8192,949.373
512,4096,8,16384,1617.48
512,4096,16,16,377.23
512,4096,16,32,378.051
512,4096,16,64,378.915
512,4096,16,128,423.95
512,4096,16,256,442.765
512,4096,16,512,472.014
512,4096,16,1024,538.394
512,4096,16,2048,654.478
512,4096,16,4096,862.598
512,4096,16,8192,1508.47
512,4096,16,16384,3130.42
512,4096,32,16,448.461
512,4096,32,32,443.299
512,4096,32,64,444.686
512,4096,32,128,472.696
512,4096,32,256,504.344
512,4096,32,512,571.023
512,4096,32,1024,702.405
512,4096,32,2048,945.617
512,4096,32,4096,1459.65
512,4096,32,8192,3324.3
512,4096,32,16384,7544.76
512,4096,64,16,505.86
512,4096,64,32,507.193
512,4096,64,64,507.47
512,4096,64,128,571.321
512,4096,64,256,642.159
512,4096,64,512,779.889
512,4096,64,1024,1054.73
512,4096,64,2048,1661.94
512,4096,64,4096,3214.25
512,4096,64,8192,8645.21
512,4096,64,16384,17040.9
512,8192,0,0,553.529
512,8192,1,16,560.633
512,8192,1,32,560.793
512,8192,1,64,561.006
512,8192,1,128,568.568
512,8192,1,256,577.018
512,8192,1,512,592.537
512,8192,1,1024,624.537
512,8192,1,2048,689.146
512,8192,1,4096,803.121
512,8192,1,8192,807.963
512,8192,1,16384,1055.69
512,8192,2,16,565.092
512,8192,2,32,564.473
512,8192,2,64,564.75
512,8192,2,128,576.388
512,8192,2,256,588.399
512,8192,2,512,611.844
512,8192,2,1024,659.408
512,8192,2,2048,755.237
512,8192,2,4096,805.744
512,8192,2,8192,813.722
512,8192,2,16384,1065.82
512,8192,4,16,573.806
512,8192,4,32,574.542
512,8192,4,64,574.436
512,8192,4,128,590.308
512,8192,4,256,607.204
512,8192,4,512,638.821
512,8192,4,1024,705.456
512,8192,4,2048,804.668
512,8192,4,4096,817.616
512,8192,4,8192,823.504
512,8192,4,16384,1333.5
512,8192,8,16,593.082
512,8192,8,32,593.209
512,8192,8,64,593.742
512,8192,8,128,620.005
512,8192,8,256,645.413
512,8192,8,512,701.83
512,8192,8,1024,807.078
512,8192,8,2048,833.499
512,8192,8,4096,953.372
512,8192,8,8192,1099.4
512,8192,8,16384,1875.96
512,8192,16,16,631.024
512,8192,16,32,633.509
512,8192,16,64,633.732
512,8192,16,128,678.096
512,8192,16,256,724.869
512,8192,16,512,810.618
512,8192,16,1024,863.003
512,8192,16,2048,990.811
512,8192,16,4096,1231.15
512,8192,16,8192,1641.48
512,8192,16,16384,2970.56
512,8192,32,16,708.847
512,8192,32,32,709.851
512,8192,32,64,711.908
512,8192,32,128,794.32
512,8192,32,256,846.022
512,8192,32,512,904.082
512,8192,32,1024,1031.59
512,8192,32,2048,1300.85
512,8192,32,4096,1800.93
512,8192,32,8192,2834.76
512,8192,32,16384,7816.17
512,8192,64,16,844.273
512,8192,64,32,845.926
512,8192,64,64,846.629
512,8192,64,128,905.18
512,8192,64,256,972.059
512,8192,64,512,1108.18
512,8192,64,1024,1391.11
512,8192,64,2048,1998.37
512,8192,64,4096,3679.72
512,8192,64,8192,8132.39
512,8192,64,16384,17203.7
512,16384,0,0,1068.47
512,16384,1,16,1074.03
512,16384,1,32,1073.4
512,16384,1,64,1073.6
512,16384,1,128,1079.98
512,16384,1,256,1089.7
512,16384,1,512,1105.13
512,16384,1,1024,1138.14
512,16384,1,2048,1204.55
512,16384,1,4096,1328.87
512,16384,1,8192,1571.19
512,16384,1,16384,1577.41
512,16384,2,16,1078.6
512,16384,2,32,1077.42
512,16384,2,64,1076.73
512,16384,2,128,1087.74
512,16384,2,256,1102.1
512,16384,2,512,1124.57
512,16384,2,1024,1170.55
512,16384,2,2048,1266.56
512,16384,2,4096,1460.94
512,16384,2,8192,1572.11
512,16384,2,16384,1583.02
512,16384,4,16,1086.43
512,16384,4,32,1086.75
512,16384,4,64,1085.52
512,16384,4,128,1100.7
512,16384,4,256,1119.35
512,16384,4,512,1152.53
512,16384,4,1024,1215.86
512,16384,4,2048,1342.32
512,16384,4,4096,1570.57
512,16384,4,8192,1585.46
512,16384,4,16384,1609.49
512,16384,8,16,1103.15
512,16384,8,32,1102.75
512,16384,8,64,1105.31
512,16384,8,128,1129.55
512,16384,8,256,1153.59
512,16384,8,512,1216.26
512,16384,8,1024,1325.52
512,16384,8,2048,1549
512,16384,8,4096,1606.19
512,16384,8,8192,1855.22
512,16384,8,16384,2143.61
512,16384,16,16,1149.34
512,16384,16,32,1142.48
512,16384,16,64,1143.13
512,16384,16,128,1187.41
512,16384,16,256,1234.9
512,16384,16,512,1327.12
512,16384,16,1024,1502.4
512,16384,16,2048,1656.3
512,16384,16,4096,1885.83
512,16384,16,8192,2402.22
512,16384,16,16384,3196.75
512,16384,32,16,1221.58
512,16384,32,32,1222.97
512,16384,32,64,1223.93
512,16384,32,128,1306.35
512,16384,32,256,1393.2
512,16384,32,512,1563.6
512,16384,32,1024,1704.46
512,16384,32,2048,1948.32
512,16384,32,4096,2528.81
512,16384,32,8192,3528.11
512,16384,32,16384,5659.95
512,16384,64,16,1375.74
512,16384,64,32,1380
512,16384,64,64,1379.55
512,16384,64,128,1539.33
512,16384,64,256,1650.6
512,16384,64,512,1774.81
512,16384,64,1024,2047.52
512,16384,64,2048,2650.13
512,16384,64,4096,4577.01
512,16384,64,8192,8531.05
512,16384,64,16384,17041.2
1024,0,0,0,110.069
1024,0,1,16,111.851
1024,0,1,32,112.118
1024,0,1,64,111.968
1024,0,1,128,112.65
1024,0,1,256,114.604
1024,0,1,512,116.769
1024,0,1,1024,120.214
1024,0,1,2048,156.94
1024,0,1,4096,222.796
1024,0,1,8192,350.925
1024,0,1,16384,607.448
1024,0,2,16,114.902
1024,0,2,32,115.094
1024,0,2,64,115.233
1024,0,2,128,117.526
1024,0,2,256,118.902
1024,0,2,512,122.913
1024,0,2,1024,132.406
1024,0,2,2048,173.996
1024,0,2,4096,248.577
1024,0,2,8192,376.152
1024,0,2,16384,632.366
1024,0,4,16,120.139
1024,0,4,32,120.118
1024,0,4,64,119.937
1024,0,4,128,124.182
1024,0,4,256,127.734
1024,0,4,512,135.819
1024,0,4,1024,152.225
1024,0,4,2048,207.575
1024,0,4,4096,315.17
1024,0,4,8192,543.225
1024,0,4,16384,922.822
1024,0,8,16,132.534
1024,0,8,32,132.321
1024,0,8,64,132.652
1024,0,8,128,140.257
1024,0,8,256,148.236
1024,0,8,512,163.777
1024,0,8,1024,195.063
1024,0,8,2048,280.002
1024,0,8,4096,448.099
1024,0,8,8192,802.96
1024,0,8,16384,1321.95
1024,0,16,16,155.372
1024,0,16,32,155.51
1024,0,16,64,155.862
1024,0,16,128,171.126
1024,0,16,256,187.308
1024,0,16,512,218.583
1024,0,16,1024,280.204
1024,0,16,2048,427.395
1024,0,16,4096,720.239
1024,0,16,8192,1278.48
1024,0,16,16384,2325.42
1024,0,32,16,200.321
1024,0,32,32,200.62
1024,0,32,64,201.366
1024,0,32,128,232.055
1024,0,32,256,263.532
1024,0,32,512,326.028
1024,0,32,1024,451.245
1024,0,32,2048,725.157
1024,0,32,4096,1278.41
1024,0,32,8192,2315.89
1024,0,32,16384,4392.67
1024,0,64,16,288.823
1024,0,64,32,289.847
1024,0,64,64,291.564
1024,0,64,128,351.746
1024,0,64,256,416.899
1024,0,64,512,551.897
1024,0,64,1024,820.283
1024,0,64,2048,1393.1
1024,0,64,4096,2514.65
1024,0,64,8192,4774.84
1024,0,64,16384,9352.87
1024,16,0,0,120.129
1024,16,1,16,122.913
1024,16,1,32,122.326
1024,16,1,64,122.56
1024,16,1,128,123.606
1024,16,1,256,124.726
1024,16,1,512,127.489
1024,16,1,1024,130.369
1024,16,1,2048,164.3
1024,16,1,4096,231.478
1024,16,1,8192,359.075
1024,16,1,16384,615.342
1024,16,2,16,125.259
1024,16,2,32,125.441
1024,16,2,64,125.067
1024,16,2,128,127.148
1024,16,2,256,129.025
1024,16,2,512,132.918
1024,16,2,1024,140.022
1024,16,2,2048,180.802
1024,16,2,4096,259.371
1024,16,2,8192,387.106
1024,16,2,16384,642.425
1024,16,4,16,130.635
1024,16,4,32,130.902
1024,16,4,64,130.699
1024,16,4,128,134.528
1024,16,4,256,138.977
1024,16,4,512,146.689
1024,16,4,1024,160.94
1024,16,4,2048,216.172
1024,16,4,4096,321.997
1024,16,4,8192,549.209
1024,16,4,16384,965.489
1024,16,8,16,143.009
1024,16,8,32,143.105
1024,16,8,64,143.073
1024,16,8,128,151.02
1024,16,8,256,159.286
1024,16,8,512,173.857
1024,16,8,1024,203.329
1024,16,8,2048,288.002
1024,16,8,4096,455.085
1024,16,8,8192,808.196
1024,16,8,16384,1343.27
1024,16,16,16,165.846
1024,16,16,32,166.123
1024,16,16,64,166.251
1024,16,16,128,181.569
1024,16,16,256,198.113
1024,16,16,512,228.289
1024,16,16,1024,288.578
1024,16,16,2048,434.925
1024,16,16,4096,727.994
1024,16,16,8192,1293.39
1024,16,16,16384,2328.9
1024,16,32,16,210.977
1024,16,32,32,211.49
1024,16,32,64,212.257
1024,16,32,128,242.273
1024,16,32,256,274.477
1024,16,32,512,336.845
1024,16,32,1024,460.056
1024,16,32,2048,733.157
1024,16,32,4096,1288.23
1024,16,32,8192,2328.97
1024,16,32,16384,4402.33
1024,16,64,16,300.172
1024,16,64,32,300.748
1024,16,64,64,302.551
1024,16,64,128,362.69
1024,16,64,256,427.779
1024,16,64,512,562.584
1024,16,64,1024,829.423
1024,16,64,2048,1404.73
1024,16,64,4096,2521.49
1024,16,64,8192,4773.61
1024,16,64,16384,9354.13
1024,32,0,0,120.715
1024,32,1,16,122.764
1024,32,1,32,122.369
1024,32,1,64,122.881
1024,32,1,128,123.713
1024,32,1,256,124.224
1024,32,1,512,126.955
1024,32,1,1024,130.241
1024,32,1,2048,163.894
1024,32,1,4096,232.055
1024,32,1,8192,359.778
1024,32,1,16384,613.186
1024,32,2,16,124.864
1024,32,2,32,125.6
1024,32,2,64,125.804
1024,32,2,128,127.468
1024,32,2,256,130.006
1024,32,2,512,133.291
1024,32,2,1024,140.545
1024,32,2,2048,180.396
1024,32,2,4096,259.351
1024,32,2,8192,387.854
1024,32,2,16384,643.332
1024,32,4,16,130.218
1024,32,4,32,130.784
1024,32,4,64,130.764
1024,32,4,128,134.849
1024,32,4,256,139.905
1024,32,4,512,146.422
1024,32,4,1024,160.993
1024,32,4,2048,216.086
1024,32,4,4096,321.986
1024,32,4,8192,547.075
1024,32,4,16384,963.696
1024,32,8,16,142.87
1024,32,8,32,143.169
1024,32,8,64,143.308
1024,32,8,128,151.019
1024,32,8,256,158.86
1024,32,8,512,174.71
1024,32,8,1024,203.041
1024,32,8,2048,288.279
1024,32,8,4096,454.551
1024,32,8,8192,809.092
1024,32,8,16384,1348.14
1024,32,16,16,168.033
1024,32,16,32,166.507
1024,32,16,64,166.593
1024,32,16,128,181.495
1024,32,16,256,197.558
1024,32,16,512,228.951
1024,32,16,1024,289.068
1024,32,16,2048,435.255
1024,32,16,4096,728.516
1024,32,16,8192,1294.1
1024,32,16,16384,2327.45
1024,32,32,16,210.476
1024,32,32,32,211.19
1024,32,32,64,212.342
1024,32,32,128,242.508
1024,32,32,256,273.783
1024,32,32,512,336.898
1024,32,32,1024,459.63
1024,32,32,2048,733.082
1024,32,32,4096,1286.2
1024,32,32,8192,2328.73
1024,32,32,16384,4403.45
1024,32,64,16,300.279
1024,32,64,32,301.431
1024,32,64,64,302.807
1024,32,64,128,363.373
1024,32,64,256,430.349
1024,32,64,512,562.67
1024,32,64,1024,828.603
1024,32,64,2048,1404.23
1024,32,64,4096,2525.4
1024,32,64,8192,4785.04
1024,32,64,16384,9344.57
1024,64,0,0,121.164
1024,64,1,16,122.902
1024,64,1,32,122.731
1024,64,1,64,122.87
1024,64,1,128,123.947
1024,64,1,256,124.31
1024,64,1,512,127.083
1024,64,1,1024,130.316
1024,64,1,2048,164.481
1024,64,1,4096,230.86
1024,64,1,8192,359.106
1024,64,1,16384,614.468
1024,64,2,16,125.963
1024,64,2,32,125.996
1024,64,2,64,125.376
1024,64,2,128,127.841
1024,64,2,256,128.875
1024,64,2,512,133.537
1024,64,2,1024,140.459
1024,64,2,2048,180.95
1024,64,2,4096,259.095
1024,64,2,8192,386.743
1024,64,2,16384,644.388
1024,64,4,16,130.539
1024,64,4,32,131.254
1024,64,4,64,130.87
1024,64,4,128,134.881
1024,64,4,256,138.987
1024,64,4,512,146.433
1024,64,4,1024,161.163
1024,64,4,2048,215.767
1024,64,4,4096,321.548
1024,64,4,8192,546.637
1024,64,4,16384,963.76
1024,64,8,16,142.881
1024,64,8,32,143.702
1024,64,8,64,144.011
1024,64,8,128,151.222
1024,64,8,256,159.617
1024,64,8,512,174.561
1024,64,8,1024,203.489
1024,64,8,2048,288.172
1024,64,8,4096,454.583
1024,64,8,8192,807.332
1024,64,8,16384,1349.13
1024,64,16,16,165.985
1024,64,16,32,166.326
1024,64,16,64,166.326
1024,64,16,128,181.9
1024,64,16,256,197.59
1024,64,16,512,229.366
1024,64,16,1024,288.866
1024,64,16,2048,435.341
1024,64,16,4096,727.737
1024,64,16,8192,1296.47
1024,64,16,16384,2328.43
1024,64,32,16,211.585
1024,64,32,32,211.51
1024,64,32,64,212.054
1024,64,32,128,242.178
1024,64,32,256,274.509
1024,64,32,512,337.058
1024,64,32,1024,459.746
1024,64,32,2048,732.815
1024,64,32,4096,1287.95
1024,64,32,8192,2328.68
1024,64,32,16384,4404.55
1024,64,64,16,300.013
1024,64,64,32,301.143
1024,64,64,64,302.487
1024,64,64,128,362.978
1024,64,64,256,427.896
1024,64,64,512,562.808
1024,64,64,1024,828.73
1024,64,64,2048,1405.05
1024,64,64,4096,2525.93
1024,64,64,8192,4781.07
1024,64,64,16384,9354.76
1024,128,0,0,128.758
1024,128,1,16,130.209
1024,128,1,32,130.614
1024,128,1,64,130.902
1024,128,1,128,131.115
1024,128,1,256,132.278
1024,128,1,512,134.56
1024,128,1,1024,137.889
1024,128,1,2048,171.67
1024,128,1,4096,238.742
1024,128,1,8192,366.573
1024,128,1,16384,623.149
1024,128,2,16,132.555
1024,128,2,32,132.513
1024,128,2,64,132.438
1024,128,2,128,134.945
1024,128,2,256,137.089
1024,128,2,512,141.089
1024,128,2,1024,148.299
1024,128,2,2048,188.065
1024,128,2,4096,269.911
1024,128,2,8192,396.919
1024,128,2,16384,653.049
1024,128,4,16,138.219
1024,128,4,32,138.187
1024,128,4,64,138.709
1024,128,4,128,142.252
1024,128,4,256,146.07
1024,128,4,512,153.974
1024,128,4,1024,167.937
1024,128,4,2048,222.412
1024,128,4,4096,330.316
1024,128,4,8192,555.949
1024,128,4,16384,999.002
1024,128,8,16,150.518
1024,128,8,32,150.902
1024,128,8,64,151.094
1024,128,8,128,158.614
1024,128,8,256,166.924
1024,128,8,512,181.462
1024,128,8,1024,210.838
1024,128,8,2048,295.468
1024,128,8,4096,462.573
1024,128,8,8192,811.472
1024,128,8,16384,1365.78
1024,128,16,16,173.121
1024,128,16,32,173.537
1024,128,16,64,174.177
1024,128,16,128,189.142
1024,128,16,256,205.708
1024,128,16,512,236.875
1024,128,16,1024,296.844
1024,128,16,2048,443.352
1024,128,16,4096,735.919
1024,128,16,8192,1310.83
1024,128,16,16384,2344.81
1024,128,32,16,218.657
1024,128,32,32,219.147
1024,128,32,64,219.51
1024,128,32,128,250.113
1024,128,32,256,281.836
1024,128,32,512,345.506
1024,128,32,1024,469.666
1024,128,32,2048,741.273
1024,128,32,4096,1294.89
1024,128,32,8192,2341.35
1024,128,32,16384,4437.38
1024,128,64,16,307.885
1024,128,64,32,308.738
1024,128,64,64,310.166
1024,128,64,128,370.573
1024,128,64,256,436.077
1024,128,64,512,570.393
1024,128,64,1024,837.092
1024,128,64,2048,1416.91
1024,128,64,4096,2537.72
1024,128,64,8192,4793.78
1024,128,64,16384,9353.79
1024,256,0,0,146.593
1024,256,1,16,148.395
1024,256,1,32,147.83
1024,256,1,64,148.321
1024,256,1,128,149.259
1024,256,1,256,150.326
1024,256,1,512,151.958
1024,256,1,1024,156.502
1024,256,1,2048,184.759
1024,256,1,4096,255.638
1024,256,1,8192,383.639
1024,256,1,16384,639.416
1024,256,2,16,151.734
1024,256,2,32,151.414
1024,256,2,64,151.425
1024,256,2,128,153.1
1024,256,2,256,155.062
1024,256,2,512,160.054
1024,256,2,1024,166.145
1024,256,2,2048,203.041
1024,256,2,4096,283.436
1024,256,2,8192,418.625
1024,256,2,16384,673.966
1024,256,4,16,155.915
1024,256,4,32,155.733
1024,256,4,64,155.649
1024,256,4,128,160.491
1024,256,4,256,164.545
1024,256,4,512,171.499
1024,256,4,1024,186.806
1024,256,4,2048,237.815
1024,256,4,4096,345.602
1024,256,4,8192,569.208
1024,256,4,16384,1063.2
1024,256,8,16,168.342
1024,256,8,32,168.576
1024,256,8,64,168.876
1024,256,8,128,176.363
1024,256,8,256,184.577
1024,256,8,512,200.118
1024,256,8,1024,230.295
1024,256,8,2048,311.309
1024,256,8,4096,478.562
1024,256,8,8192,824.314
1024,256,8,16384,1417.47
1024,256,16,16,191.307
1024,256,16,32,191.734
1024,256,16,64,192.225
1024,256,16,128,208.118
1024,256,16,256,224.225
1024,256,16,512,255.522
1024,256,16,1024,315.703
1024,256,16,2048,458.989
1024,256,16,4096,751.012
1024,256,16,8192,1343.17
1024,256,16,16384,2377.84
1024,256,32,16,236.641
1024,256,32,32,237.59
1024,256,32,64,237.761
1024,256,32,128,268.663
1024,256,32,256,300.844
1024,256,32,512,363.757
1024,256,32,1024,487.512
1024,256,32,2048,756.954
1024,256,32,4096,1309.76
1024,256,32,8192,2368.02
1024,256,32,16384,4440.42
1024,256,64,16,326.413
1024,256,64,32,327.063
1024,256,64,64,328.183
1024,256,64,128,389.783
1024,256,64,256,454.786
1024,256,64,512,589.08
1024,256,64,1024,863.173
1024,256,64,2048,1444.8
1024,256,64,4096,2561.06
1024,256,64,8192,4795.79
1024,256,64,16384,9379.64
1024,512,0,0,182.636
1024,512,1,16,183.937
1024,512,1,32,183.542
1024,512,1,64,184.203
1024,512,1,128,185.228
1024,512,1,256,185.206
1024,512,1,512,187.852
1024,512,1,1024,192.715
1024,512,1,2048,214.252
1024,512,1,4096,285.388
1024,512,1,8192,416.482
1024,512,1,16384,670.745
1024,512,2,16,186.337
1024,512,2,32,186.55
1024,512,2,64,186.433
1024,512,2,128,188.523
1024,512,2,256,191.223
1024,512,2,512,195.649
1024,512,2,1024,203.051
1024,512,2,2048,231.468
1024,512,2,4096,316.289
1024,512,2,8192,460.184
1024,512,2,16384,715.171
1024,512,4,16,191.862
1024,512,4,32,192.203
1024,512,4,64,191.947
1024,512,4,128,196.662
1024,512,4,256,200.342
1024,512,4,512,208.481
1024,512,4,1024,223.041
1024,512,4,2048,267.585
1024,512,4,4096,377.826
1024,512,4,8192,594.989
1024,512,4,16384,1062.87
1024,512,8,16,203.969
1024,512,8,32,204.032
1024,512,8,64,203.926
1024,512,8,128,212.321
1024,512,8,256,220.823
1024,512,8,512,236.684
1024,512,8,1024,266.817
1024,512,8,2048,341.143
1024,512,8,4096,509.559
1024,512,8,8192,848.709
1024,512,8,16384,1510.18
1024,512,16,16,227.084
1024,512,16,32,227.553
1024,512,16,64,227.307
1024,512,16,128,243.479
1024,512,16,256,260.183
1024,512,16,512,292.236
1024,512,16,1024,353.485
1024,512,16,2048,489.154
1024,512,16,4096,780.111
1024,512,16,8192,1381.49
1024,512,16,16384,2466.72
1024,512,32,16,273.174
1024,512,32,32,273.688
1024,512,32,64,273.837
1024,512,32,128,305.399
1024,512,32,256,337.73
1024,512,32,512,401.08
1024,512,32,1024,526.007
1024,512,32,2048,786.34
1024,512,32,4096,1345.7
1024,512,32,8192,2566.9
1024,512,32,16384,4631.75
1024,512,64,16,363.255
1024,512,64,32,363.981
1024,512,64,64,365.378
1024,512,64,128,426.178
1024,512,64,256,491.831
1024,512,64,512,625.581
1024,512,64,1024,893.092
1024,512,64,2048,1495.47
1024,512,64,4096,2656.16
1024,512,64,8192,4858.08
1024,512,64,16384,9440.05
1024,1024,0,0,253.174
1024,1024,1,16,254.7
1024,1024,1,32,254.764
1024,1024,1,64,254.369
1024,1024,1,128,255.648
1024,1024,1,256,257.953
1024,1024,1,512,259.98
1024,1024,1,1024,265.292
1024,1024,1,2048,272.407
1024,1024,1,4096,342.913
1024,1024,1,8192,481.175
1024,1024,1,16384,737.924
1024,1024,2,16,256.94
1024,1024,2,32,256.545
1024,1024,2,64,256.598
1024,1024,2,128,259.713
1024,1024,2,256,262.316
1024,1024,2,512,267.639
1024,1024,2,1024,274.754
1024,1024,2,2048,290.177
1024,1024,2,4096,375.512
1024,1024,2,8192,538.295
1024,1024,2,16384,799.844
1024,1024,4,16,262.433
1024,1024,4,32,262.636
1024,1024,4,64,262.753
1024,1024,4,128,266.369
1024,1024,4,256,272.172
1024,1024,4,512,280.705
1024,1024,4,1024,296.779
1024,1024,4,2048,324.62
1024,1024,4,4096,439.831
1024,1024,4,8192,650.819
1024,1024,4,16384,1108.75
1024,1024,8,16,274.454
1024,1024,8,32,274.625
1024,1024,8,64,274.561
1024,1024,8,128,283.169
1024,1024,8,256,292.289
1024,1024,8,512,308.566
1024,1024,8,1024,339.298
1024,1024,8,2048,400.226
1024,1024,8,4096,572.067
1024,1024,8,8192,908.89
1024,1024,8,16384,1609.43
1024,1024,16,16,298.412
1024,1024,16,32,299.393
1024,1024,16,64,298.625
1024,1024,16,128,315.404
1024,1024,16,256,332.012
1024,1024,16,512,365.143
1024,1024,16,1024,427.49
1024,1024,16,2048,549.517
1024,1024,16,4096,845.679
1024,1024,16,8192,1437.77
1024,1024,16,16384,2746.59
1024,1024,32,16,344.513
1024,1024,32,32,345.09
1024,1024,32,64,345.654
1024,1024,32,128,377.047
1024,1024,32,256,410.722
1024,1024,32,512,474.871
1024,1024,32,1024,601.229
1024,1024,32,2048,849.135
1024,1024,32,4096,1441.11
1024,1024,32,8192,3393.07
1024,1024,32,16384,6504.83
1024,1024,64,16,436.545
1024,1024,64,32,436.813
1024,1024,64,64,439.565
1024,1024,64,128,500.792
1024,1024,64,256,565.997
1024,1024,64,512,699.523
1024,1024,64,1024,965.04
1024,1024,64,2048,1578.59
1024,1024,64,4096,3157.9
1024,1024,64,8192,5251.88
1024,1024,64,16384,9698.41
1024,2048,0,0,392.182
1024,2048,1,16,394.017
1024,2048,1,32,394.914
1024,2048,1,64,393.271
1024,2048,1,128,396.333
1024,2048,1,256,399.511
1024,2048,1,512,405.079
1024,2048,1,1024,411.447
1024,2048,1,2048,423.447
1024,2048,1,4096,459.65
1024,2048,1,8192,604.142
1024,2048,1,16384,863.939
1024,2048,2,16,398.135
1024,2048,2,32,397.985
1024,2048,2,64,396.962
1024,2048,2,128,402.071
1024,2048,2,256,403.458
1024,2048,2,512,411.576
1024,2048,2,1024,420.247
1024,2048,2,2048,434.411
1024,2048,2,4096,485.283
1024,2048,2,8192,667.085
1024,2048,2,16384,957.326
1024,2048,4,16,404.716
1024,2048,4,32,405.612
1024,2048,4,64,405.858
1024,2048,4,128,407.575
1024,2048,4,256,416.077
1024,2048,4,512,425.42
1024,2048,4,1024,440.493
1024,2048,4,2048,469.293
1024,2048,4,4096,552.824
1024,2048,4,8192,783.928
1024,2048,4,16384,1213.47
1024,2048,8,16,417.228
1024,2048,8,32,417.09
1024,2048,8,64,416.865
1024,2048,8,128,425.495
1024,2048,8,256,437.858
1024,2048,8,512,452.993
1024,2048,8,1024,485.175
1024,2048,8,2048,547.363
1024,2048,8,4096,690.743
1024,2048,8,8192,1041.59
1024,2048,8,16384,1716.26
1024,2048,16,16,438.978
1024,2048,16,32,440.802
1024,2048,16,64,441.186
1024,2048,16,128,458.497
1024,2048,16,256,475.906
1024,2048,16,512,508.024
1024,2048,16,1024,573.379
1024,2048,16,2048,701.251
1024,2048,16,4096,962.927
1024,2048,16,8192,1559.69
1024,2048,16,16384,3242.06
1024,2048,32,16,487.959
1024,2048,32,32,488.066
1024,2048,32,64,488.536
1024,2048,32,128,520.376
1024,2048,32,256,553.902
1024,2048,32,512,620.269
1024,2048,32,1024,749.497
1024,2048,32,2048,1000.49
1024,2048,32,4096,1545.2
1024,2048,32,8192,4144.93
1024,2048,32,16384,8116.84
1024,2048,64,16,579.106
1024,2048,64,32,580.675
1024,2048,64,64,581.922
1024,2048,64,128,647.81
1024,2048,64,256,712.365
1024,2048,64,512,843.608
1024,2048,64,1024,1110.62
1024,2048,64,2048,1735.2
1024,2048,64,4096,4472.59
1024,2048,64,8192,8844.68
1024,2048,64,16384,17076.8
1024,4096,0,0,652.888
1024,4096,1,16,657.165
1024,4096,1,32,659.053
1024,4096,1,64,657.581
1024,4096,1,128,661.294
1024,4096,1,256,665.764
1024,4096,1,512,672.034
1024,4096,1,1024,693.464
1024,4096,1,2048,718.318
1024,4096,1,4096,741.069
1024,4096,1,8192,842.691
1024,4096,1,16384,1114.25
1024,4096,2,16,659.427
1024,4096,2,32,658.957
1024,4096,2,64,659.587
1024,4096,2,128,663.032
1024,4096,2,256,667.17
1024,4096,2,512,683.159
1024,4096,2,1024,714.105
1024,4096,2,2048,736.771
1024,4096,2,4096,754.744
1024,4096,2,8192,867.832
1024,4096,2,16384,1241.85
1024,4096,4,16,663.98
1024,4096,4,32,661.496
1024,4096,4,64,662.638
1024,4096,4,128,673.839
1024,4096,4,256,678.542
1024,4096,4,512,695.747
1024,4096,4,1024,734.627
1024,4096,4,2048,756.729
1024,4096,4,4096,787.022
1024,4096,4,8192,1001.87
1024,4096,4,16384,1477.5
1024,4096,8,16,671.725
1024,4096,8,32,671.597
1024,4096,8,64,670.872
1024,4096,8,128,683.683
1024,4096,8,256,700.653
1024,4096,8,512,740.174
1024,4096,8,1024,773.646
1024,4096,8,2048,835.759
1024,4096,8,4096,934.819
1024,4096,8,8192,1268.44
1024,4096,8,16384,1947.69
1024,4096,16,16,696.781
1024,4096,16,32,697.144
1024,4096,16,64,698.169
1024,4096,16,128,729.08
1024,4096,16,256,762.35
1024,4096,16,512,799.534
1024,4096,16,1024,862.084
1024,4096,16,2048,990.031
1024,4096,16,4096,1259.58
1024,4096,16,8192,1808.06
1024,4096,16,16384,3111.08
1024,4096,32,16,762.083
1024,4096,32,32,763.918
1024,4096,32,64,764.782
1024,4096,32,128,809.284
1024,4096,32,256,839.758
1024,4096,32,512,909.87
1024,4096,32,1024,1037.72
1024,4096,32,2048,1297.49
1024,4096,32,4096,1819.07
1024,4096,32,8192,3884.86
1024,4096,32,16384,8482.47
1024,4096,64,16,866.435
1024,4096,64,32,866.958
1024,4096,64,64,868.761
1024,4096,64,128,931.108
1024,4096,64,256,999.748
1024,4096,64,512,1134.39
1024,4096,64,1024,1405.34
1024,4096,64,2048,1935.69
1024,4096,64,4096,3479.75
1024,4096,64,8192,8939.99
1024,4096,64,16384,17620
1024,8192,0,0,1163.99
1024,8192,1,16,1164.55
1024,8192,1,32,1164.52
1024,8192,1,64,1164.15
1024,8192,1,128,1167.52
1024,8192,1,256,1171.51
1024,8192,1,512,1180.15
1024,8192,1,1024,1198.51
1024,8192,1,2048,1262.12
1024,8192,1,4096,1349.05
1024,8192,1,8192,1376.71
1024,8192,1,16384,1608.22
1024,8192,2,16,1165.77
1024,8192,2,32,1164.28
1024,8192,2,64,1165.35
1024,8192,2,128,1170.84
1024,8192,2,256,1174.8
1024,8192,2,512,1189.72
1024,8192,2,1024,1220.83
1024,8192,2,2048,1284.56
1024,8192,2,4096,1370.11
1024,8192,2,8192,1387.1
1024,8192,2,16384,1631.33
1024,8192,4,16,1167.86
1024,8192,4,32,1168.79
1024,8192,4,64,1168.22
1024,8192,4,128,1176.86
1024,8192,4,256,1183.95
1024,8192,4,512,1206.14
1024,8192,4,1024,1255.31
1024,8192,4,2048,1350.99
1024,8192,4,4096,1396.47
1024,8192,4,8192,1420.33
1024,8192,4,16384,1895.86
1024,8192,8,16,1180.26
1024,8192,8,32,1180.62
1024,8192,8,64,1182.29
1024,8192,8,128,1193.47
1024,8192,8,256,1210.68
1024,8192,8,512,1248.52
1024,8192,8,1024,1329.26
1024,8192,8,2048,1415.23
1024,8192,8,4096,1535.8
1024,8192,8,8192,1699.36
1024,8192,8,16384,2428.43
1024,8192,16,16,1204.73
1024,8192,16,32,1204.54
1024,8192,16,64,1205.43
1024,8192,16,128,1236.74
1024,8192,16,256,1271.09
1024,8192,16,512,1341.19
1024,8192,16,1024,1443.39
1024,8192,16,2048,1565.05
1024,8192,16,4096,1819.48
1024,8192,16,8192,2317.34
1024,8192,16,16384,3515.17
1024,8192,32,16,1269.95
1024,8192,32,32,1270.59
1024,8192,32,64,1271.35
1024,8192,32,128,1328.85
1024,8192,32,256,1388.52
1024,8192,32,512,1484.02
1024,8192,32,1024,1616.59
1024,8192,32,2048,1875.39
1024,8192,32,4096,2441.92
1024,8192,32,8192,3441.1
1024,8192,32,16384,8551.71
1024,8192,64,16,1411.61
1024,8192,64,32,1412.42
1024,8192,64,64,1414.63
1024,8192,64,128,1507.63
1024,8192,64,256,1573.89
1024,8192,64,512,1705.81
1024,8192,64,1024,1983.87
1024,8192,64,2048,2531.2
1024,8192,64,4096,4287.81
1024,8192,64,8192,8606.47
1024,8192,64,16384,17730.9
1024,16384,0,0,2184.21
1024,16384,1,16,2184.52
1024,16384,1,32,2184.47
1024,16384,1,64,2183.78
1024,16384,1,128,2186.9
1024,16384,1,256,2190.41
1024,16384,1,512,2200.86
1024,16384,1,1024,2231.07
1024,16384,1,2048,2287.08
1024,16384,1,4096,2410.16
1024,16384,1,8192,2630.27
1024,16384,1,16384,2653.92
1024,16384,2,16,2183.14
1024,16384,2,32,2185.77
1024,16384,2,64,2184.79
1024,16384,2,128,2190.48
1024,16384,2,256,2193.73
1024,16384,2,512,2210.55
1024,16384,2,1024,2242.83
1024,16384,2,2048,2308.89
1024,16384,2,4096,2438.74
1024,16384,2,8192,2644.62
1024,16384,2,16384,2663.14
1024,16384,4,16,2185.91
1024,16384,4,32,2185.1
1024,16384,4,64,2185.87
1024,16384,4,128,2198.07
1024,16384,4,256,2204.2
1024,16384,4,512,2226.05
1024,16384,4,1024,2274.71
1024,16384,4,2048,2370.91
1024,16384,4,4096,2564.47
1024,16384,4,8192,2664.36
1024,16384,4,16384,2699.62
1024,16384,8,16,2200.36
1024,16384,8,32,2199.13
1024,16384,8,64,2199.12
1024,16384,8,128,2209.68
1024,16384,8,256,2226.44
1024,16384,8,512,2267.72
1024,16384,8,1024,2346.17
1024,16384,8,2048,2518.85
1024,16384,8,4096,2690.51
1024,16384,8,8192,2941.22
1024,16384,8,16384,3241.35
1024,16384,16,16,2226.53
1024,16384,16,32,2237.86
1024,16384,16,64,2228.97
1024,16384,16,128,2254.96
1024,16384,16,256,2289.17
1024,16384,16,512,2355.97
1024,16384,16,1024,2488.03
1024,16384,16,2048,2725.38
1024,16384,16,4096,2969.23
1024,16384,16,8192,3492.42
1024,16384,16,16384,4351.6
1024,16384,32,16,2287.8
1024,16384,32,32,2288.93
1024,16384,32,64,2290.04
1024,16384,32,128,2347.53
1024,16384,32,256,2406.63
1024,16384,32,512,2526.71
1024,16384,32,1024,2757.61
1024,16384,32,2048,3026.59
1024,16384,32,4096,3569.71
1024,16384,32,8192,4778.59
1024,16384,32,16384,6746.38
1024,16384,64,16,2431.55
1024,16384,64,32,2440.44
1024,16384,64,64,2434.58
1024,16384,64,128,2545.88
1024,16384,64,256,2655.61
1024,16384,64,512,2861.6
1024,16384,64,1024,3133.8
1024,16384,64,2048,3698.61
1024,16384,64,4096,5159.79
1024,16384,64,8192,9233.64
1024,16384,64,16384,17710.5
2048,0,0,0,344.716
2048,0,1,16,345.121
2048,0,1,32,345.302
2048,0,1,64,344.993
2048,0,1,128,342.306
2048,0,1,256,343.489
2048,0,1,512,345.153
2048,0,1,1024,349.9
2048,0,1,2048,336.769
2048,0,1,4096,402.626
2048,0,1,8192,536.994
2048,0,1,16384,779.63
2048,0,2,16,326.401
2048,0,2,32,325.815
2048,0,2,64,326.476
2048,0,2,128,328.652
2048,0,2,256,330.71
2048,0,2,512,334.796
2048,0,2,1024,341.665
2048,0,2,2048,380.471
2048,0,2,4096,465.303
2048,0,2,8192,631.139
2048,0,2,16384,840.398
2048,0,4,16,329.9
2048,0,4,32,329.249
2048,0,4,64,329.078
2048,0,4,128,333.388
2048,0,4,256,336.812
2048,0,4,512,344.79
2048,0,4,1024,359.17
2048,0,4,2048,421.484
2048,0,4,4096,533.154
2048,0,4,8192,749.251
2048,0,4,16384,1182.5
2048,0,8,16,375.318
2048,0,8,32,346.294
2048,0,8,64,346.914
2048,0,8,128,354.103
2048,0,8,256,360.834
2048,0,8,512,376.854
2048,0,8,1024,405.292
2048,0,8,2048,461.335
2048,0,8,4096,620.888
2048,0,8,8192,926.457
2048,0,8,16384,1563.44
2048,0,16,16,378.572
2048,0,16,32,379.053
2048,0,16,64,378.86
2048,0,16,128,427.405
2048,0,16,256,444.705
2048,0,16,512,475.585
2048,0,16,1024,541.228
2048,0,16,2048,661.997
2048,0,16,4096,955.567
2048,0,16,8192,1542.69
2048,0,16,16384,3162.91
2048,0,32,16,479.607
2048,0,32,32,479.927
2048,0,32,64,480.482
2048,0,32,128,511.596
2048,0,32,256,544.418
2048,0,32,512,609.24
2048,0,32,1024,735.801
2048,0,32,2048,983.94
2048,0,32,4096,1544.79
2048,0,32,8192,3897.67
2048,0,32,16384,7325.5
2048,0,64,16,617.581
2048,0,64,32,618.967
2048,0,64,64,621.304
2048,0,64,128,682.425
2048,0,64,256,749.229
2048,0,64,512,883.16
2048,0,64,1024,1154.9
2048,0,64,2048,1729.88
2048,0,64,4096,3668.19
2048,0,64,8192,6735.93
2048,0,64,16384,10444.1
2048,16,0,0,364.13
2048,16,1,16,362.914
2048,16,1,32,363.127
2048,16,1,64,363.638
2048,16,1,128,364.694
2048,16,1,256,365.805
2048,16,1,512,367.831
2048,16,1,1024,371.83
2048,16,1,2048,378.658
2048,16,1,4096,445.42
2048,16,1,8192,591.191
2048,16,1,16384,852.355
2048,16,2,16,367.756
2048,16,2,32,367.66
2048,16,2,64,366.892
2048,16,2,128,369.345
2048,16,2,256,371.681
2048,16,2,512,351.479
2048,16,2,1024,358.305
2048,16,2,2048,373.09
2048,16,2,4096,448.77
2048,16,2,8192,605.261
2048,16,2,16384,873.592
2048,16,4,16,352.577
2048,16,4,32,352.203
2048,16,4,64,351.404
2048,16,4,128,356.119
2048,16,4,256,358.891
2048,16,4,512,393.762
2048,16,4,1024,408.182
2048,16,4,2048,438.071
2048,16,4,4096,548.919
2048,16,4,8192,766.872
2048,16,4,16384,1176.48
2048,16,8,16,386.828
2048,16,8,32,386.85
2048,16,8,64,387.468
2048,16,8,128,395.841
2048,16,8,256,402.956
2048,16,8,512,400.919
2048,16,8,1024,431.201
2048,16,8,2048,488.065
2048,16,8,4096,646.787
2048,16,8,8192,959.471
2048,16,8,16384,1602.94
2048,16,16,16,403.211
2048,16,16,32,429.74
2048,16,16,64,429.708
2048,16,16,128,444.631
2048,16,16,256,461.591
2048,16,16,512,494.029
2048,16,16,1024,558.636
2048,16,16,2048,681.026
2048,16,16,4096,973.987
2048,16,16,8192,1559.43
2048,16,16,16384,3271.19
2048,16,32,16,499.469
2048,16,32,32,498.733
2048,16,32,64,499.458
2048,16,32,128,529.817
2048,16,32,256,562.018
2048,16,32,512,628.291
2048,16,32,1024,754.243
2048,16,32,2048,1002.53
2048,16,32,4096,1560.16
2048,16,32,8192,3966.92
2048,16,32,16384,7618.66
2048,16,64,16,636.013
2048,16,64,32,637.1
2048,16,64,64,639.245
2048,16,64,128,701.368
2048,16,64,256,767.523
2048,16,64,512,900.271
2048,16,64,1024,1167.66
2048,16,64,2048,1746.95
2048,16,64,4096,3750.72
2048,16,64,8192,7051.11
2048,16,64,16384,10763.2
2048,32,0,0,364.054
2048,32,1,16,363.649
2048,32,1,32,363.265
2048,32,1,64,363.127
2048,32,1,128,364.513
2048,32,1,256,365.409
2048,32,1,512,366.838
2048,32,1,1024,370.924
2048,32,1,2048,378.657
2048,32,1,4096,445.825
2048,32,1,8192,591.576
2048,32,1,16384,851.353
2048,32,2,16,368.246
2048,32,2,32,367.137
2048,32,2,64,367.212
2048,32,2,128,369.974
2048,32,2,256,372.15
2048,32,2,512,376.076
2048,32,2,1024,383.778
2048,32,2,2048,398.785
2048,32,2,4096,480.737
2048,32,2,8192,618.658
2048,32,2,16384,894.222
2048,32,4,16,359.201
2048,32,4,32,359.33
2048,32,4,64,359.393
2048,32,4,128,362.625
2048,32,4,256,366.679
2048,32,4,512,375.34
2048,32,4,1024,389.698
2048,32,4,2048,418.839
2048,32,4,4096,548.151
2048,32,4,8192,766.818
2048,32,4,16384,1197.47
2048,32,8,16,394.209
2048,32,8,32,394.955
2048,32,8,64,394.561
2048,32,8,128,403.362
2048,32,8,256,410.615
2048,32,8,512,427.404
2048,32,8,1024,459.735
2048,32,8,2048,519.927
2048,32,8,4096,689.155
2048,32,8,8192,1022.44
2048,32,8,16384,1706.35
2048,32,16,16,430.018
2048,32,16,32,429.622
2048,32,16,64,429.773
2048,32,16,128,445.462
2048,32,16,256,461.441
2048,32,16,512,494.69
2048,32,16,1024,558.572
2048,32,16,2048,681.453
2048,32,16,4096,970.936
2048,32,16,8192,1564.2
2048,32,16,16384,3267.98
2048,32,32,16,497.804
2048,32,32,32,498.626
2048,32,32,64,499.298
2048,32,32,128,530.412
2048,32,32,256,563.021
2048,32,32,512,628.856
2048,32,32,1024,755.086
2048,32,32,2048,1002.49
2048,32,32,4096,1560.24
2048,32,32,8192,3902.2
2048,32,32,16384,7557.07
2048,32,64,16,636.856
2048,32,64,32,637.57
2048,32,64,64,639.437
2048,32,64,128,701.378
2048,32,64,256,767.811
2048,32,64,512,901.624
2048,32,64,1024,1168.19
2048,32,64,2048,1746.23
2048,32,64,4096,3749.65
2048,32,64,8192,6911.41
2048,32,64,16384,12187.5
2048,64,0,0,364.289
2048,64,1,16,363.649
2048,64,1,32,363.82
2048,64,1,64,363.254
2048,64,1,128,364.513
2048,64,1,256,365.559
2048,64,1,512,367.778
2048,64,1,1024,372.289
2048,64,1,2048,378.754
2048,64,1,4096,416.258
2048,64,1,8192,552.247
2048,64,1,16384,794.862
2048,64,2,16,343.489
2048,64,2,32,342.945
2048,64,2,64,340.374
2048,64,2,128,342.027
2048,64,2,256,344.022
2048,64,2,512,347.841
2048,64,2,1024,354.39
2048,64,2,2048,368.407
2048,64,2,4096,443.191
2048,64,2,8192,597.069
2048,64,2,16384,862.734
2048,64,4,16,346.573
2048,64,4,32,347.244
2048,64,4,64,347.233
2048,64,4,128,380.108
2048,64,4,256,384.119
2048,64,4,512,394.604
2048,64,4,1024,409.1
2048,64,4,2048,439.426
2048,64,4,4096,548.685
2048,64,4,8192,767.48
2048,64,4,16384,1198.97
2048,64,8,16,395.361
2048,64,8,32,395.105
2048,64,8,64,394.678
2048,64,8,128,403.693
2048,64,8,256,410.657
2048,64,8,512,427.575
2048,64,8,1024,459.33
2048,64,8,2048,519.778
2048,64,8,4096,688.834
2048,64,8,8192,1021.12
2048,64,8,16384,1707.69
2048,64,16,16,429.153
2048,64,16,32,429.613
2048,64,16,64,429.986
2048,64,16,128,445.857
2048,64,16,256,461.698
2048,64,16,512,494.978
2048,64,16,1024,558.744
2048,64,16,2048,681.592
2048,64,16,4096,970.904
2048,64,16,8192,1558.43
2048,64,16,16384,3242.48
2048,64,32,16,498.125
2048,64,32,32,498.946
2048,64,32,64,501.901
2048,64,32,128,530.316
2048,64,32,256,562.434
2048,64,32,512,629.058
2048,64,32,1024,755.383
2048,64,32,2048,1002.69
2048,64,32,4096,1560.75
2048,64,32,8192,3944.76
2048,64,32,16384,7559.83
2048,64,64,16,636.941
2048,64,64,32,638.636
2048,64,64,64,639.287
2048,64,64,128,701.922
2048,64,64,256,767.843
2048,64,64,512,901.976
2048,64,64,1024,1168.29
2048,64,64,2048,1747.57
2048,64,64,4096,3746.56
2048,64,64,8192,7035.13
2048,64,64,16384,10696.5
2048,128,0,0,379.532
2048,128,1,16,380.502
2048,128,1,32,362.86
2048,128,1,64,362.573
2048,128,1,128,363.511
2048,128,1,256,364.524
2048,128,1,512,366.753
2048,128,1,1024,370.881
2048,128,1,2048,377.836
2048,128,1,4096,440.769
2048,128,1,8192,577.942
2048,128,1,16384,828.6
2048,128,2,16,383.106
2048,128,2,32,383.446
2048,128,2,64,358.572
2048,128,2,128,359.755
2048,128,2,256,363.19
2048,128,2,512,366.113
2048,128,2,1024,373.975
2048,128,2,2048,388.268
2048,128,2,4096,463.628
2048,128,2,8192,620.589
2048,128,2,16384,894.179
2048,128,4,16,365.313
2048,128,4,32,360.663
2048,128,4,64,360.758
2048,128,4,128,365.441
2048,128,4,256,368.855
2048,128,4,512,376.705
2048,128,4,1024,391.714
2048,128,4,2048,418.519
2048,128,4,4096,519.671
2048,128,4,8192,722.209
2048,128,4,16384,1117.41
2048,128,8,16,410.177
2048,128,8,32,410.646
2048,128,8,64,410.967
2048,128,8,128,418.39
2048,128,8,256,426.7
2048,128,8,512,442.774
2048,128,8,1024,475.297
2048,128,8,2048,535.404
2048,128,8,4096,704.813
2048,128,8,8192,1039.64
2048,128,8,16384,1718.99
2048,128,16,16,444.514
2048,128,16,32,445.078
2048,128,16,64,445.772
2048,128,16,128,461.143
2048,128,16,256,477.303
2048,128,16,512,510.103
2048,128,16,1024,574.349
2048,128,16,2048,696.408
2048,128,16,4096,987.044
2048,128,16,8192,1575.66
2048,128,16,16384,3277.73
2048,128,32,16,513.73
2048,128,32,32,513.933
2048,128,32,64,514.786
2048,128,32,128,547.053
2048,128,32,256,578.935
2048,128,32,512,644.813
2048,128,32,1024,770.808
2048,128,32,2048,1021.23
2048,128,32,4096,1579.4
2048,128,32,8192,4011.3
2048,128,32,16384,7725.68
2048,128,64,16,652.322
2048,128,64,32,652.962
2048,128,64,64,654.903
2048,128,64,128,716.973
2048,128,64,256,783.075
2048,128,64,512,917.655
2048,128,64,1024,1184.31
2048,128,64,2048,1764.28
2048,128,64,4096,3802.35
2048,128,64,8192,7480.46
2048,128,64,16384,13808.6
2048,256,0,0,414.507
2048,256,1,16,413.335
2048,256,1,32,414.027
2048,256,1,64,413.697
2048,256,1,128,415.02
2048,256,1,256,414.924
2048,256,1,512,417.079
2048,256,1,1024,421.996
2048,256,1,2048,428.183
2048,256,1,4096,490.338
2048,256,1,8192,637.911
2048,256,1,16384,903.256
2048,256,2,16,384.513
2048,256,2,32,384.726
2048,256,2,64,384.801
2048,256,2,128,386.668
2048,256,2,256,389.42
2048,256,2,512,393.334
2048,256,2,1024,400.246
2048,256,2,2048,413.345
2048,256,2,4096,484.631
2048,256,2,8192,639.618
2048,256,2,16384,921.645
2048,256,4,16,391.713
2048,256,4,32,391.799
2048,256,4,64,391.723
2048,256,4,128,396.651
2048,256,4,256,400.247
2048,256,4,512,408.151
2048,256,4,1024,421.559
2048,256,4,2048,489.569
2048,256,4,4096,594.957
2048,256,4,8192,816.397
2048,256,4,16384,1243.63
2048,256,8,16,444.375
2048,256,8,32,444.119
2048,256,8,64,443.927
2048,256,8,128,418.156
2048,256,8,256,425.367
2048,256,8,512,440.45
2048,256,8,1024,469.985
2048,256,8,2048,526.807
2048,256,8,4096,679.959
2048,256,8,8192,991.736
2048,256,8,16384,1615.1
2048,256,16,16,442.317
2048,256,16,32,442.839
2048,256,16,64,479.276
2048,256,16,128,495.981
2048,256,16,256,510.69
2048,256,16,512,544.076
2048,256,16,1024,607.67
2048,256,16,2048,731.224
2048,256,16,4096,1019.12
2048,256,16,8192,1607.98
2048,256,16,16384,3406.83
2048,256,32,16,547.393
2048,256,32,32,548.353
2048,256,32,64,548.396
2048,256,32,128,579.607
2048,256,32,256,612.376
2048,256,32,512,677.858
2048,256,32,1024,804.93
2048,256,32,2048,1053.02
2048,256,32,4096,1612.76
2048,256,32,8192,4066.97
2048,256,32,16384,7951.28
2048,256,64,16,686.135
2048,256,64,32,686.636
2048,256,64,64,688.375
2048,256,64,128,750.381
2048,256,64,256,817.176
2048,256,64,512,951.246
2048,256,64,1024,1216.8
2048,256,64,2048,1794.58
2048,256,64,4096,3981.18
2048,256,64,8192,8092.85
2048,256,64,16384,14487.1
2048,512,0,0,481.185
2048,512,1,16,480.823
2048,512,1,32,481.175
2048,512,1,64,481.313
2048,512,1,128,481.963
2048,512,1,256,483.777
2048,512,1,512,448.822
2048,512,1,1024,451.244
2048,512,1,2048,458.679
2048,512,1,4096,507.169
2048,512,1,8192,645.026
2048,512,1,16384,897.773
2048,512,2,16,447.767
2048,512,2,32,448.118
2048,512,2,64,449.079
2048,512,2,128,450.082
2048,512,2,256,452.385
2048,512,2,512,493.122
2048,512,2,1024,500.759
2048,512,2,2048,488.076
2048,512,2,4096,551.756
2048,512,2,8192,715.425
2048,512,2,16384,1016.44
2048,512,4,16,465.505
2048,512,4,32,465.74
2048,512,4,64,465.239
2048,512,4,128,468.94
2048,512,4,256,473.547
2048,512,4,512,480.332
2048,512,4,1024,495.927
2048,512,4,2048,557.644
2048,512,4,4096,654.914
2048,512,4,8192,880.45
2048,512,4,16384,1306.52
2048,512,8,16,510.604
2048,512,8,32,510.977
2048,512,8,64,510.839
2048,512,8,128,519.757
2048,512,8,256,528.269
2048,512,8,512,544.193
2048,512,8,1024,576.375
2048,512,8,2048,588.663
2048,512,8,4096,733.346
2048,512,8,8192,1045.34
2048,512,8,16384,1663.46
2048,512,16,16,503.361
2048,512,16,32,502.604
2048,512,16,64,503.895
2048,512,16,128,564.716
2048,512,16,256,579.222
2048,512,16,512,611.212
2048,512,16,1024,676.493
2048,512,16,2048,801.644
2048,512,16,4096,1082.29
2048,512,16,8192,1672.57
2048,512,16,16384,3599.21
2048,512,32,16,614.135
2048,512,32,32,614.188
2048,512,32,64,615.159
2048,512,32,128,646.669
2048,512,32,256,679.384
2048,512,32,512,744.994
2048,512,32,1024,873.155
2048,512,32,2048,1120.62
2048,512,32,4096,1681.01
2048,512,32,8192,4230.07
2048,512,32,16384,8226.51
2048,512,64,16,754.04
2048,512,64,32,754.242
2048,512,64,64,755.342
2048,512,64,128,821.89
2048,512,64,256,884.877
2048,512,64,512,1017.08
2048,512,64,1024,1284.96
2048,512,64,2048,1853.78
2048,512,64,4096,4520.4
2048,512,64,8192,8804.5
2048,512,64,16384,17034.3
2048,1024,0,0,568.833
2048,1024,1,16,567.671
2048,1024,1,32,567.447
2048,1024,1,64,568.353
2048,1024,1,128,569.302
2048,1024,1,256,569.463
2048,1024,1,512,572.107
2048,1024,1,1024,575.329
2048,1024,1,2048,632.408
2048,1024,1,4096,665.858
2048,1024,1,8192,821.635
2048,1024,1,16384,1105.44
2048,1024,2,16,621.357
2048,1024,2,32,622.551
2048,1024,2,64,621.463
2048,1024,2,128,622.796
2048,1024,2,256,625.218
2048,1024,2,512,628.684
2048,1024,2,1024,637.517
2048,1024,2,2048,652.652
2048,1024,2,4096,703.191
2048,1024,2,8192,880.621
2048,1024,2,16384,1208.07
2048,1024,4,16,578.123
2048,1024,4,32,578.263
2048,1024,4,64,578.199
2048,1024,4,128,582.177
2048,1024,4,256,586.551
2048,1024,4,512,594.401
2048,1024,4,1024,610.06
2048,1024,4,2048,637.207
2048,1024,4,4096,714.113
2048,1024,4,8192,1004.82
2048,1024,4,16384,1432.39
2048,1024,8,16,644.449
2048,1024,8,32,645.313
2048,1024,8,64,645.208
2048,1024,8,128,653.9
2048,1024,8,256,662.456
2048,1024,8,512,679.244
2048,1024,8,1024,712.887
2048,1024,8,2048,775.554
2048,1024,8,4096,918.798
2048,1024,8,8192,1263.66
2048,1024,8,16384,1931.54
2048,1024,16,16,683.116
2048,1024,16,32,680.514
2048,1024,16,64,680.919
2048,1024,16,128,698.145
2048,1024,16,256,714.284
2048,1024,16,512,748.023
2048,1024,16,1024,814.455
2048,1024,16,2048,938.371
2048,1024,16,4096,1202.27
2048,1024,16,8192,1801.06
2048,1024,16,16384,3823.15
2048,1024,32,16,748.173
2048,1024,32,32,747.479
2048,1024,32,64,749.132
2048,1024,32,128,780.898
2048,1024,32,256,813.506
2048,1024,32,512,880.077
2048,1024,32,1024,1008.85
2048,1024,32,2048,1264.92
2048,1024,32,4096,1809.11
2048,1024,32,8192,4362.6
2048,1024,32,16384,8475.68
2048,1024,64,16,888.119
2048,1024,64,32,888.536
2048,1024,64,64,889.954
2048,1024,64,128,952.737
2048,1024,64,256,1020.23
2048,1024,64,512,1150.66
2048,1024,64,1024,1425.38
2048,1024,64,2048,1971.83
2048,1024,64,4096,4606.81
2048,1024,64,8192,9008.74
2048,1024,64,16384,17562.6
2048,2048,0,0,815.874
2048,2048,1,16,816.803
2048,2048,1,32,815.543
2048,2048,1,64,817.058
2048,2048,1,128,817.175
2048,2048,1,256,818.349
2048,2048,1,512,819.788
2048,2048,1,1024,823.97
2048,2048,1,2048,830.423
2048,2048,1,4096,845.517
2048,2048,1,8192,1052.19
2048,2048,1,16384,1347.21
2048,2048,2,16,890.082
2048,2048,2,32,890.946
2048,2048,2,64,890.519
2048,2048,2,128,891.703
2048,2048,2,256,894.071
2048,2048,2,512,898.723
2048,2048,2,1024,910.551
2048,2048,2,2048,848.247
2048,2048,2,4096,878.658
2048,2048,2,8192,1028.86
2048,2048,2,16384,1345.52
2048,2048,4,16,827.17
2048,2048,4,32,826.604
2048,2048,4,64,825.964
2048,2048,4,128,830.679
2048,2048,4,256,904.749
2048,2048,4,512,913.304
2048,2048,4,1024,930.062
2048,2048,4,2048,960.344
2048,2048,4,4096,1024.27
2048,2048,4,8192,1246.99
2048,2048,4,16384,1559.32
2048,2048,8,16,842.722
2048,2048,8,32,842.552
2048,2048,8,64,841.485
2048,2048,8,128,848.428
2048,2048,8,256,857.986
2048,2048,8,512,873.666
2048,2048,8,1024,904.706
2048,2048,8,2048,963.843
2048,2048,8,4096,1076.49
2048,2048,8,8192,1517.06
2048,2048,8,16384,2196.83
2048,2048,16,16,946.125
2048,2048,16,32,946.786
2048,2048,16,64,947.277
2048,2048,16,128,965.186
2048,2048,16,256,984.866
2048,2048,16,512,1019.15
2048,2048,16,1024,1081.55
2048,2048,16,2048,1211.34
2048,2048,16,4096,1457.77
2048,2048,16,8192,2060.89
2048,2048,16,16384,4289.84
2048,2048,32,16,1013.9
2048,2048,32,32,1014.67
2048,2048,32,64,1015.42
2048,2048,32,128,1047.35
2048,2048,32,256,1082.74
2048,2048,32,512,1149.3
2048,2048,32,1024,1279.35
2048,2048,32,2048,1534.33
2048,2048,32,4096,2041.02
2048,2048,32,8192,4515.05
2048,2048,32,16384,8962.57
2048,2048,64,16,1154.71
2048,2048,64,32,1155.46
2048,2048,64,64,1157.18
2048,2048,64,128,1220.63
2048,2048,64,256,1287.61
2048,2048,64,512,1420.4
2048,2048,64,1024,1699.42
2048,2048,64,2048,2230.86
2048,2048,64,4096,4615.18
2048,2048,64,8192,9127.92
2048,2048,64,16384,17920
2048,4096,0,0,1425.13
2048,4096,1,16,1420.63
2048,4096,1,32,1419.63
2048,4096,1,64,1421.42
2048,4096,1,128,1420.95
2048,4096,1,256,1424.25
2048,4096,1,512,1312.15
2048,4096,1,1024,1319.3
2048,4096,1,2048,1334.15
2048,4096,1,4096,1351.56
2048,4096,1,8192,1399.22
2048,4096,1,16384,1682.66
2048,4096,2,16,1310.32
2048,4096,2,32,1310.85
2048,4096,2,64,1311.61
2048,4096,2,128,1313.39
2048,4096,2,256,1316.77
2048,4096,2,512,1324.47
2048,4096,2,1024,1332.28
2048,4096,2,2048,1351.16
2048,4096,2,4096,1376.19
2048,4096,2,8192,1459.17
2048,4096,2,16384,1789.5
2048,4096,4,16,1315.59
2048,4096,4,32,1316.33
2048,4096,4,64,1315.23
2048,4096,4,128,1319.37
2048,4096,4,256,1327.62
2048,4096,4,512,1334.02
2048,4096,4,1024,1353.42
2048,4096,4,2048,1381.82
2048,4096,4,4096,1444.11
2048,4096,4,8192,1584.27
2048,4096,4,16384,2199.61
2048,4096,8,16,1450.95
2048,4096,8,32,1452.67
2048,4096,8,64,1452.19
2048,4096,8,128,1462.25
2048,4096,8,256,1470.84
2048,4096,8,512,1483.57
2048,4096,8,1024,1522.09
2048,4096,8,2048,1582.43
2048,4096,8,4096,1581.82
2048,4096,8,8192,1831.72
2048,4096,8,16384,2502.65
2048,4096,16,16,1374.2
2048,4096,16,32,1375.68
2048,4096,16,64,1377.12
2048,4096,16,128,1388.25
2048,4096,16,256,1402.42
2048,4096,16,512,1430.12
2048,4096,16,1024,1540.61
2048,4096,16,2048,1753.09
2048,4096,16,4096,2006.67
2048,4096,16,8192,2559.51
2048,4096,16,16384,4282.11
2048,4096,32,16,1555.16
2048,4096,32,32,1556.56
2048,4096,32,64,1556
2048,4096,32,128,1583.71
2048,4096,32,256,1615
2048,4096,32,512,1682.86
2048,4096,32,1024,1819.47
2048,4096,32,2048,2077.16
2048,4096,32,4096,2614.97
2048,4096,32,8192,4654.21
2048,4096,32,16384,9091.97
2048,4096,64,16,1688.29
2048,4096,64,32,1689.41
2048,4096,64,64,1690.46
2048,4096,64,128,1756.84
2048,4096,64,256,1823.25
2048,4096,64,512,1958.38
2048,4096,64,1024,2221.85
2048,4096,64,2048,2798.6
2048,4096,64,4096,4216.1
2048,4096,64,8192,9170.19
2048,4096,64,16384,17996.4
2048,8192,0,0,2303.16
2048,8192,1,16,2301.2
2048,8192,1,32,2298.21
2048,8192,1,64,2301.95
2048,8192,1,128,2494.59
2048,8192,1,256,2496.94
2048,8192,1,512,2506.53
2048,8192,1,1024,2517.63
2048,8192,1,2048,2534.13
2048,8192,1,4096,2563.03
2048,8192,1,8192,2609.73
2048,8192,1,16384,2791.34
2048,8192,2,16,2493.85
2048,8192,2,32,2497.67
2048,8192,2,64,2495.94
2048,8192,2,128,2501.25
2048,8192,2,256,2511.87
2048,8192,2,512,2521.25
2048,8192,2,1024,2531.41
2048,8192,2,2048,2547.04
2048,8192,2,4096,2591.5
2048,8192,2,8192,2639.47
2048,8192,2,16384,2861.3
2048,8192,4,16,2510.48
2048,8192,4,32,2512.22
2048,8192,4,64,2525.37
2048,8192,4,128,2315.98
2048,8192,4,256,2323.45
2048,8192,4,512,2335.37
2048,8192,4,1024,2354.51
2048,8192,4,2048,2378.39
2048,8192,4,4096,2430.85
2048,8192,4,8192,2518.02
2048,8192,4,16384,2879.74
2048,8192,8,16,2348.11
2048,8192,8,32,2346.84
2048,8192,8,64,2348.74
2048,8192,8,128,2359.14
2048,8192,8,256,2370.51
2048,8192,8,512,2386.76
2048,8192,8,1024,2410.03
2048,8192,8,2048,2457.51
2048,8192,8,4096,2568.96
2048,8192,8,8192,2782.61
2048,8192,8,16384,3369.32
2048,8192,16,16,2390.34
2048,8192,16,32,2468.22
2048,8192,16,64,2561.79
2048,8192,16,128,2595.29
2048,8192,16,256,2601.7
2048,8192,16,512,2627.07
2048,8192,16,1024,2683.86
2048,8192,16,2048,2828.11
2048,8192,16,4096,3088.78
2048,8192,16,8192,3629.12
2048,8192,16,16384,4784.58
2048,8192,32,16,2602.05
2048,8192,32,32,2601.01
2048,8192,32,64,2632.26
2048,8192,32,128,2615.84
2048,8192,32,256,2643.35
2048,8192,32,512,2727.6
2048,8192,32,1024,2889.23
2048,8192,32,2048,3159.69
2048,8192,32,4096,3686.44
2048,8192,32,8192,4813.77
2048,8192,32,16384,9235.92
2048,8192,64,16,2711.31
2048,8192,64,32,2713.81
2048,8192,64,64,2714.59
2048,8192,64,128,2794.66
2048,8192,64,256,2878.12
2048,8192,64,512,3030.65
2048,8192,64,1024,3299.06
2048,8192,64,2048,3854.96
2048,8192,64,4096,5165.41
2048,8192,64,8192,7570.58
2048,8192,64,16384,18097.6
2048,16384,0,0,4239.24
2048,16384,1,16,4238.43
2048,16384,1,32,4236.2
2048,16384,1,64,4235.72
2048,16384,1,128,4242.73
2048,16384,1,256,4242.2
2048,16384,1,512,4246.45
2048,16384,1,1024,4278.23
2048,16384,1,2048,4293.76
2048,16384,1,4096,4357.81
2048,16384,1,8192,4417.49
2048,16384,1,16384,4528.16
2048,16384,2,16,4241.32
2048,16384,2,32,4241.04
2048,16384,2,64,4244.1
2048,16384,2,128,4249.23
2048,16384,2,256,4254.12
2048,16384,2,512,4257.88
2048,16384,2,1024,4272.29
2048,16384,2,2048,4304.77
2048,16384,2,4096,4365.57
2048,16384,2,8192,4854.83
2048,16384,2,16384,4931.93
2048,16384,4,16,4588.4
2048,16384,4,32,4621
2048,16384,4,64,4583.22
2048,16384,4,128,4565.2
2048,16384,4,256,4572.55
2048,16384,4,512,4579.52
2048,16384,4,1024,4606.18
2048,16384,4,2048,4316.19
2048,16384,4,4096,4423.86
2048,16384,4,8192,4539.69
2048,16384,4,16384,4625.64
2048,16384,8,16,4257.85
2048,16384,8,32,4253.46
2048,16384,8,64,4259.54
2048,16384,8,128,4268.18
2048,16384,8,256,4268.89
2048,16384,8,512,4283.01
2048,16384,8,1024,4306.54
2048,16384,8,2048,4362.03
2048,16384,8,4096,4571.57
2048,16384,8,8192,4806.3
2048,16384,8,16384,5142.82
2048,16384,16,16,4259.82
2048,16384,16,32,4340.66
2048,16384,16,64,4620.65
2048,16384,16,128,4632.16
2048,16384,16,256,4631.24
2048,16384,16,512,4653.57
2048,16384,16,1024,4715.93
2048,16384,16,2048,4909.72
2048,16384,16,4096,5250.86
2048,16384,16,8192,5814.41
2048,16384,16,16384,6703.3
2048,16384,32,16,4635.87
2048,16384,32,32,4639.12
2048,16384,32,64,4647.4
2048,16384,32,128,4652.47
2048,16384,32,256,4678.06
2048,16384,32,512,4757.97
2048,16384,32,1024,4938.24
2048,16384,32,2048,5291.59
2048,16384,32,4096,5845.43
2048,16384,32,8192,6980.6
2048,16384,32,16384,9088.99
2048,16384,64,16,4747.9
2048,16384,64,32,4748.86
2048,16384,64,64,4751.06
2048,16384,64,128,4830.91
2048,16384,64,256,4914.91
2048,16384,64,512,5081.89
2048,16384,64,1024,5415.4
2048,16384,64,2048,6039.26
2048,16384,64,4096,7209.31
2048,16384,64,8192,9717.83
2048,16384,64,16384,17761.7
