prefill_chunk,kv_prefill,n_decode,kv_decode,time_us
0,0,1,16,14.741
0,0,1,32,14.72
0,0,1,64,16.501
0,0,1,128,24.2667
0,0,1,256,24.7253
0,0,1,512,25.578
0,0,1,1024,26.517
0,0,1,2048,29.707
0,0,1,4096,38.4107
0,0,2,16,25.163
0,0,2,32,25.343
0,0,2,64,27.093
0,0,2,128,31.0623
0,0,2,256,31.7127
0,0,2,512,32.2777
0,0,2,1024,34.3363
0,0,2,2048,41.3977
0,0,2,4096,48.0423
0,0,4,16,26.23
0,0,4,32,26.2613
0,0,4,64,28.0967
0,0,4,128,32.1707
0,0,4,256,32.5867
0,0,4,512,34.037
0,0,4,1024,40.0757
0,0,4,2048,46.8163
0,0,4,4096,56.4267
0,0,8,16,25.952
0,0,8,32,26.1123
0,0,8,64,28.0853
0,0,8,128,32.129
0,0,8,256,33.3547
0,0,8,512,38.9013
0,0,8,1024,45.4613
0,0,8,2048,55.3073
0,0,8,4096,76.245
0,0,16,16,26.9757
0,0,16,32,27.189
0,0,16,64,29.2587
0,0,16,128,36.9493
0,0,16,256,39.2
0,0,16,512,45.664
0,0,16,1024,55.0507
0,0,16,2048,76.9387
0,0,16,4096,112.277
0,0,32,16,29.1737
0,0,32,32,29.312
0,0,32,64,31.851
0,0,32,128,36.2347
0,0,32,256,49.9843
0,0,32,512,60.492
0,0,32,1024,81.4833
0,0,32,2048,121.557
0,0,32,4096,192.086
0,0,64,16,35.2
0,0,64,32,35.7323
0,0,64,64,40.1273
0,0,64,128,48.331
0,0,64,256,65.398
0,0,64,512,95.649
0,0,64,1024,150.817
0,0,64,2048,264.65
0,0,64,4096,484.706
0,0,128,16,43.4777
0,0,128,32,44.042
0,0,128,64,52.7147
0,0,128,128,66.4107
0,0,128,256,92.1173
0,0,128,512,137.152
0,0,128,1024,224.034
0,0,128,2048,404.278
0,0,128,4096,740.502
16,0,0,0,16.6397
16,0,1,16,16.683
16,0,1,32,16.427
16,0,1,64,16.5227
16,0,1,128,18.656
16,0,1,256,22.6987
16,0,1,512,29.931
16,0,1,1024,44.8107
16,0,1,2048,74.859
16,0,1,4096,133.942
16,0,2,16,16.6507
16,0,2,32,16.736
16,0,2,64,16.64
16,0,2,128,18.859
16,0,2,256,22.8587
16,0,2,512,30.1973
16,0,2,1024,45.1737
16,0,2,2048,75.2213
16,0,2,4096,136.47
16,0,4,16,16.864
16,0,4,32,16.8003
16,0,4,64,17.0027
16,0,4,128,19.0933
16,0,4,256,22.88
16,0,4,512,30.347
16,0,4,1024,45.0883
16,0,4,2048,75.3063
16,0,4,4096,136.448
16,0,8,16,18.0797
16,0,8,32,17.8667
16,0,8,64,18.2507
16,0,8,128,23.9357
16,0,8,256,31.051
16,0,8,512,42.165
16,0,8,1024,64.8213
16,0,8,2048,109.611
16,0,8,4096,200.577
16,0,16,16,28.4797
16,0,16,32,28.545
16,0,16,64,28.9813
16,0,16,128,36.352
16,0,16,256,45.9843
16,0,16,512,65.2267
16,0,16,1024,101.515
16,0,16,2048,176.833
16,0,16,4096,377.942
16,0,32,16,36.3203
16,0,32,32,36.693
16,0,32,64,37.2587
16,0,32,128,50.795
16,0,32,256,65.7923
16,0,32,512,95.4673
16,0,32,1024,156.629
16,0,32,2048,284.513
16,0,32,4096,521.944
16,0,64,16,54.9013
16,0,64,32,54.6033
16,0,64,64,55.5523
16,0,64,128,82.6877
16,0,64,256,112.277
16,0,64,512,170.635
16,0,64,1024,288.811
16,0,64,2048,524.854
16,0,64,4096,1015.93
16,16,0,0,16.896
16,16,1,16,16.683
16,16,1,32,16.779
16,16,1,64,16.661
16,16,1,128,18.7097
16,16,1,256,22.763
16,16,1,512,29.8567
16,16,1,1024,44.9177
16,16,1,2048,74.5497
16,16,1,4096,133.952
16,16,2,16,16.5763
16,16,2,32,16.81
16,16,2,64,16.6293
16,16,2,128,18.7943
16,16,2,256,22.848
16,16,2,512,30.1543
16,16,2,1024,45.3333
16,16,2,2048,75.2637
16,16,2,4096,134.965
16,16,4,16,16.9493
16,16,4,32,16.7583
16,16,4,64,17.0243
16,16,4,128,19.232
16,16,4,256,23.018
16,16,4,512,30.336
16,16,4,1024,45.131
16,16,4,2048,75.1147
16,16,4,4096,136.235
16,16,8,16,18.2187
16,16,8,32,17.9097
16,16,8,64,18.357
16,16,8,128,24.032
16,16,8,256,30.9333
16,16,8,512,42.2933
16,16,8,1024,65.1413
16,16,8,2048,110.08
16,16,8,4096,201.195
16,16,16,16,28.7363
16,16,16,32,28.64
16,16,16,64,29.1517
16,16,16,128,35.9473
16,16,16,256,45.6317
16,16,16,512,66.1333
16,16,16,1024,103.659
16,16,16,2048,176.289
16,16,16,4096,379.522
16,16,32,16,36.6723
16,16,32,32,36.6617
16,16,32,64,37.024
16,16,32,128,50.7843
16,16,32,256,65.6217
16,16,32,512,95.7657
16,16,32,1024,155.819
16,16,32,2048,278.284
16,16,32,4096,521.495
16,16,64,16,54.7197
16,16,64,32,54.6243
16,16,64,64,55.3493
16,16,64,128,82.571
16,16,64,256,112.182
16,16,64,512,170.828
16,16,64,1024,288.79
16,16,64,2048,524.492
16,16,64,4096,1015.25
16,32,0,0,16.885
16,32,1,16,17.0133
16,32,1,32,16.672
16,32,1,64,16.7467
16,32,1,128,18.6987
16,32,1,256,22.72
16,32,1,512,29.9307
16,32,1,1024,44.8853
16,32,1,2048,74.1653
16,32,1,4096,133.973
16,32,2,16,16.7463
16,32,2,32,16.619
16,32,2,64,16.7783
16,32,2,128,18.8907
16,32,2,256,22.8693
16,32,2,512,30.1333
16,32,2,1024,45.0027
16,32,2,2048,75.4987
16,32,2,4096,135.925
16,32,4,16,16.853
16,32,4,32,16.9927
16,32,4,64,17.088
16,32,4,128,19.115
16,32,4,256,22.9973
16,32,4,512,30.2187
16,32,4,1024,45.152
16,32,4,2048,75.1463
16,32,4,4096,136.107
16,32,8,16,18.1227
16,32,8,32,18.0687
16,32,8,64,18.5707
16,32,8,128,24.032
16,32,8,256,31.0187
16,32,8,512,42.6243
16,32,8,1024,64.6297
16,32,8,2048,109.76
16,32,8,4096,200.171
16,32,16,16,28.7253
16,32,16,32,28.64
16,32,16,64,29.12
16,32,16,128,36.032
16,32,16,256,46.0377
16,32,16,512,67.638
16,32,16,1024,103.829
16,32,16,2048,177.067
16,32,16,4096,379.98
16,32,32,16,36.6083
16,32,32,32,36.6503
16,32,32,64,37.4297
16,32,32,128,50.646
16,32,32,256,65.7393
16,32,32,512,95.616
16,32,32,1024,155.894
16,32,32,2048,277.238
16,32,32,4096,521.387
16,32,64,16,54.6243
16,32,64,32,54.7733
16,32,64,64,55.3593
16,32,64,128,82.8697
16,32,64,256,112.214
16,32,64,512,170.059
16,32,64,1024,288.075
16,32,64,2048,525.569
16,32,64,4096,1011.35
16,64,0,0,16.939
16,64,1,16,16.8
16,64,1,32,16.9067
16,64,1,64,16.7257
16,64,1,128,18.497
16,64,1,256,22.5813
16,64,1,512,30.0157
16,64,1,1024,44.9607
16,64,1,2048,75.0297
16,64,1,4096,134.229
16,64,2,16,16.5867
16,64,2,32,16.5543
16,64,2,64,16.8743
16,64,2,128,18.87
16,64,2,256,22.6987
16,64,2,512,30.3037
16,64,2,1024,45.2377
16,64,2,2048,74.858
16,64,2,4096,135.702
16,64,4,16,16.6713
16,64,4,32,16.8427
16,64,4,64,17.035
16,64,4,128,19.2217
16,64,4,256,22.9653
16,64,4,512,30.2507
16,64,4,1024,45.13
16,64,4,2048,75.35
16,64,4,4096,136.757
16,64,8,16,18.2293
16,64,8,32,18.464
16,64,8,64,18.485
16,64,8,128,24.064
16,64,8,256,30.955
16,64,8,512,42.2937
16,64,8,1024,64.736
16,64,8,2048,110.069
16,64,8,4096,200.48
16,64,16,16,28.3837
16,64,16,32,28.7893
16,64,16,64,29.184
16,64,16,128,35.9683
16,64,16,256,46.0057
16,64,16,512,64.9813
16,64,16,1024,101.93
16,64,16,2048,178.166
16,64,16,4096,379.436
16,64,32,16,36.352
16,64,32,32,36.8113
16,64,32,64,37.9843
16,64,32,128,50.571
16,64,32,256,65.6427
16,64,32,512,95.8613
16,64,32,1024,156.075
16,64,32,2048,285.74
16,64,32,4096,523.266
16,64,64,16,55.04
16,64,64,32,54.752
16,64,64,64,55.456
16,64,64,128,82.838
16,64,64,256,112.427
16,64,64,512,170.262
16,64,64,1024,288.63
16,64,64,2048,524.801
16,64,64,4096,1014.42
16,128,0,0,20.5117
16,128,1,16,18.944
16,128,1,32,18.8267
16,128,1,64,18.9653
16,128,1,128,20.2777
16,128,1,256,22.9443
16,128,1,512,29.8133
16,128,1,1024,44.8107
16,128,1,2048,74.891
16,128,1,4096,134.529
16,128,2,16,18.901
16,128,2,32,18.9657
16,128,2,64,19.0827
16,128,2,128,20.097
16,128,2,256,22.9227
16,128,2,512,30.112
16,128,2,1024,45.472
16,128,2,2048,75.627
16,128,2,4096,135.318
16,128,4,16,19.0403
16,128,4,32,19.0507
16,128,4,64,19.115
16,128,4,128,20.47
16,128,4,256,22.9547
16,128,4,512,30.2617
16,128,4,1024,45.0127
16,128,4,2048,75.1677
16,128,4,4096,136.566
16,128,8,16,23.8827
16,128,8,32,23.9577
16,128,8,64,24.0107
16,128,8,128,24.1283
16,128,8,256,31.0187
16,128,8,512,42.2723
16,128,8,1024,64.4587
16,128,8,2048,109.889
16,128,8,4096,200.15
16,128,16,16,31.7657
16,128,16,32,32.2027
16,128,16,64,32.608
16,128,16,128,34.7093
16,128,16,256,44.501
16,128,16,512,66.4433
16,128,16,1024,104.736
16,128,16,2048,178.101
16,128,16,4096,379.371
16,128,32,16,39.4027
16,128,32,32,39.4137
16,128,32,64,39.413
16,128,32,128,48.491
16,128,32,256,65.7387
16,128,32,512,97.7923
16,128,32,1024,157.813
16,128,32,2048,284.961
16,128,32,4096,524.504
16,128,64,16,58.6133
16,128,64,32,58.3787
16,128,64,64,59.5097
16,128,64,128,82.7203
16,128,64,256,112.373
16,128,64,512,169.728
16,128,64,1024,288.62
16,128,64,2048,527.052
16,128,64,4096,1021.48
16,256,0,0,24.32
16,256,1,16,22.6987
16,256,1,32,22.656
16,256,1,64,22.656
16,256,1,128,22.7303
16,256,1,256,23.6907
16,256,1,512,30.0057
16,256,1,1024,44.7363
16,256,1,2048,75.0403
16,256,1,4096,134.337
16,256,2,16,22.6133
16,256,2,32,22.7197
16,256,2,64,22.6873
16,256,2,128,22.7733
16,256,2,256,23.872
16,256,2,512,30.208
16,256,2,1024,45.3653
16,256,2,2048,75.2643
16,256,2,4096,136.213
16,256,4,16,22.944
16,256,4,32,22.9757
16,256,4,64,23.04
16,256,4,128,23.2317
16,256,4,256,24.0537
16,256,4,512,30.2507
16,256,4,1024,45.2267
16,256,4,2048,75.0083
16,256,4,4096,136.278
16,256,8,16,30.3677
16,256,8,32,30.4533
16,256,8,64,30.5707
16,256,8,128,30.8367
16,256,8,256,31.3707
16,256,8,512,42.4323
16,256,8,1024,64.7467
16,256,8,2048,110.827
16,256,8,4096,199.819
16,256,16,16,36.2347
16,256,16,32,36.309
16,256,16,64,36.544
16,256,16,128,37.9307
16,256,16,256,43.712
16,256,16,512,65.92
16,256,16,1024,104.949
16,256,16,2048,179.424
16,256,16,4096,379.968
16,256,32,16,44.2347
16,256,32,32,43.168
16,256,32,64,44.2137
16,256,32,128,52.4487
16,256,32,256,64.0857
16,256,32,512,99.915
16,256,32,1024,160.768
16,256,32,2048,282.71
16,256,32,4096,524.652
16,256,64,16,62.4963
16,256,64,32,62.7413
16,256,64,64,63.1253
16,256,64,128,86.08
16,256,64,256,113.099
16,256,64,512,169.761
16,256,64,1024,288.417
16,256,64,2048,528.556
16,256,64,4096,1021.66
16,512,0,0,30.9863
16,512,1,16,29.9417
16,512,1,32,29.952
16,512,1,64,29.9627
16,512,1,128,30.059
16,512,1,256,30.134
16,512,1,512,30.8163
16,512,1,1024,45.0037
16,512,1,2048,75.0397
16,512,1,4096,134.837
16,512,2,16,29.9413
16,512,2,32,30.1657
16,512,2,64,30.1973
16,512,2,128,30.2187
16,512,2,256,30.1227
16,512,2,512,31.1787
16,512,2,1024,45.2267
16,512,2,2048,75.723
16,512,2,4096,135.232
16,512,4,16,30.0053
16,512,4,32,30.1863
16,512,4,64,30.293
16,512,4,128,30.1227
16,512,4,256,30.2077
16,512,4,512,31.1467
16,512,4,1024,45.3547
16,512,4,2048,75.392
16,512,4,4096,136.075
16,512,8,16,41.0557
16,512,8,32,41.0877
16,512,8,64,41.3117
16,512,8,128,41.579
16,512,8,256,41.632
16,512,8,512,42.4533
16,512,8,1024,64.7147
16,512,8,2048,110.145
16,512,8,4096,200.907
16,512,16,16,44.1067
16,512,16,32,44.4373
16,512,16,64,43.0617
16,512,16,128,45.5147
16,512,16,256,51.0507
16,512,16,512,61.749
16,512,16,1024,110.016
16,512,16,2048,184.043
16,512,16,4096,380.556
16,512,32,16,51.285
16,512,32,32,52.2133
16,512,32,64,51.3063
16,512,32,128,60.8
16,512,32,256,71.0083
16,512,32,512,93.4617
16,512,32,1024,164.277
16,512,32,2048,287.499
16,512,32,4096,533.537
16,512,64,16,69.707
16,512,64,32,70.144
16,512,64,64,71.008
16,512,64,128,93.6327
16,512,64,256,119.947
16,512,64,512,170.496
16,512,64,1024,288.47
16,512,64,2048,527.969
16,512,64,4096,1020.24
16,1024,0,0,45.8133
16,1024,1,16,44.8217
16,1024,1,32,44.768
16,1024,1,64,44.7147
16,1024,1,128,44.7783
16,1024,1,256,44.8207
16,1024,1,512,44.8533
16,1024,1,1024,45.878
16,1024,1,2048,74.7417
16,1024,1,4096,134.624
16,1024,2,16,44.9177
16,1024,2,32,45.11
16,1024,2,64,44.7893
16,1024,2,128,44.7473
16,1024,2,256,45.0027
16,1024,2,512,45.1413
16,1024,2,1024,46.016
16,1024,2,2048,75.3923
16,1024,2,4096,136.577
16,1024,4,16,44.79
16,1024,4,32,45.3007
16,1024,4,64,44.928
16,1024,4,128,44.992
16,1024,4,256,44.8963
16,1024,4,512,45.088
16,1024,4,1024,45.771
16,1024,4,2048,75.4133
16,1024,4,4096,136.054
16,1024,8,16,63.392
16,1024,8,32,64.032
16,1024,8,64,63.3173
16,1024,8,128,64.4803
16,1024,8,256,64.9067
16,1024,8,512,64.4373
16,1024,8,1024,65.2163
16,1024,8,2048,110.496
16,1024,8,4096,200.15
16,1024,16,16,57.5257
16,1024,16,32,57.557
16,1024,16,64,58.1017
16,1024,16,128,68.0533
16,1024,16,256,65.696
16,1024,16,512,78.347
16,1024,16,1024,98.6557
16,1024,16,2048,193.696
16,1024,16,4096,377.644
16,1024,32,16,66.827
16,1024,32,32,68.5227
16,1024,32,64,74.112
16,1024,32,128,78.8273
16,1024,32,256,95.84
16,1024,32,512,108.086
16,1024,32,1024,154.945
16,1024,32,2048,297.398
16,1024,32,4096,542.807
16,1024,64,16,92.8963
16,1024,64,32,85.8457
16,1024,64,64,87.478
16,1024,64,128,113.322
16,1024,64,256,134.614
16,1024,64,512,185.024
16,1024,64,1024,289.227
16,1024,64,2048,527.703
16,1024,64,4096,1023.86
16,2048,0,0,75.9787
16,2048,1,16,74.5277
16,2048,1,32,74.5177
16,2048,1,64,74.5383
16,2048,1,128,74.7627
16,2048,1,256,74.635
16,2048,1,512,74.635
16,2048,1,1024,74.9123
16,2048,1,2048,75.6273
16,2048,1,4096,134.571
16,2048,2,16,74.3573
16,2048,2,32,74.5387
16,2048,2,64,74.667
16,2048,2,128,74.5387
16,2048,2,256,74.5713
16,2048,2,512,74.816
16,2048,2,1024,74.976
16,2048,2,2048,75.9577
16,2048,2,4096,135.328
16,2048,4,16,75.1467
16,2048,4,32,75.3597
16,2048,4,64,75.317
16,2048,4,128,75.2003
16,2048,4,256,74.8273
16,2048,4,512,75.1677
16,2048,4,1024,75.4557
16,2048,4,2048,76.2453
16,2048,4,4096,135.541
16,2048,8,16,108.161
16,2048,8,32,108.053
16,2048,8,64,108.129
16,2048,8,128,107.852
16,2048,8,256,108.95
16,2048,8,512,109.109
16,2048,8,1024,109.931
16,2048,8,2048,110.529
16,2048,8,4096,201.313
16,2048,16,16,87.1143
16,2048,16,32,97.4933
16,2048,16,64,97.5893
16,2048,16,128,90.144
16,2048,16,256,95.1893
16,2048,16,512,105.334
16,2048,16,1024,127.638
16,2048,16,2048,192.544
16,2048,16,4096,378.401
16,2048,32,16,113.205
16,2048,32,32,111.67
16,2048,32,64,113.399
16,2048,32,128,107.477
16,2048,32,256,121.323
16,2048,32,512,147.104
16,2048,32,1024,188.502
16,2048,32,2048,285.185
16,2048,32,4096,555.341
16,2048,64,16,128.502
16,2048,64,32,132.758
16,2048,64,64,130.816
16,2048,64,128,139.254
16,2048,64,256,166.358
16,2048,64,512,218.123
16,2048,64,1024,317.163
16,2048,64,2048,527.66
16,2048,64,4096,1021
16,4096,0,0,135.905
16,4096,1,16,134.23
16,4096,1,32,134.689
16,4096,1,64,134.304
16,4096,1,128,134.677
16,4096,1,256,134.379
16,4096,1,512,134.272
16,4096,1,1024,134.379
16,4096,1,2048,134.22
16,4096,1,4096,135.424
16,4096,2,16,134.944
16,4096,2,32,134.795
16,4096,2,64,134.795
16,4096,2,128,136.064
16,4096,2,256,135.83
16,4096,2,512,135.275
16,4096,2,1024,135.115
16,4096,2,2048,135.531
16,4096,2,4096,136.032
16,4096,4,16,134.464
16,4096,4,32,134.581
16,4096,4,64,134.742
16,4096,4,128,135.445
16,4096,4,256,136.032
16,4096,4,512,136.096
16,4096,4,1024,136.065
16,4096,4,2048,136.011
16,4096,4,4096,136.704
16,4096,8,16,197.76
16,4096,8,32,198.293
16,4096,8,64,196.929
16,4096,8,128,198.507
16,4096,8,256,197.995
16,4096,8,512,200.245
16,4096,8,1024,198.55
16,4096,8,2048,200.246
16,4096,8,4096,201.153
16,4096,16,16,165.078
16,4096,16,32,147.03
16,4096,16,64,166.646
16,4096,16,128,167.499
16,4096,16,256,154.314
16,4096,16,512,164.064
16,4096,16,1024,186.496
16,4096,16,2048,231.019
16,4096,16,4096,380.47
16,4096,32,16,193.302
16,4096,32,32,173.974
16,4096,32,64,173.483
16,4096,32,128,180.203
16,4096,32,256,194.102
16,4096,32,512,215.339
16,4096,32,1024,268.246
16,4096,32,2048,348.652
16,4096,32,4096,537.633
16,4096,64,16,216.747
16,4096,64,32,216.448
16,4096,64,64,215.691
16,4096,64,128,226.422
16,4096,64,256,235.755
16,4096,64,512,283.18
16,4096,64,1024,378.391
16,4096,64,2048,582.018
16,4096,64,4096,1017.25
32,0,0,0,16.7253
32,0,1,16,16.6083
32,0,1,32,16.5443
32,0,1,64,16.608
32,0,1,128,18.8487
32,0,1,256,22.72
32,0,1,512,29.973
32,0,1,1024,44.779
32,0,1,2048,74.7947
32,0,1,4096,134.336
32,0,2,16,16.459
32,0,2,32,16.6613
32,0,2,64,16.757
32,0,2,128,18.8807
32,0,2,256,22.6773
32,0,2,512,30.0053
32,0,2,1024,45.248
32,0,2,2048,75.2107
32,0,2,4096,134.71
32,0,4,16,16.821
32,0,4,32,16.832
32,0,4,64,16.9703
32,0,4,128,19.2107
32,0,4,256,22.869
32,0,4,512,30.336
32,0,4,1024,45.2693
32,0,4,2048,75.2963
32,0,4,4096,136.459
32,0,8,16,18.2297
32,0,8,32,17.9843
32,0,8,64,18.2827
32,0,8,128,24.1387
32,0,8,256,31.072
32,0,8,512,42.1973
32,0,8,1024,64.8747
32,0,8,2048,109.792
32,0,8,4096,201.195
32,0,16,16,28.406
32,0,16,32,28.768
32,0,16,64,28.95
32,0,16,128,35.6587
32,0,16,256,45.8027
32,0,16,512,66.0587
32,0,16,1024,102.805
32,0,16,2048,175.905
32,0,16,4096,378.177
32,0,32,16,36.2883
32,0,32,32,36.8533
32,0,32,64,37.6213
32,0,32,128,50.6883
32,0,32,256,65.7173
32,0,32,512,95.6697
32,0,32,1024,155.542
32,0,32,2048,292.641
32,0,32,4096,525.367
32,0,64,16,54.913
32,0,64,32,54.646
32,0,64,64,55.3917
32,0,64,128,83.2427
32,0,64,256,112.394
32,0,64,512,171.083
32,0,64,1024,289.366
32,0,64,2048,526.636
32,0,64,4096,1014.63
32,16,0,0,17.067
32,16,1,16,16.8213
32,16,1,32,16.8003
32,16,1,64,16.736
32,16,1,128,18.8377
32,16,1,256,22.688
32,16,1,512,30.176
32,16,1,1024,45.0457
32,16,1,2048,74.72
32,16,1,4096,133.771
32,16,2,16,16.779
32,16,2,32,16.6617
32,16,2,64,16.768
32,16,2,128,18.8903
32,16,2,256,22.731
32,16,2,512,30.0267
32,16,2,1024,45.376
32,16,2,2048,75.3813
32,16,2,4096,134.848
32,16,4,16,16.725
32,16,4,32,16.907
32,16,4,64,17.1093
32,16,4,128,19.0827
32,16,4,256,22.9227
32,16,4,512,30.1763
32,16,4,1024,45.2053
32,16,4,2048,75.211
32,16,4,4096,136
32,16,8,16,18.1757
32,16,8,32,18.1013
32,16,8,64,18.389
32,16,8,128,23.9143
32,16,8,256,31.1677
32,16,8,512,42.3897
32,16,8,1024,64.7893
32,16,8,2048,109.888
32,16,8,4096,200.96
32,16,16,16,28.6827
32,16,16,32,28.7787
32,16,16,64,29.1947
32,16,16,128,35.9567
32,16,16,256,44.5767
32,16,16,512,67.094
32,16,16,1024,103.072
32,16,16,2048,176.907
32,16,16,4096,379.564
32,16,32,16,36.6827
32,16,32,32,36.6617
32,16,32,64,37.2583
32,16,32,128,50.8483
32,16,32,256,65.8133
32,16,32,512,95.9787
32,16,32,1024,156.64
32,16,32,2048,278.955
32,16,32,4096,521.335
32,16,64,16,54.5493
32,16,64,32,54.9227
32,16,64,64,55.616
32,16,64,128,82.6353
32,16,64,256,112.448
32,16,64,512,170.337
32,16,64,1024,288.844
32,16,64,2048,525.463
32,16,64,4096,1016.5
32,32,0,0,16.843
32,32,1,16,16.8747
32,32,1,32,16.725
32,32,1,64,16.8097
32,32,1,128,18.763
32,32,1,256,22.72
32,32,1,512,30.2187
32,32,1,1024,45.0983
32,32,1,2048,74.8693
32,32,1,4096,134.091
32,32,2,16,16.8003
32,32,2,32,16.7997
32,32,2,64,16.7997
32,32,2,128,18.9547
32,32,2,256,22.528
32,32,2,512,30.1657
32,32,2,1024,45.2053
32,32,2,2048,75.275
32,32,2,4096,135.094
32,32,4,16,16.896
32,32,4,32,16.8
32,32,4,64,17.1413
32,32,4,128,19.168
32,32,4,256,22.891
32,32,4,512,30.357
32,32,4,1024,45.344
32,32,4,2048,75.1787
32,32,4,4096,136.107
32,32,8,16,18.251
32,32,8,32,18.0907
32,32,8,64,18.4213
32,32,8,128,23.9893
32,32,8,256,31.093
32,32,8,512,42.2933
32,32,8,1024,64.896
32,32,8,2048,110.07
32,32,8,4096,201.558
32,32,16,16,28.8323
32,32,16,32,28.9707
32,32,16,64,29.3013
32,32,16,128,35.904
32,32,16,256,45.9737
32,32,16,512,66.3477
32,32,16,1024,103.957
32,32,16,2048,177.056
32,32,16,4096,375.83
32,32,32,16,36.7573
32,32,32,32,36.9067
32,32,32,64,37.3757
32,32,32,128,50.6457
32,32,32,256,65.5577
32,32,32,512,95.883
32,32,32,1024,156.065
32,32,32,2048,285.281
32,32,32,4096,522.572
32,32,64,16,54.8483
32,32,64,32,54.518
32,32,64,64,55.6483
32,32,64,128,83.2537
32,32,64,256,112.31
32,32,64,512,171.307
32,32,64,1024,288.161
32,32,64,2048,526.828
32,32,64,4096,1013.92
32,64,0,0,16.8853
32,64,1,16,16.8427
32,64,1,32,16.8327
32,64,1,64,16.8853
32,64,1,128,18.7197
32,64,1,256,22.624
32,64,1,512,30.1227
32,64,1,1024,45.0027
32,64,1,2048,74.869
32,64,1,4096,134.497
32,64,2,16,16.8107
32,64,2,32,16.6723
32,64,2,64,16.832
32,64,2,128,18.8587
32,64,2,256,22.6883
32,64,2,512,30.2087
32,64,2,1024,45.3443
32,64,2,2048,75.1463
32,64,2,4096,134.741
32,64,4,16,17.0773
32,64,4,32,17.1093
32,64,4,64,17.1093
32,64,4,128,19.2747
32,64,4,256,23.0297
32,64,4,512,30.3787
32,64,4,1024,45.3973
32,64,4,2048,75.3493
32,64,4,4096,135.915
32,64,8,16,18.2933
32,64,8,32,18.2187
32,64,8,64,18.6027
32,64,8,128,23.8717
32,64,8,256,31.093
32,64,8,512,42.3467
32,64,8,1024,65.2157
32,64,8,2048,110.326
32,64,8,4096,200.192
32,64,16,16,28.8637
32,64,16,32,29.088
32,64,16,64,29.1517
32,64,16,128,35.9467
32,64,16,256,45.5787
32,64,16,512,66.6667
32,64,16,1024,102.465
32,64,16,2048,176.171
32,64,16,4096,378.229
32,64,32,16,36.6623
32,64,32,32,36.672
32,64,32,64,37.3013
32,64,32,128,50.229
32,64,32,256,66.1123
32,64,32,512,95.552
32,64,32,1024,156.406
32,64,32,2048,277.505
32,64,32,4096,520.188
32,64,64,16,54.88
32,64,64,32,54.6137
32,64,64,64,55.68
32,64,64,128,82.55
32,64,64,256,112.62
32,64,64,512,170.39
32,64,64,1024,289.696
32,64,64,2048,526.188
32,64,64,4096,1012.57
32,128,0,0,20.512
32,128,1,16,18.837
32,128,1,32,18.9017
32,128,1,64,18.9547
32,128,1,128,20.299
32,128,1,256,22.699
32,128,1,512,29.92
32,128,1,1024,44.8637
32,128,1,2048,74.8267
32,128,1,4096,134.507
32,128,2,16,19.1143
32,128,2,32,19.0507
32,128,2,64,19.0187
32,128,2,128,20.2663
32,128,2,256,22.7303
32,128,2,512,30.2507
32,128,2,1024,45.0987
32,128,2,2048,74.9657
32,128,2,4096,134.784
32,128,4,16,19.1573
32,128,4,32,19.3067
32,128,4,64,19.157
32,128,4,128,20.5123
32,128,4,256,22.8693
32,128,4,512,30.3043
32,128,4,1024,45.248
32,128,4,2048,75.0937
32,128,4,4096,136.63
32,128,8,16,23.7657
32,128,8,32,23.723
32,128,8,64,24.1607
32,128,8,128,24.1173
32,128,8,256,31.093
32,128,8,512,42.155
32,128,8,1024,64.8533
32,128,8,2048,110.059
32,128,8,4096,201.471
32,128,16,16,32.2563
32,128,16,32,31.1893
32,128,16,64,32.7147
32,128,16,128,34.4427
32,128,16,256,44.789
32,128,16,512,66.4643
32,128,16,1024,105.963
32,128,16,2048,177.665
32,128,16,4096,379.094
32,128,32,16,38.891
32,128,32,32,39.136
32,128,32,64,40.8423
32,128,32,128,48.6403
32,128,32,256,64.9493
32,128,32,512,97.7923
32,128,32,1024,157.408
32,128,32,2048,279.126
32,128,32,4096,539.713
32,128,64,16,59.1253
32,128,64,32,58.7943
32,128,64,64,59.531
32,128,64,128,83.115
32,128,64,256,112.683
32,128,64,512,169.964
32,128,64,1024,289.718
32,128,64,2048,525.986
32,128,64,4096,1019.6
32,256,0,0,24.2027
32,256,1,16,22.774
32,256,1,32,22.7627
32,256,1,64,22.7307
32,256,1,128,22.987
32,256,1,256,23.7227
32,256,1,512,30.058
32,256,1,1024,44.875
32,256,1,2048,74.656
32,256,1,4096,134.389
32,256,2,16,22.7097
32,256,2,32,22.87
32,256,2,64,22.9543
32,256,2,128,22.8267
32,256,2,256,23.8833
32,256,2,512,30.2713
32,256,2,1024,45.0777
32,256,2,2048,75.0827
32,256,2,4096,135.36
32,256,4,16,22.9437
32,256,4,32,23.0727
32,256,4,64,23.1363
32,256,4,128,23.243
32,256,4,256,24.053
32,256,4,512,30.379
32,256,4,1024,45.3227
32,256,4,2048,75.4457
32,256,4,4096,136.481
32,256,8,16,30.635
32,256,8,32,30.528
32,256,8,64,30.5707
32,256,8,128,30.858
32,256,8,256,31.2747
32,256,8,512,42.3897
32,256,8,1024,64.7897
32,256,8,2048,110.123
32,256,8,4096,201.131
32,256,16,16,35.8077
32,256,16,32,35.3067
32,256,16,64,35.573
32,256,16,128,38.144
32,256,16,256,43.7233
32,256,16,512,68.3303
32,256,16,1024,105.024
32,256,16,2048,178.816
32,256,16,4096,379.148
32,256,32,16,43.4247
32,256,32,32,43.552
32,256,32,64,43.36
32,256,32,128,52.0857
32,256,32,256,63.9787
32,256,32,512,99.3493
32,256,32,1024,159.883
32,256,32,2048,282.506
32,256,32,4096,525.302
32,256,64,16,62.7093
32,256,64,32,62.4213
32,256,64,64,63.1467
32,256,64,128,86.39
32,256,64,256,112.822
32,256,64,512,169.888
32,256,64,1024,288.15
32,256,64,2048,527.574
32,256,64,4096,1018.98
32,512,0,0,31.2323
32,512,1,16,30.1333
32,512,1,32,30.0373
32,512,1,64,30.304
32,512,1,128,30.2187
32,512,1,256,30.1663
32,512,1,512,30.9977
32,512,1,1024,45.2053
32,512,1,2048,75.0607
32,512,1,4096,134.251
32,512,2,16,30.0693
32,512,2,32,30.218
32,512,2,64,30.091
32,512,2,128,30.08
32,512,2,256,30.283
32,512,2,512,30.9873
32,512,2,1024,45.1727
32,512,2,2048,75.4347
32,512,2,4096,134.976
32,512,4,16,30.24
32,512,4,32,30.1123
32,512,4,64,30.272
32,512,4,128,30.39
32,512,4,256,30.3787
32,512,4,512,31.3173
32,512,4,1024,45.28
32,512,4,2048,75.2423
32,512,4,4096,136.385
32,512,8,16,40.8427
32,512,8,32,41.2167
32,512,8,64,41.6433
32,512,8,128,41.5683
32,512,8,256,42.176
32,512,8,512,42.5073
32,512,8,1024,64.8217
32,512,8,2048,110.23
32,512,8,4096,200.267
32,512,16,16,44.1923
32,512,16,32,43.1573
32,512,16,64,42.9763
32,512,16,128,47.083
32,512,16,256,53.4293
32,512,16,512,61.5783
32,512,16,1024,109.792
32,512,16,2048,188.191
32,512,16,4096,379.073
32,512,32,16,51.4033
32,512,32,32,53.4507
32,512,32,64,51.9363
32,512,32,128,61.088
32,512,32,256,72.075
32,512,32,512,94.1653
32,512,32,1024,165.665
32,512,32,2048,287.862
32,512,32,4096,530.966
32,512,64,16,69.5467
32,512,64,32,70.379
32,512,64,64,70.8483
32,512,64,128,93.3873
32,512,64,256,120.117
32,512,64,512,170.038
32,512,64,1024,288.726
32,512,64,2048,527.371
32,512,64,4096,1021.75
32,1024,0,0,45.888
32,1024,1,16,44.7893
32,1024,1,32,44.768
32,1024,1,64,44.694
32,1024,1,128,44.758
32,1024,1,256,44.8857
32,1024,1,512,45.152
32,1024,1,1024,45.8987
32,1024,1,2048,75.1577
32,1024,1,4096,134.784
32,1024,2,16,44.9813
32,1024,2,32,44.864
32,1024,2,64,44.832
32,1024,2,128,44.8003
32,1024,2,256,45.1727
32,1024,2,512,45.4083
32,1024,2,1024,45.8023
32,1024,2,2048,74.923
32,1024,2,4096,135.062
32,1024,4,16,45.0247
32,1024,4,32,45.3113
32,1024,4,64,45.397
32,1024,4,128,45.0783
32,1024,4,256,45.44
32,1024,4,512,45.8667
32,1024,4,1024,46.0057
32,1024,4,2048,75.3387
32,1024,4,4096,136.107
32,1024,8,16,63.3177
32,1024,8,32,63.4247
32,1024,8,64,63.819
32,1024,8,128,64.0857
32,1024,8,256,64.1167
32,1024,8,512,65.3123
32,1024,8,1024,65.0033
32,1024,8,2048,110.102
32,1024,8,4096,201.248
32,1024,16,16,65.2903
32,1024,16,32,61.835
32,1024,16,64,62.0373
32,1024,16,128,60.3417
32,1024,16,256,68.9383
32,1024,16,512,75.7863
32,1024,16,1024,98.7837
32,1024,16,2048,192.629
32,1024,16,4096,377.398
32,1024,32,16,71.317
32,1024,32,32,70.0267
32,1024,32,64,67.3813
32,1024,32,128,78.9443
32,1024,32,256,91.3493
32,1024,32,512,107.862
32,1024,32,1024,155.787
32,1024,32,2048,295.457
32,1024,32,4096,539.851
32,1024,64,16,87.3927
32,1024,64,32,85.899
32,1024,64,64,87.68
32,1024,64,128,109.066
32,1024,64,256,137.664
32,1024,64,512,184.214
32,1024,64,1024,289.388
32,1024,64,2048,527.682
32,1024,64,4096,1025.52
32,2048,0,0,76.1073
32,2048,1,16,74.5067
32,2048,1,32,74.677
32,2048,1,64,74.592
32,2048,1,128,74.4853
32,2048,1,256,74.6667
32,2048,1,512,74.912
32,2048,1,1024,75.0507
32,2048,1,2048,75.9047
32,2048,1,4096,134.923
32,2048,2,16,74.5173
32,2048,2,32,74.8907
32,2048,2,64,74.933
32,2048,2,128,75.1573
32,2048,2,256,74.9013
32,2048,2,512,74.891
32,2048,2,1024,75.1357
32,2048,2,2048,76.096
32,2048,2,4096,135.082
32,2048,4,16,75.5517
32,2048,4,32,74.7733
32,2048,4,64,75.499
32,2048,4,128,75.2643
32,2048,4,256,75.4457
32,2048,4,512,75.126
32,2048,4,1024,75.563
32,2048,4,2048,76.3843
32,2048,4,4096,136.139
32,2048,8,16,109.024
32,2048,8,32,107.893
32,2048,8,64,108.405
32,2048,8,128,108.886
32,2048,8,256,109.088
32,2048,8,512,109.569
32,2048,8,1024,109.12
32,2048,8,2048,110.795
32,2048,8,4096,200.79
32,2048,16,16,96.2667
32,2048,16,32,87.2853
32,2048,16,64,88.0637
32,2048,16,128,89.9947
32,2048,16,256,103.552
32,2048,16,512,112.469
32,2048,16,1024,131.114
32,2048,16,2048,201.078
32,2048,16,4096,376.961
32,2048,32,16,103.083
32,2048,32,32,95.3713
32,2048,32,64,95.808
32,2048,32,128,108.256
32,2048,32,256,121.27
32,2048,32,512,145.995
32,2048,32,1024,184.129
32,2048,32,2048,286.635
32,2048,32,4096,559.245
32,2048,64,16,135.371
32,2048,64,32,129.995
32,2048,64,64,126.176
32,2048,64,128,144.384
32,2048,64,256,166.859
32,2048,64,512,215.083
32,2048,64,1024,318.379
32,2048,64,2048,526.124
32,2048,64,4096,1025.69
32,4096,0,0,135.713
32,4096,1,16,133.878
32,4096,1,32,134.027
32,4096,1,64,133.984
32,4096,1,128,134.038
32,4096,1,256,134.017
32,4096,1,512,134.454
32,4096,1,1024,134.283
32,4096,1,2048,134.742
32,4096,1,4096,135.136
32,4096,2,16,134.806
32,4096,2,32,134.774
32,4096,2,64,135.531
32,4096,2,128,135.969
32,4096,2,256,135.179
32,4096,2,512,135.573
32,4096,2,1024,135.52
32,4096,2,2048,135.051
32,4096,2,4096,135.691
32,4096,4,16,135.115
32,4096,4,32,134.88
32,4096,4,64,134.603
32,4096,4,128,135.264
32,4096,4,256,135.381
32,4096,4,512,135.446
32,4096,4,1024,135.275
32,4096,4,2048,135.968
32,4096,4,4096,136.384
32,4096,8,16,197.952
32,4096,8,32,197.526
32,4096,8,64,197.985
32,4096,8,128,197.824
32,4096,8,256,198.443
32,4096,8,512,199.072
32,4096,8,1024,198.956
32,4096,8,2048,199.563
32,4096,8,4096,202.122
32,4096,16,16,146.39
32,4096,16,32,183.424
32,4096,16,64,146.433
32,4096,16,128,166.966
32,4096,16,256,172.875
32,4096,16,512,164.854
32,4096,16,1024,186.486
32,4096,16,2048,249.078
32,4096,16,4096,380.278
32,4096,32,16,169.899
32,4096,32,32,154.112
32,4096,32,64,173.494
32,4096,32,128,166.667
32,4096,32,256,204.449
32,4096,32,512,222.646
32,4096,32,1024,262.369
32,4096,32,2048,334.956
32,4096,32,4096,536.546
32,4096,64,16,215.637
32,4096,64,32,220.235
32,4096,64,64,219.211
32,4096,64,128,227.147
32,4096,64,256,251.99
32,4096,64,512,277.429
32,4096,64,1024,377.814
32,4096,64,2048,584.939
32,4096,64,4096,1017.44
64,0,0,0,17.141
64,0,1,16,17.3333
64,0,1,32,17.259
64,0,1,64,17.1947
64,0,1,128,18.912
64,0,1,256,22.6563
64,0,1,512,30.336
64,0,1,1024,45.3013
64,0,1,2048,74.997
64,0,1,4096,134.197
64,0,2,16,17.152
64,0,2,32,17.1413
64,0,2,64,17.152
64,0,2,128,18.9767
64,0,2,256,22.8477
64,0,2,512,30.4637
64,0,2,1024,45.483
64,0,2,2048,75.2223
64,0,2,4096,135.659
64,0,4,16,17.2273
64,0,4,32,17.1847
64,0,4,64,17.3553
64,0,4,128,19.3813
64,0,4,256,23.1357
64,0,4,512,30.4213
64,0,4,1024,45.2583
64,0,4,2048,75.5413
64,0,4,4096,136.683
64,0,8,16,18.699
64,0,8,32,18.8477
64,0,8,64,19.0187
64,0,8,128,24.181
64,0,8,256,31.0833
64,0,8,512,42.72
64,0,8,1024,64.8423
64,0,8,2048,110.763
64,0,8,4096,202.006
64,0,16,16,29.1733
64,0,16,32,28.768
64,0,16,64,29.6213
64,0,16,128,36.576
64,0,16,256,46.3147
64,0,16,512,66.56
64,0,16,1024,104.672
64,0,16,2048,176.022
64,0,16,4096,379.649
64,0,32,16,36.512
64,0,32,32,36.6937
64,0,32,64,37.707
64,0,32,128,49.9727
64,0,32,256,66.4643
64,0,32,512,96
64,0,32,1024,156.256
64,0,32,2048,278.294
64,0,32,4096,522.668
64,0,64,16,55.7337
64,0,64,32,55.5307
64,0,64,64,56.2773
64,0,64,128,82.8163
64,0,64,256,112.96
64,0,64,512,172.075
64,0,64,1024,291.158
64,0,64,2048,527.234
64,0,64,4096,1016.41
64,16,0,0,17.504
64,16,1,16,17.3227
64,16,1,32,17.1947
64,16,1,64,17.4187
64,16,1,128,18.8793
64,16,1,256,22.795
64,16,1,512,30.2823
64,16,1,1024,45.1627
64,16,1,2048,75.264
64,16,1,4096,134.699
64,16,2,16,17.3123
64,16,2,32,17.056
64,16,2,64,17.3333
64,16,2,128,19.0293
64,16,2,256,22.8693
64,16,2,512,30.453
64,16,2,1024,45.653
64,16,2,2048,75.552
64,16,2,4096,136.555
64,16,4,16,17.184
64,16,4,32,17.1837
64,16,4,64,17.3443
64,16,4,128,19.36
64,16,4,256,23.2323
64,16,4,512,30.4217
64,16,4,1024,45.546
64,16,4,2048,75.4033
64,16,4,4096,135.797
64,16,8,16,19.2747
64,16,8,32,19.179
64,16,8,64,19.2213
64,16,8,128,24.235
64,16,8,256,31.1037
64,16,8,512,42.624
64,16,8,1024,64.9387
64,16,8,2048,109.909
64,16,8,4096,201.12
64,16,16,16,28.981
64,16,16,32,29.28
64,16,16,64,29.2373
64,16,16,128,36.3947
64,16,16,256,46.1333
64,16,16,512,66.0477
64,16,16,1024,103.125
64,16,16,2048,175.574
64,16,16,4096,379.371
64,16,32,16,36.7037
64,16,32,32,36.544
64,16,32,64,37.675
64,16,32,128,49.803
64,16,32,256,66.39
64,16,32,512,95.9687
64,16,32,1024,156.886
64,16,32,2048,286.55
64,16,32,4096,521.216
64,16,64,16,55.5203
64,16,64,32,55.5733
64,16,64,64,56.3417
64,16,64,128,83.1463
64,16,64,256,113.067
64,16,64,512,171.542
64,16,64,1024,289.569
64,16,64,2048,526.028
64,16,64,4096,1008.77
64,32,0,0,17.3547
64,32,1,16,17.558
64,32,1,32,17.397
64,32,1,64,17.355
64,32,1,128,18.8373
64,32,1,256,22.7947
64,32,1,512,30.293
64,32,1,1024,45.323
64,32,1,2048,75.179
64,32,1,4096,134.763
64,32,2,16,17.3657
64,32,2,32,17.12
64,32,2,64,17.248
64,32,2,128,18.976
64,32,2,256,22.997
64,32,2,512,30.358
64,32,2,1024,45.6
64,32,2,2048,75.1573
64,32,2,4096,135.466
64,32,4,16,17.1413
64,32,4,32,17.4507
64,32,4,64,17.4187
64,32,4,128,19.339
64,32,4,256,23.008
64,32,4,512,30.4743
64,32,4,1024,45.2693
64,32,4,2048,75.2213
64,32,4,4096,136.31
64,32,8,16,19.04
64,32,8,32,19.0717
64,32,8,64,19.1893
64,32,8,128,24.01
64,32,8,256,31.3493
64,32,8,512,42.5813
64,32,8,1024,65.184
64,32,8,2048,109.782
64,32,8,4096,201.088
64,32,16,16,29.0457
64,32,16,32,29.0563
64,32,16,64,30.0163
64,32,16,128,36.5973
64,32,16,256,46.027
64,32,16,512,67.9147
64,32,16,1024,103.947
64,32,16,2048,176.427
64,32,16,4096,378.284
64,32,32,16,36.8427
64,32,32,32,36.555
64,32,32,64,37.4293
64,32,32,128,49.8457
64,32,32,256,67.083
64,32,32,512,95.8827
64,32,32,1024,156.544
64,32,32,2048,277.92
64,32,32,4096,537.303
64,32,64,16,55.4133
64,32,64,32,55.7553
64,32,64,64,56.075
64,32,64,128,83.03
64,32,64,256,113.11
64,32,64,512,171.968
64,32,64,1024,289.046
64,32,64,2048,525.676
64,32,64,4096,1016.58
64,64,0,0,17.568
64,64,1,16,17.323
64,64,1,32,17.483
64,64,1,64,17.4613
64,64,1,128,19.0933
64,64,1,256,22.9013
64,64,1,512,30.2293
64,64,1,1024,45.078
64,64,1,2048,74.9867
64,64,1,4096,134.518
64,64,2,16,17.2483
64,64,2,32,17.1417
64,64,2,64,17.3653
64,64,2,128,19.0933
64,64,2,256,23.2423
64,64,2,512,30.5283
64,64,2,1024,45.3977
64,64,2,2048,75.3067
64,64,2,4096,135.979
64,64,4,16,17.3233
64,64,4,32,17.28
64,64,4,64,17.451
64,64,4,128,19.4347
64,64,4,256,23.1037
64,64,4,512,30.4537
64,64,4,1024,45.259
64,64,4,2048,75.3923
64,64,4,4096,136.619
64,64,8,16,18.784
64,64,8,32,18.709
64,64,8,64,18.8377
64,64,8,128,24.117
64,64,8,256,31.2427
64,64,8,512,42.7313
64,64,8,1024,64.8533
64,64,8,2048,110.272
64,64,8,4096,202.08
64,64,16,16,28.9173
64,64,16,32,28.9817
64,64,16,64,29.515
64,64,16,128,36.9707
64,64,16,256,45.898
64,64,16,512,65.9307
64,64,16,1024,103.67
64,64,16,2048,177.557
64,64,16,4096,375.488
64,64,32,16,36.853
64,64,32,32,36.8003
64,64,32,64,37.3867
64,64,32,128,50.0697
64,64,32,256,67.605
64,64,32,512,96.31
64,64,32,1024,156.853
64,64,32,2048,278.027
64,64,32,4096,520.63
64,64,64,16,55.4453
64,64,64,32,55.605
64,64,64,64,56.256
64,64,64,128,83.1147
64,64,64,256,113.068
64,64,64,512,170.337
64,64,64,1024,288.919
64,64,64,2048,525.996
64,64,64,4096,1019.67
64,128,0,0,20.9173
64,128,1,16,19.392
64,128,1,32,19.52
64,128,1,64,19.4347
64,128,1,128,20.6833
64,128,1,256,22.8367
64,128,1,512,30.4107
64,128,1,1024,45.077
64,128,1,2048,75.2427
64,128,1,4096,134.72
64,128,2,16,19.648
64,128,2,32,19.402
64,128,2,64,19.5517
64,128,2,128,20.768
64,128,2,256,22.9447
64,128,2,512,30.443
64,128,2,1024,45.4293
64,128,2,2048,75.1783
64,128,2,4096,136.448
64,128,4,16,19.3813
64,128,4,32,19.445
64,128,4,64,19.5203
64,128,4,128,20.896
64,128,4,256,23.232
64,128,4,512,30.4107
64,128,4,1024,45.323
64,128,4,2048,75.7977
64,128,4,4096,136.597
64,128,8,16,24.7893
64,128,8,32,24.7147
64,128,8,64,25.1413
64,128,8,128,25.0023
64,128,8,256,31.4137
64,128,8,512,42.2927
64,128,8,1024,65.2263
64,128,8,2048,110.208
64,128,8,4096,200.875
64,128,16,16,32.395
64,128,16,32,32.8213
64,128,16,64,32.48
64,128,16,128,35.0297
64,128,16,256,43.0613
64,128,16,512,65.2487
64,128,16,1024,104.853
64,128,16,2048,181.248
64,128,16,4096,380.609
64,128,32,16,40.0747
64,128,32,32,39.7123
64,128,32,64,39.9897
64,128,32,128,48.683
64,128,32,256,65.3017
64,128,32,512,98.1657
64,128,32,1024,158.059
64,128,32,2048,280.843
64,128,32,4096,540.205
64,128,64,16,59.723
64,128,64,32,59.6373
64,128,64,64,60.2137
64,128,64,128,83.2107
64,128,64,256,112.939
64,128,64,512,170.678
64,128,64,1024,289.163
64,128,64,2048,527.479
64,128,64,4096,1015.84
64,256,0,0,24.5657
64,256,1,16,23.2853
64,256,1,32,23.3813
64,256,1,64,23.285
64,256,1,128,23.4453
64,256,1,256,24.3197
64,256,1,512,30.1863
64,256,1,1024,45.2697
64,256,1,2048,75.0827
64,256,1,4096,134.464
64,256,2,16,23.3597
64,256,2,32,23.2747
64,256,2,64,23.4873
64,256,2,128,23.371
64,256,2,256,24.4797
64,256,2,512,30.496
64,256,2,1024,45.6637
64,256,2,2048,75.7017
64,256,2,4096,135.52
64,256,4,16,23.2853
64,256,4,32,23.3387
64,256,4,64,23.4237
64,256,4,128,23.4457
64,256,4,256,24.4587
64,256,4,512,30.4747
64,256,4,1024,45.2903
64,256,4,2048,75.435
64,256,4,4096,136.8
64,256,8,16,31.4767
64,256,8,32,31.4027
64,256,8,64,31.4667
64,256,8,128,31.776
64,256,8,256,32.299
64,256,8,512,42.7413
64,256,8,1024,64.832
64,256,8,2048,109.974
64,256,8,4096,200.299
64,256,16,16,36.0957
64,256,16,32,35.4887
64,256,16,64,38.0583
64,256,16,128,38.7733
64,256,16,256,44.0317
64,256,16,512,63.4667
64,256,16,1024,104.907
64,256,16,2048,180.801
64,256,16,4096,380.119
64,256,32,16,44.3413
64,256,32,32,44.1707
64,256,32,64,45.8777
64,256,32,128,53.1303
64,256,32,256,64.491
64,256,32,512,99.969
64,256,32,1024,162.646
64,256,32,2048,284
64,256,32,4096,524.46
64,256,64,16,63.5737
64,256,64,32,63.435
64,256,64,64,64.374
64,256,64,128,87.307
64,256,64,256,113.632
64,256,64,512,170.795
64,256,64,1024,289.665
64,256,64,2048,527.842
64,256,64,4096,1016.48
64,512,0,0,31.755
64,512,1,16,30.635
64,512,1,32,30.656
64,512,1,64,30.6773
64,512,1,128,30.6243
64,512,1,256,30.6883
64,512,1,512,31.5307
64,512,1,1024,45.2163
64,512,1,2048,75.2103
64,512,1,4096,134.677
64,512,2,16,30.635
64,512,2,32,30.464
64,512,2,64,30.7097
64,512,2,128,30.6983
64,512,2,256,30.9547
64,512,2,512,31.392
64,512,2,1024,45.4187
64,512,2,2048,75.3497
64,512,2,4096,135.531
64,512,4,16,30.6133
64,512,4,32,30.646
64,512,4,64,30.816
64,512,4,128,30.8163
64,512,4,256,30.6777
64,512,4,512,31.6163
64,512,4,1024,45.344
64,512,4,2048,75.7543
64,512,4,4096,136.779
64,512,8,16,42.1337
64,512,8,32,42.389
64,512,8,64,42.2933
64,512,8,128,42.976
64,512,8,256,42.9337
64,512,8,512,43.6377
64,512,8,1024,64.8533
64,512,8,2048,109.888
64,512,8,4096,200.704
64,512,16,16,43.9357
64,512,16,32,44.2663
64,512,16,64,45.4723
64,512,16,128,47.52
64,512,16,256,52.8217
64,512,16,512,61.7917
64,512,16,1024,110.731
64,512,16,2048,184.725
64,512,16,4096,381.398
64,512,32,16,51.7337
64,512,32,32,52.2237
64,512,32,64,51.7873
64,512,32,128,61.4507
64,512,32,256,71.3283
64,512,32,512,94.1757
64,512,32,1024,165.174
64,512,32,2048,289.398
64,512,32,4096,533.334
64,512,64,16,71.018
64,512,64,32,71.3817
64,512,64,64,72.736
64,512,64,128,94.4423
64,512,64,256,121.365
64,512,64,512,171.36
64,512,64,1024,288.694
64,512,64,2048,527.778
64,512,64,4096,1018.63
64,1024,0,0,46.4747
64,1024,1,16,45.2373
64,1024,1,32,45.4397
64,1024,1,64,45.419
64,1024,1,128,45.4297
64,1024,1,256,45.5147
64,1024,1,512,45.3653
64,1024,1,1024,46.6447
64,1024,1,2048,75.147
64,1024,1,4096,134.571
64,1024,2,16,45.408
64,1024,2,32,45.3227
64,1024,2,64,45.696
64,1024,2,128,45.504
64,1024,2,256,45.6113
64,1024,2,512,45.7063
64,1024,2,1024,46.6027
64,1024,2,2048,75.3283
64,1024,2,4096,135.489
64,1024,4,16,45.3123
64,1024,4,32,45.4723
64,1024,4,64,45.4083
64,1024,4,128,45.76
64,1024,4,256,46.0373
64,1024,4,512,45.888
64,1024,4,1024,46.2403
64,1024,4,2048,75.627
64,1024,4,4096,135.968
64,1024,8,16,64.7257
64,1024,8,32,64.747
64,1024,8,64,64.6827
64,1024,8,128,64.512
64,1024,8,256,65.312
64,1024,8,512,65.525
64,1024,8,1024,65.9737
64,1024,8,2048,110.005
64,1024,8,4096,200.075
64,1024,16,16,58.2933
64,1024,16,32,58.6243
64,1024,16,64,58.8917
64,1024,16,128,64.32
64,1024,16,256,66.5817
64,1024,16,512,76.9813
64,1024,16,1024,99.6167
64,1024,16,2048,193.014
64,1024,16,4096,379.468
64,1024,32,16,68.4483
64,1024,32,32,69.27
64,1024,32,64,72.064
64,1024,32,128,79.509
64,1024,32,256,92.2453
64,1024,32,512,110.71
64,1024,32,1024,155.585
64,1024,32,2048,295.029
64,1024,32,4096,550.583
64,1024,64,16,86.699
64,1024,64,32,89.899
64,1024,64,64,87.1787
64,1024,64,128,109.995
64,1024,64,256,136.416
64,1024,64,512,185.558
64,1024,64,1024,290.208
64,1024,64,2048,529.377
64,1024,64,4096,1021.52
64,2048,0,0,76.619
64,2048,1,16,75.4027
64,2048,1,32,75.52
64,2048,1,64,75.104
64,2048,1,128,75.3177
64,2048,1,256,75.2637
64,2048,1,512,75.1893
64,2048,1,1024,75.4357
64,2048,1,2048,76.48
64,2048,1,4096,134.87
64,2048,2,16,74.8587
64,2048,2,32,74.944
64,2048,2,64,75.0827
64,2048,2,128,75.0197
64,2048,2,256,75.232
64,2048,2,512,75.4133
64,2048,2,1024,75.4453
64,2048,2,2048,76.395
64,2048,2,4096,135.499
64,2048,4,16,75.744
64,2048,4,32,75.797
64,2048,4,64,75.8293
64,2048,4,128,75.8613
64,2048,4,256,75.8403
64,2048,4,512,75.7653
64,2048,4,1024,75.8723
64,2048,4,2048,76.4053
64,2048,4,4096,136.225
64,2048,8,16,109.205
64,2048,8,32,109.824
64,2048,8,64,110.251
64,2048,8,128,110.389
64,2048,8,256,109.846
64,2048,8,512,110.614
64,2048,8,1024,110.987
64,2048,8,2048,110.71
64,2048,8,4096,200.406
64,2048,16,16,96.7897
64,2048,16,32,96.79
64,2048,16,64,96.523
64,2048,16,128,99.0397
64,2048,16,256,95.9363
64,2048,16,512,106.848
64,2048,16,1024,128.426
64,2048,16,2048,203.094
64,2048,16,4096,380.342
64,2048,32,16,95.744
64,2048,32,32,112.149
64,2048,32,64,96.0747
64,2048,32,128,108.278
64,2048,32,256,128.96
64,2048,32,512,151.211
64,2048,32,1024,184.512
64,2048,32,2048,284.619
64,2048,32,4096,557.644
64,2048,64,16,136.811
64,2048,64,32,131.104
64,2048,64,64,132.949
64,2048,64,128,147.052
64,2048,64,256,166.188
64,2048,64,512,216.011
64,2048,64,1024,318.177
64,2048,64,2048,527.256
64,2048,64,4096,1028.22
64,4096,0,0,136.203
64,4096,1,16,135.147
64,4096,1,32,135.147
64,4096,1,64,135.285
64,4096,1,128,135.179
64,4096,1,256,135.275
64,4096,1,512,135.446
64,4096,1,1024,135.37
64,4096,1,2048,135.403
64,4096,1,4096,135.894
64,4096,2,16,136
64,4096,2,32,135.766
64,4096,2,64,136.491
64,4096,2,128,136.726
64,4096,2,256,137.963
64,4096,2,512,136.768
64,4096,2,1024,137.291
64,4096,2,2048,136.651
64,4096,2,4096,137.718
64,4096,4,16,136.171
64,4096,4,32,135.189
64,4096,4,64,135.136
64,4096,4,128,137.259
64,4096,4,256,135.467
64,4096,4,512,137.206
64,4096,4,1024,137.077
64,4096,4,2048,136.267
64,4096,4,4096,137.76
64,4096,8,16,198.965
64,4096,8,32,198.209
64,4096,8,64,199.894
64,4096,8,128,199.211
64,4096,8,256,199.851
64,4096,8,512,199.702
64,4096,8,1024,199.884
64,4096,8,2048,199.755
64,4096,8,4096,201.931
64,4096,16,16,165.6
64,4096,16,32,164.608
64,4096,16,64,147.702
64,4096,16,128,150.272
64,4096,16,256,155.019
64,4096,16,512,181.824
64,4096,16,1024,201.259
64,4096,16,2048,239.628
64,4096,16,4096,379.756
64,4096,32,16,170.753
64,4096,32,32,154.4
64,4096,32,64,188.523
64,4096,32,128,167.019
64,4096,32,256,220.939
64,4096,32,512,209.184
64,4096,32,1024,268.768
64,4096,32,2048,345.141
64,4096,32,4096,538.732
64,4096,64,16,215.83
64,4096,64,32,220.96
64,4096,64,64,217.345
64,4096,64,128,228.587
64,4096,64,256,239.947
64,4096,64,512,275.414
64,4096,64,1024,379.788
64,4096,64,2048,585.847
64,4096,64,4096,1016.39
128,0,0,0,18.272
128,0,1,16,17.7493
128,0,1,32,17.7813
128,0,1,64,17.8667
128,0,1,128,19.595
128,0,1,256,23.552
128,0,1,512,30.6133
128,0,1,1024,45.3123
128,0,1,2048,75.3173
128,0,1,4096,135.178
128,0,2,16,18.0803
128,0,2,32,17.813
128,0,2,64,18.1123
128,0,2,128,19.9677
128,0,2,256,23.926
128,0,2,512,31.275
128,0,2,1024,46.0593
128,0,2,2048,76.2457
128,0,2,4096,135.541
128,0,4,16,19.008
128,0,4,32,19.2963
128,0,4,64,19.1787
128,0,4,128,24.5227
128,0,4,256,31.1143
128,0,4,512,42.5067
128,0,4,1024,65.1733
128,0,4,2048,111.648
128,0,4,4096,204.352
128,0,8,16,19.68
128,0,8,32,19.6477
128,0,8,64,19.669
128,0,8,128,25.0667
128,0,8,256,31.883
128,0,8,512,42.9123
128,0,8,1024,65.781
128,0,8,2048,111.243
128,0,8,4096,204.341
128,0,16,16,28.032
128,0,16,32,28.0533
128,0,16,64,28.192
128,0,16,128,37.6213
128,0,16,256,47.8397
128,0,16,512,67.9577
128,0,16,1024,103.36
128,0,16,2048,184.992
128,0,16,4096,381.004
128,0,32,16,37.867
128,0,32,32,37.6327
128,0,32,64,38.155
128,0,32,128,53.5357
128,0,32,256,68.4163
128,0,32,512,99.1573
128,0,32,1024,158.326
128,0,32,2048,292.982
128,0,32,4096,571.66
128,0,64,16,59.2107
128,0,64,32,59.3387
128,0,64,64,59.6053
128,0,64,128,86.9233
128,0,64,256,117.771
128,0,64,512,174.539
128,0,64,1024,292.855
128,0,64,2048,530.988
128,0,64,4096,1029.82
128,16,0,0,20.1067
128,16,1,16,20.085
128,16,1,32,20.0643
128,16,1,64,20.1707
128,16,1,128,20.0747
128,16,1,256,23.488
128,16,1,512,30.5173
128,16,1,1024,45.3333
128,16,1,2048,75.0617
128,16,1,4096,135.041
128,16,2,16,20.3943
128,16,2,32,20.2453
128,16,2,64,20.3313
128,16,2,128,20.1703
128,16,2,256,23.7543
128,16,2,512,31.061
128,16,2,1024,45.899
128,16,2,2048,76.0423
128,16,2,4096,135.467
128,16,4,16,20.075
128,16,4,32,20.0003
128,16,4,64,20.224
128,16,4,128,24.3733
128,16,4,256,31.1147
128,16,4,512,42.2507
128,16,4,1024,65.611
128,16,4,2048,111.606
128,16,4,4096,204.139
128,16,8,16,23.6483
128,16,8,32,23.7333
128,16,8,64,23.7433
128,16,8,128,25.504
128,16,8,256,31.7547
128,16,8,512,42.976
128,16,8,1024,65.483
128,16,8,2048,111.819
128,16,8,4096,204.118
128,16,16,16,31.4457
128,16,16,32,32.064
128,16,16,64,31.904
128,16,16,128,37.5153
128,16,16,256,48.2777
128,16,16,512,67.6477
128,16,16,1024,108.246
128,16,16,2048,188.79
128,16,16,4096,381.975
128,16,32,16,40.928
128,16,32,32,41.579
128,16,32,64,41.0567
128,16,32,128,53.6853
128,16,32,256,69.814
128,16,32,512,99.307
128,16,32,1024,159.478
128,16,32,2048,299.254
128,16,32,4096,565.026
128,16,64,16,63.2
128,16,64,32,63.1253
128,16,64,64,62.7417
128,16,64,128,87.68
128,16,64,256,117.75
128,16,64,512,173.963
128,16,64,1024,292.534
128,16,64,2048,531.063
128,16,64,4096,1024.95
128,32,0,0,20.1597
128,32,1,16,20.3093
128,32,1,32,20.3523
128,32,1,64,20.1387
128,32,1,128,20.2773
128,32,1,256,23.4777
128,32,1,512,30.5817
128,32,1,1024,45.3437
128,32,1,2048,75.0403
128,32,1,4096,135.211
128,32,2,16,20.2767
128,32,2,32,20.2563
128,32,2,64,20.3307
128,32,2,128,20.4483
128,32,2,256,23.9143
128,32,2,512,31.1043
128,32,2,1024,46.1763
128,32,2,2048,76.043
128,32,2,4096,135.68
128,32,4,16,20.1283
128,32,4,32,20.1057
128,32,4,64,20.2453
128,32,4,128,24.5437
128,32,4,256,31.147
128,32,4,512,42.09
128,32,4,1024,65.0773
128,32,4,2048,111.744
128,32,4,4096,204.694
128,32,8,16,23.328
128,32,8,32,23.488
128,32,8,64,23.5307
128,32,8,128,25.1733
128,32,8,256,32.053
128,32,8,512,43.2003
128,32,8,1024,65.7497
128,32,8,2048,111.776
128,32,8,4096,204.705
128,32,16,16,31.4557
128,32,16,32,31.5203
128,32,16,64,31.0403
128,32,16,128,36.811
128,32,16,256,48.8743
128,32,16,512,67.5203
128,32,16,1024,108.128
128,32,16,2048,201.708
128,32,16,4096,362.87
128,32,32,16,40.597
128,32,32,32,41.2803
128,32,32,64,40.9707
128,32,32,128,54.2937
128,32,32,256,69.312
128,32,32,512,101.931
128,32,32,1024,166.133
128,32,32,2048,293.185
128,32,32,4096,554.508
128,32,64,16,62.5923
128,32,64,32,62.5497
128,32,64,64,63.04
128,32,64,128,86.677
128,32,64,256,118.176
128,32,64,512,175.253
128,32,64,1024,293.42
128,32,64,2048,531.17
128,32,64,4096,1027.77
128,64,0,0,20.3737
128,64,1,16,20.3627
128,64,1,32,20.245
128,64,1,64,20.256
128,64,1,128,20.3523
128,64,1,256,23.3703
128,64,1,512,30.7737
128,64,1,1024,45.5243
128,64,1,2048,75.3493
128,64,1,4096,135.125
128,64,2,16,20.5013
128,64,2,32,20.3737
128,64,2,64,20.5017
128,64,2,128,20.512
128,64,2,256,23.8083
128,64,2,512,31.2
128,64,2,1024,46.2613
128,64,2,2048,76.331
128,64,2,4096,135.68
128,64,4,16,20.1813
128,64,4,32,20.3197
128,64,4,64,20.2667
128,64,4,128,24.5333
128,64,4,256,31.1997
128,64,4,512,42.272
128,64,4,1024,65.6537
128,64,4,2048,111.722
128,64,4,4096,203.809
128,64,8,16,23.5413
128,64,8,32,23.584
128,64,8,64,23.755
128,64,8,128,25.3973
128,64,8,256,31.798
128,64,8,512,43.147
128,64,8,1024,65.7813
128,64,8,2048,112.331
128,64,8,4096,204.235
128,64,16,16,32.672
128,64,16,32,31.5517
128,64,16,64,32.1707
128,64,16,128,37.2587
128,64,16,256,48.16
128,64,16,512,67.6693
128,64,16,1024,108.512
128,64,16,2048,196.619
128,64,16,4096,379.767
128,64,32,16,41.0667
128,64,32,32,41.5253
128,64,32,64,40.907
128,64,32,128,54.1867
128,64,32,256,70.0587
128,64,32,512,98.9233
128,64,32,1024,163.435
128,64,32,2048,296.118
128,64,32,4096,562.231
128,64,64,16,63.6587
128,64,64,32,63.0937
128,64,64,64,63.434
128,64,64,128,87.1253
128,64,64,256,116.971
128,64,64,512,174.326
128,64,64,1024,293.259
128,64,64,2048,529.815
128,64,64,4096,1031.36
128,128,0,0,22.1123
128,128,1,16,20.619
128,128,1,32,20.544
128,128,1,64,20.4693
128,128,1,128,21.589
128,128,1,256,23.3167
128,128,1,512,30.6773
128,128,1,1024,45.3867
128,128,1,2048,75.1897
128,128,1,4096,135.37
128,128,2,16,20.725
128,128,2,32,20.6613
128,128,2,64,20.672
128,128,2,128,21.5357
128,128,2,256,23.893
128,128,2,512,31.1783
128,128,2,1024,46.24
128,128,2,2048,76.1913
128,128,2,4096,135.958
128,128,4,16,22.9013
128,128,4,32,23.0827
128,128,4,64,23.1043
128,128,4,128,25.205
128,128,4,256,31.222
128,128,4,512,42.3893
128,128,4,1024,65.739
128,128,4,2048,111.061
128,128,4,4096,203.52
128,128,8,16,25.8347
128,128,8,32,25.7707
128,128,8,64,26.0163
128,128,8,128,26.1657
128,128,8,256,32.182
128,128,8,512,43.1147
128,128,8,1024,65.8883
128,128,8,2048,111.574
128,128,8,4096,205.013
128,128,16,16,31.605
128,128,16,32,32.4697
128,128,16,64,31.6053
128,128,16,128,35.424
128,128,16,256,49.0987
128,128,16,512,67.7867
128,128,16,1024,108.224
128,128,16,2048,190.518
128,128,16,4096,380.449
128,128,32,16,41.4613
128,128,32,32,42.3893
128,128,32,64,41.504
128,128,32,128,54.6133
128,128,32,256,70.7207
128,128,32,512,99.1147
128,128,32,1024,161.75
128,128,32,2048,302.433
128,128,32,4096,535.842
128,128,64,16,64.118
128,128,64,32,63.872
128,128,64,64,64.1923
128,128,64,128,88.1177
128,128,64,256,116.896
128,128,64,512,173.708
128,128,64,1024,292.896
128,128,64,2048,532.215
128,128,64,4096,1026.87
128,256,0,0,25.685
128,256,1,16,24.288
128,256,1,32,24.1493
128,256,1,64,24.2883
128,256,1,128,24.277
128,256,1,256,25.0133
128,256,1,512,30.4103
128,256,1,1024,45.3867
128,256,1,2048,75.3603
128,256,1,4096,135.232
128,256,2,16,24.331
128,256,2,32,24.2237
128,256,2,64,24.395
128,256,2,128,24.2667
128,256,2,256,25.0027
128,256,2,512,31.2637
128,256,2,1024,46.3683
128,256,2,2048,76.2567
128,256,2,4096,135.563
128,256,4,16,26.57
128,256,4,32,26.6347
128,256,4,64,26.7733
128,256,4,128,29.0023
128,256,4,256,32.0533
128,256,4,512,42.262
128,256,4,1024,65.3443
128,256,4,2048,112.075
128,256,4,4096,204.939
128,256,8,16,32.15
128,256,8,32,32.0107
128,256,8,64,32.3303
128,256,8,128,32.672
128,256,8,256,32.8217
128,256,8,512,43.1257
128,256,8,1024,65.728
128,256,8,2048,111.467
128,256,8,4096,204.609
128,256,16,16,39.157
128,256,16,32,36.0427
128,256,16,64,36.3307
128,256,16,128,41.141
128,256,16,256,44.6827
128,256,16,512,69.2167
128,256,16,1024,109.547
128,256,16,2048,198.219
128,256,16,4096,379.928
128,256,32,16,45.568
128,256,32,32,45.5577
128,256,32,64,45.7927
128,256,32,128,59.435
128,256,32,256,72.5337
128,256,32,512,101.749
128,256,32,1024,161.761
128,256,32,2048,300.599
128,256,32,4096,571.33
128,256,64,16,67.8183
128,256,64,32,67.5947
128,256,64,64,68.9283
128,256,64,128,91.541
128,256,64,256,117.259
128,256,64,512,174.678
128,256,64,1024,293.121
128,256,64,2048,533.644
128,256,64,4096,1026.09
128,512,0,0,33.088
128,512,1,16,31.5737
128,512,1,32,31.5413
128,512,1,64,31.6263
128,512,1,128,31.712
128,512,1,256,31.7127
128,512,1,512,32.1707
128,512,1,1024,45.4613
128,512,1,2048,75.3393
128,512,1,4096,135.073
128,512,2,16,31.6163
128,512,2,32,31.4883
128,512,2,64,31.4453
128,512,2,128,31.4883
128,512,2,256,31.595
128,512,2,512,32.4587
128,512,2,1024,46.4007
128,512,2,2048,76.128
128,512,2,4096,135.979
128,512,4,16,33.824
128,512,4,32,34.1653
128,512,4,64,34.0263
128,512,4,128,36.2137
128,512,4,256,39.0513
128,512,4,512,43.2853
128,512,4,1024,66.0053
128,512,4,2048,111.328
128,512,4,4096,204.812
128,512,8,16,42.912
128,512,8,32,42.8907
128,512,8,64,43.1043
128,512,8,128,42.9123
128,512,8,256,43.52
128,512,8,512,44.0323
128,512,8,1024,65.6647
128,512,8,2048,112.3
128,512,8,4096,205.002
128,512,16,16,42.9117
128,512,16,32,46.9227
128,512,16,64,49.696
128,512,16,128,47.7977
128,512,16,256,55.3603
128,512,16,512,63.893
128,512,16,1024,111.211
128,512,16,2048,198.869
128,512,16,4096,378.892
128,512,32,16,55.264
128,512,32,32,54.3463
128,512,32,64,58.0377
128,512,32,128,67.4773
128,512,32,256,79.9363
128,512,32,512,104.619
128,512,32,1024,167.52
128,512,32,2048,300.822
128,512,32,4096,548.054
128,512,64,16,76.7467
128,512,64,32,76.768
128,512,64,64,80.1923
128,512,64,128,101.099
128,512,64,256,128.854
128,512,64,512,175.723
128,512,64,1024,292.108
128,512,64,2048,534.7
128,512,64,4096,1038.99
128,1024,0,0,47.872
128,1024,1,16,46.2933
128,1024,1,32,46.336
128,1024,1,64,46.4213
128,1024,1,128,46.3893
128,1024,1,256,46.432
128,1024,1,512,46.5067
128,1024,1,1024,47.392
128,1024,1,2048,75.5307
128,1024,1,4096,135.243
128,1024,2,16,46.2823
128,1024,2,32,46.336
128,1024,2,64,46.3043
128,1024,2,128,46.3903
128,1024,2,256,46.496
128,1024,2,512,46.624
128,1024,2,1024,47.5737
128,1024,2,2048,76.032
128,1024,2,4096,135.798
128,1024,4,16,48.8643
128,1024,4,32,48.683
128,1024,4,64,48.981
128,1024,4,128,50.944
128,1024,4,256,53.675
128,1024,4,512,57.3543
128,1024,4,1024,66.4217
128,1024,4,2048,112.193
128,1024,4,4096,204.726
128,1024,8,16,64.9173
128,1024,8,32,64.9177
128,1024,8,64,65.206
128,1024,8,128,65.504
128,1024,8,256,65.515
128,1024,8,512,66.2617
128,1024,8,1024,67.2
128,1024,8,2048,111.936
128,1024,8,4096,205.665
128,1024,16,16,66.4967
128,1024,16,32,67.9573
128,1024,16,64,69.5897
128,1024,16,128,70.4007
128,1024,16,256,66.6347
128,1024,16,512,81.7603
128,1024,16,1024,100.502
128,1024,16,2048,197.611
128,1024,16,4096,378.273
128,1024,32,16,76.352
128,1024,32,32,74.9867
128,1024,32,64,73.4827
128,1024,32,128,87.137
128,1024,32,256,96
128,1024,32,512,120.373
128,1024,32,1024,172.577
128,1024,32,2048,299.99
128,1024,32,4096,564.3
128,1024,64,16,101.653
128,1024,64,32,97.5467
128,1024,64,64,96.1073
128,1024,64,128,117.483
128,1024,64,256,147.765
128,1024,64,512,193.931
128,1024,64,1024,293.74
128,1024,64,2048,535.191
128,1024,64,4096,1044.24
128,2048,0,0,77.7493
128,2048,1,16,75.9893
128,2048,1,32,75.8403
128,2048,1,64,76.0423
128,2048,1,128,76.128
128,2048,1,256,76.1493
128,2048,1,512,75.9787
128,2048,1,1024,76.032
128,2048,1,2048,77.1733
128,2048,1,4096,135.285
128,2048,2,16,76.96
128,2048,2,32,76.1917
128,2048,2,64,76.48
128,2048,2,128,76.2243
128,2048,2,256,76.3837
128,2048,2,512,76.6503
128,2048,2,1024,76.8107
128,2048,2,2048,77.387
128,2048,2,4096,136.246
128,2048,4,16,78.325
128,2048,4,32,78.4643
128,2048,4,64,78.4327
128,2048,4,128,80.4807
128,2048,4,256,83.158
128,2048,4,512,86.538
128,2048,4,1024,95.264
128,2048,4,2048,112.459
128,2048,4,4096,204.832
128,2048,8,16,109.803
128,2048,8,32,109.462
128,2048,8,64,109.942
128,2048,8,128,110.038
128,2048,8,256,110.123
128,2048,8,512,110.464
128,2048,8,1024,110.902
128,2048,8,2048,113.301
128,2048,8,4096,204.321
128,2048,16,16,111.542
128,2048,16,32,112.416
128,2048,16,64,115.52
128,2048,16,128,114.145
128,2048,16,256,120.821
128,2048,16,512,122.763
128,2048,16,1024,137.451
128,2048,16,2048,205.153
128,2048,16,4096,372.161
128,2048,32,16,115.627
128,2048,32,32,121.877
128,2048,32,64,120.096
128,2048,32,128,117.697
128,2048,32,256,135.925
128,2048,32,512,156.96
128,2048,32,1024,202.699
128,2048,32,2048,306.124
128,2048,32,4096,565.74
128,2048,64,16,127.041
128,2048,64,32,131.979
128,2048,64,64,125.248
128,2048,64,128,157.472
128,2048,64,256,177.781
128,2048,64,512,231.883
128,2048,64,1024,325.164
128,2048,64,2048,531.895
128,2048,64,4096,1042.93
128,4096,0,0,137.76
128,4096,1,16,135.787
128,4096,1,32,135.968
128,4096,1,64,135.883
128,4096,1,128,135.627
128,4096,1,256,135.776
128,4096,1,512,135.723
128,4096,1,1024,135.776
128,4096,1,2048,135.733
128,4096,1,4096,137.099
128,4096,2,16,136.832
128,4096,2,32,136.416
128,4096,2,64,136.331
128,4096,2,128,136.33
128,4096,2,256,136.811
128,4096,2,512,136.694
128,4096,2,1024,136.759
128,4096,2,2048,136.95
128,4096,2,4096,138.08
128,4096,4,16,137.771
128,4096,4,32,137.644
128,4096,4,64,137.75
128,4096,4,128,139.531
128,4096,4,256,141.921
128,4096,4,512,145.91
128,4096,4,1024,154.016
128,4096,4,2048,170.934
128,4096,4,4096,206.369
128,4096,8,16,199.211
128,4096,8,32,198.369
128,4096,8,64,198.774
128,4096,8,128,198.667
128,4096,8,256,199.137
128,4096,8,512,199.499
128,4096,8,1024,199.52
128,4096,8,2048,200.565
128,4096,8,4096,206.059
128,4096,16,16,202.476
128,4096,16,32,201.205
128,4096,16,64,201.526
128,4096,16,128,203.734
128,4096,16,256,206.241
128,4096,16,512,210.859
128,4096,16,1024,210.732
128,4096,16,2048,260.63
128,4096,16,4096,381.27
128,4096,32,16,204.299
128,4096,32,32,213.088
128,4096,32,64,208.652
128,4096,32,128,217.611
128,4096,32,256,228.683
128,4096,32,512,228.918
128,4096,32,1024,279.595
128,4096,32,2048,366.476
128,4096,32,4096,576.908
128,4096,64,16,230.411
128,4096,64,32,211.787
128,4096,64,64,229.11
128,4096,64,128,245.612
128,4096,64,256,256.918
128,4096,64,512,305.526
128,4096,64,1024,412.63
128,4096,64,2048,593.335
128,4096,64,4096,1027.2
256,0,0,0,21.3443
256,0,1,16,21.056
256,0,1,32,21.2373
256,0,1,64,21.184
256,0,1,128,23.4883
256,0,1,256,27.3603
256,0,1,512,34.923
256,0,1,1024,49.5677
256,0,1,2048,79.2317
256,0,1,4096,138.262
256,0,2,16,26.016
256,0,2,32,26.0693
256,0,2,64,26.2077
256,0,2,128,26.0693
256,0,2,256,31.5197
256,0,2,512,42.208
256,0,2,1024,64.736
256,0,2,2048,110.485
256,0,2,4096,199.297
256,0,4,16,26.1973
256,0,4,32,26.1437
256,0,4,64,26.6457
256,0,4,128,26.8587
256,0,4,256,32.096
256,0,4,512,42.176
256,0,4,1024,64.981
256,0,4,2048,110.657
256,0,4,4096,203.201
256,0,8,16,28.1923
256,0,8,32,27.1997
256,0,8,64,26.7093
256,0,8,128,28.16
256,0,8,256,33.6853
256,0,8,512,44.9063
256,0,8,1024,68.075
256,0,8,2048,117.185
256,0,8,4096,210.762
256,0,16,16,35.2107
256,0,16,32,34.315
256,0,16,64,34.997
256,0,16,128,41.163
256,0,16,256,50.9973
256,0,16,512,70.5707
256,0,16,1024,112.747
256,0,16,2048,189.164
256,0,16,4096,348.438
256,0,32,16,46.6237
256,0,32,32,46.8483
256,0,32,64,46.7627
256,0,32,128,59.4987
256,0,32,256,76.3527
256,0,32,512,108.609
256,0,32,1024,173.59
256,0,32,2048,307.755
256,0,32,4096,579.564
256,0,64,16,71.723
256,0,64,32,72.8
256,0,64,64,72.8853
256,0,64,128,98.027
256,0,64,256,128.342
256,0,64,512,183.243
256,0,64,1024,301.44
256,0,64,2048,546.466
256,0,64,4096,1052.32
256,16,0,0,24.7893
256,16,1,16,24.586
256,16,1,32,24.6613
256,16,1,64,24.7043
256,16,1,128,24.6617
256,16,1,256,27.7233
256,16,1,512,34.9017
256,16,1,1024,49.5467
256,16,1,2048,78.9973
256,16,1,4096,137.878
256,16,2,16,32.5333
256,16,2,32,32.1387
256,16,2,64,32.2243
256,16,2,128,32.2347
256,16,2,256,32.3943
256,16,2,512,42.2513
256,16,2,1024,65.024
256,16,2,2048,109.867
256,16,2,4096,200.278
256,16,4,16,30.421
256,16,4,32,30.1867
256,16,4,64,30.2827
256,16,4,128,30.7413
256,16,4,256,32.5763
256,16,4,512,42.6347
256,16,4,1024,65.387
256,16,4,2048,110.966
256,16,4,4096,203.99
256,16,8,16,31.8397
256,16,8,32,31.6057
256,16,8,64,31.3273
256,16,8,128,31.2743
256,16,8,256,33.7813
256,16,8,512,45.0133
256,16,8,1024,67.7437
256,16,8,2048,114.88
256,16,8,4096,209.163
256,16,16,16,39.008
256,16,16,32,37.7283
256,16,16,64,39.4667
256,16,16,128,44.8007
256,16,16,256,52.0003
256,16,16,512,71.6377
256,16,16,1024,110.955
256,16,16,2048,195.852
256,16,16,4096,355.116
256,16,32,16,50.4103
256,16,32,32,50.5393
256,16,32,64,49.994
256,16,32,128,63.221
256,16,32,256,76.683
256,16,32,512,108.609
256,16,32,1024,173.206
256,16,32,2048,304.907
256,16,32,4096,561.057
256,16,64,16,76.7897
256,16,64,32,76.0643
256,16,64,64,76.1173
256,16,64,128,101.301
256,16,64,256,129.867
256,16,64,512,184.278
256,16,64,1024,303.083
256,16,64,2048,548.311
256,16,64,4096,1057.88
256,32,0,0,24.864
256,32,1,16,24.6723
256,32,1,32,24.7043
256,32,1,64,24.736
256,32,1,128,24.672
256,32,1,256,27.733
256,32,1,512,34.8907
256,32,1,1024,49.4827
256,32,1,2048,78.891
256,32,1,4096,138.475
256,32,2,16,32.2567
256,32,2,32,32.171
256,32,2,64,32.107
256,32,2,128,32.096
256,32,2,256,32.2777
256,32,2,512,42.2507
256,32,2,1024,65.035
256,32,2,2048,109.664
256,32,2,4096,200.544
256,32,4,16,29.984
256,32,4,32,30.2083
256,32,4,64,30.4743
256,32,4,128,30.7413
256,32,4,256,32.4907
256,32,4,512,42.6133
256,32,4,1024,65.2807
256,32,4,2048,111.702
256,32,4,4096,201.973
256,32,8,16,31.4347
256,32,8,32,30.657
256,32,8,64,30.517
256,32,8,128,32.405
256,32,8,256,34.325
256,32,8,512,44.587
256,32,8,1024,68.5017
256,32,8,2048,115.542
256,32,8,4096,208.768
256,32,16,16,39.9677
256,32,16,32,38.6667
256,32,16,64,40.0533
256,32,16,128,45.024
256,32,16,256,51.9683
256,32,16,512,71.1577
256,32,16,1024,112.704
256,32,16,2048,194.795
256,32,16,4096,366.028
256,32,32,16,51.4033
256,32,32,32,51.456
256,32,32,64,51.403
256,32,32,128,62.56
256,32,32,256,76.758
256,32,32,512,108.598
256,32,32,1024,174.987
256,32,32,2048,301.184
256,32,32,4096,547.682
256,32,64,16,76.2027
256,32,64,32,75.9683
256,32,64,64,76.587
256,32,64,128,99.872
256,32,64,256,129.931
256,32,64,512,184.235
256,32,64,1024,303.297
256,32,64,2048,548.14
256,32,64,4096,1058.02
256,64,0,0,24.9167
256,64,1,16,24.64
256,64,1,32,24.6723
256,64,1,64,24.7257
256,64,1,128,24.769
256,64,1,256,27.52
256,64,1,512,34.7947
256,64,1,1024,49.633
256,64,1,2048,78.9767
256,64,1,4096,138.24
256,64,2,16,32.576
256,64,2,32,32.6293
256,64,2,64,32.512
256,64,2,128,32.629
256,64,2,256,32.576
256,64,2,512,42.3357
256,64,2,1024,64.768
256,64,2,2048,110.549
256,64,2,4096,201.195
256,64,4,16,30.2933
256,64,4,32,30.027
256,64,4,64,30.1547
256,64,4,128,30.2827
256,64,4,256,31.9357
256,64,4,512,42.4747
256,64,4,1024,64.9923
256,64,4,2048,110.816
256,64,4,4096,201.856
256,64,8,16,32.4693
256,64,8,32,31.264
256,64,8,64,30.976
256,64,8,128,31.232
256,64,8,256,34.2187
256,64,8,512,45.184
256,64,8,1024,68.1387
256,64,8,2048,115.158
256,64,8,4096,210.88
256,64,16,16,38.6563
256,64,16,32,37.6213
256,64,16,64,38.0377
256,64,16,128,44.747
256,64,16,256,52.47
256,64,16,512,70.8697
256,64,16,1024,114.026
256,64,16,2048,189.888
256,64,16,4096,369.505
256,64,32,16,51.6053
256,64,32,32,50.8377
256,64,32,64,52.3413
256,64,32,128,63.5523
256,64,32,256,76.6517
256,64,32,512,108.427
256,64,32,1024,174.774
256,64,32,2048,295.788
256,64,32,4096,562.7
256,64,64,16,76.8213
256,64,64,32,75.9683
256,64,64,64,76.609
256,64,64,128,100.832
256,64,64,256,129.366
256,64,64,512,184.993
256,64,64,1024,304.342
256,64,64,2048,549.036
256,64,64,4096,1055.67
256,128,0,0,25.269
256,128,1,16,25.0457
256,128,1,32,25.0133
256,128,1,64,25.0877
256,128,1,128,26.1013
256,128,1,256,30.048
256,128,1,512,37.2803
256,128,1,1024,52.2137
256,128,1,2048,81.9303
256,128,1,4096,141.846
256,128,2,16,32.491
256,128,2,32,32.3307
256,128,2,64,32.4267
256,128,2,128,32.4267
256,128,2,256,32.363
256,128,2,512,42.4433
256,128,2,1024,65.024
256,128,2,2048,110.39
256,128,2,4096,202.208
256,128,4,16,32.7257
256,128,4,32,32.928
256,128,4,64,32.5333
256,128,4,128,32.682
256,128,4,256,33.0667
256,128,4,512,42.9333
256,128,4,1024,65.579
256,128,4,2048,110.389
256,128,4,4096,202.529
256,128,8,16,32.7787
256,128,8,32,33.0347
256,128,8,64,34.144
256,128,8,128,33.7387
256,128,8,256,35.1363
256,128,8,512,45.0343
256,128,8,1024,68.821
256,128,8,2048,114.379
256,128,8,4096,209.355
256,128,16,16,40.5867
256,128,16,32,41.0243
256,128,16,64,39.1363
256,128,16,128,45.547
256,128,16,256,53.2903
256,128,16,512,71.2853
256,128,16,1024,110.742
256,128,16,2048,190.486
256,128,16,4096,366.977
256,128,32,16,51.776
256,128,32,32,52.9277
256,128,32,64,52.5973
256,128,32,128,64.0003
256,128,32,256,77.5897
256,128,32,512,108.128
256,128,32,1024,173.653
256,128,32,2048,301.697
256,128,32,4096,575.575
256,128,64,16,78.2827
256,128,64,32,77.3977
256,128,64,64,77.7927
256,128,64,128,103.147
256,128,64,256,131.243
256,128,64,512,187.179
256,128,64,1024,304.811
256,128,64,2048,548.406
256,128,64,4096,1061.14
256,256,0,0,28.7147
256,256,1,16,28.7143
256,256,1,32,28.9493
256,256,1,64,28.629
256,256,1,128,29.8557
256,256,1,256,32.2027
256,256,1,512,39.915
256,256,1,1024,54.56
256,256,1,2048,84.0963
256,256,1,4096,143.669
256,256,2,16,37.6537
256,256,2,32,37.6747
256,256,2,64,37.7177
256,256,2,128,37.8993
256,256,2,256,37.931
256,256,2,512,42.848
256,256,2,1024,65.0133
256,256,2,2048,110.774
256,256,2,4096,200.896
256,256,4,16,37.8453
256,256,4,32,37.856
256,256,4,64,38.0487
256,256,4,128,38.4003
256,256,4,256,38.1763
256,256,4,512,42.9123
256,256,4,1024,65.1197
256,256,4,2048,110.688
256,256,4,4096,202.678
256,256,8,16,38.9973
256,256,8,32,38.4
256,256,8,64,38.112
256,256,8,128,38.7093
256,256,8,256,38.8587
256,256,8,512,45.0667
256,256,8,1024,68.2887
256,256,8,2048,115.67
256,256,8,4096,208.469
256,256,16,16,44.2027
256,256,16,32,46.912
256,256,16,64,47.8083
256,256,16,128,49.931
256,256,16,256,56.907
256,256,16,512,73.216
256,256,16,1024,113.195
256,256,16,2048,197.281
256,256,16,4096,365.58
256,256,32,16,57.761
256,256,32,32,58.0373
256,256,32,64,61.0877
256,256,32,128,68.4583
256,256,32,256,82.4963
256,256,32,512,108.64
256,256,32,1024,176.139
256,256,32,2048,308.961
256,256,32,4096,554.743
256,256,64,16,83.3177
256,256,64,32,82.5603
256,256,64,64,83.4987
256,256,64,128,107.083
256,256,64,256,135.04
256,256,64,512,187.798
256,256,64,1024,305.836
256,256,64,2048,553.74
256,256,64,4096,1070.9
256,512,0,0,36.1387
256,512,1,16,36.138
256,512,1,32,36.1703
256,512,1,64,36.2243
256,512,1,128,37.3327
256,512,1,256,39.2747
256,512,1,512,43.051
256,512,1,1024,57.7813
256,512,1,2048,87.595
256,512,1,4096,146.496
256,512,2,16,49.1307
256,512,2,32,49.0133
256,512,2,64,48.6407
256,512,2,128,48.5333
256,512,2,256,48.9067
256,512,2,512,48.8853
256,512,2,1024,64.9707
256,512,2,2048,110.134
256,512,2,4096,200.609
256,512,4,16,48.8427
256,512,4,32,48.896
256,512,4,64,48.7997
256,512,4,128,48.928
256,512,4,256,49.0343
256,512,4,512,49.1737
256,512,4,1024,65.078
256,512,4,2048,111.264
256,512,4,4096,202.4
256,512,8,16,49.4617
256,512,8,32,50.1757
256,512,8,64,49.1097
256,512,8,128,50.0803
256,512,8,256,49.6853
256,512,8,512,51.883
256,512,8,1024,68.7997
256,512,8,2048,116.875
256,512,8,4096,208.289
256,512,16,16,56.8213
256,512,16,32,54.6667
256,512,16,64,57.9627
256,512,16,128,60.6403
256,512,16,256,66.1013
256,512,16,512,77.8563
256,512,16,1024,115.062
256,512,16,2048,200.747
256,512,16,4096,360.759
256,512,32,16,66.869
256,512,32,32,69.3227
256,512,32,64,70.9657
256,512,32,128,80.7683
256,512,32,256,91.072
256,512,32,512,115.275
256,512,32,1024,176.15
256,512,32,2048,310.198
256,512,32,4096,570.465
256,512,64,16,92.0217
256,512,64,32,92.5443
256,512,64,64,91.6807
256,512,64,128,117.142
256,512,64,256,145.44
256,512,64,512,195.532
256,512,64,1024,310.305
256,512,64,2048,552.321
256,512,64,4096,1090.95
256,1024,0,0,51.0933
256,1024,1,16,51.029
256,1024,1,32,51.147
256,1024,1,64,51.029
256,1024,1,128,52.1813
256,1024,1,256,54.2507
256,1024,1,512,57.4507
256,1024,1,1024,66.2727
256,1024,1,2048,95.4777
256,1024,1,4096,154.55
256,1024,2,16,70.9333
256,1024,2,32,71.0083
256,1024,2,64,70.8803
256,1024,2,128,70.8693
256,1024,2,256,70.9123
256,1024,2,512,71.2957
256,1024,2,1024,71.2533
256,1024,2,2048,109.963
256,1024,2,4096,200.086
256,1024,4,16,70.9657
256,1024,4,32,70.9127
256,1024,4,64,71.3173
256,1024,4,128,71.329
256,1024,4,256,71.2
256,1024,4,512,71.6053
256,1024,4,1024,71.4353
256,1024,4,2048,111.147
256,1024,4,4096,202.922
256,1024,8,16,71.3173
256,1024,8,32,71.616
256,1024,8,64,71.7763
256,1024,8,128,71.9157
256,1024,8,256,72.352
256,1024,8,512,72.1393
256,1024,8,1024,73.1203
256,1024,8,2048,114.955
256,1024,8,4096,209.74
256,1024,16,16,77.0133
256,1024,16,32,79.7437
256,1024,16,64,75.926
256,1024,16,128,85.5253
256,1024,16,256,87.9473
256,1024,16,512,102.923
256,1024,16,1024,124.992
256,1024,16,2048,201.867
256,1024,16,4096,352.545
256,1024,32,16,88.832
256,1024,32,32,92.6297
256,1024,32,64,94.1763
256,1024,32,128,104.022
256,1024,32,256,112.395
256,1024,32,512,130.571
256,1024,32,1024,184.491
256,1024,32,2048,311.947
256,1024,32,4096,575.383
256,1024,64,16,110.816
256,1024,64,32,115.83
256,1024,64,64,119.798
256,1024,64,128,136.95
256,1024,64,256,164.406
256,1024,64,512,214.273
256,1024,64,1024,326.54
256,1024,64,2048,558.583
256,1024,64,4096,1089.39
256,2048,0,0,81.1203
256,2048,1,16,81.2693
256,2048,1,32,81.2267
256,2048,1,64,81.0453
256,2048,1,128,81.696
256,2048,1,256,83.9147
256,2048,1,512,87.3067
256,2048,1,1024,95.115
256,2048,1,2048,111.456
256,2048,1,4096,170.646
256,2048,2,16,115.339
256,2048,2,32,115.435
256,2048,2,64,115.851
256,2048,2,128,115.787
256,2048,2,256,116.31
256,2048,2,512,115.584
256,2048,2,1024,116.022
256,2048,2,2048,116.181
256,2048,2,4096,199.968
256,2048,4,16,115.382
256,2048,4,32,116.043
256,2048,4,64,115.904
256,2048,4,128,115.744
256,2048,4,256,116.171
256,2048,4,512,116.161
256,2048,4,1024,116.171
256,2048,4,2048,116.736
256,2048,4,4096,202.006
256,2048,8,16,116.427
256,2048,8,32,116.192
256,2048,8,64,116.832
256,2048,8,128,116.832
256,2048,8,256,117.333
256,2048,8,512,117.386
256,2048,8,1024,116.608
256,2048,8,2048,118.827
256,2048,8,4096,210.038
256,2048,16,16,124.47
256,2048,16,32,122.262
256,2048,16,64,121.643
256,2048,16,128,129.868
256,2048,16,256,135.84
256,2048,16,512,143.744
256,2048,16,1024,163.99
256,2048,16,2048,212.437
256,2048,16,4096,376.534
256,2048,32,16,132.096
256,2048,32,32,134.721
256,2048,32,64,135.83
256,2048,32,128,148.161
256,2048,32,256,156.598
256,2048,32,512,176.449
256,2048,32,1024,218.604
256,2048,32,2048,317.771
256,2048,32,4096,584.055
256,2048,64,16,158.859
256,2048,64,32,157.227
256,2048,64,64,160.214
256,2048,64,128,183.68
256,2048,64,256,210.614
256,2048,64,512,264.299
256,2048,64,1024,363.969
256,2048,64,2048,593.26
256,2048,64,4096,1095.27
256,4096,0,0,140.214
256,4096,1,16,139.712
256,4096,1,32,140.629
256,4096,1,64,140.491
256,4096,1,128,141.056
256,4096,1,256,142.902
256,4096,1,512,146.88
256,4096,1,1024,154.069
256,4096,1,2048,170.059
256,4096,1,4096,203.094
256,4096,2,16,204.672
256,4096,2,32,204.395
256,4096,2,64,204.512
256,4096,2,128,204.566
256,4096,2,256,204.513
256,4096,2,512,204.992
256,4096,2,1024,204.629
256,4096,2,2048,204.917
256,4096,2,4096,205.334
256,4096,4,16,204.715
256,4096,4,32,204.544
256,4096,4,64,205.248
256,4096,4,128,205.078
256,4096,4,256,204.544
256,4096,4,512,204.94
256,4096,4,1024,204.683
256,4096,4,2048,204.641
256,4096,4,4096,206.113
256,4096,8,16,204.716
256,4096,8,32,205.195
256,4096,8,64,205.046
256,4096,8,128,205.868
256,4096,8,256,205.355
256,4096,8,512,205.419
256,4096,8,1024,204.928
256,4096,8,2048,206.635
256,4096,8,4096,216.16
256,4096,16,16,212.47
256,4096,16,32,212.811
256,4096,16,64,210.667
256,4096,16,128,218.432
256,4096,16,256,220.811
256,4096,16,512,232.875
256,4096,16,1024,256.054
256,4096,16,2048,285.931
256,4096,16,4096,389.878
256,4096,32,16,218.411
256,4096,32,32,223.008
256,4096,32,64,222.081
256,4096,32,128,236.95
256,4096,32,256,246.336
256,4096,32,512,266.614
256,4096,32,1024,304.971
256,4096,32,2048,400.171
256,4096,32,4096,597.164
256,4096,64,16,252.609
256,4096,64,32,247.531
256,4096,64,64,246.486
256,4096,64,128,278.176
256,4096,64,256,293.996
256,4096,64,512,346.497
256,4096,64,1024,445.164
256,4096,64,2048,647.329
256,4096,64,4096,1142.72
512,0,0,0,36.5973
512,0,1,16,41.002
512,0,1,32,40.7257
512,0,1,64,40.854
512,0,1,128,40.4803
512,0,1,256,41.003
512,0,1,512,41.92
512,0,1,1024,59.093
512,0,1,2048,93.793
512,0,1,4096,144.075
512,0,2,16,40.4483
512,0,2,32,40.437
512,0,2,64,40.832
512,0,2,128,40.587
512,0,2,256,40.491
512,0,2,512,44.5333
512,0,2,1024,67.1577
512,0,2,2048,111.798
512,0,2,4096,184.011
512,0,4,16,40.629
512,0,4,32,40.5757
512,0,4,64,40.918
512,0,4,128,40.9067
512,0,4,256,41.7283
512,0,4,512,46.4967
512,0,4,1024,70.101
512,0,4,2048,114.976
512,0,4,4096,206.294
512,0,8,16,44.7247
512,0,8,32,45.3227
512,0,8,64,47.2537
512,0,8,128,51.3387
512,0,8,256,53.9523
512,0,8,512,61.419
512,0,8,1024,84.6613
512,0,8,2048,129.781
512,0,8,4096,221.59
512,0,16,16,54.9973
512,0,16,32,56.437
512,0,16,64,52.6827
512,0,16,128,60.811
512,0,16,256,65.696
512,0,16,512,80.0537
512,0,16,1024,122.432
512,0,16,2048,201.312
512,0,16,4096,355.734
512,0,32,16,72.907
512,0,32,32,71.8613
512,0,32,64,72.384
512,0,32,128,80.8327
512,0,32,256,96.4267
512,0,32,512,122.08
512,0,32,1024,188.299
512,0,32,2048,324.608
512,0,32,4096,593.773
512,0,64,16,104.385
512,0,64,32,104.79
512,0,64,64,105.312
512,0,64,128,127.382
512,0,64,256,154.145
512,0,64,512,209.397
512,0,64,1024,329.292
512,0,64,2048,591.191
512,0,64,4096,1131.4
512,16,0,0,42.4963
512,16,1,16,45.1413
512,16,1,32,44.7247
512,16,1,64,44.8423
512,16,1,128,44.085
512,16,1,256,44.3207
512,16,1,512,45.1943
512,16,1,1024,56.427
512,16,1,2048,95.477
512,16,1,4096,163.606
512,16,2,16,44.2023
512,16,2,32,43.7653
512,16,2,64,43.9363
512,16,2,128,43.8723
512,16,2,256,44.0963
512,16,2,512,45.888
512,16,2,1024,67.4777
512,16,2,2048,112.374
512,16,2,4096,201.206
512,16,4,16,45.9847
512,16,4,32,44.6617
512,16,4,64,44.9703
512,16,4,128,44.8967
512,16,4,256,45.0567
512,16,4,512,47.072
512,16,4,1024,69.366
512,16,4,2048,115.552
512,16,4,4096,207.04
512,16,8,16,53.9733
512,16,8,32,50.027
512,16,8,64,50.4747
512,16,8,128,52.363
512,16,8,256,56.1173
512,16,8,512,61.9737
512,16,8,1024,84.448
512,16,8,2048,132.064
512,16,8,4096,224.502
512,16,16,16,57.952
512,16,16,32,58.0587
512,16,16,64,58.485
512,16,16,128,65.323
512,16,16,256,72.1067
512,16,16,512,81.8453
512,16,16,1024,123.989
512,16,16,2048,207.979
512,16,16,4096,368.865
512,16,32,16,74.2293
512,16,32,32,74.0693
512,16,32,64,73.4717
512,16,32,128,85.2273
512,16,32,256,101.109
512,16,32,512,124.864
512,16,32,1024,188.086
512,16,32,2048,322.87
512,16,32,4096,596.055
512,16,64,16,108.363
512,16,64,32,107.253
512,16,64,64,109.888
512,16,64,128,132.758
512,16,64,256,156.843
512,16,64,512,210.582
512,16,64,1024,333.153
512,16,64,2048,596.865
512,16,64,4096,1139.4
512,32,0,0,42.432
512,32,1,16,44.2133
512,32,1,32,44.619
512,32,1,64,44.8107
512,32,1,128,44.3843
512,32,1,256,44.7357
512,32,1,512,44.4057
512,32,1,1024,61.333
512,32,1,2048,95.328
512,32,1,4096,145.025
512,32,2,16,43.861
512,32,2,32,43.6583
512,32,2,64,44.1067
512,32,2,128,44.032
512,32,2,256,43.9997
512,32,2,512,45.568
512,32,2,1024,67.605
512,32,2,2048,113.152
512,32,2,4096,202.71
512,32,4,16,44.79
512,32,4,32,44.6617
512,32,4,64,45.1627
512,32,4,128,45.8773
512,32,4,256,45.3867
512,32,4,512,46.784
512,32,4,1024,69.3547
512,32,4,2048,115.777
512,32,4,4096,207.242
512,32,8,16,52.267
512,32,8,32,50.016
512,32,8,64,50.4427
512,32,8,128,51.2853
512,32,8,256,55.7653
512,32,8,512,62.8057
512,32,8,1024,86.0693
512,32,8,2048,130.646
512,32,8,4096,224.043
512,32,16,16,58.1337
512,32,16,32,57.8663
512,32,16,64,58.7627
512,32,16,128,62.8163
512,32,16,256,70.0803
512,32,16,512,82.421
512,32,16,1024,121.931
512,32,16,2048,211.105
512,32,16,4096,361.601
512,32,32,16,76.1817
512,32,32,32,73.1737
512,32,32,64,74.112
512,32,32,128,85.1203
512,32,32,256,100.982
512,32,32,512,124.705
512,32,32,1024,188.523
512,32,32,2048,322.497
512,32,32,4096,595.884
512,32,64,16,107.542
512,32,64,32,108.758
512,32,64,64,109.59
512,32,64,128,131.179
512,32,64,256,157.302
512,32,64,512,209.27
512,32,64,1024,332.62
512,32,64,2048,594.551
512,32,64,4096,1147.86
512,64,0,0,42.7627
512,64,1,16,44.1173
512,64,1,32,44.533
512,64,1,64,44.363
512,64,1,128,44.373
512,64,1,256,44.5653
512,64,1,512,45.1307
512,64,1,1024,61.0023
512,64,1,2048,87.317
512,64,1,4096,145.685
512,64,2,16,44.6183
512,64,2,32,43.893
512,64,2,64,44.4057
512,64,2,128,43.9147
512,64,2,256,44.619
512,64,2,512,46.0373
512,64,2,1024,67.0717
512,64,2,2048,111.819
512,64,2,4096,200.918
512,64,4,16,44.4163
512,64,4,32,43.882
512,64,4,64,44.3733
512,64,4,128,44.8533
512,64,4,256,45.579
512,64,4,512,47.4137
512,64,4,1024,69.2803
512,64,4,2048,114.901
512,64,4,4096,206.507
512,64,8,16,48.021
512,64,8,32,51.0407
512,64,8,64,51.6267
512,64,8,128,54.6563
512,64,8,256,59.136
512,64,8,512,64.6613
512,64,8,1024,82.102
512,64,8,2048,132.064
512,64,8,4096,223.445
512,64,16,16,57.4187
512,64,16,32,59.1577
512,64,16,64,58.5173
512,64,16,128,64.5333
512,64,16,256,70.6567
512,64,16,512,81.4507
512,64,16,1024,122.848
512,64,16,2048,205.803
512,64,16,4096,360.524
512,64,32,16,73.6323
512,64,32,32,73.8883
512,64,32,64,74.198
512,64,32,128,86.3043
512,64,32,256,101.216
512,64,32,512,124.245
512,64,32,1024,189.686
512,64,32,2048,320.417
512,64,32,4096,596.332
512,64,64,16,106.891
512,64,64,32,108.47
512,64,64,64,109.28
512,64,64,128,132.459
512,64,64,256,155.84
512,64,64,512,210.305
512,64,64,1024,331.509
512,64,64,2048,595.223
512,64,64,4096,1144.35
512,128,0,0,42.688
512,128,1,16,46.3353
512,128,1,32,46.176
512,128,1,64,46.2937
512,128,1,128,46.443
512,128,1,256,46.6137
512,128,1,512,46.8483
512,128,1,1024,63.744
512,128,1,2048,95.808
512,128,1,4096,147.008
512,128,2,16,46.1863
512,128,2,32,45.8773
512,128,2,64,46.2827
512,128,2,128,46.1017
512,128,2,256,46.326
512,128,2,512,46.1443
512,128,2,1024,67.798
512,128,2,2048,113.152
512,128,2,4096,204.054
512,128,4,16,46.1437
512,128,4,32,46.08
512,128,4,64,46.539
512,128,4,128,46.528
512,128,4,256,46.4537
512,128,4,512,47.6693
512,128,4,1024,70.389
512,128,4,2048,115.158
512,128,4,4096,207.307
512,128,8,16,52.341
512,128,8,32,53.6853
512,128,8,64,50.8587
512,128,8,128,55.243
512,128,8,256,62.7093
512,128,8,512,68.0853
512,128,8,1024,88.8323
512,128,8,2048,135.488
512,128,8,4096,225.505
512,128,16,16,59.9147
512,128,16,32,63.0827
512,128,16,64,61.739
512,128,16,128,65.9843
512,128,16,256,70.987
512,128,16,512,82.5177
512,128,16,1024,124.704
512,128,16,2048,210.209
512,128,16,4096,359.179
512,128,32,16,76.4057
512,128,32,32,77.1733
512,128,32,64,79.498
512,128,32,128,87.7977
512,128,32,256,100.683
512,128,32,512,127.019
512,128,32,1024,190.154
512,128,32,2048,323.574
512,128,32,4096,602.348
512,128,64,16,108.704
512,128,64,32,110.56
512,128,64,64,109.91
512,128,64,128,136.203
512,128,64,256,158.869
512,128,64,512,211.52
512,128,64,1024,335.382
512,128,64,2048,596.066
512,128,64,4096,1156.71
512,256,0,0,48.256
512,256,1,16,52.1817
512,256,1,32,51.7337
512,256,1,64,51.8933
512,256,1,128,52.3093
512,256,1,256,52.16
512,256,1,512,51.9577
512,256,1,1024,61.2373
512,256,1,2048,97.0773
512,256,1,4096,181.75
512,256,2,16,51.8623
512,256,2,32,51.6907
512,256,2,64,51.9253
512,256,2,128,51.8937
512,256,2,256,52
512,256,2,512,51.947
512,256,2,1024,67.1893
512,256,2,2048,113.024
512,256,2,4096,200.748
512,256,4,16,51.7013
512,256,4,32,52.1707
512,256,4,64,52.139
512,256,4,128,52.363
512,256,4,256,52.2347
512,256,4,512,51.6053
512,256,4,1024,69.3757
512,256,4,2048,115.083
512,256,4,4096,206.443
512,256,8,16,58.784
512,256,8,32,59.456
512,256,8,64,58.4853
512,256,8,128,60.449
512,256,8,256,65.024
512,256,8,512,75.3493
512,256,8,1024,94.5607
512,256,8,2048,139.157
512,256,8,4096,226.656
512,256,16,16,68.8537
512,256,16,32,67.9787
512,256,16,64,69.7173
512,256,16,128,75.5307
512,256,16,256,78.2187
512,256,16,512,87.5947
512,256,16,1024,123.99
512,256,16,2048,210.08
512,256,16,4096,376.972
512,256,32,16,86.2827
512,256,32,32,84.2877
512,256,32,64,84.8853
512,256,32,128,96.321
512,256,32,256,107.808
512,256,32,512,133.11
512,256,32,1024,192.427
512,256,32,2048,324.641
512,256,32,4096,599.159
512,256,64,16,118.272
512,256,64,32,115.436
512,256,64,64,117.281
512,256,64,128,141.27
512,256,64,256,167.617
512,256,64,512,215.499
512,256,64,1024,338.039
512,256,64,2048,600.215
512,256,64,4096,1153.06
512,512,0,0,59.1473
512,512,1,16,63.0823
512,512,1,32,63.1357
512,512,1,64,62.8913
512,512,1,128,63.4453
512,512,1,256,63.3813
512,512,1,512,63.1887
512,512,1,1024,66.2293
512,512,1,2048,99.1573
512,512,1,4096,184.16
512,512,2,16,63.0187
512,512,2,32,62.7307
512,512,2,64,63.115
512,512,2,128,63.3383
512,512,2,256,62.912
512,512,2,512,63.3817
512,512,2,1024,68.1923
512,512,2,2048,106.645
512,512,2,4096,205.003
512,512,4,16,63.3287
512,512,4,32,63.3387
512,512,4,64,63.1577
512,512,4,128,62.6347
512,512,4,256,63.6807
512,512,4,512,63.3497
512,512,4,1024,70.1757
512,512,4,2048,115.637
512,512,4,4096,207.488
512,512,8,16,70.5923
512,512,8,32,67.296
512,512,8,64,68.7147
512,512,8,128,70.88
512,512,8,256,78.1327
512,512,8,512,82.7523
512,512,8,1024,105.579
512,512,8,2048,148.704
512,512,8,4096,242.177
512,512,16,16,75.5623
512,512,16,32,77.1843
512,512,16,64,81.2903
512,512,16,128,87.2107
512,512,16,256,92.6833
512,512,16,512,101.461
512,512,16,1024,126.71
512,512,16,2048,210.55
512,512,16,4096,379.586
512,512,32,16,94.5497
512,512,32,32,101.472
512,512,32,64,100.566
512,512,32,128,108.32
512,512,32,256,123.883
512,512,32,512,145.973
512,512,32,1024,195.606
512,512,32,2048,326.284
512,512,32,4096,602.582
512,512,64,16,135.595
512,512,64,32,136.716
512,512,64,64,138.422
512,512,64,128,156
512,512,64,256,177.473
512,512,64,512,232.31
512,512,64,1024,343.67
512,512,64,2048,613.836
512,512,64,4096,1178.96
512,1024,0,0,81.5893
512,1024,1,16,85.4933
512,1024,1,32,85.3447
512,1024,1,64,85.312
512,1024,1,128,85.3333
512,1024,1,256,85.579
512,1024,1,512,85.4617
512,1024,1,1024,85.5147
512,1024,1,2048,108.714
512,1024,1,4096,161.323
512,1024,2,16,85.27
512,1024,2,32,85.27
512,1024,2,64,84.7043
512,1024,2,128,85.035
512,1024,2,256,85.173
512,1024,2,512,85.2267
512,1024,2,1024,85.4513
512,1024,2,2048,113.653
512,1024,2,4096,204.097
512,1024,4,16,85.579
512,1024,4,32,85.056
512,1024,4,64,85.035
512,1024,4,128,85.674
512,1024,4,256,85.4403
512,1024,4,512,86.2187
512,1024,4,1024,85.8563
512,1024,4,2048,115.723
512,1024,4,4096,210.646
512,1024,8,16,92.7893
512,1024,8,32,92.6187
512,1024,8,64,90.5283
512,1024,8,128,93.643
512,1024,8,256,100.768
512,1024,8,512,105.665
512,1024,8,1024,118.176
512,1024,8,2048,174.08
512,1024,8,4096,259.264
512,1024,16,16,100.235
512,1024,16,32,99.9143
512,1024,16,64,104.406
512,1024,16,128,110.838
512,1024,16,256,122.102
512,1024,16,512,130.017
512,1024,16,1024,150.795
512,1024,16,2048,214.881
512,1024,16,4096,380.406
512,1024,32,16,121.173
512,1024,32,32,121.313
512,1024,32,64,127.605
512,1024,32,128,142.912
512,1024,32,256,149.867
512,1024,32,512,177.334
512,1024,32,1024,213.046
512,1024,32,2048,328.631
512,1024,32,4096,605.239
512,1024,64,16,159.766
512,1024,64,32,160.737
512,1024,64,64,160.31
512,1024,64,128,190.571
512,1024,64,256,212.139
512,1024,64,512,257.836
512,1024,64,1024,361.697
512,1024,64,2048,622.669
512,1024,64,4096,1203.8
512,2048,0,0,126.784
512,2048,1,16,129.771
512,2048,1,32,129.611
512,2048,1,64,129.643
512,2048,1,128,129.622
512,2048,1,256,129.729
512,2048,1,512,129.973
512,2048,1,1024,129.835
512,2048,1,2048,130.379
512,2048,1,4096,177.558
512,2048,2,16,129.803
512,2048,2,32,130.006
512,2048,2,64,130.187
512,2048,2,128,129.6
512,2048,2,256,129.984
512,2048,2,512,129.814
512,2048,2,1024,129.963
512,2048,2,2048,129.717
512,2048,2,4096,203.744
512,2048,4,16,129.451
512,2048,4,32,130.283
512,2048,4,64,129.718
512,2048,4,128,130.422
512,2048,4,256,130.037
512,2048,4,512,128.918
512,2048,4,1024,130.165
512,2048,4,2048,130.709
512,2048,4,4096,207.68
512,2048,8,16,137.078
512,2048,8,32,136.138
512,2048,8,64,135.957
512,2048,8,128,139.393
512,2048,8,256,142.827
512,2048,8,512,146.998
512,2048,8,1024,167.638
512,2048,8,2048,198.966
512,2048,8,4096,298.134
512,2048,16,16,145.088
512,2048,16,32,144.406
512,2048,16,64,143.626
512,2048,16,128,158.156
512,2048,16,256,160.907
512,2048,16,512,178.188
512,2048,16,1024,206.977
512,2048,16,2048,238.529
512,2048,16,4096,396.428
512,2048,32,16,167.371
512,2048,32,32,166.464
512,2048,32,64,168.064
512,2048,32,128,186.241
512,2048,32,256,202.496
512,2048,32,512,224.032
512,2048,32,1024,281.6
512,2048,32,2048,349.473
512,2048,32,4096,613.037
512,2048,64,16,210.709
512,2048,64,32,212.459
512,2048,64,64,214.038
512,2048,64,128,240.598
512,2048,64,256,264.854
512,2048,64,512,319.115
512,2048,64,1024,412.855
512,2048,64,2048,633.815
512,2048,64,4096,1231.4
512,4096,0,0,215.979
512,4096,1,16,218.475
512,4096,1,32,218.592
512,4096,1,64,218.518
512,4096,1,128,219.648
512,4096,1,256,219.489
512,4096,1,512,218.561
512,4096,1,1024,219.019
512,4096,1,2048,219.147
512,4096,1,4096,219.808
512,4096,2,16,219.052
512,4096,2,32,218.656
512,4096,2,64,219.243
512,4096,2,128,218.87
512,4096,2,256,219.212
512,4096,2,512,219.35
512,4096,2,1024,218.7
512,4096,2,2048,218.689
512,4096,2,4096,219.457
512,4096,4,16,218.753
512,4096,4,32,219.798
512,4096,4,64,219.222
512,4096,4,128,218.346
512,4096,4,256,219.713
512,4096,4,512,219.915
512,4096,4,1024,218.604
512,4096,4,2048,218.336
512,4096,4,4096,224.427
512,4096,8,16,226.443
512,4096,8,32,222.816
512,4096,8,64,224.001
512,4096,8,128,225.035
512,4096,8,256,231.084
512,4096,8,512,242.571
512,4096,8,1024,249.633
512,4096,8,2048,280.748
512,4096,8,4096,340.118
512,4096,16,16,233.142
512,4096,16,32,234.987
512,4096,16,64,235.371
512,4096,16,128,241.857
512,4096,16,256,252.577
512,4096,16,512,266.166
512,4096,16,1024,300.492
512,4096,16,2048,356.363
512,4096,16,4096,417.271
512,4096,32,16,257.739
512,4096,32,32,260.107
512,4096,32,64,259.873
512,4096,32,128,277.046
512,4096,32,256,296.214
512,4096,32,512,319.436
512,4096,32,1024,391.073
512,4096,32,2048,486.519
512,4096,32,4096,626.167
512,4096,64,16,307.884
512,4096,64,32,301.84
512,4096,64,64,307.212
512,4096,64,128,332.459
512,4096,64,256,378.188
512,4096,64,512,437.431
512,4096,64,1024,537.26
512,4096,64,2048,741.271
512,4096,64,4096,1203.09
1024,0,0,0,74.5817
1024,0,1,16,78.3143
1024,0,1,32,76.6513
1024,0,1,64,75.9147
1024,0,1,128,78.7623
1024,0,1,256,78.2833
1024,0,1,512,78.507
1024,0,1,1024,82.3357
1024,0,1,2048,119.553
1024,0,1,4096,191.894
1024,0,2,16,78.987
1024,0,2,32,77.6537
1024,0,2,64,75.563
1024,0,2,128,80.1607
1024,0,2,256,82.0167
1024,0,2,512,81.5893
1024,0,2,1024,86.5707
1024,0,2,2048,133.11
1024,0,2,4096,212.577
1024,0,4,16,81.386
1024,0,4,32,84.8853
1024,0,4,64,84.4803
1024,0,4,128,88.1177
1024,0,4,256,89.3437
1024,0,4,512,88.0217
1024,0,4,1024,99.4883
1024,0,4,2048,140.843
1024,0,4,4096,233.707
1024,0,8,16,89.611
1024,0,8,32,89.6
1024,0,8,64,86.176
1024,0,8,128,94.3577
1024,0,8,256,98.1763
1024,0,8,512,99.574
1024,0,8,1024,116.673
1024,0,8,2048,168.822
1024,0,8,4096,257.781
1024,0,16,16,106.858
1024,0,16,32,104.8
1024,0,16,64,102.23
1024,0,16,128,113.708
1024,0,16,256,114.891
1024,0,16,512,125.386
1024,0,16,1024,154.016
1024,0,16,2048,232.448
1024,0,16,4096,404.417
1024,0,32,16,127.744
1024,0,32,32,122.656
1024,0,32,64,127.456
1024,0,32,128,142.134
1024,0,32,256,154.369
1024,0,32,512,177.771
1024,0,32,1024,229.419
1024,0,32,2048,357.334
1024,0,32,4096,642.626
1024,0,64,16,180.416
1024,0,64,32,174.475
1024,0,64,64,177.089
1024,0,64,128,200.023
1024,0,64,256,224.565
1024,0,64,512,271.681
1024,0,64,1024,385.271
1024,0,64,2048,655.619
1024,0,64,4096,1244.12
1024,16,0,0,78.5173
1024,16,1,16,83.1043
1024,16,1,32,81.1203
1024,16,1,64,80.427
1024,16,1,128,81.7497
1024,16,1,256,84.374
1024,16,1,512,85.0037
1024,16,1,1024,85.558
1024,16,1,2048,107.499
1024,16,1,4096,180.576
1024,16,2,16,84.1177
1024,16,2,32,82.2933
1024,16,2,64,82.6133
1024,16,2,128,82.635
1024,16,2,256,84.1813
1024,16,2,512,88.0537
1024,16,2,1024,93.3973
1024,16,2,2048,119.669
1024,16,2,4096,214.23
1024,16,4,16,89.1097
1024,16,4,32,89.0027
1024,16,4,64,86.048
1024,16,4,128,87.7333
1024,16,4,256,90.9763
1024,16,4,512,92.3523
1024,16,4,1024,103.915
1024,16,4,2048,140.502
1024,16,4,4096,234.934
1024,16,8,16,95.5317
1024,16,8,32,92.5547
1024,16,8,64,95.6803
1024,16,8,128,96.2347
1024,16,8,256,104.598
1024,16,8,512,102.827
1024,16,8,1024,122.422
1024,16,8,2048,169.761
1024,16,8,4096,264.268
1024,16,16,16,108.437
1024,16,16,32,110.134
1024,16,16,64,111.371
1024,16,16,128,114.624
1024,16,16,256,118.859
1024,16,16,512,130.433
1024,16,16,1024,159.894
1024,16,16,2048,236.661
1024,16,16,4096,404.15
1024,16,32,16,129.344
1024,16,32,32,132.715
1024,16,32,64,129.142
1024,16,32,128,144.171
1024,16,32,256,156.737
1024,16,32,512,178.806
1024,16,32,1024,231.926
1024,16,32,2048,361.804
1024,16,32,4096,633.88
1024,16,64,16,180.971
1024,16,64,32,180.779
1024,16,64,64,179.211
1024,16,64,128,201.473
1024,16,64,256,227.233
1024,16,64,512,276.694
1024,16,64,1024,388.097
1024,16,64,2048,660.952
1024,16,64,4096,1252.36
1024,32,0,0,77.547
1024,32,1,16,79.0823
1024,32,1,32,78.2827
1024,32,1,64,82.24
1024,32,1,128,79.7223
1024,32,1,256,82.774
1024,32,1,512,85.3657
1024,32,1,1024,83.3277
1024,32,1,2048,115.819
1024,32,1,4096,195.297
1024,32,2,16,79.9363
1024,32,2,32,84.6613
1024,32,2,64,82.902
1024,32,2,128,83.0727
1024,32,2,256,88.8747
1024,32,2,512,88.3097
1024,32,2,1024,87.648
1024,32,2,2048,131.552
1024,32,2,4096,219.446
1024,32,4,16,87.6907
1024,32,4,32,82.944
1024,32,4,64,87.467
1024,32,4,128,90.763
1024,32,4,256,92.8213
1024,32,4,512,95.051
1024,32,4,1024,103.531
1024,32,4,2048,143.339
1024,32,4,4096,235.275
1024,32,8,16,94.9447
1024,32,8,32,96.0747
1024,32,8,64,98.219
1024,32,8,128,94.7843
1024,32,8,256,98.3683
1024,32,8,512,107.136
1024,32,8,1024,124.288
1024,32,8,2048,174.348
1024,32,8,4096,262.081
1024,32,16,16,104.213
1024,32,16,32,108.203
1024,32,16,64,109.067
1024,32,16,128,115.189
1024,32,16,256,119.478
1024,32,16,512,129.185
1024,32,16,1024,159.574
1024,32,16,2048,232.917
1024,32,16,4096,403.99
1024,32,32,16,133.942
1024,32,32,32,132.193
1024,32,32,64,130.954
1024,32,32,128,148.918
1024,32,32,256,155.446
1024,32,32,512,182.976
1024,32,32,1024,232.481
1024,32,32,2048,363.393
1024,32,32,4096,642.381
1024,32,64,16,183.916
1024,32,64,32,174.422
1024,32,64,64,178.742
1024,32,64,128,206.411
1024,32,64,256,230.39
1024,32,64,512,282.284
1024,32,64,1024,386.412
1024,32,64,2048,664.471
1024,32,64,4096,1249.22
1024,64,0,0,79.2647
1024,64,1,16,84.4593
1024,64,1,32,83.328
1024,64,1,64,81.6537
1024,64,1,128,85.2267
1024,64,1,256,82.24
1024,64,1,512,83.7653
1024,64,1,1024,84.267
1024,64,1,2048,118.859
1024,64,1,4096,209.846
1024,64,2,16,82.7733
1024,64,2,32,82.635
1024,64,2,64,79.2853
1024,64,2,128,81.0673
1024,64,2,256,85.3017
1024,64,2,512,88.523
1024,64,2,1024,90.4327
1024,64,2,2048,130.187
1024,64,2,4096,214.763
1024,64,4,16,88.4583
1024,64,4,32,85.0883
1024,64,4,64,87.2753
1024,64,4,128,87.4347
1024,64,4,256,91.1367
1024,64,4,512,95.1467
1024,64,4,1024,103.851
1024,64,4,2048,143.627
1024,64,4,4096,226.913
1024,64,8,16,94.144
1024,64,8,32,95.9893
1024,64,8,64,100.213
1024,64,8,128,95.9573
1024,64,8,256,101.216
1024,64,8,512,104.96
1024,64,8,1024,122.134
1024,64,8,2048,168.501
1024,64,8,4096,261.42
1024,64,16,16,108.032
1024,64,16,32,108.801
1024,64,16,64,105.76
1024,64,16,128,116.843
1024,64,16,256,121.749
1024,64,16,512,130.4
1024,64,16,1024,154.646
1024,64,16,2048,233.59
1024,64,16,4096,405.772
1024,64,32,16,130.369
1024,64,32,32,130.358
1024,64,32,64,130.689
1024,64,32,128,147.851
1024,64,32,256,157.259
1024,64,32,512,182.048
1024,64,32,1024,233.984
1024,64,32,2048,362.859
1024,64,32,4096,634.381
1024,64,64,16,180.491
1024,64,64,32,181.099
1024,64,64,64,183.564
1024,64,64,128,204.395
1024,64,64,256,225.622
1024,64,64,512,279.969
1024,64,64,1024,386.71
1024,64,64,2048,661.036
1024,64,64,4096,1252.76
1024,128,0,0,84.0117
1024,128,1,16,88.9703
1024,128,1,32,88.5337
1024,128,1,64,88.7683
1024,128,1,128,85.5147
1024,128,1,256,92.961
1024,128,1,512,90.2827
1024,128,1,1024,92.278
1024,128,1,2048,114.209
1024,128,1,4096,183.414
1024,128,2,16,89.3547
1024,128,2,32,87.6373
1024,128,2,64,88.043
1024,128,2,128,87.9893
1024,128,2,256,91.968
1024,128,2,512,91.254
1024,128,2,1024,97.1627
1024,128,2,2048,132.907
1024,128,2,4096,221.323
1024,128,4,16,93.3117
1024,128,4,32,89.3867
1024,128,4,64,90.87
1024,128,4,128,94.155
1024,128,4,256,92.8743
1024,128,4,512,97.7493
1024,128,4,1024,107.595
1024,128,4,2048,146.795
1024,128,4,4096,238.4
1024,128,8,16,99.659
1024,128,8,32,98.7527
1024,128,8,64,99.68
1024,128,8,128,104.79
1024,128,8,256,104.268
1024,128,8,512,109.206
1024,128,8,1024,123.916
1024,128,8,2048,172.395
1024,128,8,4096,265.516
1024,128,16,16,111.36
1024,128,16,32,113.867
1024,128,16,64,113.665
1024,128,16,128,116.427
1024,128,16,256,124.554
1024,128,16,512,131.414
1024,128,16,1024,162.026
1024,128,16,2048,236.8
1024,128,16,4096,405.986
1024,128,32,16,137.899
1024,128,32,32,133.548
1024,128,32,64,140.438
1024,128,32,128,147.072
1024,128,32,256,162.007
1024,128,32,512,185.451
1024,128,32,1024,237.067
1024,128,32,2048,366.582
1024,128,32,4096,640.567
1024,128,64,16,186.401
1024,128,64,32,183.541
1024,128,64,64,186.017
1024,128,64,128,212.694
1024,128,64,256,236.961
1024,128,64,512,282.315
1024,128,64,1024,391.254
1024,128,64,2048,667.725
1024,128,64,4096,1257.93
1024,256,0,0,91.0517
1024,256,1,16,100.32
1024,256,1,32,99.4667
1024,256,1,64,97.6323
1024,256,1,128,96.9287
1024,256,1,256,99.808
1024,256,1,512,100.779
1024,256,1,1024,100.918
1024,256,1,2048,128.309
1024,256,1,4096,184.982
1024,256,2,16,101.27
1024,256,2,32,98.7307
1024,256,2,64,101.431
1024,256,2,128,99.585
1024,256,2,256,103.936
1024,256,2,512,100.811
1024,256,2,1024,106.625
1024,256,2,2048,138.23
1024,256,2,4096,218.507
1024,256,4,16,98.1023
1024,256,4,32,99.3927
1024,256,4,64,104.704
1024,256,4,128,105.43
1024,256,4,256,106.54
1024,256,4,512,104.672
1024,256,4,1024,117.408
1024,256,4,2048,147.755
1024,256,4,4096,236.854
1024,256,8,16,107.136
1024,256,8,32,106.646
1024,256,8,64,108.277
1024,256,8,128,112.832
1024,256,8,256,114.315
1024,256,8,512,120.683
1024,256,8,1024,130.379
1024,256,8,2048,183.861
1024,256,8,4096,274.582
1024,256,16,16,118.795
1024,256,16,32,122.859
1024,256,16,64,123.136
1024,256,16,128,130.806
1024,256,16,256,131.03
1024,256,16,512,145.974
1024,256,16,1024,170.699
1024,256,16,2048,241.345
1024,256,16,4096,409.569
1024,256,32,16,148.864
1024,256,32,32,144.491
1024,256,32,64,148.672
1024,256,32,128,158.123
1024,256,32,256,171.382
1024,256,32,512,194.476
1024,256,32,1024,245.707
1024,256,32,2048,376.108
1024,256,32,4096,645.037
1024,256,64,16,191.05
1024,256,64,32,189.473
1024,256,64,64,196.769
1024,256,64,128,218.657
1024,256,64,256,248.865
1024,256,64,512,295.959
1024,256,64,1024,398.465
1024,256,64,2048,671.49
1024,256,64,4096,1260.84
1024,512,0,0,112.779
1024,512,1,16,118.763
1024,512,1,32,121.173
1024,512,1,64,119.264
1024,512,1,128,118.827
1024,512,1,256,120.726
1024,512,1,512,121.099
1024,512,1,1024,122.87
1024,512,1,2048,141.131
1024,512,1,4096,206.315
1024,512,2,16,117.675
1024,512,2,32,119.445
1024,512,2,64,117.952
1024,512,2,128,121.622
1024,512,2,256,120.118
1024,512,2,512,121.248
1024,512,2,1024,128.011
1024,512,2,2048,144.63
1024,512,2,4096,222.123
1024,512,4,16,124.769
1024,512,4,32,122.209
1024,512,4,64,123.04
1024,512,4,128,121.568
1024,512,4,256,122.4
1024,512,4,512,126.987
1024,512,4,1024,134.027
1024,512,4,2048,160.907
1024,512,4,4096,255.958
1024,512,8,16,130.059
1024,512,8,32,123.915
1024,512,8,64,129.653
1024,512,8,128,129.91
1024,512,8,256,138.443
1024,512,8,512,138.229
1024,512,8,1024,144.971
1024,512,8,2048,196.491
1024,512,8,4096,294.528
1024,512,16,16,137.952
1024,512,16,32,140.054
1024,512,16,64,142.71
1024,512,16,128,145.206
1024,512,16,256,153.58
1024,512,16,512,161.173
1024,512,16,1024,190.081
1024,512,16,2048,257.889
1024,512,16,4096,414.54
1024,512,32,16,165.547
1024,512,32,32,165.302
1024,512,32,64,161.665
1024,512,32,128,180.683
1024,512,32,256,190.305
1024,512,32,512,215.681
1024,512,32,1024,263.371
1024,512,32,2048,385.655
1024,512,32,4096,659.618
1024,512,64,16,213.931
1024,512,64,32,213.143
1024,512,64,64,214.849
1024,512,64,128,243.926
1024,512,64,256,262.881
1024,512,64,512,314.049
1024,512,64,1024,415.756
1024,512,64,2048,677.922
1024,512,64,4096,1269.16
1024,1024,0,0,156.363
1024,1024,1,16,163.595
1024,1024,1,32,161.942
1024,1024,1,64,160.363
1024,1024,1,128,162.72
1024,1024,1,256,167.179
1024,1024,1,512,161.473
1024,1024,1,1024,159.415
1024,1024,1,2048,169.92
1024,1024,1,4096,229.11
1024,1024,2,16,165.782
1024,1024,2,32,164.97
1024,1024,2,64,165.888
1024,1024,2,128,162.645
1024,1024,2,256,162.635
1024,1024,2,512,165.974
1024,1024,2,1024,164.875
1024,1024,2,2048,179.083
1024,1024,2,4096,237.483
1024,1024,4,16,156.331
1024,1024,4,32,162.518
1024,1024,4,64,169.291
1024,1024,4,128,163.702
1024,1024,4,256,168.075
1024,1024,4,512,171.947
1024,1024,4,1024,176.843
1024,1024,4,2048,190.678
1024,1024,4,4096,274.753
1024,1024,8,16,170.102
1024,1024,8,32,170.731
1024,1024,8,64,170.859
1024,1024,8,128,169.942
1024,1024,8,256,175.093
1024,1024,8,512,183.873
1024,1024,8,1024,189.014
1024,1024,8,2048,212.278
1024,1024,8,4096,327.82
1024,1024,16,16,182.881
1024,1024,16,32,179.488
1024,1024,16,64,172.533
1024,1024,16,128,189.877
1024,1024,16,256,189.046
1024,1024,16,512,198.347
1024,1024,16,1024,221.74
1024,1024,16,2048,285.623
1024,1024,16,4096,437.74
1024,1024,32,16,203.468
1024,1024,32,32,201.473
1024,1024,32,64,201.185
1024,1024,32,128,211.574
1024,1024,32,256,226.337
1024,1024,32,512,258.465
1024,1024,32,1024,304.129
1024,1024,32,2048,414.401
1024,1024,32,4096,678.51
1024,1024,64,16,254.294
1024,1024,64,32,255.543
1024,1024,64,64,253.611
1024,1024,64,128,280.886
1024,1024,64,256,305.366
1024,1024,64,512,348.257
1024,1024,64,1024,451.778
1024,1024,64,2048,690.787
1024,1024,64,4096,1284.77
1024,2048,0,0,248.427
1024,2048,1,16,252.854
1024,2048,1,32,252.929
1024,2048,1,64,250.102
1024,2048,1,128,247.372
1024,2048,1,256,246.613
1024,2048,1,512,248.512
1024,2048,1,1024,250.859
1024,2048,1,2048,258.198
1024,2048,1,4096,281.814
1024,2048,2,16,248.289
1024,2048,2,32,251.371
1024,2048,2,64,248.875
1024,2048,2,128,248.63
1024,2048,2,256,253.889
1024,2048,2,512,253.366
1024,2048,2,1024,252.096
1024,2048,2,2048,256.043
1024,2048,2,4096,288.171
1024,2048,4,16,252.14
1024,2048,4,32,252.129
1024,2048,4,64,254.283
1024,2048,4,128,254.891
1024,2048,4,256,252.502
1024,2048,4,512,253.878
1024,2048,4,1024,252.503
1024,2048,4,2048,259.19
1024,2048,4,4096,317.857
1024,2048,8,16,250.752
1024,2048,8,32,252.022
1024,2048,8,64,252.534
1024,2048,8,128,254.08
1024,2048,8,256,260.118
1024,2048,8,512,260.513
1024,2048,8,1024,269.206
1024,2048,8,2048,277.398
1024,2048,8,4096,368.993
1024,2048,16,16,259.66
1024,2048,16,32,259.862
1024,2048,16,64,260.182
1024,2048,16,128,267.638
1024,2048,16,256,274.699
1024,2048,16,512,284.812
1024,2048,16,1024,305.921
1024,2048,16,2048,353.537
1024,2048,16,4096,499.713
1024,2048,32,16,284.897
1024,2048,32,32,289.089
1024,2048,32,64,284.086
1024,2048,32,128,299.169
1024,2048,32,256,307.883
1024,2048,32,512,331.35
1024,2048,32,1024,388.311
1024,2048,32,2048,476.588
1024,2048,32,4096,742.893
1024,2048,64,16,324.566
1024,2048,64,32,322.551
1024,2048,64,64,328.097
1024,2048,64,128,348.097
1024,2048,64,256,378.625
1024,2048,64,512,433.559
1024,2048,64,1024,534.508
1024,2048,64,2048,760.845
1024,2048,64,4096,1282.26
1024,4096,0,0,385.26
1024,4096,1,16,420.396
1024,4096,1,32,422.988
1024,4096,1,64,419.457
1024,4096,1,128,424.96
1024,4096,1,256,422.433
1024,4096,1,512,419.276
1024,4096,1,1024,423.574
1024,4096,1,2048,425.185
1024,4096,1,4096,412.332
1024,4096,2,16,424.118
1024,4096,2,32,425.633
1024,4096,2,64,422.902
1024,4096,2,128,420.749
1024,4096,2,256,425.805
1024,4096,2,512,409.346
1024,4096,2,1024,424.61
1024,4096,2,2048,427.254
1024,4096,2,4096,431.65
1024,4096,4,16,428.215
1024,4096,4,32,424.076
1024,4096,4,64,423.991
1024,4096,4,128,426.839
1024,4096,4,256,423.659
1024,4096,4,512,429.442
1024,4096,4,1024,427.905
1024,4096,4,2048,431.115
1024,4096,4,4096,432.908
1024,4096,8,16,432.129
1024,4096,8,32,430.7
1024,4096,8,64,428.748
1024,4096,8,128,411.361
1024,4096,8,256,435.969
1024,4096,8,512,434.316
1024,4096,8,1024,429.591
1024,4096,8,2048,444.748
1024,4096,8,4096,457.024
1024,4096,16,16,425.558
1024,4096,16,32,425.858
1024,4096,16,64,427.734
1024,4096,16,128,435.564
1024,4096,16,256,437.451
1024,4096,16,512,443.169
1024,4096,16,1024,449.878
1024,4096,16,2048,508.098
1024,4096,16,4096,627.544
1024,4096,32,16,455.937
1024,4096,32,32,454.743
1024,4096,32,64,441.858
1024,4096,32,128,464.14
1024,4096,32,256,456.034
1024,4096,32,512,482.625
1024,4096,32,1024,540.834
1024,4096,32,2048,637.228
1024,4096,32,4096,845.592
1024,4096,64,16,486.082
1024,4096,64,32,490.914
1024,4096,64,64,488.738
1024,4096,64,128,516.556
1024,4096,64,256,545.133
1024,4096,64,512,586.466
1024,4096,64,1024,708.855
1024,4096,64,2048,910.424
1024,4096,64,4096,1321.91
2048,0,0,0,200.939
2048,0,1,16,195.36
2048,0,1,32,197.974
2048,0,1,64,199.446
2048,0,1,128,200.928
2048,0,1,256,200.758
2048,0,1,512,200.193
2048,0,1,1024,204.789
2048,0,1,2048,207.894
2048,0,1,4096,256.78
2048,0,2,16,195.308
2048,0,2,32,199.819
2048,0,2,64,199.105
2048,0,2,128,195.371
2048,0,2,256,199.041
2048,0,2,512,198.785
2048,0,2,1024,205.089
2048,0,2,2048,211.52
2048,0,2,4096,272.801
2048,0,4,16,205.494
2048,0,4,32,207.776
2048,0,4,64,205.878
2048,0,4,128,203.158
2048,0,4,256,211.446
2048,0,4,512,210.038
2048,0,4,1024,216.917
2048,0,4,2048,231.893
2048,0,4,4096,306.604
2048,0,8,16,216.63
2048,0,8,32,214.369
2048,0,8,64,210.945
2048,0,8,128,221.803
2048,0,8,256,219.585
2048,0,8,512,231.638
2048,0,8,1024,238.273
2048,0,8,2048,269.25
2048,0,8,4096,384.182
2048,0,16,16,232.139
2048,0,16,32,237.709
2048,0,16,64,235.383
2048,0,16,128,246.038
2048,0,16,256,253.003
2048,0,16,512,258.241
2048,0,16,1024,289.771
2048,0,16,2048,340.481
2048,0,16,4096,496.983
2048,0,32,16,272.267
2048,0,32,32,274.998
2048,0,32,64,268.428
2048,0,32,128,293.259
2048,0,32,256,301.014
2048,0,32,512,326.806
2048,0,32,1024,370.188
2048,0,32,2048,483.308
2048,0,32,4096,762.167
2048,0,64,16,357.036
2048,0,64,32,359.873
2048,0,64,64,352.29
2048,0,64,128,375.659
2048,0,64,256,404.417
2048,0,64,512,462.241
2048,0,64,1024,552.322
2048,0,64,2048,783.352
2048,0,64,4096,1344.81
2048,16,0,0,204.395
2048,16,1,16,201.419
2048,16,1,32,203.606
2048,16,1,64,207.169
2048,16,1,128,202.155
2048,16,1,256,201.494
2048,16,1,512,205.665
2048,16,1,1024,205.269
2048,16,1,2048,216.608
2048,16,1,4096,268.011
2048,16,2,16,216.875
2048,16,2,32,203.041
2048,16,2,64,206.293
2048,16,2,128,205.462
2048,16,2,256,210.347
2048,16,2,512,210.06
2048,16,2,1024,209.899
2048,16,2,2048,222.348
2048,16,2,4096,283.201
2048,16,4,16,208.342
2048,16,4,32,216.256
2048,16,4,64,212.416
2048,16,4,128,214.059
2048,16,4,256,212.278
2048,16,4,512,217.526
2048,16,4,1024,222.316
2048,16,4,2048,238.039
2048,16,4,4096,323.501
2048,16,8,16,227.638
2048,16,8,32,229.525
2048,16,8,64,229.441
2048,16,8,128,233.675
2048,16,8,256,229.11
2048,16,8,512,238.774
2048,16,8,1024,249.878
2048,16,8,2048,273.677
2048,16,8,4096,389.111
2048,16,16,16,236.801
2048,16,16,32,244.054
2048,16,16,64,242.049
2048,16,16,128,248.439
2048,16,16,256,256.619
2048,16,16,512,274.561
2048,16,16,1024,292.162
2048,16,16,2048,347.98
2048,16,16,4096,505.644
2048,16,32,16,281.793
2048,16,32,32,288.716
2048,16,32,64,282.465
2048,16,32,128,292.854
2048,16,32,256,311.574
2048,16,32,512,337.473
2048,16,32,1024,390.102
2048,16,32,2048,489.005
2048,16,32,4096,769.293
2048,16,64,16,364.044
2048,16,64,32,370.176
2048,16,64,64,367.927
2048,16,64,128,393.473
2048,16,64,256,413.292
2048,16,64,512,462.572
2048,16,64,1024,563.458
2048,16,64,2048,789.389
2048,16,64,4096,1340.77
2048,32,0,0,198.39
2048,32,1,16,201.931
2048,32,1,32,200.108
2048,32,1,64,206.113
2048,32,1,128,205.376
2048,32,1,256,208.267
2048,32,1,512,207.968
2048,32,1,1024,209.921
2048,32,1,2048,214.145
2048,32,1,4096,264.299
2048,32,2,16,205.387
2048,32,2,32,206.913
2048,32,2,64,203.254
2048,32,2,128,207.477
2048,32,2,256,210.976
2048,32,2,512,214.646
2048,32,2,1024,215.211
2048,32,2,2048,215.979
2048,32,2,4096,276.79
2048,32,4,16,211.36
2048,32,4,32,209.996
2048,32,4,64,209.824
2048,32,4,128,214.774
2048,32,4,256,211.094
2048,32,4,512,215.99
2048,32,4,1024,220.544
2048,32,4,2048,237.782
2048,32,4,4096,316.321
2048,32,8,16,225.387
2048,32,8,32,226.668
2048,32,8,64,222.741
2048,32,8,128,234.112
2048,32,8,256,231.307
2048,32,8,512,238.859
2048,32,8,1024,243.584
2048,32,8,2048,275.638
2048,32,8,4096,377.889
2048,32,16,16,244.46
2048,32,16,32,245.079
2048,32,16,64,242.912
2048,32,16,128,250.614
2048,32,16,256,257.301
2048,32,16,512,275.094
2048,32,16,1024,302.08
2048,32,16,2048,348.524
2048,32,16,4096,505.58
2048,32,32,16,277.611
2048,32,32,32,290.06
2048,32,32,64,288.075
2048,32,32,128,301.036
2048,32,32,256,309.814
2048,32,32,512,340.108
2048,32,32,1024,382.305
2048,32,32,2048,489.249
2048,32,32,4096,771.181
2048,32,64,16,365.035
2048,32,64,32,367.095
2048,32,64,64,366.977
2048,32,64,128,392.13
2048,32,64,256,406.049
2048,32,64,512,460.129
2048,32,64,1024,569.26
2048,32,64,2048,791.224
2048,32,64,4096,1343.68
2048,64,0,0,201.899
2048,64,1,16,209.526
2048,64,1,32,204.832
2048,64,1,64,206.208
2048,64,1,128,207.734
2048,64,1,256,209.59
2048,64,1,512,206.721
2048,64,1,1024,208.406
2048,64,1,2048,212.032
2048,64,1,4096,262.081
2048,64,2,16,204.875
2048,64,2,32,205.483
2048,64,2,64,202.763
2048,64,2,128,205.665
2048,64,2,256,207.456
2048,64,2,512,211.713
2048,64,2,1024,214.667
2048,64,2,2048,215.403
2048,64,2,4096,291.756
2048,64,4,16,211.499
2048,64,4,32,212.587
2048,64,4,64,211.638
2048,64,4,128,214.027
2048,64,4,256,215.851
2048,64,4,512,212.406
2048,64,4,1024,225.419
2048,64,4,2048,234.208
2048,64,4,4096,322.53
2048,64,8,16,221.377
2048,64,8,32,223.904
2048,64,8,64,223.232
2048,64,8,128,230.977
2048,64,8,256,229.729
2048,64,8,512,234.167
2048,64,8,1024,246.102
2048,64,8,2048,275.286
2048,64,8,4096,390.625
2048,64,16,16,244.587
2048,64,16,32,246.805
2048,64,16,64,239.925
2048,64,16,128,250.764
2048,64,16,256,258.934
2048,64,16,512,272.704
2048,64,16,1024,299.18
2048,64,16,2048,343.958
2048,64,16,4096,509.633
2048,64,32,16,289.452
2048,64,32,32,282.422
2048,64,32,64,283.244
2048,64,32,128,296.161
2048,64,32,256,309.601
2048,64,32,512,334.241
2048,64,32,1024,383.756
2048,64,32,2048,489.783
2048,64,32,4096,763.566
2048,64,64,16,366.603
2048,64,64,32,362.326
2048,64,64,64,366.626
2048,64,64,128,393.58
2048,64,64,256,411.82
2048,64,64,512,465.26
2048,64,64,1024,559.149
2048,64,64,2048,789.337
2048,64,64,4096,1339.78
2048,128,0,0,213.58
2048,128,1,16,212.107
2048,128,1,32,211.147
2048,128,1,64,212.619
2048,128,1,128,210.838
2048,128,1,256,209.75
2048,128,1,512,213.398
2048,128,1,1024,222.966
2048,128,1,2048,225.142
2048,128,1,4096,281.047
2048,128,2,16,215.169
2048,128,2,32,212.342
2048,128,2,64,219.061
2048,128,2,128,211.841
2048,128,2,256,215.712
2048,128,2,512,219.863
2048,128,2,1024,221.035
2048,128,2,2048,229.483
2048,128,2,4096,280.3
2048,128,4,16,218.23
2048,128,4,32,214.517
2048,128,4,64,220.758
2048,128,4,128,221.067
2048,128,4,256,219.244
2048,128,4,512,224.779
2048,128,4,1024,229.313
2048,128,4,2048,246.784
2048,128,4,4096,324.321
2048,128,8,16,228.896
2048,128,8,32,236.993
2048,128,8,64,234.315
2048,128,8,128,234.092
2048,128,8,256,231.628
2048,128,8,512,245.931
2048,128,8,1024,254.753
2048,128,8,2048,285.078
2048,128,8,4096,395.222
2048,128,16,16,253.612
2048,128,16,32,253.12
2048,128,16,64,255.019
2048,128,16,128,256.278
2048,128,16,256,269.355
2048,128,16,512,274.71
2048,128,16,1024,296.769
2048,128,16,2048,353.644
2048,128,16,4096,510.615
2048,128,32,16,291.009
2048,128,32,32,286.027
2048,128,32,64,301.068
2048,128,32,128,295.276
2048,128,32,256,315.969
2048,128,32,512,341.964
2048,128,32,1024,387.479
2048,128,32,2048,496.695
2048,128,32,4096,778.531
2048,128,64,16,370.753
2048,128,64,32,370.006
2048,128,64,64,377.281
2048,128,64,128,393.889
2048,128,64,256,421.601
2048,128,64,512,472.118
2048,128,64,1024,576.236
2048,128,64,2048,793.698
2048,128,64,4096,1344.66
2048,256,0,0,229.804
2048,256,1,16,228.108
2048,256,1,32,230.283
2048,256,1,64,226.027
2048,256,1,128,230.551
2048,256,1,256,230.999
2048,256,1,512,229.035
2048,256,1,1024,231.808
2048,256,1,2048,233.814
2048,256,1,4096,287.414
2048,256,2,16,231.329
2048,256,2,32,227.436
2048,256,2,64,229.515
2048,256,2,128,226.432
2048,256,2,256,224.715
2048,256,2,512,231.489
2048,256,2,1024,241.185
2048,256,2,2048,243.466
2048,256,2,4096,310.347
2048,256,4,16,233.836
2048,256,4,32,233.131
2048,256,4,64,234.027
2048,256,4,128,236.194
2048,256,4,256,231.222
2048,256,4,512,245.024
2048,256,4,1024,246.496
2048,256,4,2048,257.665
2048,256,4,4096,340.982
2048,256,8,16,245.846
2048,256,8,32,244.139
2048,256,8,64,242.049
2048,256,8,128,246.219
2048,256,8,256,250.038
2048,256,8,512,256.182
2048,256,8,1024,277.067
2048,256,8,2048,294.817
2048,256,8,4096,402.294
2048,256,16,16,267.915
2048,256,16,32,267.606
2048,256,16,64,272.801
2048,256,16,128,271.254
2048,256,16,256,285.548
2048,256,16,512,291.66
2048,256,16,1024,322.924
2048,256,16,2048,367.596
2048,256,16,4096,524.333
2048,256,32,16,313.42
2048,256,32,32,311.595
2048,256,32,64,305.611
2048,256,32,128,324.171
2048,256,32,256,338.401
2048,256,32,512,363.605
2048,256,32,1024,408.941
2048,256,32,2048,513.687
2048,256,32,4096,786.018
2048,256,64,16,384.417
2048,256,64,32,386.903
2048,256,64,64,383.297
2048,256,64,128,412.619
2048,256,64,256,440.001
2048,256,64,512,494.636
2048,256,64,1024,584.386
2048,256,64,2048,806.478
2048,256,64,4096,1347.34
2048,512,0,0,256.779
2048,512,1,16,263.116
2048,512,1,32,257.74
2048,512,1,64,259.083
2048,512,1,128,255.883
2048,512,1,256,257.825
2048,512,1,512,269.974
2048,512,1,1024,265.814
2048,512,1,2048,267.649
2048,512,1,4096,308.864
2048,512,2,16,264.395
2048,512,2,32,263.531
2048,512,2,64,259.179
2048,512,2,128,265.153
2048,512,2,256,269.271
2048,512,2,512,265.153
2048,512,2,1024,267.595
2048,512,2,2048,270.764
2048,512,2,4096,312.236
2048,512,4,16,266.614
2048,512,4,32,261.024
2048,512,4,64,269.036
2048,512,4,128,264.939
2048,512,4,256,266.197
2048,512,4,512,271.927
2048,512,4,1024,279.062
2048,512,4,2048,294.688
2048,512,4,4096,375.947
2048,512,8,16,273.154
2048,512,8,32,275.82
2048,512,8,64,276.428
2048,512,8,128,281.461
2048,512,8,256,286.454
2048,512,8,512,300.448
2048,512,8,1024,305.196
2048,512,8,2048,330.358
2048,512,8,4096,435.127
2048,512,16,16,302.209
2048,512,16,32,294.881
2048,512,16,64,295.927
2048,512,16,128,308.396
2048,512,16,256,317.579
2048,512,16,512,324.096
2048,512,16,1024,346.881
2048,512,16,2048,399.148
2048,512,16,4096,553.42
2048,512,32,16,346.038
2048,512,32,32,344.492
2048,512,32,64,334.262
2048,512,32,128,355.127
2048,512,32,256,361.238
2048,512,32,512,383.468
2048,512,32,1024,438.06
2048,512,32,2048,540.396
2048,512,32,4096,812.504
2048,512,64,16,422.838
2048,512,64,32,427.265
2048,512,64,64,415.147
2048,512,64,128,446.668
2048,512,64,256,473.079
2048,512,64,512,519.608
2048,512,64,1024,625.794
2048,512,64,2048,844.706
2048,512,64,4096,1367.34
2048,1024,0,0,322.87
2048,1024,1,16,330.305
2048,1024,1,32,322.924
2048,1024,1,64,326.38
2048,1024,1,128,334.592
2048,1024,1,256,323.542
2048,1024,1,512,327.499
2048,1024,1,1024,327.019
2048,1024,1,2048,329.825
2048,1024,1,4096,351.447
2048,1024,2,16,324.236
2048,1024,2,32,324.715
2048,1024,2,64,325.186
2048,1024,2,128,321.153
2048,1024,2,256,334.112
2048,1024,2,512,330.155
2048,1024,2,1024,336.768
2048,1024,2,2048,333.825
2048,1024,2,4096,372.043
2048,1024,4,16,327.84
2048,1024,4,32,337.408
2048,1024,4,64,324.95
2048,1024,4,128,333.793
2048,1024,4,256,333.142
2048,1024,4,512,339.403
2048,1024,4,1024,332.812
2048,1024,4,2048,358.379
2048,1024,4,4096,409.057
2048,1024,8,16,332.833
2048,1024,8,32,335.99
2048,1024,8,64,338.561
2048,1024,8,128,339.403
2048,1024,8,256,346.529
2048,1024,8,512,349.377
2048,1024,8,1024,355.68
2048,1024,8,2048,387.254
2048,1024,8,4096,473.004
2048,1024,16,16,358.039
2048,1024,16,32,359.361
2048,1024,16,64,354.7
2048,1024,16,128,367.915
2048,1024,16,256,377.888
2048,1024,16,512,386.572
2048,1024,16,1024,410.006
2048,1024,16,2048,460.012
2048,1024,16,4096,604.93
2048,1024,32,16,394.037
2048,1024,32,32,397.43
2048,1024,32,64,397.249
2048,1024,32,128,414.732
2048,1024,32,256,422.135
2048,1024,32,512,453.452
2048,1024,32,1024,507.948
2048,1024,32,2048,599.543
2048,1024,32,4096,850.253
2048,1024,64,16,481.431
2048,1024,64,32,479.852
2048,1024,64,64,486.54
2048,1024,64,128,506.444
2048,1024,64,256,530.413
2048,1024,64,512,589.015
2048,1024,64,1024,688.204
2048,1024,64,2048,899.214
2048,1024,64,4096,1400.19
2048,2048,0,0,460.908
2048,2048,1,16,445.921
2048,2048,1,32,457.622
2048,2048,1,64,452.054
2048,2048,1,128,455.105
2048,2048,1,256,443.521
2048,2048,1,512,458.337
2048,2048,1,1024,463.009
2048,2048,1,2048,460.929
2048,2048,1,4096,459.777
2048,2048,2,16,458.124
2048,2048,2,32,456.908
2048,2048,2,64,456.907
2048,2048,2,128,464.919
2048,2048,2,256,460.854
2048,2048,2,512,453.74
2048,2048,2,1024,456.087
2048,2048,2,2048,464.64
2048,2048,2,4096,487.223
2048,2048,4,16,461.707
2048,2048,4,32,460.513
2048,2048,4,64,453.772
2048,2048,4,128,454.849
2048,2048,4,256,456.567
2048,2048,4,512,472.246
2048,2048,4,1024,474.454
2048,2048,4,2048,483.734
2048,2048,4,4096,505.313
2048,2048,8,16,469.377
2048,2048,8,32,468.833
2048,2048,8,64,456.577
2048,2048,8,128,465.324
2048,2048,8,256,472.769
2048,2048,8,512,473.186
2048,2048,8,1024,479.095
2048,2048,8,2048,507.393
2048,2048,8,4096,558.561
2048,2048,16,16,486.55
2048,2048,16,32,488.822
2048,2048,16,64,485.271
2048,2048,16,128,481.687
2048,2048,16,256,493.634
2048,2048,16,512,499.009
2048,2048,16,1024,545.783
2048,2048,16,2048,575.404
2048,2048,16,4096,702.519
2048,2048,32,16,530.701
2048,2048,32,32,528.737
2048,2048,32,64,533.046
2048,2048,32,128,536.375
2048,2048,32,256,550.061
2048,2048,32,512,574.817
2048,2048,32,1024,635.052
2048,2048,32,2048,728.963
2048,2048,32,4096,945.56
2048,2048,64,16,596.119
2048,2048,64,32,612.556
2048,2048,64,64,610.486
2048,2048,64,128,638.028
2048,2048,64,256,656.482
2048,2048,64,512,713.699
2048,2048,64,1024,823.544
2048,2048,64,2048,1032.26
2048,2048,64,4096,1474.04
2048,4096,0,0,718.326
2048,4096,1,16,712.951
2048,4096,1,32,708.097
2048,4096,1,64,717.068
2048,4096,1,128,717.858
2048,4096,1,256,720.716
2048,4096,1,512,702.763
2048,4096,1,1024,714.209
2048,4096,1,2048,719.137
2048,4096,1,4096,718.53
2048,4096,2,16,721.399
2048,4096,2,32,708.983
2048,4096,2,64,713.113
2048,4096,2,128,717.443
2048,4096,2,256,731.926
2048,4096,2,512,714.774
2048,4096,2,1024,723.469
2048,4096,2,2048,720.226
2048,4096,2,4096,727.126
2048,4096,4,16,717.519
2048,4096,4,32,717.623
2048,4096,4,64,723.917
2048,4096,4,128,721.315
2048,4096,4,256,721.87
2048,4096,4,512,725.09
2048,4096,4,1024,732.568
2048,4096,4,2048,746.414
2048,4096,4,4096,739.48
2048,4096,8,16,725.42
2048,4096,8,32,734.242
2048,4096,8,64,721.101
2048,4096,8,128,736.322
2048,4096,8,256,737.921
2048,4096,8,512,745.1
2048,4096,8,1024,744.439
2048,4096,8,2048,757.762
2048,4096,8,4096,779.565
2048,4096,16,16,744.184
2048,4096,16,32,749.646
2048,4096,16,64,738.585
2048,4096,16,128,751.853
2048,4096,16,256,753.528
2048,4096,16,512,759.554
2048,4096,16,1024,788.204
2048,4096,16,2048,829.047
2048,4096,16,4096,941.325
2048,4096,32,16,783.628
2048,4096,32,32,775.629
2048,4096,32,64,782.775
2048,4096,32,128,791.373
2048,4096,32,256,805.475
2048,4096,32,512,825.613
2048,4096,32,1024,880.973
2048,4096,32,2048,980.835
2048,4096,32,4096,1180.72
2048,4096,64,16,856.247
2048,4096,64,32,847.17
2048,4096,64,64,844.152
2048,4096,64,128,882.925
2048,4096,64,256,894.605
2048,4096,64,512,965.911
2048,4096,64,1024,1084.41
2048,4096,64,2048,1296.59
2048,4096,64,4096,1700.74
