prefill_chunk,kv_prefill,n_decode,kv_decode,time_us
0,0,1,16,11.5843
0,0,1,64,14.336
0,0,1,256,20.299
0,0,1,1024,23.232
0,0,1,4096,48.7153
0,0,1,16384,124.065
0,0,2,32,17.152
0,0,2,128,24.0637
0,0,2,512,26.325
0,0,2,2048,50.4427
0,0,2,8192,125.769
0,0,4,16,17.2913
0,0,4,64,20.0103
0,0,4,256,31.904
0,0,4,1024,50.6557
0,0,4,4096,113.813
0,0,4,16384,353.789
0,0,8,32,18.2077
0,0,8,128,33.2157
0,0,8,512,55.6367
0,0,8,2048,127.659
0,0,8,8192,360.351
0,0,16,16,21.0023
0,0,16,64,25.8883
0,0,16,256,43.071
0,0,16,1024,131.787
0,0,16,4096,375.701
0,0,16,16384,1329.45
0,0,32,32,28.533
0,0,32,128,51.3173
0,0,32,512,122.688
0,0,32,2048,401.439
0,0,32,8192,1513.66
0,0,64,16,38.528
0,0,64,64,57.184
0,0,64,256,121.438
0,0,64,1024,374.165
0,0,64,4096,1383.27
0,0,64,16384,5446.15
0,0,128,32,63.8937
0,0,128,128,135.284
0,0,128,512,363.296
0,0,128,2048,1297.6
0,0,128,8192,5063.77
16,0,0,0,14.7413
16,0,1,32,14.6987
16,0,1,128,19.6373
16,0,1,512,37.5793
16,0,1,2048,110.4
16,0,1,8192,400.895
16,0,2,16,22.4957
16,0,2,64,22.816
16,0,2,256,34.8907
16,0,2,1024,70.932
16,0,2,4096,214.328
16,0,2,16384,789.954
16,0,4,32,22.816
16,0,4,128,33.6207
16,0,4,512,69.9083
16,0,4,2048,215.302
16,0,4,8192,797.065
16,0,8,16,38.283
16,0,8,64,39.0507
16,0,8,256,84.4587
16,0,8,1024,227.84
16,0,8,4096,804.223
16,0,8,16384,3104.19
16,0,16,32,62.368
16,0,16,128,101.845
16,0,16,512,227.584
16,0,16,2048,732.927
16,0,16,8192,2747.94
16,0,32,16,108.608
16,0,32,64,112.373
16,0,32,256,263.627
16,0,32,1024,736.778
16,0,32,4096,2613.83
16,0,32,16384,10219.8
16,0,64,32,211.338
16,0,64,128,360.745
16,0,64,512,828.393
16,0,64,2048,2670.2
16,0,64,8192,10261.4
16,16,0,0,14.912
16,16,1,32,14.976
16,16,1,128,19.648
16,16,1,512,37.632
16,16,1,2048,110.496
16,16,1,8192,400.49
16,16,2,16,22.7197
16,16,2,64,23.1573
16,16,2,256,34.965
16,16,2,1024,71.1457
16,16,2,4096,214.602
16,16,2,16384,789.956
16,16,4,32,23.1467
16,16,4,128,33.771
16,16,4,512,70.0593
16,16,4,2048,215.646
16,16,4,8192,795.625
16,16,8,16,38.6447
16,16,8,64,39.616
16,16,8,256,84.5013
16,16,8,1024,227.861
16,16,8,4096,803.337
16,16,8,16384,3102.31
16,16,16,32,62.5497
16,16,16,128,101.973
16,16,16,512,227.7
16,16,16,2048,733.275
16,16,16,8192,2744.81
16,16,32,16,108.554
16,16,32,64,112.469
16,16,32,256,263.959
16,16,32,1024,736.789
16,16,32,4096,2612.69
16,16,32,16384,10221.7
16,16,64,32,211.264
16,16,64,128,360.703
16,16,64,512,829.04
16,16,64,2048,2668.06
16,16,64,8192,10253.3
16,32,0,0,14.9973
16,32,1,32,14.976
16,32,1,128,19.6477
16,32,1,512,37.5677
16,32,1,2048,110.473
16,32,1,8192,399.948
16,32,2,16,22.7947
16,32,2,64,23.147
16,32,2,256,35.2103
16,32,2,1024,71.2523
16,32,2,4096,214.922
16,32,2,16384,789.193
16,32,4,32,23.179
16,32,4,128,33.6
16,32,4,512,70.164
16,32,4,2048,215.349
16,32,4,8192,796.371
16,32,8,16,38.7197
16,32,8,64,39.6057
16,32,8,256,84.3407
16,32,8,1024,228.149
16,32,8,4096,803.091
16,32,8,16384,3100.92
16,32,16,32,62.5173
16,32,16,128,101.695
16,32,16,512,227.979
16,32,16,2048,732.343
16,32,16,8192,2745.88
16,32,32,16,108.821
16,32,32,64,112.565
16,32,32,256,263.594
16,32,32,1024,736.542
16,32,32,4096,2614.94
16,32,32,16384,10238.1
16,32,64,32,211.412
16,32,64,128,361.057
16,32,64,512,826.177
16,32,64,2048,2670.23
16,32,64,8192,10255.7
16,64,0,0,15.136
16,64,1,32,15.0073
16,64,1,128,19.6683
16,64,1,512,37.6103
16,64,1,2048,110.475
16,64,1,8192,400.564
16,64,2,16,22.987
16,64,2,64,23.328
16,64,2,256,35.36
16,64,2,1024,71.402
16,64,2,4096,215.071
16,64,2,16384,790.874
16,64,4,32,23.3283
16,64,4,128,33.8867
16,64,4,512,70.0587
16,64,4,2048,215.539
16,64,4,8192,796.424
16,64,8,16,38.859
16,64,8,64,39.861
16,64,8,256,84.397
16,64,8,1024,227.912
16,64,8,4096,803.711
16,64,8,16384,3102.11
16,64,16,32,62.625
16,64,16,128,101.813
16,64,16,512,227.827
16,64,16,2048,732.838
16,64,16,8192,2748.75
16,64,32,16,108.842
16,64,32,64,112.619
16,64,32,256,263.744
16,64,32,1024,736.653
16,64,32,4096,2611.68
16,64,32,16384,10214.7
16,64,64,32,211.614
16,64,64,128,361.035
16,64,64,512,828.264
16,64,64,2048,2668.32
16,64,64,8192,10250.9
16,128,0,0,20.8963
16,128,1,32,19.8083
16,128,1,128,20.768
16,128,1,512,37.6313
16,128,1,2048,110.411
16,128,1,8192,401.099
16,128,2,16,29.0563
16,128,2,64,29.3657
16,128,2,256,41.216
16,128,2,1024,77.3437
16,128,2,4096,220.395
16,128,2,16384,797.818
16,128,4,32,32.9917
16,128,4,128,34.7947
16,128,4,512,70.1227
16,128,4,2048,215.584
16,128,4,8192,795.974
16,128,8,16,44.6067
16,128,8,64,45.5463
16,128,8,256,84.5533
16,128,8,1024,227.616
16,128,8,4096,803.667
16,128,8,16384,3101.28
16,128,16,32,68.693
16,128,16,128,103.424
16,128,16,512,227.551
16,128,16,2048,733.482
16,128,16,8192,2748.72
16,128,32,16,120.074
16,128,32,64,123.285
16,128,32,256,264.309
16,128,32,1024,736.554
16,128,32,4096,2615.77
16,128,32,16384,10243.6
16,128,64,32,217.887
16,128,64,128,364.127
16,128,64,512,837.247
16,128,64,2048,2694.9
16,128,64,8192,10274.1
16,256,0,0,26.955
16,256,1,32,25.664
16,256,1,128,25.653
16,256,1,512,37.7277
16,256,1,2048,110.763
16,256,1,8192,401.354
16,256,2,16,34.955
16,256,2,64,35.1363
16,256,2,256,46.8373
16,256,2,1024,83.6587
16,256,2,4096,227.486
16,256,2,16384,802.912
16,256,4,32,42.753
16,256,4,128,44.9607
16,256,4,512,70.3147
16,256,4,2048,214.869
16,256,4,8192,796.33
16,256,8,16,52.864
16,256,8,64,53.163
16,256,8,256,86.805
16,256,8,1024,226.975
16,256,8,4096,803.323
16,256,8,16384,3101.19
16,256,16,32,78.133
16,256,16,128,110.175
16,256,16,512,227.497
16,256,16,2048,733.138
16,256,16,8192,2748.28
16,256,32,16,127.498
16,256,32,64,130.986
16,256,32,256,266.239
16,256,32,1024,735.959
16,256,32,4096,2619.63
16,256,32,16384,10236.1
16,256,64,32,226.047
16,256,64,128,370.869
16,256,64,512,836.981
16,256,64,2048,2718.26
16,256,64,8192,10277.3
16,512,0,0,38.88
16,512,1,32,37.5143
16,512,1,128,37.5573
16,512,1,512,38.6987
16,512,1,2048,110.645
16,512,1,8192,401.014
16,512,2,16,46.7943
16,512,2,64,47.1573
16,512,2,256,59.21
16,512,2,1024,95.8717
16,512,2,4096,239.102
16,512,2,16384,816.454
16,512,4,32,54.5487
16,512,4,128,66.0583
16,512,4,512,71.808
16,512,4,2048,215.296
16,512,4,8192,796.806
16,512,8,16,69.461
16,512,8,64,70.3687
16,512,8,256,98.7727
16,512,8,1024,227.026
16,512,8,4096,803.861
16,512,8,16384,3101.89
16,512,16,32,93.2367
16,512,16,128,125.536
16,512,16,512,229.696
16,512,16,2048,733.438
16,512,16,8192,2751.85
16,512,32,16,140.245
16,512,32,64,143.882
16,512,32,256,289.342
16,512,32,1024,735.492
16,512,32,4096,2624.2
16,512,32,16384,10346.9
16,512,64,32,243.124
16,512,64,128,385.834
16,512,64,512,840.77
16,512,64,2048,2748.84
16,512,64,8192,10326
16,1024,0,0,63.0613
16,1024,1,32,61.4823
16,1024,1,128,61.5553
16,1024,1,512,61.6957
16,1024,1,2048,110.634
16,1024,1,8192,399.988
16,1024,2,16,70.7303
16,1024,2,64,70.9863
16,1024,2,256,82.9543
16,1024,2,1024,118.986
16,1024,2,4096,265.951
16,1024,2,16384,845.49
16,1024,4,32,78.2077
16,1024,4,128,89.6847
16,1024,4,512,116.629
16,1024,4,2048,214.58
16,1024,4,8192,796.211
16,1024,8,16,93.4503
16,1024,8,64,94.261
16,1024,8,256,135.99
16,1024,8,1024,230.429
16,1024,8,4096,804.205
16,1024,8,16384,3101.25
16,1024,16,32,124.245
16,1024,16,128,158.634
16,1024,16,512,253.92
16,1024,16,2048,732.689
16,1024,16,8192,2748.98
16,1024,32,16,171.188
16,1024,32,64,174.186
16,1024,32,256,318.964
16,1024,32,1024,737.791
16,1024,32,4096,2629.19
16,1024,32,16384,10375.6
16,1024,64,32,274.196
16,1024,64,128,420.287
16,1024,64,512,866.677
16,1024,64,2048,2762.57
16,1024,64,8192,10348.8
16,2048,0,0,111.231
16,2048,1,32,109.238
16,2048,1,128,109.279
16,2048,1,512,109.406
16,2048,1,2048,110.827
16,2048,1,8192,399.771
16,2048,2,16,118.528
16,2048,2,64,118.431
16,2048,2,256,130.09
16,2048,2,1024,166.389
16,2048,2,4096,315.903
16,2048,2,16384,895.57
16,2048,4,32,125.589
16,2048,4,128,137.301
16,2048,4,512,172.842
16,2048,4,2048,216.895
16,2048,4,8192,796.595
16,2048,8,16,140.651
16,2048,8,64,141.611
16,2048,8,256,188.285
16,2048,8,1024,277.715
16,2048,8,4096,805.065
16,2048,8,16384,3103.55
16,2048,16,32,171.509
16,2048,16,128,217.513
16,2048,16,512,330.752
16,2048,16,2048,733.911
16,2048,16,8192,2750.27
16,2048,32,16,226.353
16,2048,32,64,230.481
16,2048,32,256,384.953
16,2048,32,1024,835.381
16,2048,32,4096,2623.74
16,2048,32,16384,10376.3
16,2048,64,32,329.887
16,2048,64,128,481.738
16,2048,64,512,943.734
16,2048,64,2048,2759.21
16,2048,64,8192,10449.9
16,4096,0,0,208.042
16,4096,1,32,206.037
16,4096,1,128,206.048
16,4096,1,512,206.059
16,4096,1,2048,205.983
16,4096,1,8192,400.394
16,4096,2,16,213.792
16,4096,2,64,213.643
16,4096,2,256,226.24
16,4096,2,1024,261.982
16,4096,2,4096,410.687
16,4096,2,16384,993.33
16,4096,4,32,220.927
16,4096,4,128,233.205
16,4096,4,512,268.158
16,4096,4,2048,399.657
16,4096,4,8192,796.8
16,4096,8,16,235.561
16,4096,8,64,236.458
16,4096,8,256,282.271
16,4096,8,1024,426.335
16,4096,8,4096,806.653
16,4096,8,16384,3103.51
16,4096,16,32,265.992
16,4096,16,128,312.565
16,4096,16,512,430.335
16,4096,16,2048,829.332
16,4096,16,8192,2751.36
16,4096,32,16,321.375
16,4096,32,64,325.931
16,4096,32,256,498.688
16,4096,32,1024,933.663
16,4096,32,4096,2617.7
16,4096,32,16384,10368.5
16,4096,64,32,446.316
16,4096,64,128,602.565
16,4096,64,512,1071.3
16,4096,64,2048,2864.96
16,4096,64,8192,10543.4
16,8192,0,0,401.29
16,8192,1,32,397.951
16,8192,1,128,399.978
16,8192,1,512,400.025
16,8192,1,2048,399.934
16,8192,1,8192,401.821
16,8192,2,16,403.935
16,8192,2,64,404.888
16,8192,2,256,416.583
16,8192,2,1024,451.742
16,8192,2,4096,602.837
16,8192,2,16384,1185.34
16,8192,4,32,411.742
16,8192,4,128,421.909
16,8192,4,512,458.465
16,8192,4,2048,601.748
16,8192,4,8192,799.038
16,8192,8,16,425.599
16,8192,8,64,426.09
16,8192,8,256,472.724
16,8192,8,1024,616.171
16,8192,8,4096,999.286
16,8192,8,16384,3102.61
16,8192,16,32,454.592
16,8192,16,128,501.076
16,8192,16,512,645.481
16,8192,16,2048,1117.45
16,8192,16,8192,2754.53
16,8192,32,16,510.634
16,8192,32,64,514.549
16,8192,32,256,692.196
16,8192,32,1024,1179.39
16,8192,32,4096,2988.45
16,8192,32,16384,10364.7
16,8192,64,32,637.013
16,8192,64,128,822.024
16,8192,64,512,1306.05
16,8192,64,2048,3157.11
16,8192,64,8192,10599.9
16,16384,0,0,789.555
16,16384,1,32,786.17
16,16384,1,128,786.106
16,16384,1,512,785.738
16,16384,1,2048,786.251
16,16384,1,8192,785.823
16,16384,2,16,787.611
16,16384,2,64,789.011
16,16384,2,256,800.835
16,16384,2,1024,831.449
16,16384,2,4096,987.694
16,16384,2,16384,1565.74
16,16384,4,32,791.679
16,16384,4,128,802.799
16,16384,4,512,839.682
16,16384,4,2048,987.382
16,16384,4,8192,1559.35
16,16384,8,16,807.043
16,16384,8,64,805.406
16,16384,8,256,850.024
16,16384,8,1024,994.751
16,16384,8,4096,1567.17
16,16384,8,16384,3107.63
16,16384,16,32,832.337
16,16384,16,128,878.045
16,16384,16,512,1023.38
16,16384,16,2048,1602.91
16,16384,16,8192,3132.44
16,16384,32,16,891.06
16,16384,32,64,893.697
16,16384,32,256,1070.78
16,16384,32,1024,1620.5
16,16384,32,4096,3384.68
16,16384,32,16384,10264.6
16,16384,64,32,1015.52
16,16384,64,128,1201.09
16,16384,64,512,1773.72
16,16384,64,2048,3660.24
16,16384,64,8192,11021.9
32,0,0,0,14.8907
32,0,1,32,14.9863
32,0,1,128,19.8077
32,0,1,512,37.6747
32,0,1,2048,110.251
32,0,1,8192,399.922
32,0,2,16,22.9117
32,0,2,64,23.0183
32,0,2,256,35.1147
32,0,2,1024,71.2097
32,0,2,4096,214.356
32,0,2,16384,788.874
32,0,4,32,23.1467
32,0,4,128,33.76
32,0,4,512,70.002
32,0,4,2048,215.542
32,0,4,8192,796.402
32,0,8,16,38.7193
32,0,8,64,39.4453
32,0,8,256,84.4783
32,0,8,1024,228.224
32,0,8,4096,804.235
32,0,8,16384,3100.62
32,0,16,32,62.528
32,0,16,128,101.92
32,0,16,512,227.743
32,0,16,2048,733.298
32,0,16,8192,2748.04
32,0,32,16,108.811
32,0,32,64,112.469
32,0,32,256,263.755
32,0,32,1024,736.962
32,0,32,4096,2612.2
32,0,32,16384,10216.9
32,0,64,32,211.531
32,0,64,128,361.59
32,0,64,512,831.414
32,0,64,2048,2670.31
32,0,64,8192,10247.7
32,16,0,0,15.0077
32,16,1,32,15.0827
32,16,1,128,19.8293
32,16,1,512,37.6847
32,16,1,2048,110.389
32,16,1,8192,400.258
32,16,2,16,22.9757
32,16,2,64,23.4027
32,16,2,256,35.499
32,16,2,1024,71.2947
32,16,2,4096,215.381
32,16,2,16384,790.633
32,16,4,32,23.3163
32,16,4,128,33.7703
32,16,4,512,70.0797
32,16,4,2048,215.179
32,16,4,8192,796.171
32,16,8,16,38.8583
32,16,8,64,39.8933
32,16,8,256,84.578
32,16,8,1024,228.202
32,16,8,4096,803.682
32,16,8,16384,3100.18
32,16,16,32,62.6453
32,16,16,128,101.888
32,16,16,512,227.712
32,16,16,2048,732.926
32,16,16,8192,2745.29
32,16,32,16,108.896
32,16,32,64,112.533
32,16,32,256,263.946
32,16,32,1024,737.128
32,16,32,4096,2615.18
32,16,32,16384,10233.2
32,16,64,32,211.85
32,16,64,128,361.748
32,16,64,512,831.212
32,16,64,2048,2670.8
32,16,64,8192,10262.1
32,32,0,0,15.029
32,32,1,32,15.0507
32,32,1,128,19.8193
32,32,1,512,37.717
32,32,1,2048,110.283
32,32,1,8192,400.69
32,32,2,16,23.0827
32,32,2,64,23.307
32,32,2,256,35.3703
32,32,2,1024,71.4453
32,32,2,4096,214.818
32,32,2,16384,789.598
32,32,4,32,23.2753
32,32,4,128,33.8767
32,32,4,512,69.9623
32,32,4,2048,215.395
32,32,4,8192,796.63
32,32,8,16,38.9123
32,32,8,64,39.807
32,32,8,256,84.629
32,32,8,1024,228.15
32,32,8,4096,803.975
32,32,8,16384,3100.28
32,32,16,32,62.7093
32,32,16,128,101.952
32,32,16,512,227.509
32,32,16,2048,732.735
32,32,16,8192,2746.54
32,32,32,16,109.087
32,32,32,64,112.597
32,32,32,256,263.656
32,32,32,1024,736.779
32,32,32,4096,2612.48
32,32,32,16384,10240.5
32,32,64,32,211.914
32,32,64,128,361.418
32,32,64,512,833.097
32,32,64,2048,2673.47
32,32,64,8192,10255.7
32,64,0,0,15.189
32,64,1,32,15.2213
32,64,1,128,19.744
32,64,1,512,37.7063
32,64,1,2048,110.55
32,64,1,8192,400.886
32,64,2,16,23.189
32,64,2,64,23.488
32,64,2,256,35.5847
32,64,2,1024,71.6587
32,64,2,4096,214.954
32,64,2,16384,790.604
32,64,4,32,23.4453
32,64,4,128,33.9417
32,64,4,512,69.973
32,64,4,2048,215.316
32,64,4,8192,795.87
32,64,8,16,39.126
32,64,8,64,40.0107
32,64,8,256,84.5217
32,64,8,1024,228.106
32,64,8,4096,803.351
32,64,8,16384,3101.7
32,64,16,32,63.0933
32,64,16,128,101.984
32,64,16,512,227.924
32,64,16,2048,732.529
32,64,16,8192,2748.05
32,64,32,16,108.97
32,64,32,64,113.044
32,64,32,256,263.914
32,64,32,1024,736.35
32,64,32,4096,2612.73
32,64,32,16384,10231.8
32,64,64,32,212.171
32,64,64,128,361.599
32,64,64,512,828.37
32,64,64,2048,2676.4
32,64,64,8192,10251.7
32,128,0,0,21.056
32,128,1,32,20.054
32,128,1,128,20.8427
32,128,1,512,37.749
32,128,1,2048,110.645
32,128,1,8192,400.403
32,128,2,16,29.2797
32,128,2,64,29.504
32,128,2,256,41.525
32,128,2,1024,77.387
32,128,2,4096,221.14
32,128,2,16384,798.135
32,128,4,32,33.4927
32,128,4,128,35.2423
32,128,4,512,70.0373
32,128,4,2048,215.583
32,128,4,8192,795.253
32,128,8,16,44.8537
32,128,8,64,45.9097
32,128,8,256,84.5963
32,128,8,1024,227.626
32,128,8,4096,804.114
32,128,8,16384,3101.47
32,128,16,32,68.8533
32,128,16,128,103.999
32,128,16,512,227.338
32,128,16,2048,733.051
32,128,16,8192,2748.53
32,128,32,16,120.437
32,128,32,64,123.659
32,128,32,256,264.265
32,128,32,1024,736.052
32,128,32,4096,2616.49
32,128,32,16384,10220
32,128,64,32,218.376
32,128,64,128,364.968
32,128,64,512,837.344
32,128,64,2048,2697.15
32,128,64,8192,10268.9
32,256,0,0,27.008
32,256,1,32,25.9733
32,256,1,128,25.93
32,256,1,512,37.7917
32,256,1,2048,110.496
32,256,1,8192,399.924
32,256,2,16,35.253
32,256,2,64,35.4877
32,256,2,256,47.1033
32,256,2,1024,83.8183
32,256,2,4096,226.932
32,256,2,16384,803.732
32,256,4,32,43.04
32,256,4,128,45.4933
32,256,4,512,70.048
32,256,4,2048,215.308
32,256,4,8192,795.778
32,256,8,16,53.3663
32,256,8,64,53.8247
32,256,8,256,87.1147
32,256,8,1024,226.954
32,256,8,4096,804.116
32,256,8,16384,3101.07
32,256,16,32,78.4747
32,256,16,128,110.154
32,256,16,512,227.466
32,256,16,2048,733.096
32,256,16,8192,2750.2
32,256,32,16,127.851
32,256,32,64,131.105
32,256,32,256,266.495
32,256,32,1024,735.345
32,256,32,4096,2621.89
32,256,32,16384,10303
32,256,64,32,226.847
32,256,64,128,371.082
32,256,64,512,837.843
32,256,64,2048,2726.95
32,256,64,8192,10274
32,512,0,0,38.8263
32,512,1,32,37.7377
32,512,1,128,37.8557
32,512,1,512,38.794
32,512,1,2048,110.635
32,512,1,8192,399.964
32,512,2,16,47.146
32,512,2,64,47.3067
32,512,2,256,59.0927
32,512,2,1024,96.117
32,512,2,4096,238.987
32,512,2,16384,814.941
32,512,4,32,54.7413
32,512,4,128,66.0803
32,512,4,512,71.8507
32,512,4,2048,215.251
32,512,4,8192,795.589
32,512,8,16,69.7063
32,512,8,64,70.6013
32,512,8,256,98.8477
32,512,8,1024,227.37
32,512,8,4096,804.489
32,512,8,16384,3185.02
32,512,16,32,93.8987
32,512,16,128,126.101
32,512,16,512,229.609
32,512,16,2048,732.073
32,512,16,8192,2750.54
32,512,32,16,140.16
32,512,32,64,143.476
32,512,32,256,289.941
32,512,32,1024,735.262
32,512,32,4096,2626.52
32,512,32,16384,10368.4
32,512,64,32,243.647
32,512,64,128,386.569
32,512,64,512,841.439
32,512,64,2048,2761.68
32,512,64,8192,10317.9
32,1024,0,0,63.0507
32,1024,1,32,61.7273
32,1024,1,128,61.8773
32,1024,1,512,61.9203
32,1024,1,2048,110.687
32,1024,1,8192,400.245
32,1024,2,16,71.2527
32,1024,2,64,71.2423
32,1024,2,256,82.9643
32,1024,2,1024,119.008
32,1024,2,4096,266.069
32,1024,2,16384,844.98
32,1024,4,32,78.4327
32,1024,4,128,89.9833
32,1024,4,512,117.397
32,1024,4,2048,214.42
32,1024,4,8192,796.416
32,1024,8,16,93.611
32,1024,8,64,94.5067
32,1024,8,256,137.246
32,1024,8,1024,230.955
32,1024,8,4096,803.929
32,1024,8,16384,3104.44
32,1024,16,32,124.373
32,1024,16,128,158.837
32,1024,16,512,254.005
32,1024,16,2048,733.981
32,1024,16,8192,2751.74
32,1024,32,16,171.476
32,1024,32,64,175.05
32,1024,32,256,319.2
32,1024,32,1024,738.046
32,1024,32,4096,2625.87
32,1024,32,16384,10383.6
32,1024,64,32,273.994
32,1024,64,128,419.71
32,1024,64,512,866.931
32,1024,64,2048,2763.69
32,1024,64,8192,10366.9
32,2048,0,0,111.648
32,2048,1,32,109.856
32,2048,1,128,109.953
32,2048,1,512,109.929
32,2048,1,2048,111.051
32,2048,1,8192,400.737
32,2048,2,16,118.24
32,2048,2,64,118.646
32,2048,2,256,130.25
32,2048,2,1024,166.795
32,2048,2,4096,315.243
32,2048,2,16384,894.907
32,2048,4,32,125.782
32,2048,4,128,137.461
32,2048,4,512,172.672
32,2048,4,2048,217.194
32,2048,4,8192,795.904
32,2048,8,16,140.874
32,2048,8,64,141.706
32,2048,8,256,188.339
32,2048,8,1024,278.28
32,2048,8,4096,803.442
32,2048,8,16384,3103.88
32,2048,16,32,171.787
32,2048,16,128,217.642
32,2048,16,512,330.74
32,2048,16,2048,734.996
32,2048,16,8192,2751.44
32,2048,32,16,226.548
32,2048,32,64,230.559
32,2048,32,256,385.652
32,2048,32,1024,836.333
32,2048,32,4096,2625.38
32,2048,32,16384,10376.9
32,2048,64,32,330.188
32,2048,64,128,481.984
32,2048,64,512,944.203
32,2048,64,2048,2757.19
32,2048,64,8192,10556.8
32,4096,0,0,208.267
32,4096,1,32,205.921
32,4096,1,128,206.113
32,4096,1,512,206.018
32,4096,1,2048,206.073
32,4096,1,8192,400.385
32,4096,2,16,213.503
32,4096,2,64,214.007
32,4096,2,256,226.028
32,4096,2,1024,262.016
32,4096,2,4096,410.158
32,4096,2,16384,992.338
32,4096,4,32,220.949
32,4096,4,128,233.513
32,4096,4,512,267.35
32,4096,4,2048,401.269
32,4096,4,8192,796.364
32,4096,8,16,235.86
32,4096,8,64,236.414
32,4096,8,256,282.848
32,4096,8,1024,426.271
32,4096,8,4096,806.652
32,4096,8,16384,3104.18
32,4096,16,32,266.391
32,4096,16,128,312.382
32,4096,16,512,432.17
32,4096,16,2048,829.95
32,4096,16,8192,2750.8
32,4096,32,16,321.897
32,4096,32,64,326.101
32,4096,32,256,500.702
32,4096,32,1024,933.043
32,4096,32,4096,2619.05
32,4096,32,16384,10361.8
32,4096,64,32,446.794
32,4096,64,128,602.815
32,4096,64,512,1071.03
32,4096,64,2048,2866.71
32,4096,64,8192,10522.7
32,8192,0,0,400.884
32,8192,1,32,398.686
32,8192,1,128,399.039
32,8192,1,512,398.43
32,8192,1,2048,398.025
32,8192,1,8192,401.501
32,8192,2,16,404.764
32,8192,2,64,404.16
32,8192,2,256,416.853
32,8192,2,1024,452.943
32,8192,2,4096,603.273
32,8192,2,16384,1184.27
32,8192,4,32,410.577
32,8192,4,128,421.845
32,8192,4,512,458.869
32,8192,4,2048,601.942
32,8192,4,8192,797.845
32,8192,8,16,424.918
32,8192,8,64,425.572
32,8192,8,256,472.531
32,8192,8,1024,616.982
32,8192,8,4096,998.218
32,8192,8,16384,3105.64
32,8192,16,32,454.975
32,8192,16,128,501.533
32,8192,16,512,644.287
32,8192,16,2048,1118.96
32,8192,16,8192,2752.86
32,8192,32,16,511.487
32,8192,32,64,515.444
32,8192,32,256,692.298
32,8192,32,1024,1180.47
32,8192,32,4096,2999.17
32,8192,32,16384,10338.7
32,8192,64,32,637.524
32,8192,64,128,822.968
32,8192,64,512,1306.57
32,8192,64,2048,3156.24
32,8192,64,8192,10590.3
32,16384,0,0,785.427
32,16384,1,32,782.003
32,16384,1,128,784.716
32,16384,1,512,783.607
32,16384,1,2048,783.493
32,16384,1,8192,785.269
32,16384,2,16,789.171
32,16384,2,64,787.883
32,16384,2,256,798.507
32,16384,2,1024,833.382
32,16384,2,4096,988.821
32,16384,2,16384,1568.37
32,16384,4,32,792.073
32,16384,4,128,801.025
32,16384,4,512,837.28
32,16384,4,2048,985.974
32,16384,4,8192,1558.79
32,16384,8,16,804.732
32,16384,8,64,805.513
32,16384,8,256,852.586
32,16384,8,1024,995.989
32,16384,8,4096,1570.2
32,16384,8,16384,3106.03
32,16384,16,32,831.348
32,16384,16,128,879.893
32,16384,16,512,1022.29
32,16384,16,2048,1605.17
32,16384,16,8192,3133.37
32,16384,32,16,889.725
32,16384,32,64,893.48
32,16384,32,256,1070.23
32,16384,32,1024,1619.7
32,16384,32,4096,3382.85
32,16384,32,16384,10227.6
32,16384,64,32,1014.93
32,16384,64,128,1202.21
32,16384,64,512,1777.64
32,16384,64,2048,3664.27
32,16384,64,8192,11036.8
64,0,0,0,15.4457
64,0,1,32,15.5313
64,0,1,128,19.9683
64,0,1,512,37.781
64,0,1,2048,110.71
64,0,1,8192,401.225
64,0,2,16,23.541
64,0,2,64,23.8187
64,0,2,256,35.6583
64,0,2,1024,71.6053
64,0,2,4096,215.05
64,0,2,16384,787.616
64,0,4,32,23.9143
64,0,4,128,34.2293
64,0,4,512,70.3043
64,0,4,2048,215.979
64,0,4,8192,796.541
64,0,8,16,39.5197
64,0,8,64,40.5543
64,0,8,256,84.523
64,0,8,1024,228.136
64,0,8,4096,803.811
64,0,8,16384,3100.87
64,0,16,32,63.412
64,0,16,128,102.057
64,0,16,512,227.872
64,0,16,2048,732.588
64,0,16,8192,2746.98
64,0,32,16,109.75
64,0,32,64,113.664
64,0,32,256,264.597
64,0,32,1024,736.948
64,0,32,4096,2614.38
64,0,32,16384,10201
64,0,64,32,213.002
64,0,64,128,361.706
64,0,64,512,833.887
64,0,64,2048,2680.27
64,0,64,8192,10262
64,16,0,0,15.4983
64,16,1,32,15.5197
64,16,1,128,19.8503
64,16,1,512,37.7063
64,16,1,2048,110.357
64,16,1,8192,400.427
64,16,2,16,23.776
64,16,2,64,23.8833
64,16,2,256,36.1283
64,16,2,1024,71.744
64,16,2,4096,215.222
64,16,2,16384,789.233
64,16,4,32,24.0213
64,16,4,128,34.1227
64,16,4,512,70.1967
64,16,4,2048,215.808
64,16,4,8192,796.03
64,16,8,16,39.6257
64,16,8,64,40.555
64,16,8,256,84.682
64,16,8,1024,227.699
64,16,8,4096,803.433
64,16,8,16384,3101.12
64,16,16,32,63.435
64,16,16,128,102.101
64,16,16,512,227.871
64,16,16,2048,733.194
64,16,16,8192,2747.1
64,16,32,16,109.867
64,16,32,64,113.929
64,16,32,256,264.137
64,16,32,1024,737.664
64,16,32,4096,2616.05
64,16,32,16384,10201.5
64,16,64,32,213.205
64,16,64,128,361.909
64,16,64,512,835.241
64,16,64,2048,2682.09
64,16,64,8192,10257.3
64,32,0,0,15.5303
64,32,1,32,15.6057
64,32,1,128,19.8723
64,32,1,512,37.7387
64,32,1,2048,110.655
64,32,1,8192,400.587
64,32,2,16,23.776
64,32,2,64,23.9153
64,32,2,256,36.0743
64,32,2,1024,71.936
64,32,2,4096,215.392
64,32,2,16384,790.547
64,32,4,32,24.1387
64,32,4,128,34.219
64,32,4,512,70.2613
64,32,4,2048,215.425
64,32,4,8192,796.466
64,32,8,16,39.744
64,32,8,64,40.5867
64,32,8,256,84.565
64,32,8,1024,227.754
64,32,8,4096,803.459
64,32,8,16384,3100.95
64,32,16,32,63.4777
64,32,16,128,102.101
64,32,16,512,227.65
64,32,16,2048,733.016
64,32,16,8192,2749.2
64,32,32,16,110.24
64,32,32,64,114.144
64,32,32,256,264.343
64,32,32,1024,736.586
64,32,32,4096,2615.12
64,32,32,16384,10231.4
64,32,64,32,213.023
64,32,64,128,362.068
64,32,64,512,833.575
64,32,64,2048,2680.43
64,32,64,8192,10260.7
64,64,0,0,15.637
64,64,1,32,15.616
64,64,1,128,19.8507
64,64,1,512,37.7173
64,64,1,2048,110.582
64,64,1,8192,400.266
64,64,2,16,23.914
64,64,2,64,24
64,64,2,256,35.871
64,64,2,1024,71.775
64,64,2,4096,215.096
64,64,2,16384,790.547
64,64,4,32,24.054
64,64,4,128,34.0697
64,64,4,512,70.24
64,64,4,2048,215.615
64,64,4,8192,796.254
64,64,8,16,39.8617
64,64,8,64,40.6937
64,64,8,256,84.767
64,64,8,1024,228.306
64,64,8,4096,804.103
64,64,8,16384,3101.55
64,64,16,32,63.8077
64,64,16,128,102.102
64,64,16,512,227.957
64,64,16,2048,732.564
64,64,16,8192,2746.84
64,64,32,16,110.4
64,64,32,64,114.261
64,64,32,256,264.586
64,64,32,1024,737.166
64,64,32,4096,2615.85
64,64,32,16384,10194.7
64,64,64,32,213.408
64,64,64,128,362.228
64,64,64,512,836.02
64,64,64,2048,2681.1
64,64,64,8192,10255.1
64,128,0,0,21.5463
64,128,1,32,20.5223
64,128,1,128,21.131
64,128,1,512,37.8017
64,128,1,2048,110.6
64,128,1,8192,400.666
64,128,2,16,29.8987
64,128,2,64,30.0693
64,128,2,256,42.6877
64,128,2,1024,78.5063
64,128,2,4096,221.085
64,128,2,16384,795.501
64,128,4,32,34.4427
64,128,4,128,36.074
64,128,4,512,70.2927
64,128,4,2048,215.054
64,128,4,8192,796.519
64,128,8,16,45.621
64,128,8,64,46.6987
64,128,8,256,84.6183
64,128,8,1024,227.434
64,128,8,4096,804.061
64,128,8,16384,3099.79
64,128,16,32,69.5997
64,128,16,128,104.405
64,128,16,512,227.562
64,128,16,2048,733.684
64,128,16,8192,2749.9
64,128,32,16,121.941
64,128,32,64,125.205
64,128,32,256,264.563
64,128,32,1024,737.605
64,128,32,4096,2618.84
64,128,32,16384,10222.8
64,128,64,32,219.445
64,128,64,128,365.919
64,128,64,512,836.701
64,128,64,2048,2711.7
64,128,64,8192,10270.7
64,256,0,0,27.3387
64,256,1,32,26.3467
64,256,1,128,26.581
64,256,1,512,37.7907
64,256,1,2048,110.549
64,256,1,8192,400.843
64,256,2,16,35.84
64,256,2,64,36.1167
64,256,2,256,47.4773
64,256,2,1024,84.416
64,256,2,4096,226.982
64,256,2,16384,802.641
64,256,4,32,43.5947
64,256,4,128,46.56
64,256,4,512,70.1233
64,256,4,2048,215.413
64,256,4,8192,796.013
64,256,8,16,54.165
64,256,8,64,54.4743
64,256,8,256,87.4663
64,256,8,1024,226.846
64,256,8,4096,803.546
64,256,8,16384,3103.32
64,256,16,32,79.605
64,256,16,128,111.147
64,256,16,512,227.392
64,256,16,2048,733.194
64,256,16,8192,2749.57
64,256,32,16,128.746
64,256,32,64,132.267
64,256,32,256,267.317
64,256,32,1024,736.884
64,256,32,4096,2621.98
64,256,32,16384,10233.9
64,256,64,32,228.586
64,256,64,128,372.415
64,256,64,512,838.771
64,256,64,2048,2738.5
64,256,64,8192,10278.4
64,512,0,0,39.3927
64,512,1,32,38.1543
64,512,1,128,38.4323
64,512,1,512,38.9763
64,512,1,2048,110.175
64,512,1,8192,398.413
64,512,2,16,47.658
64,512,2,64,47.733
64,512,2,256,59.1993
64,512,2,1024,96.3303
64,512,2,4096,239.275
64,512,2,16384,812.424
64,512,4,32,55.4343
64,512,4,128,66.3573
64,512,4,512,72.171
64,512,4,2048,215.274
64,512,4,8192,796.168
64,512,8,16,70.5807
64,512,8,64,71.125
64,512,8,256,99.5627
64,512,8,1024,227.519
64,512,8,4096,804.339
64,512,8,16384,3102.22
64,512,16,32,94.944
64,512,16,128,127.029
64,512,16,512,229.717
64,512,16,2048,732.68
64,512,16,8192,2751.13
64,512,32,16,141.397
64,512,32,64,145.131
64,512,32,256,291.648
64,512,32,1024,735.271
64,512,32,4096,2623.68
64,512,32,16384,10380
64,512,64,32,244.49
64,512,64,128,388.158
64,512,64,512,842.387
64,512,64,2048,2762.87
64,512,64,8192,10326.7
64,1024,0,0,63.638
64,1024,1,32,62.2293
64,1024,1,128,62.421
64,1024,1,512,62.879
64,1024,1,2048,110.592
64,1024,1,8192,400.5
64,1024,2,16,71.7653
64,1024,2,64,72.0207
64,1024,2,256,82.933
64,1024,2,1024,119.893
64,1024,2,4096,266.56
64,1024,2,16384,845.643
64,1024,4,32,79.264
64,1024,4,128,90.0483
64,1024,4,512,118.197
64,1024,4,2048,214.484
64,1024,4,8192,795.669
64,1024,8,16,94.08
64,1024,8,64,95.3283
64,1024,8,256,137.908
64,1024,8,1024,230.986
64,1024,8,4096,804.522
64,1024,8,16384,3104.53
64,1024,16,32,125.163
64,1024,16,128,159.507
64,1024,16,512,254.389
64,1024,16,2048,732.703
64,1024,16,8192,2750.8
64,1024,32,16,172.396
64,1024,32,64,176.362
64,1024,32,256,320.351
64,1024,32,1024,738.643
64,1024,32,4096,2625.72
64,1024,32,16384,10381.3
64,1024,64,32,275.964
64,1024,64,128,421.968
64,1024,64,512,867.622
64,1024,64,2048,2768.84
64,1024,64,8192,10357.1
64,2048,0,0,112.116
64,2048,1,32,110.442
64,2048,1,128,110.625
64,2048,1,512,111.146
64,2048,1,2048,111.904
64,2048,1,8192,400.98
64,2048,2,16,118.912
64,2048,2,64,119.701
64,2048,2,256,130.336
64,2048,2,1024,167.115
64,2048,2,4096,315.732
64,2048,2,16384,894.911
64,2048,4,32,126.389
64,2048,4,128,137.578
64,2048,4,512,172.971
64,2048,4,2048,217.695
64,2048,4,8192,795.783
64,2048,8,16,141.418
64,2048,8,64,142.549
64,2048,8,256,189.228
64,2048,8,1024,279.147
64,2048,8,4096,803.898
64,2048,8,16384,3103.34
64,2048,16,32,172.523
64,2048,16,128,218.379
64,2048,16,512,331.677
64,2048,16,2048,734.408
64,2048,16,8192,2749.71
64,2048,32,16,227.893
64,2048,32,64,231.764
64,2048,32,256,386.347
64,2048,32,1024,837.111
64,2048,32,4096,2626.76
64,2048,32,16384,10387.9
64,2048,64,32,332.735
64,2048,64,128,482.889
64,2048,64,512,945.394
64,2048,64,2048,2761.9
64,2048,64,8192,10451.8
64,4096,0,0,209.842
64,4096,1,32,206.848
64,4096,1,128,206.945
64,4096,1,512,207.191
64,4096,1,2048,207.873
64,4096,1,8192,400.908
64,4096,2,16,214.275
64,4096,2,64,214.778
64,4096,2,256,225.943
64,4096,2,1024,262.487
64,4096,2,4096,411.086
64,4096,2,16384,993.506
64,4096,4,32,222.006
64,4096,4,128,233.269
64,4096,4,512,268.043
64,4096,4,2048,402.696
64,4096,4,8192,796.643
64,4096,8,16,236.621
64,4096,8,64,237.11
64,4096,8,256,283.882
64,4096,8,1024,426.636
64,4096,8,4096,807.892
64,4096,8,16384,3104.35
64,4096,16,32,266.987
64,4096,16,128,313.472
64,4096,16,512,431.807
64,4096,16,2048,831.51
64,4096,16,8192,2752.15
64,4096,32,16,322.923
64,4096,32,64,327.35
64,4096,32,256,501.663
64,4096,32,1024,934.55
64,4096,32,4096,2618.07
64,4096,32,16384,10386.7
64,4096,64,32,447.83
64,4096,64,128,604.417
64,4096,64,512,1072.08
64,4096,64,2048,2866.6
64,4096,64,8192,10541.4
64,8192,0,0,401.406
64,8192,1,32,398.258
64,8192,1,128,400.157
64,8192,1,512,399.536
64,8192,1,2048,399.615
64,8192,1,8192,401.897
64,8192,2,16,405.599
64,8192,2,64,406.123
64,8192,2,256,416.511
64,8192,2,1024,452.447
64,8192,2,4096,604.237
64,8192,2,16384,1186.88
64,8192,4,32,411.505
64,8192,4,128,424.852
64,8192,4,512,458.1
64,8192,4,2048,603.425
64,8192,4,8192,798.233
64,8192,8,16,425.834
64,8192,8,64,426.976
64,8192,8,256,474.1
64,8192,8,1024,616.158
64,8192,8,4096,999.902
64,8192,8,16384,3106.65
64,8192,16,32,455.786
64,8192,16,128,502.233
64,8192,16,512,645.252
64,8192,16,2048,1117.16
64,8192,16,8192,2752.87
64,8192,32,16,512.063
64,8192,32,64,515.445
64,8192,32,256,692.777
64,8192,32,1024,1179.16
64,8192,32,4096,2998.38
64,8192,32,16384,10380.2
64,8192,64,32,638.571
64,8192,64,128,823.976
64,8192,64,512,1305.79
64,8192,64,2048,3159.53
64,8192,64,8192,10596.1
64,16384,0,0,787.869
64,16384,1,32,781.162
64,16384,1,128,781.642
64,16384,1,512,781.99
64,16384,1,2048,787.207
64,16384,1,8192,787.917
64,16384,2,16,791.273
64,16384,2,64,787.814
64,16384,2,256,799.074
64,16384,2,1024,835.964
64,16384,2,4096,990.288
64,16384,2,16384,1567.73
64,16384,4,32,793.075
64,16384,4,128,803.241
64,16384,4,512,838.197
64,16384,4,2048,987.719
64,16384,4,8192,1558.84
64,16384,8,16,805.48
64,16384,8,64,805.229
64,16384,8,256,850.282
64,16384,8,1024,997.387
64,16384,8,4096,1567.82
64,16384,8,16384,3111.25
64,16384,16,32,834.111
64,16384,16,128,879.423
64,16384,16,512,1023.62
64,16384,16,2048,1603.71
64,16384,16,8192,3132.15
64,16384,32,16,890.578
64,16384,32,64,895.412
64,16384,32,256,1071.45
64,16384,32,1024,1620.36
64,16384,32,4096,3380.74
64,16384,32,16384,10277.3
64,16384,64,32,1016.44
64,16384,64,128,1202.9
64,16384,64,512,1774.01
64,16384,64,2048,3663.67
64,16384,64,8192,11005
128,0,0,0,16.735
128,0,1,32,24.725
128,0,1,128,30.3893
128,0,1,512,48.192
128,0,1,2048,120.022
128,0,1,8192,406.239
128,0,2,16,25.0987
128,0,2,64,25.2263
128,0,2,256,44.9813
128,0,2,1024,80.8527
128,0,2,4096,223.807
128,0,2,16384,795.414
128,0,4,32,33.2273
128,0,4,128,44.0313
128,0,4,512,80.1367
128,0,4,2048,223.001
128,0,4,8192,797.664
128,0,8,16,43.7973
128,0,8,64,43.979
128,0,8,256,86.8157
128,0,8,1024,229.784
128,0,8,4096,805.455
128,0,8,16384,3103.86
128,0,16,32,71.796
128,0,16,128,107.669
128,0,16,512,230.75
128,0,16,2048,737.398
128,0,16,8192,2754.6
128,0,32,16,122.347
128,0,32,64,125.898
128,0,32,256,275.732
128,0,32,1024,744.747
128,0,32,4096,2625.35
128,0,32,16384,10227.8
128,0,64,32,228.244
128,0,64,128,376.18
128,0,64,512,851.144
128,0,64,2048,2710.59
128,0,64,8192,10275.4
128,16,0,0,21.4187
128,16,1,32,30.3573
128,16,1,128,30.9547
128,16,1,512,48.5223
128,16,1,2048,120.416
128,16,1,8192,406.603
128,16,2,16,31.1033
128,16,2,64,31.2107
128,16,2,256,45.4607
128,16,2,1024,81.462
128,16,2,4096,224.522
128,16,2,16384,798.238
128,16,4,32,38.6763
128,16,4,128,48.0413
128,16,4,512,80.82
128,16,4,2048,223.978
128,16,4,8192,798.81
128,16,8,16,53.0663
128,16,8,64,53.7703
128,16,8,256,87.1467
128,16,8,1024,229.375
128,16,8,4096,806.386
128,16,8,16384,3103.02
128,16,16,32,78.709
128,16,16,128,110.304
128,16,16,512,231.04
128,16,16,2048,737.266
128,16,16,8192,2756.1
128,16,32,16,129.312
128,16,32,64,132.48
128,16,32,256,278.272
128,16,32,1024,745.492
128,16,32,4096,2628.13
128,16,32,16384,10290.2
128,16,64,32,235.731
128,16,64,128,378.675
128,16,64,512,852.251
128,16,64,2048,2729.18
128,16,64,8192,10266.3
128,32,0,0,21.4613
128,32,1,32,30.7197
128,32,1,128,30.965
128,32,1,512,48.4267
128,32,1,2048,119.839
128,32,1,8192,404.395
128,32,2,16,30.9973
128,32,2,64,31.1257
128,32,2,256,45.3633
128,32,2,1024,81.6213
128,32,2,4096,224.895
128,32,2,16384,801.175
128,32,4,32,38.911
128,32,4,128,48.117
128,32,4,512,80.939
128,32,4,2048,223.893
128,32,4,8192,800.363
128,32,8,16,53.2797
128,32,8,64,54.0057
128,32,8,256,87.167
128,32,8,1024,229.439
128,32,8,4096,806.282
128,32,8,16384,3101.8
128,32,16,32,78.7527
128,32,16,128,110.892
128,32,16,512,231.41
128,32,16,2048,737.611
128,32,16,8192,2753.03
128,32,32,16,129.567
128,32,32,64,132.576
128,32,32,256,278.272
128,32,32,1024,745.386
128,32,32,4096,2629.4
128,32,32,16384,10231.1
128,32,64,32,235.776
128,32,64,128,379.017
128,32,64,512,852.126
128,32,64,2048,2732.47
128,32,64,8192,10290.6
128,64,0,0,21.6427
128,64,1,32,30.7097
128,64,1,128,31.1573
128,64,1,512,48.2773
128,64,1,2048,119.829
128,64,1,8192,404.978
128,64,2,16,31.231
128,64,2,64,31.3387
128,64,2,256,45.483
128,64,2,1024,81.5677
128,64,2,4096,224.495
128,64,2,16384,799.635
128,64,4,32,39.0403
128,64,4,128,48.341
128,64,4,512,80.7037
128,64,4,2048,223.327
128,64,4,8192,798.565
128,64,8,16,53.2153
128,64,8,64,54.1437
128,64,8,256,87.3273
128,64,8,1024,229.001
128,64,8,4096,807.669
128,64,8,16384,3105.46
128,64,16,32,79.0907
128,64,16,128,111.019
128,64,16,512,231.113
128,64,16,2048,737.772
128,64,16,8192,2755.33
128,64,32,16,130.037
128,64,32,64,132.746
128,64,32,256,278.56
128,64,32,1024,744.551
128,64,32,4096,2626.6
128,64,32,16384,10228.3
128,64,64,32,236.17
128,64,64,128,379.603
128,64,64,512,852.413
128,64,64,2048,2729.13
128,64,64,8192,10298.9
128,128,0,0,22.7523
128,128,1,32,31.2003
128,128,1,128,36.3293
128,128,1,512,54.378
128,128,1,2048,126.303
128,128,1,8192,412.894
128,128,2,16,35.584
128,128,2,64,35.5837
128,128,2,256,45.6853
128,128,2,1024,93.2817
128,128,2,4096,236.864
128,128,2,16384,810.796
128,128,4,32,39.8937
128,128,4,128,50.5383
128,128,4,512,86.2293
128,128,4,2048,229.429
128,128,4,8192,803.635
128,128,8,16,54.4
128,128,8,64,55.392
128,128,8,256,87.5513
128,128,8,1024,229.45
128,128,8,4096,806.004
128,128,8,16384,3106.67
128,128,16,32,80.3087
128,128,16,128,118.645
128,128,16,512,231.531
128,128,16,2048,737.983
128,128,16,8192,2756.08
128,128,32,16,132.671
128,128,32,64,135.723
128,128,32,256,282.804
128,128,32,1024,747.476
128,128,32,4096,2633.01
128,128,32,16384,10287
128,128,64,32,238.646
128,128,64,128,382.228
128,128,64,512,852.809
128,128,64,2048,2746.25
128,128,64,8192,10303.8
128,256,0,0,28.597
128,256,1,32,37.258
128,256,1,128,42.6233
128,256,1,512,60.7893
128,256,1,2048,132.265
128,256,1,8192,420.092
128,256,2,16,44.704
128,256,2,64,44.9287
128,256,2,256,48.8527
128,256,2,1024,104.833
128,256,2,4096,249.119
128,256,2,16384,821.942
128,256,4,32,48.4367
128,256,4,128,56.9923
128,256,4,512,92.597
128,256,4,2048,235.52
128,256,4,8192,809.441
128,256,8,16,63.8613
128,256,8,64,64.4473
128,256,8,256,90.954
128,256,8,1024,229.813
128,256,8,4096,806.156
128,256,8,16384,3107.24
128,256,16,32,90.5487
128,256,16,128,126.166
128,256,16,512,234.077
128,256,16,2048,736.905
128,256,16,8192,2760.91
128,256,32,16,142.485
128,256,32,64,145.717
128,256,32,256,290.559
128,256,32,1024,758.452
128,256,32,4096,2639.64
128,256,32,16384,10304.7
128,256,64,32,248.896
128,256,64,128,393.888
128,256,64,512,854.43
128,256,64,2048,2771.16
128,256,64,8192,10316.3
128,512,0,0,40.832
128,512,1,32,49.4297
128,512,1,128,54.3567
128,512,1,512,72.522
128,512,1,2048,144.674
128,512,1,8192,429.152
128,512,2,16,56.2883
128,512,2,64,56.704
128,512,2,256,71.5627
128,512,2,1024,117.461
128,512,2,4096,272.031
128,512,2,16384,845.953
128,512,4,32,66.2073
128,512,4,128,72.1167
128,512,4,512,104.672
128,512,4,2048,247.369
128,512,4,8192,822.186
128,512,8,16,81.3007
128,512,8,64,81.7913
128,512,8,256,119.05
128,512,8,1024,230.56
128,512,8,4096,807.153
128,512,8,16384,3108.72
128,512,16,32,108.171
128,512,16,128,143.402
128,512,16,512,262.676
128,512,16,2048,736.883
128,512,16,8192,2761.5
128,512,32,16,162.314
128,512,32,64,164.779
128,512,32,256,306.421
128,512,32,1024,773.861
128,512,32,4096,2655.63
128,512,32,16384,10434.4
128,512,64,32,268.787
128,512,64,128,413.928
128,512,64,512,859.318
128,512,64,2048,2783.51
128,512,64,8192,10375.1
128,1024,0,0,65.109
128,1024,1,32,73.4077
128,1024,1,128,78.2943
128,1024,1,512,97.056
128,1024,1,2048,168.586
128,1024,1,8192,454.346
128,1024,2,16,80.4047
128,1024,2,64,80.6943
128,1024,2,256,103.861
128,1024,2,1024,120.609
128,1024,2,4096,322.302
128,1024,2,16384,903.069
128,1024,4,32,89.7387
128,1024,4,128,106.346
128,1024,4,512,128.479
128,1024,4,2048,273.559
128,1024,4,8192,855.263
128,1024,8,16,114.143
128,1024,8,64,115.317
128,1024,8,256,158.677
128,1024,8,1024,234.805
128,1024,8,4096,805.615
128,1024,8,16384,3108.14
128,1024,16,32,144.885
128,1024,16,128,178.58
128,1024,16,512,287.423
128,1024,16,2048,740.336
128,1024,16,8192,2761.92
128,1024,32,16,199.658
128,1024,32,64,202.323
128,1024,32,256,345.952
128,1024,32,1024,798.633
128,1024,32,4096,2657.35
128,1024,32,16384,10435.2
128,1024,64,32,307.295
128,1024,64,128,453.417
128,1024,64,512,907.89
128,1024,64,2048,2787.47
128,1024,64,8192,10416.1
128,2048,0,0,113.599
128,2048,1,32,121.482
128,2048,1,128,126.453
128,2048,1,512,145.322
128,2048,1,2048,217.92
128,2048,1,8192,507.398
128,2048,2,16,127.905
128,2048,2,64,128.352
128,2048,2,256,151.445
128,2048,2,1024,214.389
128,2048,2,4096,406.521
128,2048,2,16384,997.809
128,2048,4,32,136.906
128,2048,4,128,153.942
128,2048,4,512,207.573
128,2048,4,2048,319.957
128,2048,4,8192,903.734
128,2048,8,16,161.728
128,2048,8,64,163.152
128,2048,8,256,215.146
128,2048,8,1024,332.447
128,2048,8,4096,808.96
128,2048,8,16384,3107.69
128,2048,16,32,211.039
128,2048,16,128,253.141
128,2048,16,512,367.925
128,2048,16,2048,835.496
128,2048,16,8192,2762.08
128,2048,32,16,270.411
128,2048,32,64,273.472
128,2048,32,256,419.737
128,2048,32,1024,846.943
128,2048,32,4096,2748.64
128,2048,32,16384,10461.3
128,2048,64,32,382.527
128,2048,64,128,531.507
128,2048,64,512,993.17
128,2048,64,2048,2779.91
128,2048,64,8192,10504.1
128,4096,0,0,210.07
128,4096,1,32,217.771
128,4096,1,128,221.93
128,4096,1,512,241.271
128,4096,1,2048,314.74
128,4096,1,8192,605.026
128,4096,2,16,223.189
128,4096,2,64,223.999
128,4096,2,256,246.964
128,4096,2,1024,317.631
128,4096,2,4096,412.115
128,4096,2,16384,1187.07
128,4096,4,32,232.884
128,4096,4,128,249.469
128,4096,4,512,303.208
128,4096,4,2048,416.231
128,4096,4,8192,998.993
128,4096,8,16,256.47
128,4096,8,64,258.088
128,4096,8,256,328.096
128,4096,8,1024,483.957
128,4096,8,4096,809.831
128,4096,8,16384,3107.52
128,4096,16,32,305.664
128,4096,16,128,375.913
128,4096,16,512,499.445
128,4096,16,2048,934.217
128,4096,16,8192,2766.37
128,4096,32,16,401.856
128,4096,32,64,405.931
128,4096,32,256,566.089
128,4096,32,1024,1032.01
128,4096,32,4096,2817.86
128,4096,32,16384,10466.8
128,4096,64,32,523.777
128,4096,64,128,680.606
128,4096,64,512,1151.45
128,4096,64,2048,2976.03
128,4096,64,8192,10595.2
128,8192,0,0,404.459
128,8192,1,32,410.792
128,8192,1,128,413.932
128,8192,1,512,432.31
128,8192,1,2048,506.889
128,8192,1,8192,796.211
128,8192,2,16,414.165
128,8192,2,64,414.248
128,8192,2,256,437.907
128,8192,2,1024,507.632
128,8192,2,4096,797.152
128,8192,2,16384,1565.86
128,8192,4,32,424.811
128,8192,4,128,441.15
128,8192,4,512,494.462
128,8192,4,2048,710.5
128,8192,4,8192,1186.63
128,8192,8,16,446.517
128,8192,8,64,447.967
128,8192,8,256,519.423
128,8192,8,1024,731.608
128,8192,8,4096,1196.41
128,8192,8,16384,3115.23
128,8192,16,32,496.869
128,8192,16,128,566.613
128,8192,16,512,779.457
128,8192,16,2048,1227.04
128,8192,16,8192,3124.11
128,8192,32,16,590.388
128,8192,32,64,596.671
128,8192,32,256,842.728
128,8192,32,1024,1303.04
128,8192,32,4096,3009.63
128,8192,32,16384,10736.5
128,8192,64,32,788.426
128,8192,64,128,966.303
128,8192,64,512,1449.91
128,8192,64,2048,3285.38
128,8192,64,8192,10644.5
128,16384,0,0,790.125
128,16384,1,32,794.364
128,16384,1,128,799.251
128,16384,1,512,819.43
128,16384,1,2048,892.948
128,16384,1,8192,1182.9
128,16384,2,16,798.227
128,16384,2,64,798.248
128,16384,2,256,821.779
128,16384,2,1024,893.521
128,16384,2,4096,1183.89
128,16384,2,16384,1569.56
128,16384,4,32,806.526
128,16384,4,128,826.1
128,16384,4,512,876.618
128,16384,4,2048,1094.68
128,16384,4,8192,1567.94
128,16384,8,16,830.28
128,16384,8,64,831.275
128,16384,8,256,901.48
128,16384,8,1024,1114.81
128,16384,8,4096,1764.69
128,16384,8,16384,3112.77
128,16384,16,32,874.124
128,16384,16,128,947.201
128,16384,16,512,1161.34
128,16384,16,2048,1821.23
128,16384,16,8192,3517.27
128,16384,32,16,969.916
128,16384,32,64,978.857
128,16384,32,256,1256.15
128,16384,32,1024,1907.95
128,16384,32,4096,3785.96
128,16384,32,16384,10973.9
128,16384,64,32,1170.41
128,16384,64,128,1461.23
128,16384,64,512,2015.27
128,16384,64,2048,3932.06
128,16384,64,8192,11403
256,0,0,0,38.549
256,0,1,32,39.6373
256,0,1,128,39.552
256,0,1,512,59.915
256,0,1,2048,130.487
256,0,1,8192,416.02
256,0,2,16,43.1253
256,0,2,64,43.6587
256,0,2,256,54.933
256,0,2,1024,104.458
256,0,2,4096,246.827
256,0,2,16384,821.077
256,0,4,32,51.4563
256,0,4,128,58.859
256,0,4,512,97.7713
256,0,4,2048,238.421
256,0,4,8192,809.916
256,0,8,16,66.741
256,0,8,64,67.6157
256,0,8,256,104.438
256,0,8,1024,235.594
256,0,8,4096,813.418
256,0,8,16384,3114.89
256,0,16,32,96.3277
256,0,16,128,129.909
256,0,16,512,249.865
256,0,16,2048,748.869
256,0,16,8192,2767.05
256,0,32,16,153.834
256,0,32,64,156.511
256,0,32,256,301.995
256,0,32,1024,771.562
256,0,32,4096,2657.42
256,0,32,16384,10254
256,0,64,32,272.095
256,0,64,128,416.938
256,0,64,512,885.527
256,0,64,2048,2791.59
256,0,64,8192,10342
256,16,0,0,44.352
256,16,1,32,48.0107
256,16,1,128,49.365
256,16,1,512,64.6287
256,16,1,2048,135.766
256,16,1,8192,421.708
256,16,2,16,52.7363
256,16,2,64,52.7147
256,16,2,256,60.117
256,16,2,1024,112.384
256,16,2,4096,255.093
256,16,2,16384,824.734
256,16,4,32,60.1597
256,16,4,128,68.4907
256,16,4,512,103.391
256,16,4,2048,242.751
256,16,4,8192,815.403
256,16,8,16,75.0037
256,16,8,64,76.1923
256,16,8,256,109.6
256,16,8,1024,237.813
256,16,8,4096,813.943
256,16,8,16384,3123.92
256,16,16,32,105.429
256,16,16,128,139.586
256,16,16,512,254.656
256,16,16,2048,748.959
256,16,16,8192,2772.87
256,16,32,16,163.327
256,16,32,64,165.781
256,16,32,256,307.135
256,16,32,1024,777.129
256,16,32,4096,2666.75
256,16,32,16384,10345.2
256,16,64,32,282.175
256,16,64,128,426.549
256,16,64,512,889.106
256,16,64,2048,2799.7
256,16,64,8192,10375
256,32,0,0,44.8107
256,32,1,32,48.3623
256,32,1,128,49.6103
256,32,1,512,65.066
256,32,1,2048,136.16
256,32,1,8192,421.451
256,32,2,16,52.544
256,32,2,64,52.992
256,32,2,256,60.0103
256,32,2,1024,111.914
256,32,2,4096,255.456
256,32,2,16384,829.755
256,32,4,32,60.1603
256,32,4,128,68.4057
256,32,4,512,103.51
256,32,4,2048,243.478
256,32,4,8192,814.773
256,32,8,16,75.552
256,32,8,64,76.5657
256,32,8,256,110.027
256,32,8,1024,237.664
256,32,8,4096,814.039
256,32,8,16384,3121.32
256,32,16,32,105.504
256,32,16,128,139.766
256,32,16,512,254.219
256,32,16,2048,749.24
256,32,16,8192,2771.16
256,32,32,16,163.306
256,32,32,64,166.143
256,32,32,256,307.508
256,32,32,1024,775.584
256,32,32,4096,2667.08
256,32,32,16384,10321.8
256,32,64,32,282.047
256,32,64,128,426.441
256,32,64,512,889.562
256,32,64,2048,2803.05
256,32,64,8192,10362.7
256,64,0,0,44.981
256,64,1,32,48.672
256,64,1,128,49.7817
256,64,1,512,64.949
256,64,1,2048,135.871
256,64,1,8192,421.641
256,64,2,16,53.013
256,64,2,64,53.0767
256,64,2,256,60.4903
256,64,2,1024,112.319
256,64,2,4096,255.578
256,64,2,16384,829.46
256,64,4,32,60.5113
256,64,4,128,68.7487
256,64,4,512,103.53
256,64,4,2048,243.018
256,64,4,8192,815.9
256,64,8,16,75.3607
256,64,8,64,76.3833
256,64,8,256,109.993
256,64,8,1024,237.811
256,64,8,4096,815.033
256,64,8,16384,3114.53
256,64,16,32,105.961
256,64,16,128,140.318
256,64,16,512,254.901
256,64,16,2048,748.852
256,64,16,8192,2773.12
256,64,32,16,163.38
256,64,32,64,166.484
256,64,32,256,307.979
256,64,32,1024,776.211
256,64,32,4096,2664.68
256,64,32,16384,10291.3
256,64,64,32,282.335
256,64,64,128,426.58
256,64,64,512,890.531
256,64,64,2048,2804.47
256,64,64,8192,10371.3
256,128,0,0,49.973
256,128,1,32,51.4343
256,128,1,128,51.5627
256,128,1,512,71.6907
256,128,1,2048,142.587
256,128,1,8192,429.611
256,128,2,16,55.6903
256,128,2,64,56.021
256,128,2,256,66.5817
256,128,2,1024,119.861
256,128,2,4096,264.66
256,128,2,16384,837.78
256,128,4,32,64.65
256,128,4,128,74.0373
256,128,4,512,105.802
256,128,4,2048,250.593
256,128,4,8192,822.378
256,128,8,16,80.0317
256,128,8,64,80.9147
256,128,8,256,113.439
256,128,8,1024,243.558
256,128,8,4096,813.81
256,128,8,16384,3117.22
256,128,16,32,110.24
256,128,16,128,145.503
256,128,16,512,259.485
256,128,16,2048,754.61
256,128,16,8192,2773.09
256,128,32,16,168.288
256,128,32,64,171.231
256,128,32,256,313.33
256,128,32,1024,782.095
256,128,32,4096,2677.39
256,128,32,16384,10379.6
256,128,64,32,286.91
256,128,64,128,431.998
256,128,64,512,893.842
256,128,64,2048,2811.56
256,128,64,8192,10388.7
256,256,0,0,61.803
256,256,1,32,63.029
256,256,1,128,62.9013
256,256,1,512,71.6797
256,256,1,2048,155.657
256,256,1,8192,442.803
256,256,2,16,66.7947
256,256,2,64,67.1147
256,256,2,256,78.8897
256,256,2,1024,120.628
256,256,2,4096,283.274
256,256,2,16384,855.804
256,256,4,32,76.5437
256,256,4,128,86.3133
256,256,4,512,114.314
256,256,4,2048,262.72
256,256,4,8192,834.394
256,256,8,16,92.9703
256,256,8,64,93.706
256,256,8,256,127.093
256,256,8,1024,254.729
256,256,8,4096,815.218
256,256,8,16384,3118.07
256,256,16,32,123.829
256,256,16,128,159.596
256,256,16,512,266.528
256,256,16,2048,760.556
256,256,16,8192,2782.49
256,256,32,16,182.485
256,256,32,64,185.311
256,256,32,256,328.116
256,256,32,1024,795.273
256,256,32,4096,2700.56
256,256,32,16384,10375.1
256,256,64,32,301.534
256,256,64,128,447.167
256,256,64,512,904.104
256,256,64,2048,2816.19
256,256,64,8192,10417.4
256,512,0,0,85.439
256,512,1,32,86.654
256,512,1,128,86.7737
256,512,1,512,86.9437
256,512,1,2048,179.092
256,512,1,8192,463.476
256,512,2,16,90.304
256,512,2,64,90.6343
256,512,2,256,104.63
256,512,2,1024,138.453
256,512,2,4096,317.119
256,512,2,16384,890.131
256,512,4,32,99.339
256,512,4,128,112.501
256,512,4,512,145.333
256,512,4,2048,287.956
256,512,4,8192,859.238
256,512,8,16,118.23
256,512,8,64,118.635
256,512,8,256,153.695
256,512,8,1024,271.392
256,512,8,4096,811.727
256,512,8,16384,3131.57
256,512,16,32,149.632
256,512,16,128,186.357
256,512,16,512,288.51
256,512,16,2048,780.851
256,512,16,8192,2798.09
256,512,32,16,209.941
256,512,32,64,212.693
256,512,32,256,356.222
256,512,32,1024,808.959
256,512,32,4096,2730.06
256,512,32,16384,10488.3
256,512,64,32,329.353
256,512,64,128,475.422
256,512,64,512,929.01
256,512,64,2048,2832.02
256,512,64,8192,10480
256,1024,0,0,132.458
256,1024,1,32,133.503
256,1024,1,128,133.258
256,1024,1,512,135.467
256,1024,1,2048,214.386
256,1024,1,8192,511.373
256,1024,2,16,137.108
256,1024,2,64,137.568
256,1024,2,256,149.514
256,1024,2,1024,185.267
256,1024,2,4096,387.611
256,1024,2,16384,964.924
256,1024,4,32,145.94
256,1024,4,128,157.952
256,1024,4,512,192.607
256,1024,4,2048,321.983
256,1024,4,8192,916.699
256,1024,8,16,163.879
256,1024,8,64,164.872
256,1024,8,256,209.416
256,1024,8,1024,304.287
256,1024,8,4096,815.804
256,1024,8,16384,3145.93
256,1024,16,32,200.096
256,1024,16,128,238.42
256,1024,16,512,352.555
256,1024,16,2048,808.989
256,1024,16,8192,2820.7
256,1024,32,16,262.675
256,1024,32,64,265.61
256,1024,32,256,412.777
256,1024,32,1024,869.564
256,1024,32,4096,2752.83
256,1024,32,16384,10521.1
256,1024,64,32,385.408
256,1024,64,128,532.521
256,1024,64,512,988.371
256,1024,64,2048,2862.8
256,1024,64,8192,10560.4
256,2048,0,0,225.856
256,2048,1,32,227.188
256,2048,1,128,227.357
256,2048,1,512,227.627
256,2048,1,2048,228.075
256,2048,1,8192,609.715
256,2048,2,16,231.977
256,2048,2,64,232.074
256,2048,2,256,243.606
256,2048,2,1024,281.096
256,2048,2,4096,422.575
256,2048,2,16384,1106.34
256,2048,4,32,239.806
256,2048,4,128,251.294
256,2048,4,512,287.775
256,2048,4,2048,431.25
256,2048,4,8192,1011.4
256,2048,8,16,256.799
256,2048,8,64,257.813
256,2048,8,256,306.303
256,2048,8,1024,402.293
256,2048,8,4096,923.397
256,2048,8,16384,3148.9
256,2048,16,32,292.832
256,2048,16,128,339.913
256,2048,16,512,456.574
256,2048,16,2048,859.85
256,2048,16,8192,2876.89
256,2048,32,16,365.013
256,2048,32,64,367.379
256,2048,32,256,520.969
256,2048,32,1024,971.595
256,2048,32,4096,2851.19
256,2048,32,16384,10561.6
256,2048,64,32,491.881
256,2048,64,128,644.819
256,2048,64,512,1103.28
256,2048,64,2048,2922.22
256,2048,64,8192,10660.1
256,4096,0,0,415.381
256,4096,1,32,415.605
256,4096,1,128,415.806
256,4096,1,512,415.924
256,4096,1,2048,420.053
256,4096,1,8192,783.129
256,4096,2,16,421.066
256,4096,2,64,420.713
256,4096,2,256,432.361
256,4096,2,1024,468.884
256,4096,2,4096,616.137
256,4096,2,16384,1392.3
256,4096,4,32,428.092
256,4096,4,128,439.44
256,4096,4,512,475.67
256,4096,4,2048,618.471
256,4096,4,8192,1193.41
256,4096,8,16,444.969
256,4096,8,64,446.118
256,4096,8,256,492.714
256,4096,8,1024,636.781
256,4096,8,4096,1019.04
256,4096,8,16384,3151.25
256,4096,16,32,478.879
256,4096,16,128,522.291
256,4096,16,512,670.854
256,4096,16,2048,1140.11
256,4096,16,8192,2982.09
256,4096,32,16,551.1
256,4096,32,64,555.028
256,4096,32,256,727.56
256,4096,32,1024,1193.69
256,4096,32,4096,3027.91
256,4096,32,16384,10672.2
256,4096,64,32,697.236
256,4096,64,128,857.374
256,4096,64,512,1331.16
256,4096,64,2048,3136.79
256,4096,64,8192,10699.1
256,8192,0,0,793.896
256,8192,1,32,793.024
256,8192,1,128,792.69
256,8192,1,512,793.086
256,8192,1,2048,793.016
256,8192,1,8192,806.75
256,8192,2,16,800.445
256,8192,2,64,799.154
256,8192,2,256,811.89
256,8192,2,1024,847.101
256,8192,2,4096,999.496
256,8192,2,16384,1567.91
256,8192,4,32,805.725
256,8192,4,128,817.009
256,8192,4,512,854.739
256,8192,4,2048,1001.32
256,8192,4,8192,1574.53
256,8192,8,16,821.393
256,8192,8,64,823.763
256,8192,8,256,869.899
256,8192,8,1024,1017.11
256,8192,8,4096,1405.13
256,8192,8,16384,3522.06
256,8192,16,32,854.365
256,8192,16,128,896.742
256,8192,16,512,1025.4
256,8192,16,2048,1531.35
256,8192,16,8192,3156.83
256,8192,32,16,925.165
256,8192,32,64,927.848
256,8192,32,256,1108.78
256,8192,32,1024,1607.78
256,8192,32,4096,3418.93
256,8192,32,16384,11116.7
256,8192,64,32,1072.01
256,8192,64,128,1265.54
256,8192,64,512,1762.64
256,8192,64,2048,3594.96
256,8192,64,8192,11043.2
256,16384,0,0,1552.38
256,16384,1,32,1548.8
256,16384,1,128,1548.29
256,16384,1,512,1550.01
256,16384,1,2048,1549.27
256,16384,1,8192,1565.58
256,16384,2,16,1556.82
256,16384,2,64,1556.3
256,16384,2,256,1568.35
256,16384,2,1024,1605.68
256,16384,2,4096,1762.45
256,16384,2,16384,2321.63
256,16384,4,32,1561.48
256,16384,4,128,1572.71
256,16384,4,512,1607.94
256,16384,4,2048,1758.66
256,16384,4,8192,2317.96
256,16384,8,16,1577.1
256,16384,8,64,1580.01
256,16384,8,256,1622.82
256,16384,8,1024,1770.41
256,16384,8,4096,2348.4
256,16384,8,16384,3890.11
256,16384,16,32,1608.78
256,16384,16,128,1651.03
256,16384,16,512,1778.07
256,16384,16,2048,2357.53
256,16384,16,8192,4291.19
256,16384,32,16,1677.86
256,16384,32,64,1681.84
256,16384,32,256,1857.24
256,16384,32,1024,2439.57
256,16384,32,4096,4358.39
256,16384,32,16384,11723.4
256,16384,64,32,1823.31
256,16384,64,128,2009.42
256,16384,64,512,2586.92
256,16384,64,2048,4496.15
256,16384,64,8192,11844.1
512,0,0,0,84.9287
512,0,1,32,88.2763
512,0,1,128,90.0693
512,0,1,512,99.6367
512,0,1,2048,178.197
512,0,1,8192,462.769
512,0,2,16,92.597
512,0,2,64,92.694
512,0,2,256,101.727
512,0,2,1024,149.268
512,0,2,4096,324.596
512,0,2,16384,894.452
512,0,4,32,102.357
512,0,4,128,111.008
512,0,4,512,139.434
512,0,4,2048,288.703
512,0,4,8192,856.723
512,0,8,16,120.351
512,0,8,64,121.28
512,0,8,256,156.137
512,0,8,1024,281.78
512,0,8,4096,828.49
512,0,8,16384,3148.95
512,0,16,32,157.856
512,0,16,128,193.258
512,0,16,512,303.04
512,0,16,2048,793.578
512,0,16,8192,2813.78
512,0,32,16,229.301
512,0,32,64,232.031
512,0,32,256,373.865
512,0,32,1024,841.469
512,0,32,4096,2774.35
512,0,32,16384,10486.5
512,0,64,32,372.414
512,0,64,128,517.066
512,0,64,512,977.139
512,0,64,2048,2886.82
512,0,64,8192,10523.8
512,16,0,0,96.523
512,16,1,32,101.002
512,16,1,128,103.264
512,16,1,512,108.608
512,16,1,2048,189.045
512,16,1,8192,473.803
512,16,2,16,105.536
512,16,2,64,105.536
512,16,2,256,114.818
512,16,2,1024,157.12
512,16,2,4096,339.956
512,16,2,16384,911.542
512,16,4,32,115.221
512,16,4,128,124.308
512,16,4,512,149.554
512,16,4,2048,302.079
512,16,4,8192,866.781
512,16,8,16,134.058
512,16,8,64,134.719
512,16,8,256,169.682
512,16,8,1024,290.516
512,16,8,4096,836.926
512,16,8,16384,3151.38
512,16,16,32,171.104
512,16,16,128,207.103
512,16,16,512,312.779
512,16,16,2048,801.099
512,16,16,8192,2824.99
512,16,32,16,242.591
512,16,32,64,245.884
512,16,32,256,388.253
512,16,32,1024,850.217
512,16,32,4096,2788.55
512,16,32,16384,10531.4
512,16,64,32,385.813
512,16,64,128,530.726
512,16,64,512,986.78
512,16,64,2048,2894.18
512,16,64,8192,10549.7
512,32,0,0,96.458
512,32,1,32,101.066
512,32,1,128,102.709
512,32,1,512,108.576
512,32,1,2048,188.512
512,32,1,8192,472.01
512,32,2,16,105.962
512,32,2,64,106.026
512,32,2,256,114.474
512,32,2,1024,157.193
512,32,2,4096,339.561
512,32,2,16384,909.844
512,32,4,32,115.2
512,32,4,128,124.224
512,32,4,512,149.162
512,32,4,2048,301.716
512,32,4,8192,867.797
512,32,8,16,133.758
512,32,8,64,134.806
512,32,8,256,170.078
512,32,8,1024,290.954
512,32,8,4096,836.447
512,32,8,16384,3146.06
512,32,16,32,171.103
512,32,16,128,206.635
512,32,16,512,312.618
512,32,16,2048,800.957
512,32,16,8192,2825.78
512,32,32,16,243.093
512,32,32,64,245.726
512,32,32,256,388.765
512,32,32,1024,850.866
512,32,32,4096,2786.82
512,32,32,16384,10524.7
512,32,64,32,386.665
512,32,64,128,531.038
512,32,64,512,988.009
512,32,64,2048,2892.69
512,32,64,8192,10532.9
512,64,0,0,96.5977
512,64,1,32,101.664
512,64,1,128,103.638
512,64,1,512,108.694
512,64,1,2048,188.853
512,64,1,8192,474.731
512,64,2,16,106.121
512,64,2,64,105.888
512,64,2,256,115.297
512,64,2,1024,156.916
512,64,2,4096,340.605
512,64,2,16384,910.347
512,64,4,32,115.425
512,64,4,128,124.448
512,64,4,512,149.673
512,64,4,2048,301.981
512,64,4,8192,867.08
512,64,8,16,133.823
512,64,8,64,135.039
512,64,8,256,169.683
512,64,8,1024,291.196
512,64,8,4096,833.964
512,64,8,16384,3144.95
512,64,16,32,171.295
512,64,16,128,206.944
512,64,16,512,313.151
512,64,16,2048,801.932
512,64,16,8192,2824.86
512,64,32,16,242.954
512,64,32,64,245.535
512,64,32,256,388.499
512,64,32,1024,849.81
512,64,32,4096,2788.67
512,64,32,16384,10505.5
512,64,64,32,386.068
512,64,64,128,531.432
512,64,64,512,988.03
512,64,64,2048,2892.06
512,64,64,8192,10546.8
512,128,0,0,106.016
512,128,1,32,109.823
512,128,1,128,112.072
512,128,1,512,119.497
512,128,1,2048,200.072
512,128,1,8192,485.308
512,128,2,16,114.484
512,128,2,64,115.028
512,128,2,256,123.477
512,128,2,1024,166.661
512,128,2,4096,360.551
512,128,2,16384,930.248
512,128,4,32,123.935
512,128,4,128,133.354
512,128,4,512,159.124
512,128,4,2048,313.738
512,128,4,8192,877.225
512,128,8,16,142.708
512,128,8,64,143.885
512,128,8,256,179.167
512,128,8,1024,298.516
512,128,8,4096,843.176
512,128,8,16384,3146.78
512,128,16,32,180.373
512,128,16,128,216.405
512,128,16,512,322.431
512,128,16,2048,810.728
512,128,16,8192,2840.64
512,128,32,16,252.479
512,128,32,64,254.89
512,128,32,256,398.184
512,128,32,1024,860.531
512,128,32,4096,2799.65
512,128,32,16384,10559.7
512,128,64,32,395.38
512,128,64,128,540.895
512,128,64,512,998.078
512,128,64,2048,2902.99
512,128,64,8192,10560.8
512,256,0,0,127.264
512,256,1,32,131.093
512,256,1,128,134.773
512,256,1,512,141.088
512,256,1,2048,217.001
512,256,1,8192,505.546
512,256,2,16,135.884
512,256,2,64,135.626
512,256,2,256,145.171
512,256,2,1024,183.167
512,256,2,4096,394.589
512,256,2,16384,964.039
512,256,4,32,145.226
512,256,4,128,154.694
512,256,4,512,181.183
512,256,4,2048,330.651
512,256,4,8192,897.779
512,256,8,16,163.808
512,256,8,64,164.756
512,256,8,256,201.512
512,256,8,1024,317.845
512,256,8,4096,857.042
512,256,8,16384,3160.19
512,256,16,32,201.941
512,256,16,128,239.22
512,256,16,512,346.621
512,256,16,2048,830.481
512,256,16,8192,2855.05
512,256,32,16,274.154
512,256,32,64,277.14
512,256,32,256,421.589
512,256,32,1024,879.175
512,256,32,4096,2819.6
512,256,32,16384,10596.4
512,256,64,32,418.333
512,256,64,128,564.06
512,256,64,512,1021.67
512,256,64,2048,2915.49
512,256,64,8192,10589
512,512,0,0,172.799
512,512,1,32,176.821
512,512,1,128,178.357
512,512,1,512,183.424
512,512,1,2048,252.508
512,512,1,8192,547.63
512,512,2,16,180.235
512,512,2,64,180.202
512,512,2,256,189.151
512,512,2,1024,213.898
512,512,2,4096,431.637
512,512,2,16384,1036.97
512,512,4,32,188.8
512,512,4,128,198.048
512,512,4,512,224.554
512,512,4,2048,366.54
512,512,4,8192,937.703
512,512,8,16,207.018
512,512,8,64,207.688
512,512,8,256,244.947
512,512,8,1024,351.488
512,512,8,4096,891.508
512,512,8,16384,3166.61
512,512,16,32,245.128
512,512,16,128,283.102
512,512,16,512,390.729
512,512,16,2048,867.55
512,512,16,8192,2888.9
512,512,32,16,318.783
512,512,32,64,321.411
512,512,32,256,467.388
512,512,32,1024,916.354
512,512,32,4096,2855.54
512,512,32,16384,10661.1
512,512,64,32,463.345
512,512,64,128,611.364
512,512,64,512,1068.65
512,512,64,2048,2950.15
512,512,64,8192,10660
512,1024,0,0,267.355
512,1024,1,32,270.168
512,1024,1,128,272.22
512,1024,1,512,272.368
512,1024,1,2048,312.752
512,1024,1,8192,640.006
512,1024,2,16,273.788
512,1024,2,64,273.065
512,1024,2,256,279.029
512,1024,2,1024,291.646
512,1024,2,4096,486.282
512,1024,2,16384,1175.74
512,1024,4,32,278.442
512,1024,4,128,285.564
512,1024,4,512,313.13
512,1024,4,2048,433.887
512,1024,4,8192,1047.67
512,1024,8,16,295.094
512,1024,8,64,295.242
512,1024,8,256,331.04
512,1024,8,1024,444.266
512,1024,8,4096,953.656
512,1024,8,16384,3200.32
512,1024,16,32,330.874
512,1024,16,128,369.535
512,1024,16,512,482.718
512,1024,16,2048,939.272
512,1024,16,8192,2949.06
512,1024,32,16,406.048
512,1024,32,64,408.692
512,1024,32,256,557.98
512,1024,32,1024,1005.47
512,1024,32,4096,2922.14
512,1024,32,16384,10740.7
512,1024,64,32,553.203
512,1024,64,128,703.038
512,1024,64,512,1157.48
512,1024,64,2048,3014.93
512,1024,64,8192,10697.2
512,2048,0,0,454.322
512,2048,1,32,458.559
512,2048,1,128,458.74
512,2048,1,512,458.981
512,2048,1,2048,466.394
512,2048,1,8192,786.035
512,2048,2,16,461.653
512,2048,2,64,463.155
512,2048,2,256,464.371
512,2048,2,1024,470.996
512,2048,2,4096,641.696
512,2048,2,16384,1460.17
512,2048,4,32,467.402
512,2048,4,128,469.431
512,2048,4,512,486.035
512,2048,4,2048,578.612
512,2048,4,8192,1204.4
512,2048,8,16,478.613
512,2048,8,64,478.632
512,2048,8,256,505.768
512,2048,8,1024,606.79
512,2048,8,4096,1085.44
512,2048,8,16384,3273.39
512,2048,16,32,506.461
512,2048,16,128,540.478
512,2048,16,512,656.353
512,2048,16,2048,1103.47
512,2048,16,8192,3066.39
512,2048,32,16,576.947
512,2048,32,64,579.688
512,2048,32,256,733.221
512,2048,32,1024,1190.53
512,2048,32,4096,3062.04
512,2048,32,16384,10879.8
512,2048,64,32,727.62
512,2048,64,128,883.113
512,2048,64,512,1349.54
512,2048,64,2048,3191.54
512,2048,64,8192,10809.7
512,4096,0,0,832.986
512,4096,1,32,834.951
512,4096,1,128,835.081
512,4096,1,512,836.978
512,4096,1,2048,837.857
512,4096,1,8192,1020.08
512,4096,2,16,838.525
512,4096,2,64,838.67
512,4096,2,256,839.238
512,4096,2,1024,841.159
512,4096,2,4096,857.813
512,4096,2,16384,1781.72
512,4096,4,32,842.406
512,4096,4,128,845.895
512,4096,4,512,847.549
512,4096,4,2048,950.905
512,4096,4,8192,1431.09
512,4096,8,16,853.043
512,4096,8,64,853.225
512,4096,8,256,866.889
512,4096,8,1024,961.094
512,4096,8,4096,1443.1
512,4096,8,16384,3561.33
512,4096,16,32,874.205
512,4096,16,128,897.373
512,4096,16,512,1000.93
512,4096,16,2048,1480.16
512,4096,16,8192,3397.76
512,4096,32,16,929.336
512,4096,32,64,931.469
512,4096,32,256,1078.3
512,4096,32,1024,1551.62
512,4096,32,4096,3302.49
512,4096,32,16384,11154.1
512,4096,64,32,1071.02
512,4096,64,128,1233.18
512,4096,64,512,1707.87
512,4096,64,2048,3519.1
512,4096,64,8192,11145.3
512,8192,0,0,1585.5
512,8192,1,32,1587.46
512,8192,1,128,1589.34
512,8192,1,512,1585.85
512,8192,1,2048,1588.6
512,8192,1,8192,1600.01
512,8192,2,16,1592.25
512,8192,2,64,1592.89
512,8192,2,256,1593.48
512,8192,2,1024,1591.67
512,8192,2,4096,1604.03
512,8192,2,16384,2362.89
512,8192,4,32,1594.5
512,8192,4,128,1597.39
512,8192,4,512,1598.8
512,8192,4,2048,1624.43
512,8192,4,8192,1996.3
512,8192,8,16,1606.96
512,8192,8,64,1607.44
512,8192,8,256,1619.35
512,8192,8,1024,1663.51
512,8192,8,4096,2025.36
512,8192,8,16384,3945.16
512,8192,16,32,1626.03
512,8192,16,128,1640.81
512,8192,16,512,1709.05
512,8192,16,2048,2163.12
512,8192,16,8192,3967.29
512,8192,32,16,1666.33
512,8192,32,64,1668.28
512,8192,32,256,1779.81
512,8192,32,1024,2259.46
512,8192,32,4096,4061.91
512,8192,32,16384,11669.6
512,8192,64,32,1776.62
512,8192,64,128,1921.2
512,8192,64,512,2406.15
512,8192,64,2048,4268.9
512,8192,64,8192,11809.1
512,16384,0,0,3094.62
512,16384,1,32,3093.87
512,16384,1,128,3097.48
512,16384,1,512,3094.18
512,16384,1,2048,3095.07
512,16384,1,8192,3101.43
512,16384,2,16,3097.02
512,16384,2,64,3098.18
512,16384,2,256,3101.26
512,16384,2,1024,3103.17
512,16384,2,4096,3104.27
512,16384,2,16384,3128.94
512,16384,4,32,3102.05
512,16384,4,128,3104.4
512,16384,4,512,3105.64
512,16384,4,2048,3104.57
512,16384,4,8192,3502.2
512,16384,8,16,3110.77
512,16384,8,64,3109.42
512,16384,8,256,3121.5
512,16384,8,1024,3161.65
512,16384,8,4096,3514.06
512,16384,8,16384,5435.93
512,16384,16,32,3133.88
512,16384,16,128,3149.7
512,16384,16,512,3193.01
512,16384,16,2048,3542.82
512,16384,16,8192,5479.19
512,16384,32,16,3174.35
512,16384,32,64,3174.88
512,16384,32,256,3241.59
512,16384,32,1024,3648.27
512,16384,32,4096,5532.25
512,16384,32,16384,12555.1
512,16384,64,32,3248.06
512,16384,64,128,3356.97
512,16384,64,512,3786.65
512,16384,64,2048,5715.84
512,16384,64,8192,13083.7
1024,0,0,0,235.615
1024,0,1,32,241.501
1024,0,1,128,243.914
1024,0,1,512,250.047
1024,0,1,2048,318.078
1024,0,1,8192,625.905
1024,0,2,16,247.477
1024,0,2,64,247.487
1024,0,2,256,256.138
1024,0,2,1024,282.612
1024,0,2,4096,500.255
1024,0,2,16384,1157.44
1024,0,4,32,258.913
1024,0,4,128,268.842
1024,0,4,512,295.637
1024,0,4,2048,439.283
1024,0,4,8192,1025.37
1024,0,8,16,284.99
1024,0,8,64,285.3
1024,0,8,256,321.737
1024,0,8,1024,428.912
1024,0,8,4096,959.953
1024,0,8,16384,3249.73
1024,0,16,32,334.741
1024,0,16,128,372.126
1024,0,16,512,480.638
1024,0,16,2048,954.878
1024,0,16,8192,2984.54
1024,0,32,16,431.893
1024,0,32,64,433.86
1024,0,32,256,580.433
1024,0,32,1024,1029.2
1024,0,32,4096,2965.22
1024,0,32,16384,10797.4
1024,0,64,32,629.641
1024,0,64,128,776.691
1024,0,64,512,1237.31
1024,0,64,2048,3110.06
1024,0,64,8192,10846.2
1024,16,0,0,257.359
1024,16,1,32,262.891
1024,16,1,128,265.066
1024,16,1,512,273.119
1024,16,1,2048,335.103
1024,16,1,8192,645.993
1024,16,2,16,268.746
1024,16,2,64,268.607
1024,16,2,256,278.965
1024,16,2,1024,305.233
1024,16,2,4096,517.28
1024,16,2,16384,1191.41
1024,16,4,32,281.64
1024,16,4,128,290.452
1024,16,4,512,317.92
1024,16,4,2048,456.243
1024,16,4,8192,1048.36
1024,16,8,16,306.697
1024,16,8,64,307.946
1024,16,8,256,344.991
1024,16,8,1024,449.406
1024,16,8,4096,979.431
1024,16,8,16384,3259.28
1024,16,16,32,357.012
1024,16,16,128,394.078
1024,16,16,512,503.285
1024,16,16,2048,973.662
1024,16,16,8192,3006.92
1024,16,32,16,453.939
1024,16,32,64,456.82
1024,16,32,256,602.504
1024,16,32,1024,1052.6
1024,16,32,4096,2984.27
1024,16,32,16384,10798.7
1024,16,64,32,651.769
1024,16,64,128,800.094
1024,16,64,512,1259.76
1024,16,64,2048,3124.42
1024,16,64,8192,10867
1024,32,0,0,256.158
1024,32,1,32,263.145
1024,32,1,128,265.597
1024,32,1,512,273.491
1024,32,1,2048,335.475
1024,32,1,8192,647.077
1024,32,2,16,269.256
1024,32,2,64,269.45
1024,32,2,256,279.464
1024,32,2,1024,305.024
1024,32,2,4096,517.406
1024,32,2,16384,1192.64
1024,32,4,32,281.373
1024,32,4,128,290.442
1024,32,4,512,318.004
1024,32,4,2048,457.192
1024,32,4,8192,1046.6
1024,32,8,16,307.594
1024,32,8,64,307.669
1024,32,8,256,344.117
1024,32,8,1024,449.855
1024,32,8,4096,981.416
1024,32,8,16384,3255.2
1024,32,16,32,357.439
1024,32,16,128,393.919
1024,32,16,512,503.017
1024,32,16,2048,975.325
1024,32,16,8192,3003.99
1024,32,32,16,454.163
1024,32,32,64,456.618
1024,32,32,256,602.58
1024,32,32,1024,1052.33
1024,32,32,4096,2981.29
1024,32,32,16384,10811.1
1024,32,64,32,651.825
1024,32,64,128,799.184
1024,32,64,512,1261.19
1024,32,64,2048,3124.94
1024,32,64,8192,10872.7
1024,64,0,0,257.417
1024,64,1,32,262.932
1024,64,1,128,265.546
1024,64,1,512,273.92
1024,64,1,2048,336.148
1024,64,1,8192,647.678
1024,64,2,16,269.246
1024,64,2,64,269.716
1024,64,2,256,280.191
1024,64,2,1024,305.119
1024,64,2,4096,518.625
1024,64,2,16384,1187.85
1024,64,4,32,281.653
1024,64,4,128,290.89
1024,64,4,512,318.676
1024,64,4,2048,457.196
1024,64,4,8192,1048.15
1024,64,8,16,306.698
1024,64,8,64,307.411
1024,64,8,256,345.016
1024,64,8,1024,450.334
1024,64,8,4096,979.47
1024,64,8,16384,3260.94
1024,64,16,32,357.278
1024,64,16,128,393.822
1024,64,16,512,502.806
1024,64,16,2048,974.626
1024,64,16,8192,3005.2
1024,64,32,16,454.154
1024,64,32,64,456.742
1024,64,32,256,603.532
1024,64,32,1024,1052.18
1024,64,32,4096,2983.8
1024,64,32,16384,10809.5
1024,64,64,32,652.805
1024,64,64,128,799.856
1024,64,64,512,1261.73
1024,64,64,2048,3125.1
1024,64,64,8192,10835.4
1024,128,0,0,277.186
1024,128,1,32,281.685
1024,128,1,128,283.637
1024,128,1,512,290.4
1024,128,1,2048,353.322
1024,128,1,8192,668.5
1024,128,2,16,287.545
1024,128,2,64,287.669
1024,128,2,256,297.152
1024,128,2,1024,323.155
1024,128,2,4096,537.257
1024,128,2,16384,1230.69
1024,128,4,32,299.498
1024,128,4,128,309.493
1024,128,4,512,335.947
1024,128,4,2048,475.176
1024,128,4,8192,1070.83
1024,128,8,16,324.843
1024,128,8,64,325.6
1024,128,8,256,362.037
1024,128,8,1024,468.49
1024,128,8,4096,999.968
1024,128,8,16384,3273.39
1024,128,16,32,374.335
1024,128,16,128,411.957
1024,128,16,512,521.991
1024,128,16,2048,994.214
1024,128,16,8192,3021.92
1024,128,32,16,471.308
1024,128,32,64,473.884
1024,128,32,256,621.365
1024,128,32,1024,1071.32
1024,128,32,4096,2997.82
1024,128,32,16384,10826
1024,128,64,32,670.419
1024,128,64,128,818.516
1024,128,64,512,1279.93
1024,128,64,2048,3140.22
1024,128,64,8192,10874.7
1024,256,0,0,315.733
1024,256,1,32,320.383
1024,256,1,128,322.521
1024,256,1,512,330.613
1024,256,1,2048,385.983
1024,256,1,8192,711.98
1024,256,2,16,326.889
1024,256,2,64,327.883
1024,256,2,256,336.523
1024,256,2,1024,363.702
1024,256,2,4096,572.703
1024,256,2,16384,1297.57
1024,256,4,32,339.744
1024,256,4,128,348.807
1024,256,4,512,376.646
1024,256,4,2048,509.546
1024,256,4,8192,1120.86
1024,256,8,16,364.479
1024,256,8,64,365.472
1024,256,8,256,402.143
1024,256,8,1024,509.483
1024,256,8,4096,1040.57
1024,256,8,16384,3298.54
1024,256,16,32,414.186
1024,256,16,128,452.659
1024,256,16,512,561.46
1024,256,16,2048,1032.2
1024,256,16,8192,3057.61
1024,256,32,16,511.804
1024,256,32,64,514.845
1024,256,32,256,661.192
1024,256,32,1024,1112.16
1024,256,32,4096,3034.09
1024,256,32,16384,10855.5
1024,256,64,32,710.981
1024,256,64,128,859.528
1024,256,64,512,1321.55
1024,256,64,2048,3172.41
1024,256,64,8192,10912.9
1024,512,0,0,395.537
1024,512,1,32,401.229
1024,512,1,128,403.782
1024,512,1,512,410.794
1024,512,1,2048,453.771
1024,512,1,8192,798.72
1024,512,2,16,406.632
1024,512,2,64,407.027
1024,512,2,256,416.884
1024,512,2,1024,444.094
1024,512,2,4096,645.832
1024,512,2,16384,1436.81
1024,512,4,32,419.04
1024,512,4,128,428.288
1024,512,4,512,456.02
1024,512,4,2048,580.339
1024,512,4,8192,1214.17
1024,512,8,16,445.064
1024,512,8,64,444.791
1024,512,8,256,481.961
1024,512,8,1024,590.13
1024,512,8,4096,1114.48
1024,512,8,16384,3330.68
1024,512,16,32,492.637
1024,512,16,128,530.853
1024,512,16,512,643.268
1024,512,16,2048,1105.04
1024,512,16,8192,3119.82
1024,512,32,16,591.027
1024,512,32,64,594.014
1024,512,32,256,742.034
1024,512,32,1024,1195.22
1024,512,32,4096,3099.77
1024,512,32,16384,10915.5
1024,512,64,32,791.13
1024,512,64,128,942.195
1024,512,64,512,1403.33
1024,512,64,2048,3236.82
1024,512,64,8192,10956.3
1024,1024,0,0,554.459
1024,1024,1,32,560.211
1024,1024,1,128,561.883
1024,1024,1,512,569.47
1024,1024,1,2048,596.403
1024,1024,1,8192,944.727
1024,1024,2,16,566.345
1024,1024,2,64,566.819
1024,1024,2,256,577.15
1024,1024,2,1024,602.629
1024,1024,2,4096,784.878
1024,1024,2,16384,1630.64
1024,1024,4,32,575.981
1024,1024,4,128,586.711
1024,1024,4,512,614.449
1024,1024,4,2048,721.805
1024,1024,4,8192,1361.81
1024,1024,8,16,601.504
1024,1024,8,64,601.942
1024,1024,8,256,640.705
1024,1024,8,1024,752.725
1024,1024,8,4096,1261.2
1024,1024,8,16384,3437.35
1024,1024,16,32,650.922
1024,1024,16,128,689.707
1024,1024,16,512,803.053
1024,1024,16,2048,1252.52
1024,1024,16,8192,3247.29
1024,1024,32,16,748.862
1024,1024,32,64,752.296
1024,1024,32,256,903.119
1024,1024,32,1024,1360.09
1024,1024,32,4096,3231.64
1024,1024,32,16384,11050.2
1024,1024,64,32,951.966
1024,1024,64,128,1102.67
1024,1024,64,512,1568.23
1024,1024,64,2048,3371.88
1024,1024,64,8192,11099.2
1024,2048,0,0,881.067
1024,2048,1,32,886.692
1024,2048,1,128,887.983
1024,2048,1,512,890.612
1024,2048,1,2048,910.45
1024,2048,1,8192,1226.6
1024,2048,2,16,892.061
1024,2048,2,64,894.588
1024,2048,2,256,898.43
1024,2048,2,1024,921.632
1024,2048,2,4096,1058.61
1024,2048,2,16384,1926.95
1024,2048,4,32,901.531
1024,2048,4,128,907.93
1024,2048,4,512,931.471
1024,2048,4,2048,1035.1
1024,2048,4,8192,1675.05
1024,2048,8,16,925.416
1024,2048,8,64,923.788
1024,2048,8,256,958.048
1024,2048,8,1024,1071.95
1024,2048,8,4096,1544.76
1024,2048,8,16384,3702.06
1024,2048,16,32,967.399
1024,2048,16,128,1005.96
1024,2048,16,512,1120.79
1024,2048,16,2048,1572.17
1024,2048,16,8192,3515.99
1024,2048,32,16,1062.31
1024,2048,32,64,1066.96
1024,2048,32,256,1220.3
1024,2048,32,1024,1682.62
1024,2048,32,4096,3495.65
1024,2048,32,16384,11304.9
1024,2048,64,32,1267.69
1024,2048,64,128,1424.27
1024,2048,64,512,1891.98
1024,2048,64,2048,3723.97
1024,2048,64,8192,11346.2
1024,4096,0,0,1539.66
1024,4096,1,32,1545.15
1024,4096,1,128,1546.32
1024,4096,1,512,1550.02
1024,4096,1,2048,1557.66
1024,4096,1,8192,1731.31
1024,4096,2,16,1551.37
1024,4096,2,64,1551.43
1024,4096,2,256,1557.05
1024,4096,2,1024,1567.05
1024,4096,2,4096,1712.41
1024,4096,2,16384,2526.37
1024,4096,4,32,1559.26
1024,4096,4,128,1565.12
1024,4096,4,512,1581.3
1024,4096,4,2048,1676.96
1024,4096,4,8192,2200.52
1024,4096,8,16,1582.22
1024,4096,8,64,1582.15
1024,4096,8,256,1603.62
1024,4096,8,1024,1699.74
1024,4096,8,4096,2167.13
1024,4096,8,16384,4284.1
1024,4096,16,32,1619.36
1024,4096,16,128,1646.14
1024,4096,16,512,1750.81
1024,4096,16,2048,2221.68
1024,4096,16,8192,4116.26
1024,4096,32,16,1701.27
1024,4096,32,64,1703.91
1024,4096,32,256,1851.22
1024,4096,32,1024,2329.34
1024,4096,32,4096,4112.18
1024,4096,32,16384,11878.6
1024,4096,64,32,1899.12
1024,4096,64,128,2058.55
1024,4096,64,512,2531.3
1024,4096,64,2048,4379.78
1024,4096,64,8192,11866.6
1024,8192,0,0,2853.87
1024,8192,1,32,2863.34
1024,8192,1,128,2862.19
1024,8192,1,512,2869.07
1024,8192,1,2048,2868.65
1024,8192,1,8192,2886.74
1024,8192,2,16,2868.98
1024,8192,2,64,2869.75
1024,8192,2,256,2876.94
1024,8192,2,1024,2886.38
1024,8192,2,4096,2903.64
1024,8192,2,16384,3616.95
1024,8192,4,32,2875.63
1024,8192,4,128,2878.94
1024,8192,4,512,2896.76
1024,8192,4,2048,3038.74
1024,8192,4,8192,3294.11
1024,8192,8,16,2898.72
1024,8192,8,64,2898.03
1024,8192,8,256,2924.17
1024,8192,8,1024,2985.32
1024,8192,8,4096,3479.53
1024,8192,8,16384,5327.82
1024,8192,16,32,2932.87
1024,8192,16,128,2960.77
1024,8192,16,512,3037.56
1024,8192,16,2048,3482.58
1024,8192,16,8192,5282.33
1024,8192,32,16,3005.11
1024,8192,32,64,3007.58
1024,8192,32,256,3132.43
1024,8192,32,1024,3587.45
1024,8192,32,4096,5419.63
1024,8192,32,16384,12854.5
1024,8192,64,32,3187.92
1024,8192,64,128,3330.85
1024,8192,64,512,3804.47
1024,8192,64,2048,5669.05
1024,8192,64,8192,13016.9
1024,16384,0,0,5491.4
1024,16384,1,32,5494.06
1024,16384,1,128,5496.68
1024,16384,1,512,5505.4
1024,16384,1,2048,5506.51
1024,16384,1,8192,5513.76
1024,16384,2,16,5507.09
1024,16384,2,64,5504.61
1024,16384,2,256,5510.42
1024,16384,2,1024,5522.96
1024,16384,2,4096,5521.42
1024,16384,2,16384,6255.7
1024,16384,4,32,5505.66
1024,16384,4,128,5512.6
1024,16384,4,512,5530.69
1024,16384,4,2048,5578.69
1024,16384,4,8192,5921.21
1024,16384,8,16,5532.63
1024,16384,8,64,5531.6
1024,16384,8,256,5554.53
1024,16384,8,1024,5612.6
1024,16384,8,4096,5955.98
1024,16384,8,16384,7857.04
1024,16384,16,32,5567.6
1024,16384,16,128,5591.42
1024,16384,16,512,5663.62
1024,16384,16,2048,6055.87
1024,16384,16,8192,7926.53
1024,16384,32,16,5636.36
1024,16384,32,64,5637.67
1024,16384,32,256,5740.2
1024,16384,32,1024,6142.29
1024,16384,32,4096,8036.28
1024,16384,32,16384,15101.7
1024,16384,64,32,5795.19
1024,16384,64,128,5924.66
1024,16384,64,512,6351.6
1024,16384,64,2048,8240.64
1024,16384,64,8192,15729.1
2048,0,0,0,754.767
2048,0,1,32,763.396
2048,0,1,128,766.221
2048,0,1,512,774.42
2048,0,1,2048,801.109
2048,0,1,8192,1147.43
2048,0,2,16,773.599
2048,0,2,64,773.726
2048,0,2,256,783.507
2048,0,2,1024,812.359
2048,0,2,4096,990.814
2048,0,2,16384,1864.95
2048,0,4,32,791.86
2048,0,4,128,800.404
2048,0,4,512,827.629
2048,0,4,2048,937.01
2048,0,4,8192,1589.53
2048,0,8,16,830.401
2048,0,8,64,829.587
2048,0,8,256,867.817
2048,0,8,1024,979.517
2048,0,8,4096,1484.47
2048,0,8,16384,3648.93
2048,0,16,32,903.642
2048,0,16,128,941.831
2048,0,16,512,1057.01
2048,0,16,2048,1503.47
2048,0,16,8192,3477.47
2048,0,32,16,1050.94
2048,0,32,64,1053.07
2048,0,32,256,1202.8
2048,0,32,1024,1659.21
2048,0,32,4096,3508.39
2048,0,32,16384,11347.2
2048,0,64,32,1356.53
2048,0,64,128,1507.09
2048,0,64,512,1970.6
2048,0,64,2048,3784.36
2048,0,64,8192,11483.1
2048,16,0,0,796.223
2048,16,1,32,804.491
2048,16,1,128,807.431
2048,16,1,512,814.515
2048,16,1,2048,841.073
2048,16,1,8192,1184.57
2048,16,2,16,814.821
2048,16,2,64,815.732
2048,16,2,256,823.743
2048,16,2,1024,851.819
2048,16,2,4096,1026.73
2048,16,2,16384,1905.45
2048,16,4,32,831.551
2048,16,4,128,840.191
2048,16,4,512,869.603
2048,16,4,2048,976.885
2048,16,4,8192,1627.6
2048,16,8,16,869.14
2048,16,8,64,869.503
2048,16,8,256,907.764
2048,16,8,1024,1021.08
2048,16,8,4096,1520.42
2048,16,8,16384,3684.39
2048,16,16,32,943.487
2048,16,16,128,981.833
2048,16,16,512,1097.06
2048,16,16,2048,1543.59
2048,16,16,8192,3514.69
2048,16,32,16,1090.9
2048,16,32,64,1093.52
2048,16,32,256,1244.36
2048,16,32,1024,1699.64
2048,16,32,4096,3541.29
2048,16,32,16384,11410.9
2048,16,64,32,1395.45
2048,16,64,128,1547.63
2048,16,64,512,2010.22
2048,16,64,2048,3827.99
2048,16,64,8192,11513.4
2048,32,0,0,797.002
2048,32,1,32,805.098
2048,32,1,128,807.658
2048,32,1,512,814.899
2048,32,1,2048,841.844
2048,32,1,8192,1182.27
2048,32,2,16,815.245
2048,32,2,64,815.787
2048,32,2,256,824.37
2048,32,2,1024,852.008
2048,32,2,4096,1027.2
2048,32,2,16384,1901
2048,32,4,32,830.572
2048,32,4,128,841.564
2048,32,4,512,869.386
2048,32,4,2048,976.52
2048,32,4,8192,1627.97
2048,32,8,16,870.045
2048,32,8,64,870.139
2048,32,8,256,908.173
2048,32,8,1024,1021.91
2048,32,8,4096,1523.2
2048,32,8,16384,3689
2048,32,16,32,943.876
2048,32,16,128,982.758
2048,32,16,512,1095.44
2048,32,16,2048,1542.84
2048,32,16,8192,3513.1
2048,32,32,16,1091.6
2048,32,32,64,1093.52
2048,32,32,256,1243.3
2048,32,32,1024,1701.15
2048,32,32,4096,3543.14
2048,32,32,16384,11387.8
2048,32,64,32,1395.2
2048,32,64,128,1547.17
2048,32,64,512,2010.66
2048,32,64,2048,3828.5
2048,32,64,8192,11519.7
2048,64,0,0,796.907
2048,64,1,32,805.844
2048,64,1,128,808.251
2048,64,1,512,814.603
2048,64,1,2048,841.896
2048,64,1,8192,1184.62
2048,64,2,16,815.786
2048,64,2,64,816.222
2048,64,2,256,824.661
2048,64,2,1024,851.499
2048,64,2,4096,1026.11
2048,64,2,16384,1904.96
2048,64,4,32,831.045
2048,64,4,128,841.256
2048,64,4,512,869.706
2048,64,4,2048,977.821
2048,64,4,8192,1629.36
2048,64,8,16,869.256
2048,64,8,64,870.661
2048,64,8,256,908.89
2048,64,8,1024,1020.79
2048,64,8,4096,1522.82
2048,64,8,16384,3686.86
2048,64,16,32,943.421
2048,64,16,128,982.044
2048,64,16,512,1096.54
2048,64,16,2048,1543.32
2048,64,16,8192,3513.99
2048,64,32,16,1090.89
2048,64,32,64,1094.21
2048,64,32,256,1242.28
2048,64,32,1024,1699.55
2048,64,32,4096,3543.59
2048,64,32,16384,11384.1
2048,64,64,32,1395.74
2048,64,64,128,1547.78
2048,64,64,512,2011.42
2048,64,64,2048,3829.04
2048,64,64,8192,11432
2048,128,0,0,833.279
2048,128,1,32,841.886
2048,128,1,128,843.572
2048,128,1,512,850.932
2048,128,1,2048,879.667
2048,128,1,8192,1219.57
2048,128,2,16,850.537
2048,128,2,64,849.555
2048,128,2,256,860.381
2048,128,2,1024,888.36
2048,128,2,4096,1060.56
2048,128,2,16384,1943.67
2048,128,4,32,868.381
2048,128,4,128,876.848
2048,128,4,512,906.325
2048,128,4,2048,1012.44
2048,128,4,8192,1666.25
2048,128,8,16,904.307
2048,128,8,64,905.841
2048,128,8,256,944.34
2048,128,8,1024,1057.33
2048,128,8,4096,1560.08
2048,128,8,16384,3722
2048,128,16,32,980.042
2048,128,16,128,1018.07
2048,128,16,512,1132.7
2048,128,16,2048,1580.54
2048,128,16,8192,3552.14
2048,128,32,16,1126.3
2048,128,32,64,1129.46
2048,128,32,256,1280.45
2048,128,32,1024,1734.7
2048,128,32,4096,3580.7
2048,128,32,16384,11427.9
2048,128,64,32,1431.41
2048,128,64,128,1583.33
2048,128,64,512,2047.24
2048,128,64,2048,3865.81
2048,128,64,8192,11301.2
2048,256,0,0,908.969
2048,256,1,32,919.741
2048,256,1,128,920.818
2048,256,1,512,927.626
2048,256,1,2048,955.478
2048,256,1,8192,1292
2048,256,2,16,928.63
2048,256,2,64,928.705
2048,256,2,256,937.618
2048,256,2,1024,966.347
2048,256,2,4096,1131.92
2048,256,2,16384,2022.49
2048,256,4,32,944.339
2048,256,4,128,951.805
2048,256,4,512,983.15
2048,256,4,2048,1091.58
2048,256,4,8192,1736.71
2048,256,8,16,980.897
2048,256,8,64,982.6
2048,256,8,256,1021.73
2048,256,8,1024,1134.11
2048,256,8,4096,1633.62
2048,256,8,16384,3800.79
2048,256,16,32,1055.36
2048,256,16,128,1093.14
2048,256,16,512,1209.19
2048,256,16,2048,1661.34
2048,256,16,8192,3630.25
2048,256,32,16,1202.89
2048,256,32,64,1206.07
2048,256,32,256,1356.25
2048,256,32,1024,1814.58
2048,256,32,4096,3655.59
2048,256,32,16384,11484.3
2048,256,64,32,1507.27
2048,256,64,128,1660.26
2048,256,64,512,2124.59
2048,256,64,2048,3943.66
2048,256,64,8192,11608
2048,512,0,0,1062.36
2048,512,1,32,1069.76
2048,512,1,128,1072.35
2048,512,1,512,1079.45
2048,512,1,2048,1111.19
2048,512,1,8192,1434.71
2048,512,2,16,1079.62
2048,512,2,64,1080.1
2048,512,2,256,1088.12
2048,512,2,1024,1116.83
2048,512,2,4096,1273.08
2048,512,2,16384,2171.12
2048,512,4,32,1095.62
2048,512,4,128,1105.83
2048,512,4,512,1135.4
2048,512,4,2048,1245.86
2048,512,4,8192,1884.78
2048,512,8,16,1135.14
2048,512,8,64,1135.89
2048,512,8,256,1173.39
2048,512,8,1024,1285.2
2048,512,8,4096,1773.2
2048,512,8,16384,3937.73
2048,512,16,32,1205.93
2048,512,16,128,1246.02
2048,512,16,512,1362.01
2048,512,16,2048,1816.76
2048,512,16,8192,3777.92
2048,512,32,16,1353.74
2048,512,32,64,1356.67
2048,512,32,256,1509.16
2048,512,32,1024,1969.55
2048,512,32,4096,3806.44
2048,512,32,16384,11617.9
2048,512,64,32,1658.03
2048,512,64,128,1813.78
2048,512,64,512,2277.23
2048,512,64,2048,4097.77
2048,512,64,8192,11725.2
2048,1024,0,0,1367.62
2048,1024,1,32,1375.75
2048,1024,1,128,1378.5
2048,1024,1,512,1385.84
2048,1024,1,2048,1413.45
2048,1024,1,8192,1713.98
2048,1024,2,16,1386.64
2048,1024,2,64,1386.45
2048,1024,2,256,1394.78
2048,1024,2,1024,1422.97
2048,1024,2,4096,1549.77
2048,1024,2,16384,2473.17
2048,1024,4,32,1402.13
2048,1024,4,128,1410.98
2048,1024,4,512,1439.29
2048,1024,4,2048,1552.55
2048,1024,4,8192,2176.91
2048,1024,8,16,1440.88
2048,1024,8,64,1440.86
2048,1024,8,256,1476.14
2048,1024,8,1024,1591.01
2048,1024,8,4096,2060.54
2048,1024,8,16384,4232.83
2048,1024,16,32,1512.56
2048,1024,16,128,1549.12
2048,1024,16,512,1663.03
2048,1024,16,2048,2122.86
2048,1024,16,8192,4065.02
2048,1024,32,16,1655.81
2048,1024,32,64,1658.3
2048,1024,32,256,1813.42
2048,1024,32,1024,2277.11
2048,1024,32,4096,4096.98
2048,1024,32,16384,11917.2
2048,1024,64,32,1962.92
2048,1024,64,128,2118.6
2048,1024,64,512,2582.45
2048,1024,64,2048,4411.8
2048,1024,64,8192,11982.4
2048,2048,0,0,1977.55
2048,2048,1,32,1989.97
2048,2048,1,128,1992.53
2048,2048,1,512,1999.42
2048,2048,1,2048,2023.41
2048,2048,1,8192,2266.65
2048,2048,2,16,1999.89
2048,2048,2,64,1999.34
2048,2048,2,256,2009.89
2048,2048,2,1024,2035.68
2048,2048,2,4096,2147.42
2048,2048,2,16384,3052.31
2048,2048,4,32,2016.03
2048,2048,4,128,2024.98
2048,2048,4,512,2050.9
2048,2048,4,2048,2164.24
2048,2048,4,8192,2741.87
2048,2048,8,16,2053.5
2048,2048,8,64,2053.15
2048,2048,8,256,2088.35
2048,2048,8,1024,2203.49
2048,2048,8,4096,2649.45
2048,2048,8,16384,4824.45
2048,2048,16,32,2122.64
2048,2048,16,128,2157.68
2048,2048,16,512,2272.41
2048,2048,16,2048,2735.45
2048,2048,16,8192,4625.27
2048,2048,32,16,2257.86
2048,2048,32,64,2261.71
2048,2048,32,256,2423.06
2048,2048,32,1024,2885.15
2048,2048,32,4096,4694.85
2048,2048,32,16384,12433.3
2048,2048,64,32,2568.49
2048,2048,64,128,2725.91
2048,2048,64,512,3192.72
2048,2048,64,2048,5021.18
2048,2048,64,8192,11768.2
2048,4096,0,0,3201.99
2048,4096,1,32,3209.71
2048,4096,1,128,3208.66
2048,4096,1,512,3214.57
2048,4096,1,2048,3245.41
2048,4096,1,8192,3371.75
2048,4096,2,16,3216.21
2048,4096,2,64,3220.22
2048,4096,2,256,3234.97
2048,4096,2,1024,3249.14
2048,4096,2,4096,3371.55
2048,4096,2,16384,4189.55
2048,4096,4,32,3235.8
2048,4096,4,128,3238.03
2048,4096,4,512,3261.06
2048,4096,4,2048,3385.88
2048,4096,4,8192,3855.6
2048,4096,8,16,3267.72
2048,4096,8,64,3267.78
2048,4096,8,256,3304.69
2048,4096,8,1024,3418.56
2048,4096,8,4096,3885.24
2048,4096,8,16384,5991.75
2048,4096,16,32,3334.75
2048,4096,16,128,3369.12
2048,4096,16,512,3479.66
2048,4096,16,2048,3971.85
2048,4096,16,8192,5778.94
2048,4096,32,16,3330.59
2048,4096,32,64,3332.19
2048,4096,32,256,3629.32
2048,4096,32,1024,4099.76
2048,4096,32,4096,5939.68
2048,4096,32,16384,13464.7
2048,4096,64,32,3778.55
2048,4096,64,128,3937.05
2048,4096,64,512,4365.82
2048,4096,64,2048,6039.41
2048,4096,64,8192,13705.6
2048,8192,0,0,5638.28
2048,8192,1,32,5648.22
2048,8192,1,128,5508.02
2048,8192,1,512,5516.4
2048,8192,1,2048,5530.35
2048,8192,1,8192,5598.89
2048,8192,2,16,5663.88
2048,8192,2,64,5515.11
2048,8192,2,256,5671.79
2048,8192,2,1024,5695.78
2048,8192,2,4096,5797.58
2048,8192,2,16384,6170.93
2048,8192,4,32,5337.41
2048,8192,4,128,5347.75
2048,8192,4,512,5370.26
2048,8192,4,2048,5468.5
2048,8192,4,8192,6347.45
2048,8192,8,16,5709.89
2048,8192,8,64,5561.71
2048,8192,8,256,5549.64
2048,8192,8,1024,5653.48
2048,8192,8,4096,6061.26
2048,8192,8,16384,7913.52
2048,8192,16,32,5532.81
2048,8192,16,128,5823.27
2048,8192,16,512,5715.02
2048,8192,16,2048,6109.69
2048,8192,16,8192,7835.56
2048,8192,32,16,5665.51
2048,8192,32,64,5620.43
2048,8192,32,256,5751.56
2048,8192,32,1024,6518.77
2048,8192,32,4096,8401.32
2048,8192,32,16384,15770.9
2048,8192,64,32,6217.01
2048,8192,64,128,6369.1
2048,8192,64,512,6100.29
2048,8192,64,2048,7750.32
2048,8192,64,8192,16059.4
2048,16384,0,0,10535.8
2048,16384,1,32,9449.43
2048,16384,1,128,9387.38
2048,16384,1,512,9447.77
2048,16384,1,2048,9465.31
2048,16384,1,8192,9498.75
2048,16384,2,16,9397.82
2048,16384,2,64,9450.24
2048,16384,2,256,9467.91
2048,16384,2,1024,9452.12
2048,16384,2,4096,9597.8
2048,16384,2,16384,10108.6
2048,16384,4,32,9453.69
2048,16384,4,128,9404.15
2048,16384,4,512,9453.62
2048,16384,4,2048,9580.07
2048,16384,4,8192,11262.3
2048,16384,8,16,9435.55
2048,16384,8,64,9486.49
2048,16384,8,256,9518.37
2048,16384,8,1024,9611.63
2048,16384,8,4096,10105.4
2048,16384,8,16384,11576.1
2048,16384,16,32,9497.88
2048,16384,16,128,9554.13
2048,16384,16,512,9669.18
2048,16384,16,2048,10096.2
2048,16384,16,8192,11800.9
2048,16384,32,16,9667.96
2048,16384,32,64,9670.81
2048,16384,32,256,9786.87
2048,16384,32,1024,10238.2
2048,16384,32,4096,11808.4
2048,16384,32,16384,18190.6
2048,16384,64,32,9933.3
2048,16384,64,128,10022.1
2048,16384,64,512,10423.3
2048,16384,64,2048,13564.5
2048,16384,64,8192,18711.1
0,0,1,32,11.531
0,0,1,128,20.0747
0,0,1,512,21.2803
0,0,1,2048,34.6673
0,0,1,8192,74.5497
0,0,2,16,17.2697
0,0,2,64,19.9783
0,0,2,256,24.8533
0,0,2,1024,37.2587
0,0,2,4096,76.309
0,0,2,16384,213.47
0,0,4,32,17.45
0,0,4,128,24.5553
0,0,4,512,36.383
0,0,4,2048,75.4563
0,0,4,8192,191.081
0,0,8,16,17.9307
0,0,8,64,20.7693
0,0,8,256,45.5993
0,0,8,1024,79.4033
0,0,8,4096,203.019
0,0,8,16384,681.769
0,0,16,32,21.5467
0,0,16,128,32.0107
0,0,16,512,89.8027
0,0,16,2048,214.196
0,0,16,8192,700.787
0,0,32,16,27.8827
0,0,32,64,38.5067
0,0,32,256,75.3923
0,0,32,1024,216.32
0,0,32,4096,772.264
0,0,32,16384,3007.84
0,0,64,32,40.4483
0,0,64,128,79.552
0,0,64,512,206.079
0,0,64,2048,708.723
0,0,64,8192,2741.7
0,0,128,16,62.2187
0,0,128,64,96.5747
0,0,128,256,208.896
0,0,128,1024,671.775
0,0,128,4096,2546.1
0,0,128,16384,10079
16,0,1,16,14.7627
16,0,1,64,14.8373
16,0,1,256,25.4613
16,0,1,1024,61.483
16,0,1,4096,206.315
16,0,1,16384,783.913
16,0,2,32,22.7093
16,0,2,128,28.8637
16,0,2,512,46.9123
16,0,2,2048,119.222
16,0,2,8192,406.806
16,0,4,16,22.944
16,0,4,64,23.424
16,0,4,256,46.0797
16,0,4,1024,118.22
16,0,4,4096,408.33
16,0,4,16384,1569.45
16,0,8,32,38.5493
16,0,8,128,60.5023
16,0,8,512,132.394
16,0,8,2048,420.34
16,0,8,8192,1569.21
16,0,16,16,61.9947
16,0,16,64,63.3923
16,0,16,256,143.989
16,0,16,1024,397.44
16,0,16,4096,1404.05
16,0,16,16384,5436.26
16,0,32,32,110.187
16,0,32,128,185.44
16,0,32,512,419.627
16,0,32,2048,1362.98
16,0,32,8192,5125.84
16,0,64,16,208.842
16,0,64,64,215.691
16,0,64,256,519.51
16,0,64,1024,1436.81
16,0,64,4096,5188.98
16,0,64,16384,20399.3
16,16,1,16,15.04
16,16,1,64,15.114
16,16,1,256,25.504
16,16,1,1024,61.7173
16,16,1,4096,206.665
16,16,1,16384,786.005
16,16,2,32,22.8693
16,16,2,128,28.8857
16,16,2,512,47.019
16,16,2,2048,119.68
16,16,2,8192,408.16
16,16,4,16,23.0507
16,16,4,64,23.7653
16,16,4,256,45.7813
16,16,4,1024,118.272
16,16,4,4096,408.63
16,16,4,16384,1568.55
16,16,8,32,39.0927
16,16,8,128,60.277
16,16,8,512,131.786
16,16,8,2048,421.055
16,16,8,8192,1572.09
16,16,16,16,62.0587
16,16,16,64,63.9893
16,16,16,256,144.181
16,16,16,1024,398.023
16,16,16,4096,1404.66
16,16,16,16384,5437.75
16,16,32,32,109.674
16,16,32,128,185.248
16,16,32,512,420.204
16,16,32,2048,1364.48
16,16,32,8192,5130.19
16,16,64,16,209.258
16,16,64,64,215.658
16,16,64,256,521.811
16,16,64,1024,1442.38
16,16,64,4096,5188.17
16,16,64,16384,20398.8
16,32,1,16,15.0077
16,32,1,64,15.1473
16,32,1,256,25.5573
16,32,1,1024,61.536
16,32,1,4096,205.953
16,32,1,16384,784.577
16,32,2,32,22.9867
16,32,2,128,29.2273
16,32,2,512,47.3307
16,32,2,2048,119.446
16,32,2,8192,408.141
16,32,4,16,23.1143
16,32,4,64,23.7973
16,32,4,256,46.155
16,32,4,1024,118.486
16,32,4,4096,408.642
16,32,4,16384,1568.55
16,32,8,32,39.072
16,32,8,128,60.5227
16,32,8,512,132.098
16,32,8,2048,421.067
16,32,8,8192,1570.81
16,32,16,16,62.2193
16,32,16,64,64.0213
16,32,16,256,144.311
16,32,16,1024,398.146
16,32,16,4096,1407.33
16,32,16,16384,5445.39
16,32,32,32,110.101
16,32,32,128,185.461
16,32,32,512,419.829
16,32,32,2048,1364.69
16,32,32,8192,5131.91
16,32,64,16,209.292
16,32,64,64,215.798
16,32,64,256,521.27
16,32,64,1024,1439.64
16,32,64,4096,5200.45
16,32,64,16384,20414.3
16,64,1,16,15.072
16,64,1,64,15.2743
16,64,1,256,25.5463
16,64,1,1024,61.5353
16,64,1,4096,206.882
16,64,1,16384,785.002
16,64,2,32,23.232
16,64,2,128,29.3223
16,64,2,512,47.498
16,64,2,2048,119.659
16,64,2,8192,408.293
16,64,4,16,23.2533
16,64,4,64,23.9253
16,64,4,256,46.209
16,64,4,1024,118.389
16,64,4,4096,408.373
16,64,4,16384,1568.31
16,64,8,32,39.296
16,64,8,128,60.4373
16,64,8,512,132.15
16,64,8,2048,420.915
16,64,8,8192,1571.5
16,64,16,16,62.176
16,64,16,64,64.256
16,64,16,256,144.287
16,64,16,1024,398.388
16,64,16,4096,1406.66
16,64,16,16384,5442.68
16,64,32,32,110.367
16,64,32,128,185.323
16,64,32,512,420.512
16,64,32,2048,1364.2
16,64,32,8192,5131.3
16,64,64,16,209.409
16,64,64,64,216
16,64,64,256,521.056
16,64,64,1024,1438.17
16,64,64,4096,5193.19
16,64,64,16384,20417.6
16,128,1,16,19.872
16,128,1,64,19.883
16,128,1,256,25.6207
16,128,1,1024,61.781
16,128,1,4096,206.698
16,128,1,16384,785.593
16,128,2,32,29.1307
16,128,2,128,34.8477
16,128,2,512,52.971
16,128,2,2048,125.408
16,128,2,8192,413.837
16,128,4,16,33.0987
16,128,4,64,33.2267
16,128,4,256,46.0047
16,128,4,1024,118.465
16,128,4,4096,408.63
16,128,4,16384,1569.3
16,128,8,32,45.0357
16,128,8,128,62.678
16,128,8,512,132.063
16,128,8,2048,421.281
16,128,8,8192,1570.83
16,128,16,16,68.203
16,128,16,64,70.047
16,128,16,256,144.427
16,128,16,1024,397.419
16,128,16,4096,1406.41
16,128,16,16384,5447.87
16,128,32,32,121.387
16,128,32,128,187.392
16,128,32,512,420.075
16,128,32,2048,1365.94
16,128,32,8192,5136.11
16,128,64,16,215.444
16,128,64,64,222.325
16,128,64,256,522.797
16,128,64,1024,1458.23
16,128,64,4096,5198.92
16,128,64,16384,20432.4
16,256,1,16,25.653
16,256,1,64,25.7173
16,256,1,256,26.7737
16,256,1,1024,61.6517
16,256,1,4096,206.336
16,256,1,16384,784.336
16,256,2,32,34.965
16,256,2,128,41.184
16,256,2,512,59.222
16,256,2,2048,131.689
16,256,2,8192,420.299
16,256,4,16,42.624
16,256,4,64,43.1887
16,256,4,256,47.4233
16,256,4,1024,118.773
16,256,4,4096,408.868
16,256,4,16384,1569.83
16,256,8,32,53.0027
16,256,8,128,68.7037
16,256,8,512,132.405
16,256,8,2048,420.766
16,256,8,8192,1571.25
16,256,16,16,77.9627
16,256,16,64,79.317
16,256,16,256,146.582
16,256,16,1024,396.864
16,256,16,4096,1408.23
16,256,16,16384,5451.5
16,256,32,32,128.896
16,256,32,128,198.698
16,256,32,512,420.135
16,256,32,2048,1366.97
16,256,32,8192,5148.78
16,256,64,16,224.426
16,256,64,64,230.164
16,256,64,256,526.473
16,256,64,1024,1475.56
16,256,64,4096,5237.43
16,256,64,16384,20414.2
16,512,1,16,37.579
16,512,1,64,37.5573
16,512,1,256,37.654
16,512,1,1024,61.7917
16,512,1,4096,206.87
16,512,1,16384,785.019
16,512,2,32,46.9763
16,512,2,128,52.9593
16,512,2,512,71.093
16,512,2,2048,143.881
16,512,2,8192,431.957
16,512,4,16,54.347
16,512,4,64,55.221
16,512,4,256,69.1423
16,512,4,1024,118.56
16,512,4,4096,408.308
16,512,4,16384,1568.99
16,512,8,32,69.9413
16,512,8,128,83.3273
16,512,8,512,134.858
16,512,8,2048,420.61
16,512,8,8192,1573.12
16,512,16,16,93.5783
16,512,16,64,95.0183
16,512,16,256,159.401
16,512,16,1024,396.748
16,512,16,4096,1406.65
16,512,16,16384,5456.69
16,512,32,32,141.246
16,512,32,128,216.791
16,512,32,512,421.579
16,512,32,2048,1367.71
16,512,32,8192,5170.01
16,512,64,16,240.972
16,512,64,64,247.52
16,512,64,256,539.02
16,512,64,1024,1480.94
16,512,64,4096,5271.72
16,512,64,16384,20459.6
16,1024,1,16,61.6427
16,1024,1,64,61.8347
16,1024,1,256,61.8463
16,1024,1,1024,62.986
16,1024,1,4096,206.752
16,1024,1,16384,784.918
16,1024,2,32,70.923
16,1024,2,128,77.0983
16,1024,2,512,95.2747
16,1024,2,2048,168.801
16,1024,2,8192,458.516
16,1024,4,16,78.1657
16,1024,4,64,78.6977
16,1024,4,256,102.091
16,1024,4,1024,120.705
16,1024,4,4096,408.468
16,1024,4,16384,1571.16
16,1024,8,32,93.7703
16,1024,8,128,117.269
16,1024,8,512,158.592
16,1024,8,2048,420.437
16,1024,8,8192,1572.75
16,1024,16,16,123.872
16,1024,16,64,125.439
16,1024,16,256,197.683
16,1024,16,1024,399.832
16,1024,16,4096,1407.05
16,1024,16,16384,5460.71
16,1024,32,32,172.342
16,1024,32,128,241.729
16,1024,32,512,469.633
16,1024,32,2048,1367.43
16,1024,32,8192,5169.89
16,1024,64,16,272.576
16,1024,64,64,278.592
16,1024,64,256,576.728
16,1024,64,1024,1482.31
16,1024,64,4096,5310.91
16,1024,64,16384,20510.4
16,2048,1,16,109.654
16,2048,1,64,109.718
16,2048,1,256,109.824
16,2048,1,1024,109.878
16,2048,1,4096,206.442
16,2048,1,16384,784.937
16,2048,2,32,119.233
16,2048,2,128,124.45
16,2048,2,512,143.115
16,2048,2,2048,216.139
16,2048,2,8192,507.736
16,2048,4,16,125.771
16,2048,4,64,126.442
16,2048,4,256,149.771
16,2048,4,1024,213.079
16,2048,4,4096,408.929
16,2048,4,16384,1570.41
16,2048,8,32,141.205
16,2048,8,128,164.542
16,2048,8,512,235.573
16,2048,8,2048,422.698
16,2048,8,8192,1570.98
16,2048,16,16,171.146
16,2048,16,64,173.161
16,2048,16,256,249.215
16,2048,16,1024,446.687
16,2048,16,4096,1407.88
16,2048,16,16384,5461.58
16,2048,32,32,227.958
16,2048,32,128,302.794
16,2048,32,512,524.086
16,2048,32,2048,1365.6
16,2048,32,8192,5186.25
16,2048,64,16,328.744
16,2048,64,64,336.513
16,2048,64,256,631.124
16,2048,64,1024,1533.79
16,2048,64,4096,5339.86
16,2048,64,16384,20591.1
16,4096,1,16,206.197
16,4096,1,64,206.016
16,4096,1,256,206.041
16,4096,1,1024,206.57
16,4096,1,4096,208.202
16,4096,1,16384,785.059
16,4096,2,32,214.118
16,4096,2,128,221.078
16,4096,2,512,238.036
16,4096,2,2048,311.657
16,4096,2,8192,604.234
16,4096,4,16,220.435
16,4096,4,64,221.536
16,4096,4,256,245.119
16,4096,4,1024,316.53
16,4096,4,4096,411.438
16,4096,4,16384,1570.11
16,4096,8,32,235.697
16,4096,8,128,259.082
16,4096,8,512,330.431
16,4096,8,2048,518.315
16,4096,8,8192,1574.21
16,4096,16,16,266.09
16,4096,16,64,267.637
16,4096,16,256,361.377
16,4096,16,1024,595.915
16,4096,16,4096,1409.63
16,4096,16,16384,5463.02
16,4096,32,32,322.859
16,4096,32,128,411.894
16,4096,32,512,649.4
16,4096,32,2048,1558.38
16,4096,32,8192,5165.22
16,4096,64,16,444.566
16,4096,64,64,451.988
16,4096,64,256,763.855
16,4096,64,1024,1685.84
16,4096,64,4096,5357.42
16,4096,64,16384,20812.3
16,8192,1,16,400.653
16,8192,1,64,400.641
16,8192,1,256,400.631
16,8192,1,1024,400.737
16,8192,1,4096,401.132
16,8192,1,16384,785.626
16,8192,2,32,406.691
16,8192,2,128,412.034
16,8192,2,512,431.244
16,8192,2,2048,504.756
16,8192,2,8192,795.018
16,8192,4,16,410.592
16,8192,4,64,411.102
16,8192,4,256,435.772
16,8192,4,1024,507.447
16,8192,4,4096,795.275
16,8192,4,16384,1569.99
16,8192,8,32,425.611
16,8192,8,128,448.96
16,8192,8,512,521.226
16,8192,8,2048,808.384
16,8192,8,8192,1576.99
16,8192,16,16,454.091
16,8192,16,64,456.885
16,8192,16,256,550.75
16,8192,16,1024,837.84
16,8192,16,4096,1601.21
16,8192,16,16384,5461.15
16,8192,32,32,513.052
16,8192,32,128,602.101
16,8192,32,512,870.84
16,8192,32,2048,1752.18
16,8192,32,8192,5140.47
16,8192,64,16,635.303
16,8192,64,64,642.943
16,8192,64,256,993.472
16,8192,64,1024,1935.59
16,8192,64,4096,5571.49
16,8192,64,16384,21090.2
16,16384,1,16,782.084
16,16384,1,64,781.944
16,16384,1,256,781.898
16,16384,1,1024,781.998
16,16384,1,4096,782.791
16,16384,1,16384,786.092
16,16384,2,32,790.559
16,16384,2,128,793.235
16,16384,2,512,809.653
16,16384,2,2048,888.992
16,16384,2,8192,1179.94
16,16384,4,16,792.294
16,16384,4,64,793.472
16,16384,4,256,818.392
16,16384,4,1024,887.925
16,16384,4,4096,1181.83
16,16384,4,16384,1573.26
16,16384,8,32,807.488
16,16384,8,128,827.04
16,16384,8,512,901.886
16,16384,8,2048,1194.09
16,16384,8,8192,1960.29
16,16384,16,16,833.652
16,16384,16,64,835.754
16,16384,16,256,930.452
16,16384,16,1024,1219.22
16,16384,16,4096,2179.54
16,16384,16,16384,5455.1
16,16384,32,32,890.638
16,16384,32,128,981.05
16,16384,32,512,1250.65
16,16384,32,2048,2237.31
16,16384,32,8192,5908.81
16,16384,64,16,1012.31
16,16384,64,64,1022.71
16,16384,64,256,1395.48
16,16384,64,1024,2426.79
16,16384,64,4096,6148.32
16,16384,64,16384,21138.5
32,0,1,16,15.0507
32,0,1,64,15.0717
32,0,1,256,25.579
32,0,1,1024,61.6853
32,0,1,4096,206.197
32,0,1,16384,782.859
32,0,2,32,23.0083
32,0,2,128,29.174
32,0,2,512,47.423
32,0,2,2048,119.639
32,0,2,8192,407.03
32,0,4,16,23.1257
32,0,4,64,23.5633
32,0,4,256,46.207
32,0,4,1024,118.303
32,0,4,4096,407.686
32,0,4,16384,1569.46
32,0,8,32,39.189
32,0,8,128,60.4373
32,0,8,512,132.392
32,0,8,2048,420.907
32,0,8,8192,1571.31
32,0,16,16,62.1437
32,0,16,64,63.723
32,0,16,256,144.288
32,0,16,1024,398.058
32,0,16,4096,1405.28
32,0,16,16384,5443.28
32,0,32,32,110.101
32,0,32,128,185.418
32,0,32,512,420.266
32,0,32,2048,1364.18
32,0,32,8192,5133.24
32,0,64,16,209.854
32,0,64,64,216.034
32,0,64,256,521.824
32,0,64,1024,1441.3
32,0,64,4096,5202.74
32,0,64,16384,20382.6
32,16,1,16,15.1037
32,16,1,64,15.2537
32,16,1,256,25.6217
32,16,1,1024,61.7707
32,16,1,4096,206.366
32,16,1,16384,784.211
32,16,2,32,23.178
32,16,2,128,29.28
32,16,2,512,47.521
32,16,2,2048,119.658
32,16,2,8192,407.831
32,16,4,16,23.2427
32,16,4,64,23.819
32,16,4,256,46.091
32,16,4,1024,118.411
32,16,4,4096,408.284
32,16,4,16384,1569.82
32,16,8,32,39.1457
32,16,8,128,60.5347
32,16,8,512,132.256
32,16,8,2048,420.971
32,16,8,8192,1571.68
32,16,16,16,62.272
32,16,16,64,64.011
32,16,16,256,144.425
32,16,16,1024,398.098
32,16,16,4096,1406.78
32,16,16,16384,5441.37
32,16,32,32,110.271
32,16,32,128,185.792
32,16,32,512,420.63
32,16,32,2048,1364.55
32,16,32,8192,5134.17
32,16,64,16,209.824
32,16,64,64,216.256
32,16,64,256,521.523
32,16,64,1024,1444.19
32,16,64,4096,5198.1
32,16,64,16384,20419.8
32,32,1,16,15.1573
32,32,1,64,15.2427
32,32,1,256,25.6207
32,32,1,1024,61.6533
32,32,1,4096,206.421
32,32,1,16384,783.459
32,32,2,32,23.3073
32,32,2,128,29.3977
32,32,2,512,47.36
32,32,2,2048,119.691
32,32,2,8192,408.853
32,32,4,16,23.2537
32,32,4,64,23.8833
32,32,4,256,46.176
32,32,4,1024,118.432
32,32,4,4096,408.149
32,32,4,16384,1568.94
32,32,8,32,39.3387
32,32,8,128,60.5867
32,32,8,512,132.427
32,32,8,2048,420.968
32,32,8,8192,1571.21
32,32,16,16,62.3257
32,32,16,64,64.2017
32,32,16,256,144.47
32,32,16,1024,398.527
32,32,16,4096,1406.16
32,32,16,16384,5445.31
32,32,32,32,110.401
32,32,32,128,185.685
32,32,32,512,420.47
32,32,32,2048,1364.77
32,32,32,8192,5135.84
32,32,64,16,210.208
32,32,64,64,216.352
32,32,64,256,522.389
32,32,64,1024,1439.22
32,32,64,4096,5196.15
32,32,64,16384,20397.3
32,64,1,16,15.1677
32,64,1,64,15.3813
32,64,1,256,25.6217
32,64,1,1024,61.707
32,64,1,4096,206.473
32,64,1,16384,784.02
32,64,2,32,23.52
32,64,2,128,29.408
32,64,2,512,47.5833
32,64,2,2048,120.031
32,64,2,8192,408.389
32,64,4,16,23.509
32,64,4,64,23.989
32,64,4,256,46.175
32,64,4,1024,118.41
32,64,4,4096,408.66
32,64,4,16384,1569.78
32,64,8,32,39.5097
32,64,8,128,60.554
32,64,8,512,132.63
32,64,8,2048,421.767
32,64,8,8192,1571.86
32,64,16,16,62.5493
32,64,16,64,64.2557
32,64,16,256,144.288
32,64,16,1024,398.154
32,64,16,4096,1406.26
32,64,16,16384,5445.61
32,64,32,32,110.656
32,64,32,128,185.621
32,64,32,512,420.609
32,64,32,2048,1364.71
32,64,32,8192,5132.43
32,64,64,16,210.442
32,64,64,64,216.671
32,64,64,256,521.95
32,64,64,1024,1441.3
32,64,64,4096,5203.53
32,64,64,16384,20414.1
32,128,1,16,20.0853
32,128,1,64,20.0857
32,128,1,256,25.6853
32,128,1,1024,61.7493
32,128,1,4096,205.992
32,128,1,16384,783.443
32,128,2,32,29.3867
32,128,2,128,35.104
32,128,2,512,53.5573
32,128,2,2048,125.749
32,128,2,8192,414.826
32,128,4,16,33.5577
32,128,4,64,33.7067
32,128,4,256,46.23
32,128,4,1024,118.359
32,128,4,4096,408.288
32,128,4,16384,1569.94
32,128,8,32,45.151
32,128,8,128,62.644
32,128,8,512,132.405
32,128,8,2048,421.821
32,128,8,8192,1572.17
32,128,16,16,68.318
32,128,16,64,70.185
32,128,16,256,144.573
32,128,16,1024,397.228
32,128,16,4096,1405.94
32,128,16,16384,5443.8
32,128,32,32,121.813
32,128,32,128,187.68
32,128,32,512,419.944
32,128,32,2048,1365.87
32,128,32,8192,5141.91
32,128,64,16,216.459
32,128,64,64,223.157
32,128,64,256,522.218
32,128,64,1024,1464.93
32,128,64,4096,5216.98
32,128,64,16384,20421.9
32,256,1,16,25.8777
32,256,1,64,25.942
32,256,1,256,26.8373
32,256,1,1024,61.7813
32,256,1,4096,206.699
32,256,1,16384,784.768
32,256,2,32,35.424
32,256,2,128,41.4283
32,256,2,512,60.064
32,256,2,2048,131.851
32,256,2,8192,419.584
32,256,4,16,42.8047
32,256,4,64,43.4457
32,256,4,256,48.0217
32,256,4,1024,118.475
32,256,4,4096,408.277
32,256,4,16384,1570.81
32,256,8,32,53.408
32,256,8,128,68.7463
32,256,8,512,132.405
32,256,8,2048,420.605
32,256,8,8192,1572.96
32,256,16,16,78.2827
32,256,16,64,79.659
32,256,16,256,146.837
32,256,16,1024,396.553
32,256,16,4096,1407.14
32,256,16,16384,5450.56
32,256,32,32,129.29
32,256,32,128,199.487
32,256,32,512,420.042
32,256,32,2048,1367.25
32,256,32,8192,5147.95
32,256,64,16,225.579
32,256,64,64,230.997
32,256,64,256,526.989
32,256,64,1024,1479.81
32,256,64,4096,5238.52
32,256,64,16384,20433.6
32,512,1,16,37.8663
32,512,1,64,37.8557
32,512,1,256,37.973
32,512,1,1024,61.8457
32,512,1,4096,206.304
32,512,1,16384,784.348
32,512,2,32,47.3383
32,512,2,128,53.2583
32,512,2,512,71.2433
32,512,2,2048,143.808
32,512,2,8192,432.256
32,512,4,16,54.72
32,512,4,64,55.1573
32,512,4,256,70.2083
32,512,4,1024,118.463
32,512,4,4096,408.222
32,512,4,16384,1568.9
32,512,8,32,70.0797
32,512,8,128,83.883
32,512,8,512,134.944
32,512,8,2048,420.67
32,512,8,8192,1572.67
32,512,16,16,93.7877
32,512,16,64,95.392
32,512,16,256,159.381
32,512,16,1024,397.16
32,512,16,4096,1407.88
32,512,16,16384,5449.89
32,512,32,32,141.749
32,512,32,128,217.183
32,512,32,512,421.994
32,512,32,2048,1366.27
32,512,32,8192,5175.47
32,512,64,16,241.898
32,512,64,64,248.096
32,512,64,256,538.994
32,512,64,1024,1481.36
32,512,64,4096,5281.65
32,512,64,16384,20481.6
32,1024,1,16,61.9517
32,1024,1,64,61.8773
32,1024,1,256,62.122
32,1024,1,1024,62.837
32,1024,1,4096,206.664
32,1024,1,16384,785.002
32,1024,2,32,71.53
32,1024,2,128,77.2587
32,1024,2,512,95.0407
32,1024,2,2048,169.034
32,1024,2,8192,458.973
32,1024,4,16,78.2507
32,1024,4,64,78.9757
32,1024,4,256,102.231
32,1024,4,1024,120.724
32,1024,4,4096,408.231
32,1024,4,16384,1569.68
32,1024,8,32,94.1443
32,1024,8,128,117.31
32,1024,8,512,158.827
32,1024,8,2048,420.372
32,1024,8,8192,1571.93
32,1024,16,16,124.139
32,1024,16,64,126.005
32,1024,16,256,198.682
32,1024,16,1024,399.422
32,1024,16,4096,1408.02
32,1024,16,16384,5461.77
32,1024,32,32,173.194
32,1024,32,128,242.442
32,1024,32,512,470.218
32,1024,32,2048,1366.85
32,1024,32,8192,5167.59
32,1024,64,16,273.204
32,1024,64,64,279.391
32,1024,64,256,577.098
32,1024,64,1024,1482.8
32,1024,64,4096,5317.74
32,1024,64,16384,20528
32,2048,1,16,109.995
32,2048,1,64,110.165
32,2048,1,256,110.485
32,2048,1,1024,110.613
32,2048,1,4096,206.198
32,2048,1,16384,782.517
32,2048,2,32,119.018
32,2048,2,128,125.003
32,2048,2,512,142.229
32,2048,2,2048,215.978
32,2048,2,8192,507.636
32,2048,4,16,125.707
32,2048,4,64,126.39
32,2048,4,256,149.163
32,2048,4,1024,213.046
32,2048,4,4096,408.81
32,2048,4,16384,1569.76
32,2048,8,32,141.408
32,2048,8,128,164.511
32,2048,8,512,235.712
32,2048,8,2048,422.867
32,2048,8,8192,1571.06
32,2048,16,16,171.519
32,2048,16,64,173.483
32,2048,16,256,249.834
32,2048,16,1024,446.668
32,2048,16,4096,1410.47
32,2048,16,16384,5466.32
32,2048,32,32,228.477
32,2048,32,128,302.954
32,2048,32,512,524.399
32,2048,32,2048,1366.23
32,2048,32,8192,5173.49
32,2048,64,16,329.629
32,2048,64,64,337.288
32,2048,64,256,634.175
32,2048,64,1024,1534.48
32,2048,64,4096,5344.81
32,2048,64,16384,20618.3
32,4096,1,16,205.949
32,4096,1,64,206.365
32,4096,1,256,206.27
32,4096,1,1024,206.315
32,4096,1,4096,207.669
32,4096,1,16384,784.513
32,4096,2,32,214.462
32,4096,2,128,219.665
32,4096,2,512,237.377
32,4096,2,2048,311.776
32,4096,2,8192,605.08
32,4096,4,16,220.395
32,4096,4,64,221.376
32,4096,4,256,244.683
32,4096,4,1024,316.266
32,4096,4,4096,411.946
32,4096,4,16384,1569.86
32,4096,8,32,235.69
32,4096,8,128,259.936
32,4096,8,512,330.665
32,4096,8,2048,518.911
32,4096,8,8192,1575.17
32,4096,16,16,265.803
32,4096,16,64,267.761
32,4096,16,256,360.608
32,4096,16,1024,595.915
32,4096,16,4096,1409.96
32,4096,16,16384,5461.97
32,4096,32,32,323.392
32,4096,32,128,412.352
32,4096,32,512,649.13
32,4096,32,2048,1553.62
32,4096,32,8192,5162.55
32,4096,64,16,445.375
32,4096,64,64,451.081
32,4096,64,256,762.45
32,4096,64,1024,1684.55
32,4096,64,4096,5365.04
32,4096,64,16384,20827.8
32,8192,1,16,399.382
32,8192,1,64,398.182
32,8192,1,256,399.783
32,8192,1,1024,400.532
32,8192,1,4096,399.743
32,8192,1,16384,785.108
32,8192,2,32,406.602
32,8192,2,128,412.733
32,8192,2,512,429.216
32,8192,2,2048,503.979
32,8192,2,8192,794.508
32,8192,4,16,412.597
32,8192,4,64,411.456
32,8192,4,256,436.086
32,8192,4,1024,506.6
32,8192,4,4096,796.171
32,8192,4,16384,1569.02
32,8192,8,32,426.474
32,8192,8,128,449.122
32,8192,8,512,521.93
32,8192,8,2048,809.173
32,8192,8,8192,1577.92
32,8192,16,16,456.054
32,8192,16,64,457.343
32,8192,16,256,550.417
32,8192,16,1024,836.502
32,8192,16,4096,1598.3
32,8192,16,16384,5461.92
32,8192,32,32,513.579
32,8192,32,128,603.55
32,8192,32,512,871.089
32,8192,32,2048,1752.7
32,8192,32,8192,5143.48
32,8192,64,16,635.498
32,8192,64,64,643.721
32,8192,64,256,994.441
32,8192,64,1024,1935.2
32,8192,64,4096,5571.6
32,8192,64,16384,21072.5
32,16384,1,16,784.181
32,16384,1,64,785.564
32,16384,1,256,786.688
32,16384,1,1024,785.015
32,16384,1,4096,785.449
32,16384,1,16384,785.332
32,16384,2,32,790.13
32,16384,2,128,793.909
32,16384,2,512,812.948
32,16384,2,2048,889.71
32,16384,2,8192,1179.89
32,16384,4,16,793.29
32,16384,4,64,795.08
32,16384,4,256,814.414
32,16384,4,1024,889.025
32,16384,4,4096,1180.6
32,16384,4,16384,1572.6
32,16384,8,32,804.543
32,16384,8,128,829.121
32,16384,8,512,899.725
32,16384,8,2048,1193.3
32,16384,8,8192,1962.72
32,16384,16,16,834.782
32,16384,16,64,835.072
32,16384,16,256,928.678
32,16384,16,1024,1219.69
32,16384,16,4096,2180.58
32,16384,16,16384,5455.66
32,16384,32,32,891.411
32,16384,32,128,981.183
32,16384,32,512,1251.27
32,16384,32,2048,2237.39
32,16384,32,8192,5901.12
32,16384,64,16,1014.39
32,16384,64,64,1023.24
32,16384,64,256,1396.44
32,16384,64,1024,2429.99
32,16384,64,4096,6147.06
32,16384,64,16384,21158.3
64,0,1,16,15.542
64,0,1,64,15.6587
64,0,1,256,25.8563
64,0,1,1024,61.642
64,0,1,4096,206.869
64,0,1,16384,785.508
64,0,2,32,23.744
64,0,2,128,29.8343
64,0,2,512,47.648
64,0,2,2048,120.008
64,0,2,8192,408.288
64,0,4,16,23.9253
64,0,4,64,24.2557
64,0,4,256,46.3473
64,0,4,1024,118.485
64,0,4,4096,407.722
64,0,4,16384,1569.79
64,0,8,32,39.957
64,0,8,128,60.7887
64,0,8,512,132.554
64,0,8,2048,421.162
64,0,8,8192,1571.19
64,0,16,16,62.7307
64,0,16,64,64.7893
64,0,16,256,144.384
64,0,16,1024,398.294
64,0,16,4096,1407.11
64,0,16,16384,5444.01
64,0,32,32,111.424
64,0,32,128,186.323
64,0,32,512,421.408
64,0,32,2048,1364.45
64,0,32,8192,5135.48
64,0,64,16,210.837
64,0,64,64,217.012
64,0,64,256,522.378
64,0,64,1024,1443.89
64,0,64,4096,5196.34
64,0,64,16384,20407.7
64,16,1,16,15.648
64,16,1,64,15.7647
64,16,1,256,25.856
64,16,1,1024,61.7703
64,16,1,4096,206.358
64,16,1,16384,783.294
64,16,2,32,23.904
64,16,2,128,29.8453
64,16,2,512,47.8393
64,16,2,2048,119.787
64,16,2,8192,408.253
64,16,4,16,24.1063
64,16,4,64,24.4803
64,16,4,256,46.3147
64,16,4,1024,118.677
64,16,4,4096,408.828
64,16,4,16384,1569.26
64,16,8,32,39.9037
64,16,8,128,60.5557
64,16,8,512,132.171
64,16,8,2048,420.927
64,16,8,8192,1570.85
64,16,16,16,62.9337
64,16,16,64,64.939
64,16,16,256,144.394
64,16,16,1024,397.898
64,16,16,4096,1406.59
64,16,16,16384,5444.57
64,16,32,32,111.468
64,16,32,128,186.315
64,16,32,512,420.978
64,16,32,2048,1365.26
64,16,32,8192,5135.31
64,16,64,16,210.9
64,16,64,64,217.205
64,16,64,256,522.89
64,16,64,1024,1449.27
64,16,64,4096,5202.37
64,16,64,16384,20382.2
64,32,1,16,15.531
64,32,1,64,15.7333
64,32,1,256,25.7813
64,32,1,1024,61.6313
64,32,1,4096,205.889
64,32,1,16384,782.293
64,32,2,32,23.925
64,32,2,128,30.08
64,32,2,512,48.0533
64,32,2,2048,120.085
64,32,2,8192,409.035
64,32,4,16,24.2137
64,32,4,64,24.5757
64,32,4,256,46.0693
64,32,4,1024,118.517
64,32,4,4096,408.438
64,32,4,16384,1569.08
64,32,8,32,40.1493
64,32,8,128,60.6187
64,32,8,512,132.458
64,32,8,2048,421.407
64,32,8,8192,1570.99
64,32,16,16,62.9977
64,32,16,64,64.907
64,32,16,256,144.619
64,32,16,1024,397.691
64,32,16,4096,1407.71
64,32,16,16384,5442.55
64,32,32,32,111.851
64,32,32,128,186.176
64,32,32,512,421.185
64,32,32,2048,1365.67
64,32,32,8192,5135.69
64,32,64,16,210.996
64,32,64,64,217.311
64,32,64,256,522.249
64,32,64,1024,1447.92
64,32,64,4096,5196.7
64,32,64,16384,20406.8
64,64,1,16,15.584
64,64,1,64,15.8187
64,64,1,256,25.824
64,64,1,1024,61.845
64,64,1,4096,206.975
64,64,1,16384,786.524
64,64,2,32,24.032
64,64,2,128,30.133
64,64,2,512,48.2457
64,64,2,2048,120.182
64,64,2,8192,407.498
64,64,4,16,24.266
64,64,4,64,24.672
64,64,4,256,46.314
64,64,4,1024,118.717
64,64,4,4096,408.367
64,64,4,16384,1568.37
64,64,8,32,40.447
64,64,8,128,60.501
64,64,8,512,132.521
64,64,8,2048,421.387
64,64,8,8192,1571.53
64,64,16,16,63.1147
64,64,16,64,65.172
64,64,16,256,144.522
64,64,16,1024,398.197
64,64,16,4096,1406.85
64,64,16,16384,5450.21
64,64,32,32,112.127
64,64,32,128,186.42
64,64,32,512,421.152
64,64,32,2048,1365.64
64,64,32,8192,5133.05
64,64,64,16,211.125
64,64,64,64,217.493
64,64,64,256,521.695
64,64,64,1024,1446.78
64,64,64,4096,5194.99
64,64,64,16384,20407.1
64,128,1,16,20.565
64,128,1,64,20.5973
64,128,1,256,26.1223
64,128,1,1024,61.9193
64,128,1,4096,206.57
64,128,1,16384,785.554
64,128,2,32,30.1867
64,128,2,128,35.4133
64,128,2,512,54.41
64,128,2,2048,126.154
64,128,2,8192,414.409
64,128,4,16,34.464
64,128,4,64,34.5813
64,128,4,256,46.208
64,128,4,1024,118.752
64,128,4,4096,408.425
64,128,4,16384,1567.84
64,128,8,32,46.0687
64,128,8,128,63.093
64,128,8,512,132.543
64,128,8,2048,421.056
64,128,8,8192,1571.33
64,128,16,16,69.088
64,128,16,64,71.1363
64,128,16,256,144.523
64,128,16,1024,397.262
64,128,16,4096,1407.71
64,128,16,16384,5444.59
64,128,32,32,123.596
64,128,32,128,189.056
64,128,32,512,420.607
64,128,32,2048,1366.06
64,128,32,8192,5142.46
64,128,64,16,217.44
64,128,64,64,224.021
64,128,64,256,523.52
64,128,64,1024,1469.3
64,128,64,4096,5225.12
64,128,64,16384,20423.5
64,256,1,16,26.432
64,256,1,64,26.4533
64,256,1,256,26.9547
64,256,1,1024,61.8027
64,256,1,4096,206.551
64,256,1,16384,783.774
64,256,2,32,36.0323
64,256,2,128,41.344
64,256,2,512,60.5343
64,256,2,2048,131.829
64,256,2,8192,419.881
64,256,4,16,43.6267
64,256,4,64,44.159
64,256,4,256,48.438
64,256,4,1024,118.656
64,256,4,4096,408.435
64,256,4,16384,1568.71
64,256,8,32,54.421
64,256,8,128,69.056
64,256,8,512,132.491
64,256,8,2048,420.894
64,256,8,8192,1572.42
64,256,16,16,79.4553
64,256,16,64,80.821
64,256,16,256,147.892
64,256,16,1024,396.191
64,256,16,4096,1407.83
64,256,16,16384,5449.23
64,256,32,32,130.454
64,256,32,128,201.247
64,256,32,512,420.414
64,256,32,2048,1368.02
64,256,32,8192,5151.01
64,256,64,16,226.689
64,256,64,64,232.512
64,256,64,256,528.086
64,256,64,1024,1482.37
64,256,64,4096,5239.4
64,256,64,16384,20445.8
64,512,1,16,38.2503
64,512,1,64,38.3573
64,512,1,256,38.549
64,512,1,1024,61.8033
64,512,1,4096,206.646
64,512,1,16384,785.367
64,512,2,32,48.0963
64,512,2,128,53.195
64,512,2,512,71.6697
64,512,2,2048,143.799
64,512,2,8192,431.861
64,512,4,16,55.2957
64,512,4,64,55.9147
64,512,4,256,70.87
64,512,4,1024,118.593
64,512,4,4096,407.947
64,512,4,16384,1569.03
64,512,8,32,70.623
64,512,8,128,84.6077
64,512,8,512,135.37
64,512,8,2048,420.525
64,512,8,8192,1572.59
64,512,16,16,94.508
64,512,16,64,95.855
64,512,16,256,159.797
64,512,16,1024,396.844
64,512,16,4096,1408.39
64,512,16,16384,5454.71
64,512,32,32,143.286
64,512,32,128,218.442
64,512,32,512,422.538
64,512,32,2048,1367.39
64,512,32,8192,5173.56
64,512,64,16,242.698
64,512,64,64,249.247
64,512,64,256,539.423
64,512,64,1024,1482.84
64,512,64,4096,5281.7
64,512,64,16384,20502.2
64,1024,1,16,62.453
64,1024,1,64,62.4533
64,1024,1,256,62.6457
64,1024,1,1024,63.061
64,1024,1,4096,206.186
64,1024,1,16384,782.356
64,1024,2,32,72.0743
64,1024,2,128,77.462
64,1024,2,512,95.2853
64,1024,2,2048,168.939
64,1024,2,8192,460.066
64,1024,4,16,79.104
64,1024,4,64,79.6693
64,1024,4,256,102.752
64,1024,4,1024,121.14
64,1024,4,4096,408.658
64,1024,4,16384,1570.06
64,1024,8,32,94.6653
64,1024,8,128,117.717
64,1024,8,512,159.264
64,1024,8,2048,420.043
64,1024,8,8192,1573
64,1024,16,16,124.864
64,1024,16,64,126.923
64,1024,16,256,198.901
64,1024,16,1024,399.923
64,1024,16,4096,1408.56
64,1024,16,16384,5461.9
64,1024,32,32,174.293
64,1024,32,128,243.732
64,1024,32,512,472.052
64,1024,32,2048,1367.95
64,1024,32,8192,5179.48
64,1024,64,16,273.972
64,1024,64,64,280.362
64,1024,64,256,579.458
64,1024,64,1024,1484.11
64,1024,64,4096,5327.06
64,1024,64,16384,20539.9
64,2048,1,16,110.528
64,2048,1,64,110.751
64,2048,1,256,110.805
64,2048,1,1024,110.933
64,2048,1,4096,206.157
64,2048,1,16384,783.292
64,2048,2,32,119.734
64,2048,2,128,124.287
64,2048,2,512,142.677
64,2048,2,2048,216.48
64,2048,2,8192,508.118
64,2048,4,16,126.613
64,2048,4,64,127.231
64,2048,4,256,149.952
64,2048,4,1024,213.887
64,2048,4,4096,408.405
64,2048,4,16384,1570.7
64,2048,8,32,142.053
64,2048,8,128,165.397
64,2048,8,512,235.943
64,2048,8,2048,423.292
64,2048,8,8192,1573.93
64,2048,16,16,172.16
64,2048,16,64,174.219
64,2048,16,256,250.411
64,2048,16,1024,447.68
64,2048,16,4096,1408.48
64,2048,16,16384,5464.6
64,2048,32,32,229.738
64,2048,32,128,304.267
64,2048,32,512,525.589
64,2048,32,2048,1367.41
64,2048,32,8192,5176.72
64,2048,64,16,331.115
64,2048,64,64,337.141
64,2048,64,256,633.589
64,2048,64,1024,1535.12
64,2048,64,4096,5349.7
64,2048,64,16384,20624.2
64,4096,1,16,207.21
64,4096,1,64,207.028
64,4096,1,256,207.147
64,4096,1,1024,207.084
64,4096,1,4096,207.861
64,4096,1,16384,785.129
64,4096,2,32,215.753
64,4096,2,128,219.975
64,4096,2,512,238.101
64,4096,2,2048,312.362
64,4096,2,8192,605.141
64,4096,4,16,221.867
64,4096,4,64,221.835
64,4096,4,256,245.13
64,4096,4,1024,316.172
64,4096,4,4096,411.817
64,4096,4,16384,1569.26
64,4096,8,32,237.301
64,4096,8,128,260.085
64,4096,8,512,331.857
64,4096,8,2048,519.87
64,4096,8,8192,1574.59
64,4096,16,16,266.955
64,4096,16,64,268.916
64,4096,16,256,361.724
64,4096,16,1024,596.375
64,4096,16,4096,1410.07
64,4096,16,16384,5455.45
64,4096,32,32,324.852
64,4096,32,128,413.834
64,4096,32,512,651.392
64,4096,32,2048,1559.32
64,4096,32,8192,5167.28
64,4096,64,16,445.962
64,4096,64,64,453.275
64,4096,64,256,764.223
64,4096,64,1024,1685.59
64,4096,64,4096,5361.11
64,4096,64,16384,20812
64,8192,1,16,399.487
64,8192,1,64,399.009
64,8192,1,256,399.742
64,8192,1,1024,399.433
64,8192,1,4096,399.893
64,8192,1,16384,785.177
64,8192,2,32,406.484
64,8192,2,128,410.937
64,8192,2,512,429.151
64,8192,2,2048,504.649
64,8192,2,8192,796.407
64,8192,4,16,412.896
64,8192,4,64,413.502
64,8192,4,256,436.148
64,8192,4,1024,508.183
64,8192,4,4096,796.565
64,8192,4,16384,1569.43
64,8192,8,32,426.527
64,8192,8,128,448.896
64,8192,8,512,521.78
64,8192,8,2048,810.457
64,8192,8,8192,1574.38
64,8192,16,16,455.967
64,8192,16,64,458.204
64,8192,16,256,551.588
64,8192,16,1024,838.22
64,8192,16,4096,1601.11
64,8192,16,16384,5460.05
64,8192,32,32,513.513
64,8192,32,128,603.498
64,8192,32,512,872.275
64,8192,32,2048,1753.02
64,8192,32,8192,5140.09
64,8192,64,16,636.02
64,8192,64,64,644.223
64,8192,64,256,994.026
64,8192,64,1024,1934.15
64,8192,64,4096,5576.08
64,8192,64,16384,21095.4
64,16384,1,16,783.977
64,16384,1,64,785.599
64,16384,1,256,786.362
64,16384,1,1024,784.163
64,16384,1,4096,784.792
64,16384,1,16384,786.251
64,16384,2,32,790.762
64,16384,2,128,794.715
64,16384,2,512,813.909
64,16384,2,2048,890.953
64,16384,2,8192,1180.23
64,16384,4,16,792.682
64,16384,4,64,793.928
64,16384,4,256,816.873
64,16384,4,1024,889.544
64,16384,4,4096,1182.98
64,16384,4,16384,1574.72
64,16384,8,32,807.376
64,16384,8,128,827.205
64,16384,8,512,899.808
64,16384,8,2048,1198.31
64,16384,8,8192,1960.22
64,16384,16,16,837.481
64,16384,16,64,835.23
64,16384,16,256,928.851
64,16384,16,1024,1219.45
64,16384,16,4096,2181.34
64,16384,16,16384,5457.31
64,16384,32,32,891.993
64,16384,32,128,982.488
64,16384,32,512,1252.52
64,16384,32,2048,2237.55
64,16384,32,8192,5906.1
64,16384,64,16,1015.56
64,16384,64,64,1024.47
64,16384,64,256,1396.18
64,16384,64,1024,2428.15
64,16384,64,4096,6157.29
64,16384,64,16384,21152.3
128,0,1,16,24.704
128,0,1,64,24.768
128,0,1,256,36.3413
128,0,1,1024,72.074
128,0,1,4096,215.168
128,0,1,16384,791.486
128,0,2,32,25.3227
128,0,2,128,33.5997
128,0,2,512,57.0457
128,0,2,2048,128.906
128,0,2,8192,417.628
128,0,4,16,33.1193
128,0,4,64,33.7177
128,0,4,256,56.2987
128,0,4,1024,127.734
128,0,4,4096,415.733
128,0,4,16384,1570.68
128,0,8,32,43.6903
128,0,8,128,63.285
128,0,8,512,134.241
128,0,8,2048,422.528
128,0,8,8192,1573.85
128,0,16,16,71.3597
128,0,16,64,73.1307
128,0,16,256,148.565
128,0,16,1024,401.803
128,0,16,4096,1410.94
128,0,16,16384,5449.16
128,0,32,32,123.904
128,0,32,128,198.474
128,0,32,512,430.141
128,0,32,2048,1373.18
128,0,32,8192,5149.38
128,0,64,16,226.069
128,0,64,64,231.914
128,0,64,256,535.061
128,0,64,1024,1472.58
128,0,64,4096,5227.36
128,0,64,16384,20437.2
128,16,1,16,30.3147
128,16,1,64,30.6237
128,16,1,256,36.7783
128,16,1,1024,72.2127
128,16,1,4096,215.764
128,16,1,16384,791.893
128,16,2,32,31.0073
128,16,2,128,34.8477
128,16,2,512,57.483
128,16,2,2048,129.429
128,16,2,8192,417.227
128,16,4,16,38.624
128,16,4,64,39.221
128,16,4,256,57.3547
128,16,4,1024,128.427
128,16,4,4096,415.979
128,16,4,16384,1570.22
128,16,8,32,53.7383
128,16,8,128,64.619
128,16,8,512,134.251
128,16,8,2048,423.228
128,16,8,8192,1575.37
128,16,16,16,78.357
128,16,16,64,79.625
128,16,16,256,149.568
128,16,16,1024,401.396
128,16,16,4096,1412.57
128,16,16,16384,5449.41
128,16,32,32,130.699
128,16,32,128,202.197
128,16,32,512,433.214
128,16,32,2048,1374.64
128,16,32,8192,5146.48
128,16,64,16,233.685
128,16,64,64,239.52
128,16,64,256,536.356
128,16,64,1024,1487.68
128,16,64,4096,5233.2
128,16,64,16384,20423.9
128,32,1,16,30.454
128,32,1,64,30.6987
128,32,1,256,36.587
128,32,1,1024,72.1917
128,32,1,4096,215.562
128,32,1,16384,791.843
128,32,2,32,31.018
128,32,2,128,35.147
128,32,2,512,57.7067
128,32,2,2048,128.981
128,32,2,8192,416.315
128,32,4,16,38.731
128,32,4,64,39.2113
128,32,4,256,57.6647
128,32,4,1024,128.544
128,32,4,4096,416.095
128,32,4,16384,1569.66
128,32,8,32,53.9303
128,32,8,128,64.992
128,32,8,512,134.474
128,32,8,2048,422.944
128,32,8,8192,1574.48
128,32,16,16,78.496
128,32,16,64,80.1067
128,32,16,256,149.856
128,32,16,1024,401.034
128,32,16,4096,1410.82
128,32,16,16384,5452.24
128,32,32,32,130.805
128,32,32,128,202.122
128,32,32,512,433.354
128,32,32,2048,1375.09
128,32,32,8192,5148.99
128,32,64,16,233.672
128,32,64,64,240.042
128,32,64,256,536.198
128,32,64,1024,1488.85
128,32,64,4096,5241.08
128,32,64,16384,20418.2
128,64,1,16,30.6773
128,64,1,64,30.8907
128,64,1,256,36.779
128,64,1,1024,72.3303
128,64,1,4096,215.657
128,64,1,16384,788.222
128,64,2,32,31.2423
128,64,2,128,35.2217
128,64,2,512,57.7497
128,64,2,2048,129.376
128,64,2,8192,415.849
128,64,4,16,38.933
128,64,4,64,39.3913
128,64,4,256,57.7063
128,64,4,1024,128.449
128,64,4,4096,415.936
128,64,4,16384,1571.16
128,64,8,32,54.0057
128,64,8,128,64.907
128,64,8,512,134.24
128,64,8,2048,423.349
128,64,8,8192,1575.98
128,64,16,16,78.58
128,64,16,64,80.3203
128,64,16,256,150.251
128,64,16,1024,401.035
128,64,16,4096,1411.93
128,64,16,16384,5451.93
128,64,32,32,131.18
128,64,32,128,202.207
128,64,32,512,433.261
128,64,32,2048,1375.2
128,64,32,8192,5144.74
128,64,64,16,233.941
128,64,64,64,239.956
128,64,64,256,536.234
128,64,64,1024,1488.58
128,64,64,4096,5244.3
128,64,64,16384,20411.5
128,128,1,16,31.3067
128,128,1,64,31.339
128,128,1,256,42.7083
128,128,1,1024,78.2393
128,128,1,4096,222.303
128,128,1,16384,798.184
128,128,2,32,35.467
128,128,2,128,37.003
128,128,2,512,69.6953
128,128,2,2048,141.493
128,128,2,8192,429.879
128,128,4,16,39.989
128,128,4,64,40.1283
128,128,4,256,62.6347
128,128,4,1024,134.261
128,128,4,4096,421.268
128,128,4,16384,1575.69
128,128,8,32,55.0397
128,128,8,128,67.103
128,128,8,512,134.878
128,128,8,2048,422.475
128,128,8,8192,1575.26
128,128,16,16,80.4373
128,128,16,64,81.8557
128,128,16,256,152.309
128,128,16,1024,400.553
128,128,16,4096,1412.51
128,128,16,16384,5456.31
128,128,32,32,134.091
128,128,32,128,206.08
128,128,32,512,439.031
128,128,32,2048,1378.89
128,128,32,8192,5163.78
128,128,64,16,236.854
128,128,64,64,242.859
128,128,64,256,537.94
128,128,64,1024,1493.11
128,128,64,4096,5249.57
128,128,64,16384,20431
128,256,1,16,37.3543
128,256,1,64,37.8133
128,256,1,256,48.9073
128,256,1,1024,84.7257
128,256,1,4096,228.244
128,256,1,16384,803.929
128,256,2,32,45.034
128,256,2,128,47.4877
128,256,2,512,69.4503
128,256,2,2048,153.024
128,256,2,8192,440.504
128,256,4,16,48.4383
128,256,4,64,48.6513
128,256,4,256,69.344
128,256,4,1024,140.502
128,256,4,4096,429.022
128,256,4,16384,1577.39
128,256,8,32,64.1177
128,256,8,128,82.4213
128,256,8,512,135.604
128,256,8,2048,422.604
128,256,8,8192,1575.55
128,256,16,16,90.7193
128,256,16,64,91.7113
128,256,16,256,167.52
128,256,16,1024,401.459
128,256,16,4096,1413.62
128,256,16,16384,5461.63
128,256,32,32,143.882
128,256,32,128,214.677
128,256,32,512,446.062
128,256,32,2048,1379.18
128,256,32,8192,5178.59
128,256,64,16,247.199
128,256,64,64,252.98
128,256,64,256,543.637
128,256,64,1024,1497.68
128,256,64,4096,5297.12
128,256,64,16384,20469.3
128,512,1,16,49.4293
128,512,1,64,49.802
128,512,1,256,61.216
128,512,1,1024,96.639
128,512,1,4096,240.032
128,512,1,16384,814.709
128,512,2,32,56.5437
128,512,2,128,67.6877
128,512,2,512,73.12
128,512,2,2048,176.854
128,512,2,8192,463.926
128,512,4,16,65.9307
128,512,4,64,66.528
128,512,4,256,81.258
128,512,4,1024,152.458
128,512,4,4096,440.117
128,512,4,16384,1588.18
128,512,8,32,81.322
128,512,8,128,99.359
128,512,8,512,139.424
128,512,8,2048,422.41
128,512,8,8192,1577.65
128,512,16,16,107.669
128,512,16,64,109.461
128,512,16,256,181.28
128,512,16,1024,402.399
128,512,16,4096,1413.38
128,512,16,16384,5486.48
128,512,32,32,163.52
128,512,32,128,235.689
128,512,32,512,458.496
128,512,32,2048,1386.51
128,512,32,8192,5243.33
128,512,64,16,267.173
128,512,64,64,272.863
128,512,64,256,566.495
128,512,64,1024,1498.65
128,512,64,4096,5330.47
128,512,64,16384,20560.3
128,1024,1,16,73.5997
128,1024,1,64,73.43
128,1024,1,256,84.3837
128,1024,1,1024,120.757
128,1024,1,4096,264.671
128,1024,1,16384,842.166
128,1024,2,32,80.4797
128,1024,2,128,91.7113
128,1024,2,512,119.081
128,1024,2,2048,213.436
128,1024,2,8192,514.464
128,1024,4,16,89.6847
128,1024,4,64,90.837
128,1024,4,256,119.999
128,1024,4,1024,176.863
128,1024,4,4096,466.751
128,1024,4,16384,1630.27
128,1024,8,32,114.784
128,1024,8,128,135.092
128,1024,8,512,190.506
128,1024,8,2048,424.031
128,1024,8,8192,1576.76
128,1024,16,16,144.705
128,1024,16,64,145.74
128,1024,16,256,221.536
128,1024,16,1024,455.136
128,1024,16,4096,1411.05
128,1024,16,16384,5507.32
128,1024,32,32,200.224
128,1024,32,128,275.67
128,1024,32,512,487.318
128,1024,32,2048,1432.9
128,1024,32,8192,5253.29
128,1024,64,16,305.206
128,1024,64,64,311.423
128,1024,64,256,610.751
128,1024,64,1024,1502.49
128,1024,64,4096,5362.88
128,1024,64,16384,20598.6
128,2048,1,16,121.634
128,2048,1,64,121.974
128,2048,1,256,133.525
128,2048,1,1024,168.982
128,2048,1,4096,313.749
128,2048,1,16384,893.203
128,2048,2,32,128.224
128,2048,2,128,139.596
128,2048,2,512,175.252
128,2048,2,2048,217.778
128,2048,2,8192,611.082
128,2048,4,16,136.959
128,2048,4,64,137.717
128,2048,4,256,172.547
128,2048,4,1024,225.284
128,2048,4,4096,515.575
128,2048,4,16384,1679.9
128,2048,8,32,162.242
128,2048,8,128,196.823
128,2048,8,512,269.762
128,2048,8,2048,426.668
128,2048,8,8192,1575.76
128,2048,16,16,210.646
128,2048,16,64,212.778
128,2048,16,256,293.592
128,2048,16,1024,504.139
128,2048,16,4096,1418.41
128,2048,16,16384,5496.64
128,2048,32,32,270.83
128,2048,32,128,346.773
128,2048,32,512,570.066
128,2048,32,2048,1472.93
128,2048,32,8192,5254.02
128,2048,64,16,380.649
128,2048,64,64,386.484
128,2048,64,256,686.986
128,2048,64,1024,1600.5
128,2048,64,4096,5385.64
128,2048,64,16384,20694
128,4096,1,16,218.208
128,4096,1,64,218.038
128,4096,1,256,229.078
128,4096,1,1024,265.279
128,4096,1,4096,410.535
128,4096,1,16384,989.556
128,4096,2,32,223.753
128,4096,2,128,235.197
128,4096,2,512,271.782
128,4096,2,2048,403.348
128,4096,2,8192,792.434
128,4096,4,16,232.883
128,4096,4,64,232.607
128,4096,4,256,268.2
128,4096,4,1024,374.859
128,4096,4,4096,608.394
128,4096,4,16384,1777.27
128,4096,8,32,257.322
128,4096,8,128,291.871
128,4096,8,512,398.612
128,4096,8,2048,621.322
128,4096,8,8192,1582.42
128,4096,16,16,305.814
128,4096,16,64,308.821
128,4096,16,256,429.023
128,4096,16,1024,656.35
128,4096,16,4096,1598.59
128,4096,16,16384,5499
128,4096,32,32,404.02
128,4096,32,128,489.052
128,4096,32,512,725.644
128,4096,32,2048,1568.87
128,4096,32,8192,5394.98
128,4096,64,16,520.756
128,4096,64,64,528.342
128,4096,64,256,839.476
128,4096,64,1024,1760.7
128,4096,64,4096,5389.25
128,4096,64,16384,20870.8
128,8192,1,16,410.1
128,8192,1,64,410.74
128,8192,1,256,421.366
128,8192,1,1024,456.312
128,8192,1,4096,604.591
128,8192,1,16384,1184.33
128,8192,2,32,417.365
128,8192,2,128,427.444
128,8192,2,512,464.54
128,8192,2,2048,607.145
128,8192,2,8192,796.52
128,8192,4,16,423.242
128,8192,4,64,424.683
128,8192,4,256,459.21
128,8192,4,1024,566.132
128,8192,4,4096,802.261
128,8192,4,16384,1965.22
128,8192,8,32,449.653
128,8192,8,128,482.593
128,8192,8,512,590.165
128,8192,8,2048,914.546
128,8192,8,8192,1583.04
128,8192,16,16,495.585
128,8192,16,64,499.977
128,8192,16,256,637.826
128,8192,16,1024,960.351
128,8192,16,4096,1801.29
128,8192,16,16384,5492.24
128,8192,32,32,594.791
128,8192,32,128,734.559
128,8192,32,512,1011.25
128,8192,32,2048,1949.55
128,8192,32,8192,5527.93
128,8192,64,16,788.693
128,8192,64,64,797.483
128,8192,64,256,1132.63
128,8192,64,1024,2065.74
128,8192,64,4096,5775.83
128,8192,64,16384,21141.2
128,16384,1,16,796.127
128,16384,1,64,794.315
128,16384,1,256,807.992
128,16384,1,1024,842.451
128,16384,1,4096,990.921
128,16384,1,16384,1565.61
128,16384,2,32,799.403
128,16384,2,128,813.046
128,16384,2,512,847.235
128,16384,2,2048,994.218
128,16384,2,8192,1562.84
128,16384,4,16,807.354
128,16384,4,64,808.45
128,16384,4,256,843.038
128,16384,4,1024,950.57
128,16384,4,4096,1386.31
128,16384,4,16384,2337.88
128,16384,8,32,830.636
128,16384,8,128,864.723
128,16384,8,512,969.709
128,16384,8,2048,1403.75
128,16384,8,8192,2344.58
128,16384,16,16,876.087
128,16384,16,64,878.933
128,16384,16,256,1019.03
128,16384,16,1024,1457.29
128,16384,16,4096,2376.63
128,16384,16,16384,6176.23
128,16384,32,32,974.747
128,16384,32,128,1114.9
128,16384,32,512,1551.53
128,16384,32,2048,2513.59
128,16384,32,8192,5913.87
128,16384,64,16,1167.84
128,16384,64,64,1178.19
128,16384,64,256,1684.91
128,16384,64,1024,2670.36
128,16384,64,4096,6384.96
128,16384,64,16384,21176.9
256,0,1,16,39.584
256,0,1,64,39.5093
256,0,1,256,47.9673
256,0,1,1024,83.1773
256,0,1,4096,225.227
256,0,1,16384,802.613
256,0,2,32,43.2
256,0,2,128,48.117
256,0,2,512,73.258
256,0,2,2048,151.808
256,0,2,8192,439.389
256,0,4,16,51.2633
256,0,4,64,51.6053
256,0,4,256,70.5383
256,0,4,1024,144.331
256,0,4,4096,429.194
256,0,4,16384,1580.34
256,0,8,32,66.953
256,0,8,128,82.8477
256,0,8,512,147.615
256,0,8,2048,427.508
256,0,8,8192,1584.72
256,0,16,16,95.904
256,0,16,64,97.407
256,0,16,256,170.44
256,0,16,1024,414.282
256,0,16,4096,1424.57
256,0,16,16384,5472.26
256,0,32,32,154.922
256,0,32,128,225.717
256,0,32,512,460.052
256,0,32,2048,1400
256,0,32,8192,5186.1
256,0,64,16,270.261
256,0,64,64,275.679
256,0,64,256,572.607
256,0,64,1024,1522.86
256,0,64,4096,5305.05
256,0,64,16384,20476.2
256,16,1,16,48.1603
256,16,1,64,48.4373
256,16,1,256,50.1653
256,16,1,1024,88.7573
256,16,1,4096,231.062
256,16,1,16384,804.878
256,16,2,32,52.5013
256,16,2,128,57.5143
256,16,2,512,74.4217
256,16,2,2048,159.136
256,16,2,8192,445.374
256,16,4,16,59.979
256,16,4,64,60.4483
256,16,4,256,74.6027
256,16,4,1024,150.366
256,16,4,4096,434.198
256,16,4,16384,1579.51
256,16,8,32,75.7223
256,16,8,128,91.551
256,16,8,512,152.565
256,16,8,2048,427.197
256,16,8,8192,1584.83
256,16,16,16,104.694
256,16,16,64,106.475
256,16,16,256,174.73
256,16,16,1024,418.25
256,16,16,4096,1425.71
256,16,16,16384,5472.17
256,16,32,32,164.01
256,16,32,128,235.296
256,16,32,512,463.998
256,16,32,2048,1407.7
256,16,32,8192,5205.42
256,16,64,16,280.011
256,16,64,64,285.291
256,16,64,256,578.021
256,16,64,1024,1526.11
256,16,64,4096,5335.15
256,16,64,16384,20482.2
256,32,1,16,48.3203
256,32,1,64,48.3413
256,32,1,256,49.9623
256,32,1,1024,88.789
256,32,1,4096,230.539
256,32,1,16384,805.616
256,32,2,32,52.6717
256,32,2,128,57.451
256,32,2,512,74.5173
256,32,2,2048,159.476
256,32,2,8192,446.897
256,32,4,16,60.1593
256,32,4,64,60.4163
256,32,4,256,74.933
256,32,4,1024,150.005
256,32,4,4096,434.527
256,32,4,16384,1584.63
256,32,8,32,75.8177
256,32,8,128,91.5083
256,32,8,512,152.093
256,32,8,2048,426.522
256,32,8,8192,1583.32
256,32,16,16,104.949
256,32,16,64,106.346
256,32,16,256,174.794
256,32,16,1024,417.467
256,32,16,4096,1426.86
256,32,16,16384,5475.23
256,32,32,32,164.106
256,32,32,128,235.296
256,32,32,512,464.254
256,32,32,2048,1406.19
256,32,32,8192,5206.82
256,32,64,16,280.18
256,32,64,64,285.621
256,32,64,256,577.866
256,32,64,1024,1526.44
256,32,64,4096,5330.9
256,32,64,16384,20502.1
256,64,1,16,48.448
256,64,1,64,48.64
256,64,1,256,50.4213
256,64,1,1024,88.5113
256,64,1,4096,231.359
256,64,1,16384,806.693
256,64,2,32,52.7137
256,64,2,128,58.1113
256,64,2,512,74.9113
256,64,2,2048,159.903
256,64,2,8192,447.558
256,64,4,16,60.4047
256,64,4,64,60.8317
256,64,4,256,75.2213
256,64,4,1024,149.739
256,64,4,4096,433.848
256,64,4,16384,1582.24
256,64,8,32,75.9683
256,64,8,128,91.84
256,64,8,512,152.299
256,64,8,2048,427.787
256,64,8,8192,1584.43
256,64,16,16,105.611
256,64,16,64,106.793
256,64,16,256,175.134
256,64,16,1024,418.079
256,64,16,4096,1425.36
256,64,16,16384,5480.1
256,64,32,32,164.458
256,64,32,128,235.712
256,64,32,512,464.149
256,64,32,2048,1407.67
256,64,32,8192,5200.38
256,64,64,16,280.224
256,64,64,64,285.919
256,64,64,256,578.057
256,64,64,1024,1524.81
256,64,64,4096,5332.23
256,64,64,16384,20508.7
256,128,1,16,51.072
256,128,1,64,51.264
256,128,1,256,51.8507
256,128,1,1024,95.5413
256,128,1,4096,237.717
256,128,1,16384,812.097
256,128,2,32,55.701
256,128,2,128,60.7363
256,128,2,512,78.891
256,128,2,2048,169.941
256,128,2,8192,456.968
256,128,4,16,64.341
256,128,4,64,64.8427
256,128,4,256,83.5303
256,128,4,1024,157.962
256,128,4,4096,441.919
256,128,4,16384,1587.63
256,128,8,32,80.117
256,128,8,128,96.874
256,128,8,512,157.333
256,128,8,2048,427.434
256,128,8,8192,1584.08
256,128,16,16,109.728
256,128,16,64,111.445
256,128,16,256,178.85
256,128,16,1024,422.966
256,128,16,4096,1428.85
256,128,16,16384,5481.63
256,128,32,32,169.407
256,128,32,128,240.79
256,128,32,512,468.277
256,128,32,2048,1414.25
256,128,32,8192,5228.93
256,128,64,16,285.267
256,128,64,64,290.643
256,128,64,256,583.146
256,128,64,1024,1530.26
256,128,64,4096,5342.03
256,128,64,16384,20550
256,256,1,16,62.9017
256,256,1,64,62.8263
256,256,1,256,62.8587
256,256,1,1024,107.797
256,256,1,4096,249.919
256,256,1,16384,822.576
256,256,2,32,67.5837
256,256,2,128,74.9237
256,256,2,512,90.996
256,256,2,2048,188.051
256,256,2,8192,475.49
256,256,4,16,76.7887
256,256,4,64,77.3653
256,256,4,256,98.3453
256,256,4,1024,169.461
256,256,4,4096,452.979
256,256,4,16384,1596.95
256,256,8,32,93.2483
256,256,8,128,110.977
256,256,8,512,165.099
256,256,8,2048,428.64
256,256,8,8192,1586.15
256,256,16,16,123.136
256,256,16,64,125.098
256,256,16,256,194.379
256,256,16,1024,429.728
256,256,16,4096,1432.99
256,256,16,16384,5494.66
256,256,32,32,183.456
256,256,32,128,254.666
256,256,32,512,476.075
256,256,32,2048,1426.39
256,256,32,8192,5260.64
256,256,64,16,299.186
256,256,64,64,304.929
256,256,64,256,597.854
256,256,64,1024,1538.05
256,256,64,4096,5376.08
256,256,64,16384,20606.4
256,512,1,16,86.304
256,512,1,64,86.3993
256,512,1,256,86.805
256,512,1,1024,118.932
256,512,1,4096,273.654
256,512,1,16384,846.283
256,512,2,32,90.5277
256,512,2,128,96.2027
256,512,2,512,114.433
256,512,2,2048,216.042
256,512,2,8192,509.108
256,512,4,16,99.3817
256,512,4,64,100.171
256,512,4,256,121.397
256,512,4,1024,179.392
256,512,4,4096,477.555
256,512,4,16384,1625.81
256,512,8,32,118.197
256,512,8,128,137.417
256,512,8,512,185.662
256,512,8,2048,441.481
256,512,8,8192,1589.84
256,512,16,16,149.461
256,512,16,64,150.603
256,512,16,256,223.414
256,512,16,1024,446.165
256,512,16,4096,1449.93
256,512,16,16384,5526.19
256,512,32,32,210.667
256,512,32,128,283.539
256,512,32,512,506.368
256,512,32,2048,1447.62
256,512,32,8192,5319.78
256,512,64,16,327.924
256,512,64,64,333.396
256,512,64,256,627.306
256,512,64,1024,1558.83
256,512,64,4096,5410.07
256,512,64,16384,20666.6
256,1024,1,16,133.706
256,1024,1,64,133.739
256,1024,1,256,133.472
256,1024,1,1024,134.005
256,1024,1,4096,320.437
256,1024,1,16384,893.781
256,1024,2,32,137.376
256,1024,2,128,143.349
256,1024,2,512,163.54
256,1024,2,2048,233.321
256,1024,2,8192,579.581
256,1024,4,16,146.229
256,1024,4,64,146.41
256,1024,4,256,171.253
256,1024,4,1024,240.757
256,1024,4,4096,526.388
256,1024,4,16384,1694.24
256,1024,8,32,164.981
256,1024,8,128,188.521
256,1024,8,512,237.386
256,1024,8,2048,489.845
256,1024,8,8192,1587.39
256,1024,16,16,200.821
256,1024,16,64,201.525
256,1024,16,256,278.026
256,1024,16,1024,479.436
256,1024,16,4096,1481.26
256,1024,16,16384,5570.8
256,1024,32,32,263.852
256,1024,32,128,338.858
256,1024,32,512,561.568
256,1024,32,2048,1493.74
256,1024,32,8192,5354.42
256,1024,64,16,383.337
256,1024,64,64,389.247
256,1024,64,256,686.164
256,1024,64,1024,1597.06
256,1024,64,4096,5434.07
256,1024,64,16384,20737.1
256,2048,1,16,227.541
256,2048,1,64,228.084
256,2048,1,256,228.011
256,2048,1,1024,230.345
256,2048,1,4096,403.145
256,2048,1,16384,997.199
256,2048,2,32,231.616
256,2048,2,128,237.47
256,2048,2,512,256.158
256,2048,2,2048,329.141
256,2048,2,8192,720.852
256,2048,4,16,239.894
256,2048,4,64,240.639
256,2048,4,256,264.33
256,2048,4,1024,334.272
256,2048,4,4096,613.149
256,2048,4,16384,1789.85
256,2048,8,32,257.376
256,2048,8,128,281.354
256,2048,8,512,351.358
256,2048,8,2048,544.147
256,2048,8,8192,1598.3
256,2048,16,16,292.096
256,2048,16,64,295.231
256,2048,16,256,379.978
256,2048,16,1024,616.608
256,2048,16,4096,1537.07
256,2048,16,16384,5624.52
256,2048,32,32,365.621
256,2048,32,128,444.552
256,2048,32,512,671.166
256,2048,32,2048,1591.29
256,2048,32,8192,5384.95
256,2048,64,16,490.026
256,2048,64,64,495.978
256,2048,64,256,800.498
256,2048,64,1024,1704.42
256,2048,64,4096,5482.27
256,2048,64,16384,20913.6
256,4096,1,16,416.106
256,4096,1,64,417.195
256,4096,1,256,416.928
256,4096,1,1024,416.381
256,4096,1,4096,418.869
256,4096,1,16384,1185.3
256,4096,2,32,420.783
256,4096,2,128,426.725
256,4096,2,512,444.945
256,4096,2,2048,519.879
256,4096,2,8192,803.273
256,4096,4,16,429.258
256,4096,4,64,429.373
256,4096,4,256,452.667
256,4096,4,1024,525.001
256,4096,4,4096,811.85
256,4096,4,16384,1981.34
256,4096,8,32,445.887
256,4096,8,128,468.49
256,4096,8,512,543.486
256,4096,8,2048,738.25
256,4096,8,8192,1790.7
256,4096,16,16,478.516
256,4096,16,64,480.158
256,4096,16,256,574.624
256,4096,16,1024,816.277
256,4096,16,4096,1626.24
256,4096,16,16384,5713.05
256,4096,32,32,552.579
256,4096,32,128,648.32
256,4096,32,512,883.58
256,4096,32,2048,1788.45
256,4096,32,8192,5581.07
256,4096,64,16,695.6
256,4096,64,64,701.566
256,4096,64,256,1019.1
256,4096,64,1024,1938.94
256,4096,64,4096,5609.56
256,4096,64,16384,21161.4
256,8192,1,16,795.158
256,8192,1,64,794.688
256,8192,1,256,794.055
256,8192,1,1024,793.974
256,8192,1,4096,802.619
256,8192,1,16384,1565.92
256,8192,2,32,799.964
256,8192,2,128,803.88
256,8192,2,512,822.763
256,8192,2,2048,897.153
256,8192,2,8192,1184.04
256,8192,4,16,807.187
256,8192,4,64,808.982
256,8192,4,256,832.117
256,8192,4,1024,903.101
256,8192,4,4096,1185.61
256,8192,4,16384,2355.33
256,8192,8,32,824.081
256,8192,8,128,845.808
256,8192,8,512,918.93
256,8192,8,2048,1211.37
256,8192,8,8192,1976.54
256,8192,16,16,854.816
256,8192,16,64,856.328
256,8192,16,256,940.348
256,8192,16,1024,1245.29
256,8192,16,4096,2190.26
256,8192,16,16384,5902.68
256,8192,32,32,925.835
256,8192,32,128,1016.39
256,8192,32,512,1305.08
256,8192,32,2048,2249.71
256,8192,32,8192,5914.71
256,8192,64,16,1068.76
256,8192,64,64,1078.21
256,8192,64,256,1439.06
256,8192,64,1024,2382.99
256,8192,64,4096,6037.47
256,8192,64,16384,21215.4
256,16384,1,16,1553.09
256,16384,1,64,1552.49
256,16384,1,256,1552.1
256,16384,1,1024,1554.89
256,16384,1,4096,1553.21
256,16384,1,16384,1572.86
256,16384,2,32,1557.78
256,16384,2,128,1562.53
256,16384,2,512,1583.79
256,16384,2,2048,1656.34
256,16384,2,8192,1946.03
256,16384,4,16,1563.74
256,16384,4,64,1563.11
256,16384,4,256,1586.53
256,16384,4,1024,1661.05
256,16384,4,4096,1954.2
256,16384,4,16384,3104.18
256,16384,8,32,1580.31
256,16384,8,128,1599.02
256,16384,8,512,1673.57
256,16384,8,2048,1974.67
256,16384,8,8192,2750.02
256,16384,16,16,1612.97
256,16384,16,64,1613.93
256,16384,16,256,1695.92
256,16384,16,1024,1964.71
256,16384,16,4096,2974.47
256,16384,16,16384,6235.22
256,16384,32,32,1680.88
256,16384,32,128,1766
256,16384,32,512,2047.08
256,16384,32,2048,3069.94
256,16384,32,8192,6705.03
256,16384,64,16,1820.89
256,16384,64,64,1829.52
256,16384,64,256,2214.37
256,16384,64,1024,3250.16
256,16384,64,4096,6932.95
256,16384,64,16384,21966.8
512,0,1,16,88.65
512,0,1,64,88.5013
512,0,1,256,92.8643
512,0,1,1024,128.235
512,0,1,4096,272.809
512,0,1,16384,843.536
512,0,2,32,93.0873
512,0,2,128,97.1953
512,0,2,512,113.088
512,0,2,2048,219.872
512,0,2,8192,515.361
512,0,4,16,102.763
512,0,4,64,103.189
512,0,4,256,120.192
512,0,4,1024,192.351
512,0,4,4096,478.155
512,0,4,16384,1620.04
512,0,8,32,121.311
512,0,8,128,138.826
512,0,8,512,194.09
512,0,8,2048,457.704
512,0,8,8192,1604.23
512,0,16,16,158.005
512,0,16,64,159.018
512,0,16,256,229.728
512,0,16,1024,465.834
512,0,16,4096,1466.41
512,0,16,16384,5530.95
512,0,32,32,230.347
512,0,32,128,302.317
512,0,32,512,525.971
512,0,32,2048,1486.38
512,0,32,8192,5354.19
512,0,64,16,370.964
512,0,64,64,376.332
512,0,64,256,669.183
512,0,64,1024,1609.66
512,0,64,4096,5461.32
512,0,64,16384,20720.1
512,16,1,16,101.28
512,16,1,64,101.3
512,16,1,256,105.984
512,16,1,1024,137.184
512,16,1,4096,283.371
512,16,1,16384,852.027
512,16,2,32,105.683
512,16,2,128,110.474
512,16,2,512,122.772
512,16,2,2048,228.032
512,16,2,8192,529.598
512,16,4,16,114.879
512,16,4,64,115.669
512,16,4,256,132.938
512,16,4,1024,201.376
512,16,4,4096,488.404
512,16,4,16384,1633.22
512,16,8,32,134.027
512,16,8,128,152.555
512,16,8,512,203.541
512,16,8,2048,466.075
512,16,8,8192,1607.62
512,16,16,16,171.188
512,16,16,64,172.181
512,16,16,256,242.955
512,16,16,1024,474.463
512,16,16,4096,1471.58
512,16,16,16384,5548.32
512,16,32,32,244.031
512,16,32,128,315.734
512,16,32,512,535.241
512,16,32,2048,1497.29
512,16,32,8192,5372.31
512,16,64,16,384.469
512,16,64,64,390.027
512,16,64,256,683.532
512,16,64,1024,1617.64
512,16,64,4096,5471.15
512,16,64,16384,20724.4
512,32,1,16,101.172
512,32,1,64,101.247
512,32,1,256,105.908
512,32,1,1024,137.014
512,32,1,4096,283.665
512,32,1,16384,853.49
512,32,2,32,105.75
512,32,2,128,110.548
512,32,2,512,123.54
512,32,2,2048,228.146
512,32,2,8192,531.825
512,32,4,16,115.359
512,32,4,64,115.519
512,32,4,256,133.227
512,32,4,1024,201.504
512,32,4,4096,488.447
512,32,4,16384,1632.25
512,32,8,32,134.326
512,32,8,128,152.404
512,32,8,512,203.403
512,32,8,2048,465.183
512,32,8,8192,1606.01
512,32,16,16,171.05
512,32,16,64,172.01
512,32,16,256,243.573
512,32,16,1024,474.358
512,32,16,4096,1473.09
512,32,16,16384,5547.44
512,32,32,32,244.48
512,32,32,128,316.063
512,32,32,512,535.125
512,32,32,2048,1496.38
512,32,32,8192,5379.98
512,32,64,16,384.852
512,32,64,64,390.144
512,32,64,256,683.233
512,32,64,1024,1618.41
512,32,64,4096,5467.43
512,32,64,16384,20734.5
512,64,1,16,101.13
512,64,1,64,101.684
512,64,1,256,106.249
512,64,1,1024,137.204
512,64,1,4096,283.317
512,64,1,16384,856.211
512,64,2,32,106.057
512,64,2,128,110.816
512,64,2,512,123.445
512,64,2,2048,228.533
512,64,2,8192,530.347
512,64,4,16,115.509
512,64,4,64,115.68
512,64,4,256,133.556
512,64,4,1024,201.546
512,64,4,4096,488.948
512,64,4,16384,1631.57
512,64,8,32,134.069
512,64,8,128,152.479
512,64,8,512,204.064
512,64,8,2048,465.45
512,64,8,8192,1606.42
512,64,16,16,170.581
512,64,16,64,172.245
512,64,16,256,243.156
512,64,16,1024,475.157
512,64,16,4096,1473.76
512,64,16,16384,5552.11
512,64,32,32,244.331
512,64,32,128,316.009
512,64,32,512,535.189
512,64,32,2048,1497.37
512,64,32,8192,5370.87
512,64,64,16,384.479
512,64,64,64,390.227
512,64,64,256,683.816
512,64,64,1024,1617.1
512,64,64,4096,5467.23
512,64,64,16384,20738.5
512,128,1,16,109.375
512,128,1,64,109.237
512,128,1,256,114.772
512,128,1,1024,145.362
512,128,1,4096,294.591
512,128,1,16384,865.492
512,128,2,32,114.784
512,128,2,128,119.893
512,128,2,512,131.882
512,128,2,2048,238.943
512,128,2,8192,552.457
512,128,4,16,124.053
512,128,4,64,124.575
512,128,4,256,142.09
512,128,4,1024,210.527
512,128,4,4096,499.318
512,128,4,16384,1642.48
512,128,8,32,143.423
512,128,8,128,161.61
512,128,8,512,213.343
512,128,8,2048,475.252
512,128,8,8192,1609.58
512,128,16,16,179.83
512,128,16,64,181.46
512,128,16,256,252.799
512,128,16,1024,484.383
512,128,16,4096,1481.37
512,128,16,16384,5570.61
512,128,32,32,253.516
512,128,32,128,325.212
512,128,32,512,545.002
512,128,32,2048,1507.52
512,128,32,8192,5384.67
512,128,64,16,393.749
512,128,64,64,399.554
512,128,64,256,693.279
512,128,64,1024,1626.51
512,128,64,4096,5479.61
512,128,64,16384,20737.8
512,256,1,16,131.136
512,256,1,64,131.264
512,256,1,256,136.811
512,256,1,1024,161.149
512,256,1,4096,316.052
512,256,1,16384,886.46
512,256,2,32,136.618
512,256,2,128,140.736
512,256,2,512,152.749
512,256,2,2048,255.338
512,256,2,8192,586.1
512,256,4,16,145.43
512,256,4,64,146.282
512,256,4,256,164.671
512,256,4,1024,227.299
512,256,4,4096,522.175
512,256,4,16384,1663.31
512,256,8,32,164.927
512,256,8,128,183.254
512,256,8,512,237.067
512,256,8,2048,492.727
512,256,8,8192,1619.5
512,256,16,16,201.633
512,256,16,64,203.007
512,256,16,256,276.054
512,256,16,1024,501.824
512,256,16,4096,1499.34
512,256,16,16384,5611.7
512,256,32,32,275.542
512,256,32,128,348.759
512,256,32,512,567.362
512,256,32,2048,1526.78
512,256,32,8192,5421.68
512,256,64,16,417.163
512,256,64,64,422.582
512,256,64,256,716.992
512,256,64,1024,1644.92
512,256,64,4096,5495.15
512,256,64,16384,20784.9
512,512,1,16,176.597
512,512,1,64,176.31
512,512,1,256,180.255
512,512,1,1024,194.399
512,512,1,4096,359.039
512,512,1,16384,929.374
512,512,2,32,180.502
512,512,2,128,185.131
512,512,2,512,196.394
512,512,2,2048,291.223
512,512,2,8192,655.741
512,512,4,16,189.192
512,512,4,64,189.749
512,512,4,256,207.573
512,512,4,1024,260.768
512,512,4,4096,570.956
512,512,4,16384,1703.36
512,512,8,32,208.384
512,512,8,128,226.954
512,512,8,512,281.833
512,512,8,2048,527.647
512,512,8,8192,1632.75
512,512,16,16,244.981
512,512,16,64,246.528
512,512,16,256,320.509
512,512,16,1024,538.026
512,512,16,4096,1541.18
512,512,16,16384,5647.86
512,512,32,32,320.106
512,512,32,128,394.033
512,512,32,512,615.04
512,512,32,2048,1564.33
512,512,32,8192,5464.24
512,512,64,16,461.717
512,512,64,64,468.106
512,512,64,256,764.564
512,512,64,1024,1680.24
512,512,64,4096,5525.09
512,512,64,16384,20840.1
512,1024,1,16,270.507
512,1024,1,64,271.222
512,1024,1,256,270.753
512,1024,1,1024,277.324
512,1024,1,4096,419.478
512,1024,1,16384,1019.38
512,1024,2,32,274.872
512,1024,2,128,276.032
512,1024,2,512,283.222
512,1024,2,2048,356.006
512,1024,2,8192,790.966
512,1024,4,16,279.167
512,1024,4,64,279.229
512,1024,4,256,294.583
512,1024,4,1024,343.308
512,1024,4,4096,658.383
512,1024,4,16384,1780.58
512,1024,8,32,295.447
512,1024,8,128,312.599
512,1024,8,512,368.065
512,1024,8,2048,600.93
512,1024,8,8192,1675.36
512,1024,16,16,330.53
512,1024,16,64,332.673
512,1024,16,256,408.235
512,1024,16,1024,628.023
512,1024,16,4096,1589.25
512,1024,16,16384,5688.44
512,1024,32,32,406.863
512,1024,32,128,483.371
512,1024,32,512,707.25
512,1024,32,2048,1632.85
512,1024,32,8192,5517.54
512,1024,64,16,551.893
512,1024,64,64,557.761
512,1024,64,256,859.53
512,1024,64,1024,1771.07
512,1024,64,4096,5592.37
512,1024,64,16384,20975.3
512,2048,1,16,458.806
512,2048,1,64,458.987
512,2048,1,256,460.085
512,2048,1,1024,461.057
512,2048,1,4096,548.809
512,2048,1,16384,1220.81
512,2048,2,32,461.705
512,2048,2,128,464.147
512,2048,2,512,464.297
512,2048,2,2048,480.821
512,2048,2,8192,909.352
512,2048,4,16,468.715
512,2048,4,64,468.81
512,2048,4,256,473.055
512,2048,4,1024,525.226
512,2048,4,4096,772.117
512,2048,4,16384,2013.3
512,2048,8,32,478.648
512,2048,8,128,490.676
512,2048,8,512,540.891
512,2048,8,2048,779.186
512,2048,8,8192,1824.68
512,2048,16,16,506.452
512,2048,16,64,507.677
512,2048,16,256,580.239
512,2048,16,1024,817.429
512,2048,16,4096,1755.47
512,2048,16,16384,5780.94
512,2048,32,32,579.113
512,2048,32,128,657.289
512,2048,32,512,887.476
512,2048,32,2048,1771.69
512,2048,32,8192,5666.39
512,2048,64,16,727.592
512,2048,64,64,732.745
512,2048,64,256,1042.23
512,2048,64,1024,1944.64
512,2048,64,4096,5721.71
512,2048,64,16384,21211.1
512,4096,1,16,835.324
512,4096,1,64,835.109
512,4096,1,256,836.12
512,4096,1,1024,835.881
512,4096,1,4096,844.477
512,4096,1,16384,1541.96
512,4096,2,32,838.671
512,4096,2,128,841.926
512,4096,2,512,840.712
512,4096,2,2048,849.859
512,4096,2,8192,1209.73
512,4096,4,16,843.502
512,4096,4,64,845.063
512,4096,4,256,847.435
512,4096,4,1024,866.089
512,4096,4,4096,1051.72
512,4096,4,16384,2366.95
512,4096,8,32,854.751
512,4096,8,128,862.184
512,4096,8,512,890.539
512,4096,8,2048,1081.16
512,4096,8,8192,2044.27
512,4096,16,16,873.767
512,4096,16,64,873.823
512,4096,16,256,927.37
512,4096,16,1024,1162.9
512,4096,16,4096,2060.54
512,4096,16,16384,6038.6
512,4096,32,32,930.567
512,4096,32,128,1000.1
512,4096,32,512,1238.69
512,4096,32,2048,2151.1
512,4096,32,8192,5935.22
512,4096,64,16,1069.63
512,4096,64,64,1077.2
512,4096,64,256,1396.89
512,4096,64,1024,2325.27
512,4096,64,4096,6063.64
512,4096,64,16384,21361.5
512,8192,1,16,1590.46
512,8192,1,64,1590.21
512,8192,1,256,1590.83
512,8192,1,1024,1590.6
512,8192,1,4096,1593.74
512,8192,1,16384,1967.88
512,8192,2,32,1592.38
512,8192,2,128,1594.59
512,8192,2,512,1593.73
512,8192,2,2048,1595.4
512,8192,2,8192,1616.21
512,8192,4,16,1598.35
512,8192,4,64,1598.64
512,8192,4,256,1601.3
512,8192,4,1024,1602.47
512,8192,4,4096,1803.15
512,8192,4,16384,2763.14
512,8192,8,32,1609.79
512,8192,8,128,1615.73
512,8192,8,512,1635.43
512,8192,8,2048,1814.91
512,8192,8,8192,2779.04
512,8192,16,16,1626.72
512,8192,16,64,1627.89
512,8192,16,256,1656.62
512,8192,16,1024,1848.9
512,8192,16,4096,2814.18
512,8192,16,16384,6691.26
512,8192,32,32,1668.26
512,8192,32,128,1719.33
512,8192,32,512,1933.56
512,8192,32,2048,2877.35
512,8192,32,8192,6384.02
512,8192,64,16,1777.66
512,8192,64,64,1782.7
512,8192,64,256,2086.76
512,8192,64,1024,3041.28
512,8192,64,4096,6711.78
512,8192,64,16384,21991.6
512,16384,1,16,3096.9
512,16384,1,64,3100.93
512,16384,1,256,3099
512,16384,1,1024,3099.37
512,16384,1,4096,3100.97
512,16384,1,16384,3113.71
512,16384,2,32,3099.87
512,16384,2,128,3100.97
512,16384,2,512,3101.27
512,16384,2,2048,3105.05
512,16384,2,8192,3116.1
512,16384,4,16,3107.08
512,16384,4,64,3104.74
512,16384,4,256,3109.13
512,16384,4,1024,3109.25
512,16384,4,4096,3145.36
512,16384,4,16384,3899.22
512,16384,8,32,3114.56
512,16384,8,128,3118.95
512,16384,8,512,3136.95
512,16384,8,2048,3219.14
512,16384,8,8192,3933.73
512,16384,16,16,3136.77
512,16384,16,64,3137.4
512,16384,16,256,3169.67
512,16384,16,1024,3288.5
512,16384,16,4096,4176.92
512,16384,16,16384,7807.53
512,16384,32,32,3177.76
512,16384,32,128,3211.63
512,16384,32,512,3359.72
512,16384,32,2048,4298.65
512,16384,32,8192,7932.1
512,16384,64,16,3253.72
512,16384,64,64,3258.08
512,16384,64,256,3489.21
512,16384,64,1024,4450.26
512,16384,64,4096,8181.56
512,16384,64,16384,23398.4
1024,0,1,16,240.96
1024,0,1,64,240.917
1024,0,1,256,245.568
1024,0,1,1024,258.134
1024,0,1,4096,431.104
1024,0,1,16384,1003.34
1024,0,2,32,247.646
1024,0,2,128,251.465
1024,0,2,512,265.888
1024,0,2,2048,359.008
1024,0,2,8192,767.702
1024,0,4,16,259.292
1024,0,4,64,258.592
1024,0,4,256,278.081
1024,0,4,1024,331.062
1024,0,4,4096,647.856
1024,0,4,16384,1793.27
1024,0,8,32,285.024
1024,0,8,128,303.86
1024,0,8,512,358.347
1024,0,8,2048,608.783
1024,0,8,8192,1698.77
1024,0,16,16,334.196
1024,0,16,64,335.875
1024,0,16,256,407.221
1024,0,16,1024,626.644
1024,0,16,4096,1634.36
1024,0,16,16384,5780.32
1024,0,32,32,432.79
1024,0,32,128,506.091
1024,0,32,512,727.796
1024,0,32,2048,1673
1024,0,32,8192,5579.99
1024,0,64,16,627.232
1024,0,64,64,632.981
1024,0,64,256,932.766
1024,0,64,1024,1844.59
1024,0,64,4096,5695.76
1024,0,64,16384,21063.6
1024,16,1,16,262.176
1024,16,1,64,262.325
1024,16,1,256,268.682
1024,16,1,1024,280.991
1024,16,1,4096,450.292
1024,16,1,16384,1026.41
1024,16,2,32,268.937
1024,16,2,128,274.613
1024,16,2,512,287.559
1024,16,2,2048,376.361
1024,16,2,8192,800.258
1024,16,4,16,281.205
1024,16,4,64,281.834
1024,16,4,256,300.628
1024,16,4,1024,352.265
1024,16,4,4096,668.136
1024,16,4,16384,1811.93
1024,16,8,32,306.802
1024,16,8,128,326.154
1024,16,8,512,380.843
1024,16,8,2048,627.393
1024,16,8,8192,1716.21
1024,16,16,16,356.351
1024,16,16,64,357.397
1024,16,16,256,430.806
1024,16,16,1024,646.41
1024,16,16,4096,1651.7
1024,16,16,16384,5789.64
1024,16,32,32,455.05
1024,16,32,128,528.223
1024,16,32,512,751.723
1024,16,32,2048,1687.51
1024,16,32,8192,5578.47
1024,16,64,16,649.898
1024,16,64,64,655.243
1024,16,64,256,956.133
1024,16,64,1024,1859.59
1024,16,64,4096,5704.71
1024,16,64,16384,21094.4
1024,32,1,16,261.899
1024,32,1,64,262.538
1024,32,1,256,269.13
1024,32,1,1024,280.501
1024,32,1,4096,450.358
1024,32,1,16384,1027.28
1024,32,2,32,269.312
1024,32,2,128,275.796
1024,32,2,512,287.541
1024,32,2,2048,376.944
1024,32,2,8192,800.233
1024,32,4,16,281.314
1024,32,4,64,281.504
1024,32,4,256,300.894
1024,32,4,1024,352.852
1024,32,4,4096,667.29
1024,32,4,16384,1813.92
1024,32,8,32,307.21
1024,32,8,128,325.685
1024,32,8,512,381.033
1024,32,8,2048,626.954
1024,32,8,8192,1714.32
1024,32,16,16,356.447
1024,32,16,64,357.246
1024,32,16,256,430.58
1024,32,16,1024,646.27
1024,32,16,4096,1649.92
1024,32,16,16384,5786
1024,32,32,32,455.569
1024,32,32,128,528.575
1024,32,32,512,751.658
1024,32,32,2048,1688.82
1024,32,32,8192,5591.07
1024,32,64,16,650.517
1024,32,64,64,655.657
1024,32,64,256,956.057
1024,32,64,1024,1859.45
1024,32,64,4096,5703.43
1024,32,64,16384,21099.6
1024,64,1,16,262.495
1024,64,1,64,263.135
1024,64,1,256,268.001
1024,64,1,1024,281.24
1024,64,1,4096,450.024
1024,64,1,16384,1025.96
1024,64,2,32,269.067
1024,64,2,128,275.648
1024,64,2,512,288.446
1024,64,2,2048,376.799
1024,64,2,8192,800.562
1024,64,4,16,282.038
1024,64,4,64,281.78
1024,64,4,256,300.041
1024,64,4,1024,353.3
1024,64,4,4096,667.444
1024,64,4,16384,1823.48
1024,64,8,32,307.103
1024,64,8,128,325.973
1024,64,8,512,381.377
1024,64,8,2048,627.028
1024,64,8,8192,1714
1024,64,16,16,356.033
1024,64,16,64,358.208
1024,64,16,256,430.622
1024,64,16,1024,646.387
1024,64,16,4096,1650.66
1024,64,16,16384,5788.98
1024,64,32,32,454.803
1024,64,32,128,529.162
1024,64,32,512,751.647
1024,64,32,2048,1688.36
1024,64,32,8192,5598.02
1024,64,64,16,650.453
1024,64,64,64,655.903
1024,64,64,256,955.584
1024,64,64,1024,1860.72
1024,64,64,4096,5708.56
1024,64,64,16384,21099
1024,128,1,16,281.172
1024,128,1,64,281.578
1024,128,1,256,285.94
1024,128,1,1024,299.372
1024,128,1,4096,469.291
1024,128,1,16384,1047.09
1024,128,2,32,286.741
1024,128,2,128,292.086
1024,128,2,512,306.517
1024,128,2,2048,394.032
1024,128,2,8192,821.725
1024,128,4,16,298.741
1024,128,4,64,299.219
1024,128,4,256,318.071
1024,128,4,1024,371.02
1024,128,4,4096,686.591
1024,128,4,16384,1844.4
1024,128,8,32,324.852
1024,128,8,128,344.81
1024,128,8,512,398.334
1024,128,8,2048,644.618
1024,128,8,8192,1732.78
1024,128,16,16,374.515
1024,128,16,64,374.888
1024,128,16,256,448.854
1024,128,16,1024,664.041
1024,128,16,4096,1665.77
1024,128,16,16384,5790.95
1024,128,32,32,472.406
1024,128,32,128,546.719
1024,128,32,512,769.428
1024,128,32,2048,1707.15
1024,128,32,8192,5601.1
1024,128,64,16,668.223
1024,128,64,64,673.381
1024,128,64,256,973.426
1024,128,64,1024,1876.6
1024,128,64,4096,5724.66
1024,128,64,16384,21100.8
1024,256,1,16,320.447
1024,256,1,64,320.605
1024,256,1,256,325.92
1024,256,1,1024,339.136
1024,256,1,4096,503.37
1024,256,1,16384,1090.62
1024,256,2,32,327.466
1024,256,2,128,332.202
1024,256,2,512,346.26
1024,256,2,2048,428.969
1024,256,2,8192,857.493
1024,256,4,16,338.751
1024,256,4,64,339.519
1024,256,4,256,358.955
1024,256,4,1024,412.887
1024,256,4,4096,722.709
1024,256,4,16384,1884.55
1024,256,8,32,364.992
1024,256,8,128,383.957
1024,256,8,512,440.053
1024,256,8,2048,680.928
1024,256,8,8192,1769.08
1024,256,16,16,413.439
1024,256,16,64,414.197
1024,256,16,256,488.714
1024,256,16,1024,707.981
1024,256,16,4096,1700.33
1024,256,16,16384,5831.33
1024,256,32,32,513.428
1024,256,32,128,586.716
1024,256,32,512,811.06
1024,256,32,2048,1739.36
1024,256,32,8192,5643.62
1024,256,64,16,708.766
1024,256,64,64,714.483
1024,256,64,256,1016.1
1024,256,64,1024,1915.55
1024,256,64,4096,5753.93
1024,256,64,16384,21161.6
1024,512,1,16,400.97
1024,512,1,64,400.382
1024,512,1,256,404.666
1024,512,1,1024,419.488
1024,512,1,4096,574.378
1024,512,1,16384,1181.07
1024,512,2,32,406.996
1024,512,2,128,412.479
1024,512,2,512,427.341
1024,512,2,2048,496.361
1024,512,2,8192,929.291
1024,512,4,16,418.932
1024,512,4,64,418.75
1024,512,4,256,438.021
1024,512,4,1024,492.799
1024,512,4,4096,796.34
1024,512,4,16384,1976.27
1024,512,8,32,443.928
1024,512,8,128,462.375
1024,512,8,512,519.231
1024,512,8,2048,752.053
1024,512,8,8192,1835.72
1024,512,16,16,493.193
1024,512,16,64,494.059
1024,512,16,256,568.788
1024,512,16,1024,789.781
1024,512,16,4096,1764.69
1024,512,16,16384,5855.92
1024,512,32,32,592.618
1024,512,32,128,666.366
1024,512,32,512,892.361
1024,512,32,2048,1802.55
1024,512,32,8192,5703.74
1024,512,64,16,789.322
1024,512,64,64,795.507
1024,512,64,256,1099.31
1024,512,64,1024,2003.04
1024,512,64,4096,5817.43
1024,512,64,16384,21295.9
1024,1024,1,16,559.678
1024,1024,1,64,559.692
1024,1024,1,256,564.384
1024,1024,1,1024,578.612
1024,1024,1,4096,710.644
1024,1024,1,16384,1353.3
1024,1024,2,32,566.436
1024,1024,2,128,571.733
1024,1024,2,512,586.036
1024,1024,2,2048,638.774
1024,1024,2,8192,1079.2
1024,1024,4,16,577.107
1024,1024,4,64,577.269
1024,1024,4,256,597.012
1024,1024,4,1024,654.351
1024,1024,4,4096,938.954
1024,1024,4,16384,2169.97
1024,1024,8,32,602.457
1024,1024,8,128,622.205
1024,1024,8,512,679.391
1024,1024,8,2048,897.28
1024,1024,8,8192,1983.68
1024,1024,16,16,650.889
1024,1024,16,64,651.562
1024,1024,16,256,726.867
1024,1024,16,1024,951.913
1024,1024,16,4096,1918.04
1024,1024,16,16384,5999.09
1024,1024,32,32,750.792
1024,1024,32,128,826.338
1024,1024,32,512,1054.21
1024,1024,32,2048,1960.26
1024,1024,32,8192,5845.62
1024,1024,64,16,950.729
1024,1024,64,64,956.179
1024,1024,64,256,1261.87
1024,1024,64,1024,2180.25
1024,1024,64,4096,5942.23
1024,1024,64,16384,21447.9
1024,2048,1,16,886.566
1024,2048,1,64,887.686
1024,2048,1,256,889.264
1024,2048,1,1024,897.941
1024,2048,1,4096,973.659
1024,2048,1,16384,1665.5
1024,2048,2,32,893.516
1024,2048,2,128,897.148
1024,2048,2,512,908.252
1024,2048,2,2048,963.103
1024,2048,2,8192,1374.51
1024,2048,4,16,903.639
1024,2048,4,64,904.137
1024,2048,4,256,915.667
1024,2048,4,1024,969.371
1024,2048,4,4096,1217.3
1024,2048,4,16384,2499.03
1024,2048,8,32,926.107
1024,2048,8,128,939.984
1024,2048,8,512,997.565
1024,2048,8,2048,1224.7
1024,2048,8,8192,2262.67
1024,2048,16,16,968.052
1024,2048,16,64,968.521
1024,2048,16,256,1045.39
1024,2048,16,1024,1275.55
1024,2048,16,4096,2198.21
1024,2048,16,16384,6247.02
1024,2048,32,32,1065.68
1024,2048,32,128,1142.71
1024,2048,32,512,1380.03
1024,2048,32,2048,2286.5
1024,2048,32,8192,6103.93
1024,2048,64,16,1266.32
1024,2048,64,64,1273.01
1024,2048,64,256,1585.59
1024,2048,64,1024,2506.83
1024,2048,64,4096,6191.28
1024,2048,64,16384,21658.8
1024,4096,1,16,1547.02
1024,4096,1,64,1548.88
1024,4096,1,256,1549.85
1024,4096,1,1024,1552.91
1024,4096,1,4096,1570.85
1024,4096,1,16384,2274.77
1024,4096,2,32,1552.84
1024,4096,2,128,1557.9
1024,4096,2,512,1564.52
1024,4096,2,2048,1584.22
1024,4096,2,8192,1910.88
1024,4096,4,16,1562.17
1024,4096,4,64,1560.29
1024,4096,4,256,1574.52
1024,4096,4,1024,1606.62
1024,4096,4,4096,1790.62
1024,4096,4,16384,3109.06
1024,4096,8,32,1584.28
1024,4096,8,128,1596.19
1024,4096,8,512,1633.62
1024,4096,8,2048,1871.84
1024,4096,8,8192,2837.36
1024,4096,16,16,1620.98
1024,4096,16,64,1622.02
1024,4096,16,256,1681.17
1024,4096,16,1024,1917.9
1024,4096,16,4096,2813.91
1024,4096,16,16384,6747.95
1024,4096,32,32,1703.98
1024,4096,32,128,1776.86
1024,4096,32,512,2013.72
1024,4096,32,2048,2935.54
1024,4096,32,8192,6613.94
1024,4096,64,16,1897.91
1024,4096,64,64,1904.6
1024,4096,64,256,2223.34
1024,4096,64,1024,3156.29
1024,4096,64,4096,6792.37
1024,4096,64,16384,22189.4
1024,8192,1,16,2865.4
1024,8192,1,64,2866.62
1024,8192,1,256,2869.34
1024,8192,1,1024,2872.33
1024,8192,1,4096,2877.35
1024,8192,1,16384,3240.65
1024,8192,2,32,2870.78
1024,8192,2,128,2874.33
1024,8192,2,512,2882.46
1024,8192,2,2048,2888.52
1024,8192,2,8192,3233.03
1024,8192,4,16,2880.38
1024,8192,4,64,2878.65
1024,8192,4,256,2893.75
1024,8192,4,1024,2920.34
1024,8192,4,4096,3092.42
1024,8192,4,16384,4102.37
1024,8192,8,32,2902.41
1024,8192,8,128,2916.35
1024,8192,8,512,2948.72
1024,8192,8,2048,3127.88
1024,8192,8,8192,4069.25
1024,8192,16,16,2937.68
1024,8192,16,64,2939.53
1024,8192,16,256,2986.57
1024,8192,16,1024,3182.22
1024,8192,16,4096,4126
1024,8192,16,16384,7989.93
1024,8192,32,32,3011.91
1024,8192,32,128,3067.29
1024,8192,32,512,3280.74
1024,8192,32,2048,4226.74
1024,8192,32,8192,7771.65
1024,8192,64,16,3188.66
1024,8192,64,64,3193.67
1024,8192,64,256,3486.94
1024,8192,64,1024,4436.7
1024,8192,64,4096,8162.62
1024,8192,64,16384,23310.5
1024,16384,1,16,5505.74
1024,16384,1,64,5507.17
1024,16384,1,256,5507.9
1024,16384,1,1024,5514.67
1024,16384,1,4096,5513.11
1024,16384,1,16384,5534.19
1024,16384,2,32,5510.46
1024,16384,2,128,5512.55
1024,16384,2,512,5520.3
1024,16384,2,2048,5524.59
1024,16384,2,8192,5548.88
1024,16384,4,16,5514.68
1024,16384,4,64,5514.78
1024,16384,4,256,5524.14
1024,16384,4,1024,5549.45
1024,16384,4,4096,5695.49
1024,16384,4,16384,6322.14
1024,16384,8,32,5531.47
1024,16384,8,128,5543.6
1024,16384,8,512,5580.92
1024,16384,8,2048,5725.81
1024,16384,8,8192,6710.07
1024,16384,16,16,5572.97
1024,16384,16,64,5571.16
1024,16384,16,256,5625.23
1024,16384,16,1024,5776.27
1024,16384,16,4096,6622.21
1024,16384,16,16384,10242.4
1024,16384,32,32,5645.41
1024,16384,32,128,5695.04
1024,16384,32,512,5869.93
1024,16384,32,2048,6752.64
1024,16384,32,8192,10410.8
1024,16384,64,16,5798.84
1024,16384,64,64,5805.55
1024,16384,64,256,6079.85
1024,16384,64,1024,6972.26
1024,16384,64,4096,10723.2
1024,16384,64,16384,25502.1
2048,0,1,16,765.115
2048,0,1,64,765.539
2048,0,1,256,769.21
2048,0,1,1024,784.039
2048,0,1,4096,909.603
2048,0,1,16384,1592.99
2048,0,2,32,774.313
2048,0,2,128,777.92
2048,0,2,512,794.386
2048,0,2,2048,847.261
2048,0,2,8192,1290
2048,0,4,16,792.107
2048,0,4,64,792.021
2048,0,4,256,812.084
2048,0,4,1024,867.169
2048,0,4,4096,1152.59
2048,0,4,16384,2427.82
2048,0,8,32,830.67
2048,0,8,128,849.919
2048,0,8,512,905.439
2048,0,8,2048,1126.2
2048,0,8,8192,2212.95
2048,0,16,16,903.799
2048,0,16,64,905.481
2048,0,16,256,981.474
2048,0,16,1024,1204.88
2048,0,16,4096,2165.73
2048,0,16,16384,6238.17
2048,0,32,32,1053.3
2048,0,32,128,1127.24
2048,0,32,512,1358.16
2048,0,32,2048,2262.03
2048,0,32,8192,6136.62
2048,0,64,16,1354.99
2048,0,64,64,1359.43
2048,0,64,256,1665.04
2048,0,64,1024,2578.89
2048,0,64,4096,6306.19
2048,0,64,16384,21787.7
2048,16,1,16,805.113
2048,16,1,64,807.065
2048,16,1,256,810.634
2048,16,1,1024,824.687
2048,16,1,4096,945.822
2048,16,1,16384,1636.5
2048,16,2,32,815.805
2048,16,2,128,820.213
2048,16,2,512,833.313
2048,16,2,2048,888.025
2048,16,2,8192,1328.46
2048,16,4,16,831.565
2048,16,4,64,832.031
2048,16,4,256,852.62
2048,16,4,1024,907.646
2048,16,4,4096,1187.8
2048,16,4,16384,2471.93
2048,16,8,32,871.22
2048,16,8,128,889.258
2048,16,8,512,945.87
2048,16,8,2048,1168.14
2048,16,8,8192,2252.4
2048,16,16,16,943.563
2048,16,16,64,945.567
2048,16,16,256,1021.48
2048,16,16,1024,1245.69
2048,16,16,4096,2197.53
2048,16,16,16384,6256.11
2048,16,32,32,1092.34
2048,16,32,128,1167.57
2048,16,32,512,1401.6
2048,16,32,2048,2301.07
2048,16,32,8192,6165.33
2048,16,64,16,1393.94
2048,16,64,64,1398.56
2048,16,64,256,1706.61
2048,16,64,1024,2616.62
2048,16,64,4096,6344.63
2048,16,64,16384,21842.5
2048,32,1,16,805.087
2048,32,1,64,806.644
2048,32,1,256,809.838
2048,32,1,1024,825.108
2048,32,1,4096,946.341
2048,32,1,16384,1636.73
2048,32,2,32,816.299
2048,32,2,128,819.712
2048,32,2,512,834.836
2048,32,2,2048,889.332
2048,32,2,8192,1327.19
2048,32,4,16,831.463
2048,32,4,64,833.05
2048,32,4,256,852.458
2048,32,4,1024,906.517
2048,32,4,4096,1187.85
2048,32,4,16384,2470.59
2048,32,8,32,871.434
2048,32,8,128,889.454
2048,32,8,512,947.527
2048,32,8,2048,1168.94
2048,32,8,8192,2250.2
2048,32,16,16,945.45
2048,32,16,64,946.101
2048,32,16,256,1022.46
2048,32,16,1024,1248.43
2048,32,16,4096,2201.93
2048,32,16,16384,6260.11
2048,32,32,32,1022.34
2048,32,32,128,1091.95
2048,32,32,512,1309.65
2048,32,32,2048,2304.84
2048,32,32,8192,6170.94
2048,32,64,16,1394.89
2048,32,64,64,1402.02
2048,32,64,256,1707.6
2048,32,64,1024,2619.61
2048,32,64,4096,6343.89
2048,32,64,16384,21874.7
2048,64,1,16,806.835
2048,64,1,64,806.805
2048,64,1,256,811.331
2048,64,1,1024,825.696
2048,64,1,4096,944.151
2048,64,1,16384,1634.27
2048,64,2,32,817.012
2048,64,2,128,820.838
2048,64,2,512,834.847
2048,64,2,2048,888.766
2048,64,2,8192,1327.8
2048,64,4,16,831.724
2048,64,4,64,832.426
2048,64,4,256,852.896
2048,64,4,1024,908.428
2048,64,4,4096,1187.76
2048,64,4,16384,2468.04
2048,64,8,32,870.839
2048,64,8,128,890.581
2048,64,8,512,947.293
2048,64,8,2048,1167.84
2048,64,8,8192,2255.16
2048,64,16,16,945.443
2048,64,16,64,945.663
2048,64,16,256,1023.22
2048,64,16,1024,1248.28
2048,64,16,4096,2202.43
2048,64,16,16384,6265.3
2048,64,32,32,1091.27
2048,64,32,128,1168.94
2048,64,32,512,1402.55
2048,64,32,2048,2304.99
2048,64,32,8192,6173.66
2048,64,64,16,1395.65
2048,64,64,64,1401.22
2048,64,64,256,1708.32
2048,64,64,1024,2620
2048,64,64,4096,6345.64
2048,64,64,16384,21094.6
2048,128,1,16,841.751
2048,128,1,64,842.244
2048,128,1,256,846.708
2048,128,1,1024,862.429
2048,128,1,4096,980.39
2048,128,1,16384,1670.99
2048,128,2,32,853.457
2048,128,2,128,857.535
2048,128,2,512,871.38
2048,128,2,2048,926.369
2048,128,2,8192,1365.15
2048,128,4,16,868.979
2048,128,4,64,870.164
2048,128,4,256,888.896
2048,128,4,1024,945.878
2048,128,4,4096,1223.26
2048,128,4,16384,2509.71
2048,128,8,32,907.646
2048,128,8,128,927.552
2048,128,8,512,985.771
2048,128,8,2048,1204.61
2048,128,8,8192,2292.55
2048,128,16,16,980.796
2048,128,16,64,983.476
2048,128,16,256,1059.02
2048,128,16,1024,1284.69
2048,128,16,4096,2237.41
2048,128,16,16384,6299.43
2048,128,32,32,1129.78
2048,128,32,128,1205.46
2048,128,32,512,1438.14
2048,128,32,2048,2339.64
2048,128,32,8192,6201
2048,128,64,16,1431.85
2048,128,64,64,1437.08
2048,128,64,256,1743.24
2048,128,64,1024,2655.06
2048,128,64,4096,6369.63
2048,128,64,16384,20258.6
2048,256,1,16,919.964
2048,256,1,64,921.035
2048,256,1,256,924.748
2048,256,1,1024,938.56
2048,256,1,4096,1048.91
2048,256,1,16384,1750.9
2048,256,2,32,930.555
2048,256,2,128,935.041
2048,256,2,512,949.359
2048,256,2,2048,1001.64
2048,256,2,8192,1437.72
2048,256,4,16,945.766
2048,256,4,64,946.432
2048,256,4,256,964.771
2048,256,4,1024,1020.23
2048,256,4,4096,1295.6
2048,256,4,16384,2595.87
2048,256,8,32,983.104
2048,256,8,128,1004.24
2048,256,8,512,1063.73
2048,256,8,2048,1284.51
2048,256,8,8192,2364.5
2048,256,16,16,1056.71
2048,256,16,64,1058.51
2048,256,16,256,1135.07
2048,256,16,1024,1362.2
2048,256,16,4096,2304
2048,256,16,16384,6355.08
2048,256,32,32,1205.94
2048,256,32,128,1280.42
2048,256,32,512,1513.11
2048,256,32,2048,2420.23
2048,256,32,8192,6271.18
2048,256,64,16,1508.13
2048,256,64,64,1513.46
2048,256,64,256,1820.16
2048,256,64,1024,2734.54
2048,256,64,4096,6434.99
2048,256,64,16384,21957.8
2048,512,1,16,1072.31
2048,512,1,64,1072.62
2048,512,1,256,1076.03
2048,512,1,1024,1088.3
2048,512,1,4096,1189.1
2048,512,1,16384,1905.14
2048,512,2,32,1081.42
2048,512,2,128,1085.61
2048,512,2,512,1101.29
2048,512,2,2048,1157.32
2048,512,2,8192,1585.7
2048,512,4,16,1098.07
2048,512,4,64,1097.34
2048,512,4,256,1115.17
2048,512,4,1024,1172.13
2048,512,4,4096,1436.82
2048,512,4,16384,2750.06
2048,512,8,32,1137.66
2048,512,8,128,1154.86
2048,512,8,512,1215.94
2048,512,8,2048,1436.69
2048,512,8,8192,2512.18
2048,512,16,16,1209.52
2048,512,16,64,1209.68
2048,512,16,256,1285.24
2048,512,16,1024,1515.26
2048,512,16,4096,2446.68
2048,512,16,16384,6489.24
2048,512,32,32,1359.03
2048,512,32,128,1433.6
2048,512,32,512,1667.97
2048,512,32,2048,2572.89
2048,512,32,8192,6401.89
2048,512,64,16,1657.96
2048,512,64,64,1664.86
2048,512,64,256,1972.87
2048,512,64,1024,2889.34
2048,512,64,4096,6559.26
2048,512,64,16384,22081.2
2048,1024,1,16,1379.93
2048,1024,1,64,1379.42
2048,1024,1,256,1383.82
2048,1024,1,1024,1398.21
2048,1024,1,4096,1463.81
2048,1024,1,16384,2189.39
2048,1024,2,32,1386.91
2048,1024,2,128,1394.01
2048,1024,2,512,1405.61
2048,1024,2,2048,1463.09
2048,1024,2,8192,1870.22
2048,1024,4,16,1404.5
2048,1024,4,64,1405.11
2048,1024,4,256,1422.02
2048,1024,4,1024,1480.42
2048,1024,4,4096,1720.39
2048,1024,4,16384,3047.52
2048,1024,8,32,1445.91
2048,1024,8,128,1462.98
2048,1024,8,512,1518.65
2048,1024,8,2048,1748.8
2048,1024,8,8192,2799.4
2048,1024,16,16,1514.91
2048,1024,16,64,1515.77
2048,1024,16,256,1590.37
2048,1024,16,1024,1826.33
2048,1024,16,4096,2740.39
2048,1024,16,16384,6744.6
2048,1024,32,32,1658.96
2048,1024,32,128,1736.95
2048,1024,32,512,1971.73
2048,1024,32,2048,2876.47
2048,1024,32,8192,6634.8
2048,1024,64,16,1963.4
2048,1024,64,64,1966.92
2048,1024,64,256,2277.54
2048,1024,64,1024,3196.27
2048,1024,64,4096,6842.38
2048,1024,64,16384,22329
2048,2048,1,16,1992.22
2048,2048,1,64,1995.09
2048,2048,1,256,1995.34
2048,2048,1,1024,2009.76
2048,2048,1,4096,2064.11
2048,2048,1,16384,2762.41
2048,2048,2,32,2004.39
2048,2048,2,128,2009.31
2048,2048,2,512,2021.89
2048,2048,2,2048,2076.23
2048,2048,2,8192,2431.81
2048,2048,4,16,2019.27
2048,2048,4,64,2018.51
2048,2048,4,256,2037.86
2048,2048,4,1024,2091.8
2048,2048,4,4096,2313.63
2048,2048,4,16384,3643.3
2048,2048,8,32,2053.93
2048,2048,8,128,2070.75
2048,2048,8,512,2128.05
2048,2048,8,2048,2360.2
2048,2048,8,8192,3378.97
2048,2048,16,16,2121.54
2048,2048,16,64,2123.26
2048,2048,16,256,2193.81
2048,2048,16,1024,2435
2048,2048,16,4096,3337.06
2048,2048,16,16384,7336.91
2048,2048,32,32,2013.95
2048,2048,32,128,2083.74
2048,2048,32,512,2582.29
2048,2048,32,2048,3501.14
2048,2048,32,8192,7226.89
2048,2048,64,16,2569.23
2048,2048,64,64,2576.14
2048,2048,64,256,2889.15
2048,2048,64,1024,3807.19
2048,2048,64,4096,7500.89
2048,2048,64,16384,22910.7
2048,4096,1,16,3216.56
2048,4096,1,64,3213.05
2048,4096,1,256,3219.66
2048,4096,1,1024,3229.82
2048,4096,1,4096,3291.57
2048,4096,1,16384,3887.22
2048,4096,2,32,3221.46
2048,4096,2,128,3227.62
2048,4096,2,512,3241.64
2048,4096,2,2048,3298.93
2048,4096,2,8192,3539.18
2048,4096,4,16,3233.85
2048,4096,4,64,3234.82
2048,4096,4,256,3248.86
2048,4096,4,1024,3301.39
2048,4096,4,4096,3545.07
2048,4096,4,16384,4768.63
2048,4096,8,32,3268.66
2048,4096,8,128,3290.23
2048,4096,8,512,3346.62
2048,4096,8,2048,3595.95
2048,4096,8,8192,4483.85
2048,4096,16,16,3337.66
2048,4096,16,64,3338.18
2048,4096,16,256,3409.83
2048,4096,16,1024,3649.43
2048,4096,16,4096,4567.01
2048,4096,16,16384,8466.66
2048,4096,32,32,3478.7
2048,4096,32,128,3553.32
2048,4096,32,512,3789.18
2048,4096,32,2048,4722.46
2048,4096,32,8192,8374.3
2048,4096,64,16,3388.79
2048,4096,64,64,3393.72
2048,4096,64,256,4098.43
2048,4096,64,1024,4939.54
2048,4096,64,4096,8685.54
2048,4096,64,16384,22874.2
2048,8192,1,16,5654.5
2048,8192,1,64,5506.59
2048,8192,1,256,5509.46
2048,8192,1,1024,5521.92
2048,8192,1,4096,5568.74
2048,8192,1,16384,6039.09
2048,8192,2,32,5421.32
2048,8192,2,128,5424.54
2048,8192,2,512,5438.68
2048,8192,2,2048,5485.88
2048,8192,2,8192,6007.52
2048,8192,4,16,5436.07
2048,8192,4,64,5439.11
2048,8192,4,256,5454.66
2048,8192,4,1024,5497.17
2048,8192,4,4096,5987.33
2048,8192,4,16384,7076.39
2048,8192,8,32,5209.25
2048,8192,8,128,5224.9
2048,8192,8,512,5276.5
2048,8192,8,2048,5469.14
2048,8192,8,8192,6945.46
2048,8192,16,16,5783.85
2048,8192,16,64,5580.47
2048,8192,16,256,5658.6
2048,8192,16,1024,5858.81
2048,8192,16,4096,6708.04
2048,8192,16,16384,9761.55
2048,8192,32,32,5227.47
2048,8192,32,128,5338.98
2048,8192,32,512,6217.24
2048,8192,32,2048,7166.94
2048,8192,32,8192,10777.2
2048,8192,64,16,6215.58
2048,8192,64,64,5540.89
2048,8192,64,256,5760.66
2048,8192,64,1024,6551.15
2048,8192,64,4096,9823.8
2048,8192,64,16384,26070.8
2048,16384,1,16,10563
2048,16384,1,64,9366.3
2048,16384,1,256,9372.77
2048,16384,1,1024,9383.67
2048,16384,1,4096,9415.19
2048,16384,1,16384,9498.85
2048,16384,2,32,9325.32
2048,16384,2,128,10117.3
2048,16384,2,512,10044.3
2048,16384,2,2048,9477.49
2048,16384,2,8192,9719.78
2048,16384,4,16,9312.64
2048,16384,4,64,9280.78
2048,16384,4,256,9315.4
2048,16384,4,1024,9353.75
2048,16384,4,4096,10389.1
2048,16384,4,16384,12029.2
2048,16384,8,32,10605.5
2048,16384,8,128,9435.03
2048,16384,8,512,9477.9
2048,16384,8,2048,9621.72
2048,16384,8,8192,10398.5
2048,16384,16,16,9403.82
2048,16384,16,64,9380.03
2048,16384,16,256,9449.74
2048,16384,16,1024,9676.35
2048,16384,16,4096,10448.7
2048,16384,16,16384,13446.5
2048,16384,32,32,9512.36
2048,16384,32,128,9589.92
2048,16384,32,512,9734.01
2048,16384,32,2048,10687.3
2048,16384,32,8192,13680.3
2048,16384,64,16,9666.11
2048,16384,64,64,11132.1
2048,16384,64,256,10039.6
2048,16384,64,1024,10673.8
2048,16384,64,4096,15631.6
2048,16384,64,16384,26779.6
