prefill_chunk,kv_prefill,n_decode,kv_decode,time_us
0,0,1,16,7.50967
0,0,1,64,9.46133
0,0,1,256,13.323
0,0,1,1024,14.2717
0,0,1,4096,22.688
0,0,1,16384,41.258
0,0,2,32,12.0003
0,0,2,128,16.4583
0,0,2,512,17.6533
0,0,2,2048,26.7187
0,0,2,8192,55.167
0,0,4,16,12.0007
0,0,4,64,13.8247
0,0,4,256,17.2153
0,0,4,1024,25.1943
0,0,4,4096,53.0973
0,0,4,16384,160.264
0,0,8,32,12.1383
0,0,8,128,17.1093
0,0,8,512,24.5647
0,0,8,2048,52.575
0,0,8,8192,161.705
0,0,16,16,12.427
0,0,16,64,14.6667
0,0,16,256,24.7037
0,0,16,1024,50.6553
0,0,16,4096,162.622
0,0,16,16384,588.129
0,0,32,32,14.0473
0,0,32,128,25.6957
0,0,32,512,53.685
0,0,32,2048,165.405
0,0,32,8192,589.281
0,0,64,16,15.3913
0,0,64,64,22.346
0,0,64,256,48.8953
0,0,64,1024,163.677
0,0,64,4096,586.626
0,0,64,16384,2277.25
0,0,128,32,24.1487
0,0,128,128,52.3087
0,0,128,512,173.681
0,0,128,2048,599.02
0,0,128,8192,2285.23
16,0,0,0,9.909
16,0,1,32,9.73833
16,0,1,128,12.8637
16,0,1,512,24.7677
16,0,1,2048,72.916
16,0,1,8192,265.382
16,0,2,16,9.856
16,0,2,64,9.888
16,0,2,256,16.864
16,0,2,1024,40.9697
16,0,2,4096,137.331
16,0,2,16384,524.76
16,0,4,32,9.88767
16,0,4,128,13.0347
16,0,4,512,25.2687
16,0,4,2048,73.8653
16,0,4,8192,266.587
16,0,8,16,15.264
16,0,8,64,15.509
16,0,8,256,29.92
16,0,8,1024,54.4523
16,0,8,4096,150.889
16,0,8,16384,539.299
16,0,16,32,20.992
16,0,16,128,30.026
16,0,16,512,55.4017
16,0,16,2048,151.656
16,0,16,8192,542.018
16,0,32,16,31.9777
16,0,32,64,32.885
16,0,32,256,65.6097
16,0,32,1024,160.755
16,0,32,4096,549.144
16,0,32,16384,2140.7
16,0,64,32,53.9723
16,0,64,128,85.3533
16,0,64,512,188.349
16,0,64,2048,594.594
16,0,64,8192,2355.43
16,16,0,0,9.99433
16,16,1,32,9.90933
16,16,1,128,12.8953
16,16,1,512,24.8533
16,16,1,2048,72.959
16,16,1,8192,265.468
16,16,2,16,9.941
16,16,2,64,10.0797
16,16,2,256,16.917
16,16,2,1024,41.034
16,16,2,4096,137.406
16,16,2,16384,523.939
16,16,4,32,10.112
16,16,4,128,13.0347
16,16,4,512,25.2907
16,16,4,2048,73.684
16,16,4,8192,266.48
16,16,8,16,15.4987
16,16,8,64,15.9353
16,16,8,256,30.282
16,16,8,1024,54.815
16,16,8,4096,151.176
16,16,8,16384,538.765
16,16,16,32,21.2903
16,16,16,128,29.8767
16,16,16,512,55.231
16,16,16,2048,151.443
16,16,16,8192,542.732
16,16,32,16,31.9247
16,16,32,64,32.9597
16,16,32,256,65.503
16,16,32,1024,161.128
16,16,32,4096,548.077
16,16,32,16384,2141.97
16,16,64,32,53.9937
16,16,64,128,85.4057
16,16,64,512,188.37
16,16,64,2048,594.764
16,16,64,8192,2351.1
16,32,0,0,10.0903
16,32,1,32,9.909
16,32,1,128,12.8423
16,32,1,512,24.7997
16,32,1,2048,72.9483
16,32,1,8192,265.393
16,32,2,16,9.92
16,32,2,64,10.069
16,32,2,256,16.8957
16,32,2,1024,40.9387
16,32,2,4096,137.278
16,32,2,16384,524.131
16,32,4,32,10.0907
16,32,4,128,13.013
16,32,4,512,25.3113
16,32,4,2048,73.7053
16,32,4,8192,266.715
16,32,8,16,15.5837
16,32,8,64,15.9997
16,32,8,256,29.931
16,32,8,1024,55.4973
16,32,8,4096,151.038
16,32,8,16384,539.117
16,32,16,32,21.3547
16,32,16,128,29.8027
16,32,16,512,55.8277
16,32,16,2048,151.912
16,32,16,8192,543.171
16,32,32,16,31.999
16,32,32,64,32.9483
16,32,32,256,65.471
16,32,32,1024,161.821
16,32,32,4096,548.536
16,32,32,16384,2141.82
16,32,64,32,53.9723
16,32,64,128,85.7483
16,32,64,512,188.285
16,32,64,2048,594.764
16,32,64,8192,2354.75
16,64,0,0,10.1547
16,64,1,32,10.0267
16,64,1,128,12.8637
16,64,1,512,24.7993
16,64,1,2048,72.959
16,64,1,8192,265.564
16,64,2,16,9.973
16,64,2,64,10.0797
16,64,2,256,16.9173
16,64,2,1024,41.024
16,64,2,4096,137.331
16,64,2,16384,524.493
16,64,4,32,10.1123
16,64,4,128,13.0767
16,64,4,512,25.3437
16,64,4,2048,73.8337
16,64,4,8192,266.513
16,64,8,16,15.712
16,64,8,64,16.075
16,64,8,256,30.2613
16,64,8,1024,55.5187
16,64,8,4096,151.154
16,64,8,16384,539.671
16,64,16,32,21.461
16,64,16,128,30.1863
16,64,16,512,55.274
16,64,16,2048,152.659
16,64,16,8192,542.445
16,64,32,16,32.085
16,64,32,64,32.8847
16,64,32,256,65.663
16,64,32,1024,161.299
16,64,32,4096,547.917
16,64,32,16384,2140.16
16,64,64,32,53.972
16,64,64,128,85.545
16,64,64,512,188.85
16,64,64,2048,595.628
16,64,64,8192,2360.81
16,128,0,0,13.9307
16,128,1,32,12.981
16,128,1,128,13.632
16,128,1,512,24.7893
16,128,1,2048,72.959
16,128,1,8192,265.425
16,128,2,16,13.0133
16,128,2,64,13.0557
16,128,2,256,16.8953
16,128,2,1024,41.034
16,128,2,4096,137.213
16,128,2,16384,524.355
16,128,4,32,13.0667
16,128,4,128,13.8773
16,128,4,512,25.2897
16,128,4,2048,73.8977
16,128,4,8192,266.513
16,128,8,16,19.541
16,128,8,64,19.9033
16,128,8,256,30.5917
16,128,8,1024,63.103
16,128,8,4096,159.368
16,128,8,16384,545.922
16,128,16,32,25.333
16,128,16,128,33.205
16,128,16,512,59.1887
16,128,16,2048,155.689
16,128,16,8192,545.912
16,128,32,16,36.0637
16,128,32,64,36.7777
16,128,32,256,69.3967
16,128,32,1024,165.672
16,128,32,4096,551.724
16,128,32,16384,2138.92
16,128,64,32,58.047
16,128,64,128,88.575
16,128,64,512,193.096
16,128,64,2048,596.993
16,128,64,8192,2355.81
16,256,0,0,17.8017
16,256,1,32,16.9487
16,256,1,128,16.939
16,256,1,512,24.8207
16,256,1,2048,72.916
16,256,1,8192,265.479
16,256,2,16,17.034
16,256,2,64,17.0023
16,256,2,256,17.7383
16,256,2,1024,41.0763
16,256,2,4096,137.362
16,256,2,16384,524.226
16,256,4,32,17.0347
16,256,4,128,17.1413
16,256,4,512,25.3007
16,256,4,2048,73.6523
16,256,4,8192,266.652
16,256,8,16,23.5093
16,256,8,64,23.86
16,256,8,256,32.1697
16,256,8,1024,71.1773
16,256,8,4096,167.305
16,256,8,16384,552.364
16,256,16,32,29.3327
16,256,16,128,37.5033
16,256,16,512,63.9777
16,256,16,2048,160.008
16,256,16,8192,551.244
16,256,32,16,40.0737
16,256,32,64,40.9807
16,256,32,256,72.5213
16,256,32,1024,169.341
16,256,32,4096,556.545
16,256,32,16384,2140.85
16,256,64,32,62.2283
16,256,64,128,92.628
16,256,64,512,197.587
16,256,64,2048,600.416
16,256,64,8192,2367.75
16,512,0,0,25.6953
16,512,1,32,24.885
16,512,1,128,24.885
16,512,1,512,25.4717
16,512,1,2048,72.9587
16,512,1,8192,265.532
16,512,2,16,24.906
16,512,2,64,24.9593
16,512,2,256,24.9917
16,512,2,1024,41.0763
16,512,2,4096,137.352
16,512,2,16384,523.596
16,512,4,32,25.0133
16,512,4,128,25.0557
16,512,4,512,25.7697
16,512,4,2048,73.8227
16,512,4,8192,266.513
16,512,8,16,31.5837
16,512,8,64,31.9567
16,512,8,256,40.5117
16,512,8,1024,79.22
16,512,8,4096,182.642
16,512,8,16384,568.215
16,512,16,32,37.3117
16,512,16,128,45.3433
16,512,16,512,69.844
16,512,16,2048,167.763
16,512,16,8192,558.445
16,512,32,16,48.0843
16,512,32,64,48.9057
16,512,32,256,80.5003
16,512,32,1024,177.49
16,512,32,4096,564.599
16,512,32,16384,2146.48
16,512,64,32,70.3563
16,512,64,128,100.895
16,512,64,512,203.73
16,512,64,2048,609.633
16,512,64,8192,2358.75
16,1024,0,0,41.5787
16,1024,1,32,40.8853
16,1024,1,128,40.927
16,1024,1,512,41.0233
16,1024,1,2048,73.0227
16,1024,1,8192,265.51
16,1024,2,16,40.9487
16,1024,2,64,40.97
16,1024,2,256,41.023
16,1024,2,1024,41.6097
16,1024,2,4096,137.448
16,1024,2,16384,524.439
16,1024,4,32,41.0553
16,1024,4,128,41.1197
16,1024,4,512,41.343
16,1024,4,2048,73.7587
16,1024,4,8192,267.249
16,1024,8,16,47.5087
16,1024,8,64,47.8713
16,1024,8,256,55.999
16,1024,8,1024,80.447
16,1024,8,4096,213.66
16,1024,8,16384,600.31
16,1024,16,32,53.3427
16,1024,16,128,61.215
16,1024,16,512,85.5443
16,1024,16,2048,183.453
16,1024,16,8192,572.738
16,1024,32,16,64.031
16,1024,32,64,65.3107
16,1024,32,256,96.3397
16,1024,32,1024,191.624
16,1024,32,4096,580.908
16,1024,32,16384,2162.88
16,1024,64,32,86.591
16,1024,64,128,117.523
16,1024,64,512,220.253
16,1024,64,2048,625.729
16,1024,64,8192,2383.79
16,2048,0,0,73.3323
16,2048,1,32,72.9053
16,2048,1,128,72.9807
16,2048,1,512,72.9903
16,2048,1,2048,73.311
16,2048,1,8192,265.787
16,2048,2,16,72.9797
16,2048,2,64,72.9803
16,2048,2,256,72.991
16,2048,2,1024,73.2363
16,2048,2,4096,137.416
16,2048,2,16384,526.732
16,2048,4,32,73.172
16,2048,4,128,73.161
16,2048,4,512,73.236
16,2048,4,2048,74.0573
16,2048,4,8192,268.123
16,2048,8,16,79.4547
16,2048,8,64,79.7743
16,2048,8,256,87.689
16,2048,8,1024,112.446
16,2048,8,4096,270.481
16,2048,8,16384,663.435
16,2048,16,32,85.2577
16,2048,16,128,92.9373
16,2048,16,512,117.619
16,2048,16,2048,212.786
16,2048,16,8192,606.027
16,2048,32,16,95.892
16,2048,32,64,96.8407
16,2048,32,256,128.659
16,2048,32,1024,223.825
16,2048,32,4096,613.654
16,2048,32,16384,2196.89
16,2048,64,32,118.665
16,2048,64,128,149.533
16,2048,64,512,254.513
16,2048,64,2048,666.24
16,2048,64,8192,2415.94
16,4096,0,0,137.363
16,4096,1,32,136.947
16,4096,1,128,136.99
16,4096,1,512,136.915
16,4096,1,2048,137.16
16,4096,1,8192,265.585
16,4096,2,16,136.979
16,4096,2,64,137.022
16,4096,2,256,137.065
16,4096,2,1024,137.096
16,4096,2,4096,137.598
16,4096,2,16384,525.186
16,4096,4,32,137.288
16,4096,4,128,137.299
16,4096,4,512,137.288
16,4096,4,2048,138.035
16,4096,4,8192,267.345
16,4096,8,16,143.528
16,4096,8,64,143.645
16,4096,8,256,151.763
16,4096,8,1024,175.923
16,4096,8,4096,273.18
16,4096,8,16384,795.603
16,4096,16,32,149.117
16,4096,16,128,156.744
16,4096,16,512,181.245
16,4096,16,2048,276.561
16,4096,16,8192,679.37
16,4096,32,16,159.869
16,4096,32,64,160.734
16,4096,32,256,192.541
16,4096,32,1024,288.017
16,4096,32,4096,677.973
16,4096,32,16384,2274.7
16,4096,64,32,182.248
16,4096,64,128,213.586
16,4096,64,512,319.558
16,4096,64,2048,743.69
16,4096,64,8192,2785.91
16,8192,0,0,265.744
16,8192,1,32,264.999
16,8192,1,128,264.998
16,8192,1,512,265.084
16,8192,1,2048,265.436
16,8192,1,8192,265.724
16,8192,2,16,265.148
16,8192,2,64,265.307
16,8192,2,256,264.956
16,8192,2,1024,265.243
16,8192,2,4096,265.329
16,8192,2,16384,527.65
16,8192,4,32,265.307
16,8192,4,128,265.382
16,8192,4,512,265.958
16,8192,4,2048,265.83
16,8192,4,8192,268.551
16,8192,8,16,271.355
16,8192,8,64,271.388
16,8192,8,256,279.654
16,8192,8,1024,303.611
16,8192,8,4096,400.996
16,8192,8,16384,1052.88
16,8192,16,32,277.18
16,8192,16,128,284.741
16,8192,16,512,309.104
16,8192,16,2048,403.961
16,8192,16,8192,811.167
16,8192,32,16,288.102
16,8192,32,64,288.709
16,8192,32,256,319.717
16,8192,32,1024,415.908
16,8192,32,4096,806.28
16,8192,32,16384,2421.87
16,8192,64,32,310.192
16,8192,64,128,340.954
16,8192,64,512,447.395
16,8192,64,2048,895.047
16,8192,64,8192,2716.96
16,16384,0,0,522.274
16,16384,1,32,521.217
16,16384,1,128,521.165
16,16384,1,512,521.314
16,16384,1,2048,521.292
16,16384,1,8192,521.549
16,16384,2,16,521.58
16,16384,2,64,521.612
16,16384,2,256,521.9
16,16384,2,1024,521.474
16,16384,2,4096,521.666
16,16384,2,16384,527.703
16,16384,4,32,521.986
16,16384,4,128,522.392
16,16384,4,512,521.816
16,16384,4,2048,522.563
16,16384,4,8192,529.826
16,16384,8,16,526.146
16,16384,8,64,526.85
16,16384,8,256,535.212
16,16384,8,1024,559.169
16,16384,8,4096,656.554
16,16384,8,16384,1070.52
16,16384,16,32,532.343
16,16384,16,128,539.703
16,16384,16,512,564.311
16,16384,16,2048,659.937
16,16384,16,8192,1057.18
16,16384,32,16,543.331
16,16384,32,64,544.503
16,16384,32,256,575.532
16,16384,32,1024,671.744
16,16384,32,4096,1068.1
16,16384,32,16384,2652.12
16,16384,64,32,565.303
16,16384,64,128,597.612
16,16384,64,512,703.264
16,16384,64,2048,1168.32
16,16384,64,8192,3060.79
32,0,0,0,10.1337
32,0,1,32,10.037
32,0,1,128,13.002
32,0,1,512,24.9277
32,0,1,2048,73.0547
32,0,1,8192,265.681
32,0,2,16,10.091
32,0,2,64,10.1643
32,0,2,256,16.9917
32,0,2,1024,41.1307
32,0,2,4096,137.352
32,0,2,16384,522.957
32,0,4,32,10.208
32,0,4,128,13.1413
32,0,4,512,25.4183
32,0,4,2048,74.047
32,0,4,8192,266.811
32,0,8,16,15.7333
32,0,8,64,15.7863
32,0,8,256,30.496
32,0,8,1024,55.4977
32,0,8,4096,151.507
32,0,8,16384,539.554
32,0,16,32,21.269
32,0,16,128,29.813
32,0,16,512,55.8393
32,0,16,2048,152.467
32,0,16,8192,542.509
32,0,32,16,32.0733
32,0,32,64,32.938
32,0,32,256,65.4817
32,0,32,1024,161.042
32,0,32,4096,548.631
32,0,32,16384,2142.22
32,0,64,32,54.0043
32,0,64,128,85.353
32,0,64,512,189.277
32,0,64,2048,596.662
32,0,64,8192,2342.84
32,16,0,0,10.1653
32,16,1,32,10.069
32,16,1,128,12.981
32,16,1,512,24.9167
32,16,1,2048,73.012
32,16,1,8192,265.425
32,16,2,16,10.0587
32,16,2,64,10.3037
32,16,2,256,17.0127
32,16,2,1024,41.1407
32,16,2,4096,137.501
32,16,2,16384,522.903
32,16,4,32,10.2183
32,16,4,128,13.1513
32,16,4,512,25.461
32,16,4,2048,73.8227
32,16,4,8192,266.886
32,16,8,16,15.7863
32,16,8,64,16.1917
32,16,8,256,30.282
32,16,8,1024,55.7537
32,16,8,4096,151.635
32,16,8,16384,540.748
32,16,16,32,21.343
32,16,16,128,29.8127
32,16,16,512,55.679
32,16,16,2048,153.053
32,16,16,8192,543.084
32,16,32,16,32.149
32,16,32,64,33.119
32,16,32,256,65.919
32,16,32,1024,161.842
32,16,32,4096,548.61
32,16,32,16384,2139.55
32,16,64,32,54.0257
32,16,64,128,85.4173
32,16,64,512,189.842
32,16,64,2048,594.754
32,16,64,8192,2357.97
32,32,0,0,10.2717
32,32,1,32,10.048
32,32,1,128,13.023
32,32,1,512,24.9597
32,32,1,2048,73.0447
32,32,1,8192,265.36
32,32,2,16,10.08
32,32,2,64,10.2827
32,32,2,256,16.9703
32,32,2,1024,41.1087
32,32,2,4096,137.417
32,32,2,16384,522.849
32,32,4,32,10.2827
32,32,4,128,13.1517
32,32,4,512,25.4287
32,32,4,2048,73.7477
32,32,4,8192,266.726
32,32,8,16,15.8827
32,32,8,64,16.1813
32,32,8,256,30.41
32,32,8,1024,55.306
32,32,8,4096,151.805
32,32,8,16384,539.628
32,32,16,32,21.4393
32,32,16,128,29.9623
32,32,16,512,55.3697
32,32,16,2048,152.499
32,32,16,8192,543.394
32,32,32,16,32.17
32,32,32,64,33.034
32,32,32,256,65.3643
32,32,32,1024,161.214
32,32,32,4096,548.631
32,32,32,16384,2136.34
32,32,64,32,53.9727
32,32,64,128,85.8337
32,32,64,512,189.213
32,32,64,2048,596.183
32,32,64,8192,2361.87
32,64,0,0,10.336
32,64,1,32,10.133
32,64,1,128,12.9807
32,64,1,512,24.9277
32,64,1,2048,73.1187
32,64,1,8192,265.2
32,64,2,16,10.0693
32,64,2,64,10.2077
32,64,2,256,16.9913
32,64,2,1024,41.1083
32,64,2,4096,137.449
32,64,2,16384,523.063
32,64,4,32,10.325
32,64,4,128,13.1307
32,64,4,512,25.3747
32,64,4,2048,73.8227
32,64,4,8192,266.801
32,64,8,16,16.0317
32,64,8,64,16.4053
32,64,8,256,30.5917
32,64,8,1024,55.519
32,64,8,4096,151.496
32,64,8,16384,539.405
32,64,16,32,21.568
32,64,16,128,29.9943
32,64,16,512,56.3827
32,64,16,2048,152.328
32,64,16,8192,544.086
32,64,32,16,32.2877
32,64,32,64,33.1837
32,64,32,256,65.3323
32,64,32,1024,161.672
32,64,32,4096,549.133
32,64,32,16384,2141.26
32,64,64,32,54.2497
32,64,64,128,85.9077
32,64,64,512,189.597
32,64,64,2048,597.793
32,64,64,8192,2343.41
32,128,0,0,14.2183
32,128,1,32,13.1943
32,128,1,128,13.8983
32,128,1,512,24.9173
32,128,1,2048,73.129
32,128,1,8192,265.371
32,128,2,16,13.2373
32,128,2,64,13.216
32,128,2,256,17.0343
32,128,2,1024,41.1087
32,128,2,4096,137.459
32,128,2,16384,522.924
32,128,4,32,13.3013
32,128,4,128,14.016
32,128,4,512,25.4393
32,128,4,2048,74.143
32,128,4,8192,266.652
32,128,8,16,20.021
32,128,8,64,20.3303
32,128,8,256,30.741
32,128,8,1024,63.7217
32,128,8,4096,159.678
32,128,8,16384,546.306
32,128,16,32,25.5143
32,128,16,128,33.215
32,128,16,512,60.0097
32,128,16,2048,157.031
32,128,16,8192,546.807
32,128,32,16,36.1487
32,128,32,64,37.098
32,128,32,256,69.631
32,128,32,1024,165.853
32,128,32,4096,552.791
32,128,32,16384,2141.8
32,128,64,32,58.0683
32,128,64,128,88.82
32,128,64,512,193.394
32,128,64,2048,598.124
32,128,64,8192,2366.44
32,256,0,0,18.0797
32,256,1,32,17.1307
32,256,1,128,17.1513
32,256,1,512,24.9383
32,256,1,2048,73.076
32,256,1,8192,265.745
32,256,2,16,17.1833
32,256,2,64,17.2473
32,256,2,256,17.824
32,256,2,1024,41.1833
32,256,2,4096,137.566
32,256,2,16384,523.085
32,256,4,32,17.2157
32,256,4,128,17.3013
32,256,4,512,25.4177
32,256,4,2048,73.812
32,256,4,8192,266.875
32,256,8,16,23.9463
32,256,8,64,24.2027
32,256,8,256,32.5223
32,256,8,1024,71.743
32,256,8,4096,166.984
32,256,8,16384,554.252
32,256,16,32,29.397
32,256,16,128,37.2153
32,256,16,512,64.1587
32,256,16,2048,159.912
32,256,16,8192,551.053
32,256,32,16,40.266
32,256,32,64,41.0557
32,256,32,256,72.6067
32,256,32,1024,169.981
32,256,32,4096,557.037
32,256,32,16384,2139.84
32,256,64,32,62.3137
32,256,64,128,92.8843
32,256,64,512,198.269
32,256,64,2048,601.132
32,256,64,8192,2355.14
32,512,0,0,25.8447
32,512,1,32,25.0987
32,512,1,128,25.0983
32,512,1,512,25.6207
32,512,1,2048,73.119
32,512,1,8192,265.67
32,512,2,16,25.1307
32,512,2,64,25.1517
32,512,2,256,25.1723
32,512,2,1024,41.2053
32,512,2,4096,137.417
32,512,2,16384,522.807
32,512,4,32,25.226
32,512,4,128,25.3433
32,512,4,512,26.005
32,512,4,2048,73.855
32,512,4,8192,266.619
32,512,8,16,31.861
32,512,8,64,32.202
32,512,8,256,40.661
32,512,8,1024,79.2523
32,512,8,4096,182.93
32,512,8,16384,569.761
32,512,16,32,37.5143
32,512,16,128,45.173
32,512,16,512,70.3347
32,512,16,2048,167.581
32,512,16,8192,557.644
32,512,32,16,48.2863
32,512,32,64,49.2583
32,512,32,256,80.7457
32,512,32,1024,178.056
32,512,32,4096,565.164
32,512,32,16384,2146.1
32,512,64,32,70.6123
32,512,64,128,101.139
32,512,64,512,204.476
32,512,64,2048,610.102
32,512,64,8192,2344.08
32,1024,0,0,41.749
32,1024,1,32,41.119
32,1024,1,128,41.1507
32,1024,1,512,41.2043
32,1024,1,2048,73.1083
32,1024,1,8192,265.83
32,1024,2,16,41.215
32,1024,2,64,41.1197
32,1024,2,256,41.247
32,1024,2,1024,41.7697
32,1024,2,4096,137.501
32,1024,2,16384,523.116
32,1024,4,32,41.258
32,1024,4,128,41.322
32,1024,4,512,41.6203
32,1024,4,2048,73.951
32,1024,4,8192,267.334
32,1024,8,16,47.8607
32,1024,8,64,48.2337
32,1024,8,256,56.4143
32,1024,8,1024,81.033
32,1024,8,4096,214.268
32,1024,8,16384,600.385
32,1024,16,32,53.343
32,1024,16,128,61.1717
32,1024,16,512,85.8017
32,1024,16,2048,183.389
32,1024,16,8192,574.433
32,1024,32,16,64.3183
32,1024,32,64,65.1723
32,1024,32,256,96.713
32,1024,32,1024,191.911
32,1024,32,4096,581.324
32,1024,32,16384,2164.15
32,1024,64,32,86.6863
32,1024,64,128,117.513
32,1024,64,512,220.86
32,1024,64,2048,626.838
32,1024,64,8192,2347.04
32,2048,0,0,73.6843
32,2048,1,32,73.1513
32,2048,1,128,73.1497
32,2048,1,512,73.215
32,2048,1,2048,73.5133
32,2048,1,8192,265.766
32,2048,2,16,73.2363
32,2048,2,64,73.2253
32,2048,2,256,73.268
32,2048,2,1024,73.471
32,2048,2,4096,137.427
32,2048,2,16384,525.548
32,2048,4,32,73.3427
32,2048,4,128,73.3003
32,2048,4,512,73.4703
32,2048,4,2048,74.3133
32,2048,4,8192,267.911
32,2048,8,16,79.7637
32,2048,8,64,80.0943
32,2048,8,256,88.243
32,2048,8,1024,112.489
32,2048,8,4096,271.761
32,2048,8,16384,664.021
32,2048,16,32,85.5027
32,2048,16,128,93.0327
32,2048,16,512,117.789
32,2048,16,2048,213.298
32,2048,16,8192,606.55
32,2048,32,16,96.2113
32,2048,32,64,97.118
32,2048,32,256,128.627
32,2048,32,1024,223.922
32,2048,32,4096,613.675
32,2048,32,16384,2196.97
32,2048,64,32,118.75
32,2048,64,128,149.917
32,2048,64,512,255.281
32,2048,64,2048,666.175
32,2048,64,8192,2394.06
32,4096,0,0,137.672
32,4096,1,32,137.214
32,4096,1,128,137.149
32,4096,1,512,137.395
32,4096,1,2048,137.406
32,4096,1,8192,265.734
32,4096,2,16,137.182
32,4096,2,64,137.235
32,4096,2,256,137.235
32,4096,2,1024,137.341
32,4096,2,4096,137.683
32,4096,2,16384,525.218
32,4096,4,32,137.437
32,4096,4,128,137.502
32,4096,4,512,137.608
32,4096,4,2048,138.099
32,4096,4,8192,267.163
32,4096,8,16,143.667
32,4096,8,64,143.891
32,4096,8,256,151.827
32,4096,8,1024,176.157
32,4096,8,4096,273.446
32,4096,8,16384,797.065
32,4096,16,32,149.491
32,4096,16,128,157.075
32,4096,16,512,181.703
32,4096,16,2048,276.732
32,4096,16,8192,679.786
32,4096,32,16,159.976
32,4096,32,64,161.181
32,4096,32,256,192.882
32,4096,32,1024,287.856
32,4096,32,4096,677.898
32,4096,32,16384,2277.3
32,4096,64,32,182.535
32,4096,64,128,213.649
32,4096,64,512,319.867
32,4096,64,2048,742.996
32,4096,64,8192,2773.6
32,8192,0,0,265.862
32,8192,1,32,265.222
32,8192,1,128,265.254
32,8192,1,512,265.414
32,8192,1,2048,265.607
32,8192,1,8192,265.83
32,8192,2,16,265.361
32,8192,2,64,265.595
32,8192,2,256,265.436
32,8192,2,1024,265.67
32,8192,2,4096,265.852
32,8192,2,16384,527.266
32,8192,4,32,265.99
32,8192,4,128,265.937
32,8192,4,512,265.884
32,8192,4,2048,266.363
32,8192,4,8192,268.753
32,8192,8,16,271.388
32,8192,8,64,271.899
32,8192,8,256,279.365
32,8192,8,1024,304.027
32,8192,8,4096,401.081
32,8192,8,16384,1054.1
32,8192,16,32,276.977
32,8192,16,128,285.126
32,8192,16,512,308.721
32,8192,16,2048,404.729
32,8192,16,8192,812.19
32,8192,32,16,287.612
32,8192,32,64,288.987
32,8192,32,256,320.112
32,8192,32,1024,415.908
32,8192,32,4096,808.936
32,8192,32,16384,2421.29
32,8192,64,32,310.704
32,8192,64,128,341.871
32,8192,64,512,449.06
32,8192,64,2048,895.848
32,8192,64,8192,2690.37
32,16384,0,0,522.241
32,16384,1,32,521.613
32,16384,1,128,521.377
32,16384,1,512,521.9
32,16384,1,2048,521.975
32,16384,1,8192,521.772
32,16384,2,16,522.06
32,16384,2,64,522.136
32,16384,2,256,522.124
32,16384,2,1024,521.805
32,16384,2,4096,522.487
32,16384,2,16384,527.266
32,16384,4,32,522.294
32,16384,4,128,522.69
32,16384,4,512,521.56
32,16384,4,2048,523.202
32,16384,4,8192,530.295
32,16384,8,16,527.159
32,16384,8,64,527.426
32,16384,8,256,536.173
32,16384,8,1024,559.81
32,16384,8,4096,656.299
32,16384,8,16384,1070.02
32,16384,16,32,532.237
32,16384,16,128,539.745
32,16384,16,512,562.732
32,16384,16,2048,660.234
32,16384,16,8192,1058.44
32,16384,32,16,543.49
32,16384,32,64,545.505
32,16384,32,256,575.638
32,16384,32,1024,671.381
32,16384,32,4096,1066.08
32,16384,32,16384,2655
32,16384,64,32,566.55
32,16384,64,128,597.451
32,16384,64,512,703.977
32,16384,64,2048,1168.73
32,16384,64,8192,3076.84
64,0,0,0,10.453
64,0,1,32,10.2393
64,0,1,128,12.9493
64,0,1,512,24.9273
64,0,1,2048,73.172
64,0,1,8192,265.488
64,0,2,16,10.336
64,0,2,64,10.3893
64,0,2,256,17.002
64,0,2,1024,41.1403
64,0,2,4096,137.363
64,0,2,16384,525.355
64,0,4,32,10.4423
64,0,4,128,13.2373
64,0,4,512,25.4187
64,0,4,2048,73.855
64,0,4,8192,268.454
64,0,8,16,16.064
64,0,8,64,16.2987
64,0,8,256,30.954
64,0,8,1024,56.2227
64,0,8,4096,152.147
64,0,8,16384,540.78
64,0,16,32,21.6847
64,0,16,128,30.1863
64,0,16,512,56.7673
64,0,16,2048,153.47
64,0,16,8192,543.49
64,0,32,16,32.3833
64,0,32,64,33.1833
64,0,32,256,65.7697
64,0,32,1024,162.291
64,0,32,4096,548.396
64,0,32,16384,2141.56
64,0,64,32,54.495
64,0,64,128,85.8973
64,0,64,512,190.983
64,0,64,2048,597.462
64,0,64,8192,2350.69
64,16,0,0,10.4427
64,16,1,32,10.2293
64,16,1,128,12.981
64,16,1,512,24.9493
64,16,1,2048,73.0657
64,16,1,8192,265.553
64,16,2,16,10.3253
64,16,2,64,10.4107
64,16,2,256,17.0023
64,16,2,1024,41.1723
64,16,2,4096,137.459
64,16,2,16384,525.442
64,16,4,32,10.4107
64,16,4,128,13.216
64,16,4,512,25.408
64,16,4,2048,73.855
64,16,4,8192,268.517
64,16,8,16,16.1383
64,16,8,64,16.4693
64,16,8,256,30.5697
64,16,8,1024,56.18
64,16,8,4096,152.563
64,16,8,16384,540.418
64,16,16,32,21.8667
64,16,16,128,30.1867
64,16,16,512,55.5833
64,16,16,2048,152.701
64,16,16,8192,543.319
64,16,32,16,32.469
64,16,32,64,33.1947
64,16,32,256,66.3883
64,16,32,1024,161.416
64,16,32,4096,548.738
64,16,32,16384,2140.83
64,16,64,32,54.463
64,16,64,128,85.887
64,16,64,512,190.695
64,16,64,2048,597.686
64,16,64,8192,2360.34
64,32,0,0,10.6453
64,32,1,32,10.2827
64,32,1,128,12.9923
64,32,1,512,24.9173
64,32,1,2048,73.1083
64,32,1,8192,265.425
64,32,2,16,10.2713
64,32,2,64,10.4743
64,32,2,256,17.024
64,32,2,1024,41.1727
64,32,2,4096,137.544
64,32,2,16384,525.037
64,32,4,32,10.5697
64,32,4,128,13.1733
64,32,4,512,25.3973
64,32,4,2048,73.9937
64,32,4,8192,268.112
64,32,8,16,16.1707
64,32,8,64,16.5757
64,32,8,256,30.709
64,32,8,1024,56.778
64,32,8,4096,152.829
64,32,8,16384,541.388
64,32,16,32,21.7383
64,32,16,128,30.2823
64,32,16,512,56.735
64,32,16,2048,153.565
64,32,16,8192,544.897
64,32,32,16,32.4793
64,32,32,64,33.407
64,32,32,256,66.2817
64,32,32,1024,162.152
64,32,32,4096,549.516
64,32,32,16384,2140.68
64,32,64,32,54.687
64,32,64,128,86.089
64,32,64,512,190.983
64,32,64,2048,599.287
64,32,64,8192,2348.07
64,64,0,0,10.3893
64,64,1,32,10.325
64,64,1,128,12.9707
64,64,1,512,24.9277
64,64,1,2048,73.0123
64,64,1,8192,265.82
64,64,2,16,10.3783
64,64,2,64,10.517
64,64,2,256,17.184
64,64,2,1024,41.194
64,64,2,4096,137.501
64,64,2,16384,525.441
64,64,4,32,10.549
64,64,4,128,13.2693
64,64,4,512,25.408
64,64,4,2048,73.7803
64,64,4,8192,267.835
64,64,8,16,16.3727
64,64,8,64,16.5223
64,64,8,256,30.666
64,64,8,1024,56.5427
64,64,8,4096,152.467
64,64,8,16384,540.855
64,64,16,32,21.8767
64,64,16,128,30.133
64,64,16,512,55.7003
64,64,16,2048,153.16
64,64,16,8192,544.342
64,64,32,16,32.4797
64,64,32,64,33.5883
64,64,32,256,66.3667
64,64,32,1024,162.557
64,64,32,4096,549.655
64,64,32,16384,2140.81
64,64,64,32,54.623
64,64,64,128,85.631
64,64,64,512,191.282
64,64,64,2048,599.105
64,64,64,8192,2352.96
64,128,0,0,14.4213
64,128,1,32,13.4713
64,128,1,128,14.016
64,128,1,512,24.9493
64,128,1,2048,73.0867
64,128,1,8192,265.691
64,128,2,16,13.5253
64,128,2,64,13.5783
64,128,2,256,17.077
64,128,2,1024,41.2367
64,128,2,4096,137.512
64,128,2,16384,525.089
64,128,4,32,13.5787
64,128,4,128,14.2507
64,128,4,512,25.4183
64,128,4,2048,73.8123
64,128,4,8192,267.75
64,128,8,16,20.2557
64,128,8,64,20.5963
64,128,8,256,30.7513
64,128,8,1024,65.5133
64,128,8,4096,161.736
64,128,8,16384,547.117
64,128,16,32,25.8333
64,128,16,128,33.7277
64,128,16,512,61.5993
64,128,16,2048,157.427
64,128,16,8192,547.276
64,128,32,16,36.469
64,128,32,64,37.354
64,128,32,256,69.4067
64,128,32,1024,166.28
64,128,32,4096,552.567
64,128,32,16384,2140.62
64,128,64,32,58.4627
64,128,64,128,89.5557
64,128,64,512,195.026
64,128,64,2048,599.35
64,128,64,8192,2352.28
64,256,0,0,18.24
64,256,1,32,17.4613
64,256,1,128,17.4923
64,256,1,512,24.949
64,256,1,2048,73.0653
64,256,1,8192,265.691
64,256,2,16,17.5037
64,256,2,64,17.547
64,256,2,256,17.9517
64,256,2,1024,41.1617
64,256,2,4096,137.459
64,256,2,16384,525.43
64,256,4,32,17.6
64,256,4,128,17.6
64,256,4,512,25.4713
64,256,4,2048,73.9937
64,256,4,8192,267.942
64,256,8,16,24.1807
64,256,8,64,24.64
64,256,8,256,32.7037
64,256,8,1024,73.0333
64,256,8,4096,169.256
64,256,8,16384,555.553
64,256,16,32,29.8133
64,256,16,128,37.5997
64,256,16,512,65.0333
64,256,16,2048,161.309
64,256,16,8192,551.628
64,256,32,16,40.4473
64,256,32,64,41.4493
64,256,32,256,72.863
64,256,32,1024,170.557
64,256,32,4096,557.025
64,256,32,16384,2140.39
64,256,64,32,62.6443
64,256,64,128,93.428
64,256,64,512,199.474
64,256,64,2048,602.848
64,256,64,8192,2357.03
64,512,0,0,26.1433
64,512,1,32,25.4187
64,512,1,128,25.429
64,512,1,512,25.8127
64,512,1,2048,73.108
64,512,1,8192,265.478
64,512,2,16,25.4607
64,512,2,64,25.4503
64,512,2,256,25.514
64,512,2,1024,41.2473
64,512,2,4096,137.512
64,512,2,16384,524.898
64,512,4,32,25.4717
64,512,4,128,25.621
64,512,4,512,26.1117
64,512,4,2048,74.015
64,512,4,8192,267.761
64,512,8,16,32.127
64,512,8,64,32.5327
64,512,8,256,40.735
64,512,8,1024,79.327
64,512,8,4096,184.829
64,512,8,16384,571.49
64,512,16,32,37.7807
64,512,16,128,45.6843
64,512,16,512,70.1107
64,512,16,2048,169.33
64,512,16,8192,559.479
64,512,32,16,48.415
64,512,32,64,49.3863
64,512,32,256,80.863
64,512,32,1024,178.195
64,512,32,4096,565.591
64,512,32,16384,2147.4
64,512,64,32,70.7937
64,512,64,128,101.748
64,512,64,512,205.959
64,512,64,2048,614.049
64,512,64,8192,2372.27
64,1024,0,0,42.1217
64,1024,1,32,41.471
64,1024,1,128,41.4177
64,1024,1,512,41.4707
64,1024,1,2048,73.15
64,1024,1,8192,265.659
64,1024,2,16,41.4603
64,1024,2,64,41.503
64,1024,2,256,41.5463
64,1024,2,1024,41.8763
64,1024,2,4096,137.48
64,1024,2,16384,525.676
64,1024,4,32,41.5353
64,1024,4,128,41.5993
64,1024,4,512,41.8663
64,1024,4,2048,73.9403
64,1024,4,8192,268.059
64,1024,8,16,48.1377
64,1024,8,64,48.5437
64,1024,8,256,56.7777
64,1024,8,1024,81.0653
64,1024,8,4096,216.338
64,1024,8,16384,601.292
64,1024,16,32,53.8227
64,1024,16,128,61.4497
64,1024,16,512,86.207
64,1024,16,2048,185.075
64,1024,16,8192,575.286
64,1024,32,16,64.4577
64,1024,32,64,65.4603
64,1024,32,256,96.8093
64,1024,32,1024,192.37
64,1024,32,4096,581.825
64,1024,32,16384,2165.13
64,1024,64,32,86.953
64,1024,64,128,117.758
64,1024,64,512,222.055
64,1024,64,2048,630.123
64,1024,64,8192,2372.06
64,2048,0,0,74.0787
64,2048,1,32,73.4387
64,2048,1,128,73.4707
64,2048,1,512,73.5027
64,2048,1,2048,73.5877
64,2048,1,8192,265.734
64,2048,2,16,73.4707
64,2048,2,64,73.4813
64,2048,2,256,73.5877
64,2048,2,1024,73.7263
64,2048,2,4096,137.586
64,2048,2,16384,527.287
64,2048,4,32,73.6203
64,2048,4,128,73.652
64,2048,4,512,73.7793
64,2048,4,2048,74.42
64,2048,4,8192,269.403
64,2048,8,16,80.02
64,2048,8,64,80.4253
64,2048,8,256,88.233
64,2048,8,1024,112.595
64,2048,8,4096,271.43
64,2048,8,16384,665.088
64,2048,16,32,85.577
64,2048,16,128,93.172
64,2048,16,512,117.684
64,2048,16,2048,213.713
64,2048,16,8192,607.5
64,2048,32,16,96.67
64,2048,32,64,97.5557
64,2048,32,256,128.649
64,2048,32,1024,224.039
64,2048,32,4096,614.901
64,2048,32,16384,2197.48
64,2048,64,32,118.942
64,2048,64,128,150.227
64,2048,64,512,256.337
64,2048,64,2048,667.904
64,2048,64,8192,2405.53
64,4096,0,0,137.949
64,4096,1,32,137.608
64,4096,1,128,137.566
64,4096,1,512,137.544
64,4096,1,2048,137.555
64,4096,1,8192,265.883
64,4096,2,16,137.437
64,4096,2,64,137.533
64,4096,2,256,137.737
64,4096,2,1024,137.672
64,4096,2,4096,137.822
64,4096,2,16384,527.49
64,4096,4,32,137.683
64,4096,4,128,137.651
64,4096,4,512,137.864
64,4096,4,2048,138.216
64,4096,4,8192,268.518
64,4096,8,16,143.997
64,4096,8,64,144.19
64,4096,8,256,152.232
64,4096,8,1024,176.691
64,4096,8,4096,274.662
64,4096,8,16384,801.085
64,4096,16,32,149.672
64,4096,16,128,157.085
64,4096,16,512,181.618
64,4096,16,2048,276.624
64,4096,16,8192,681.044
64,4096,32,16,160.232
64,4096,32,64,160.829
64,4096,32,256,192.199
64,4096,32,1024,288.368
64,4096,32,4096,677.76
64,4096,32,16384,2279.26
64,4096,64,32,182.898
64,4096,64,128,213.895
64,4096,64,512,321.029
64,4096,64,2048,745.929
64,4096,64,8192,2767.25
64,8192,0,0,266.118
64,8192,1,32,265.638
64,8192,1,128,265.489
64,8192,1,512,265.585
64,8192,1,2048,265.552
64,8192,1,8192,265.766
64,8192,2,16,265.713
64,8192,2,64,265.627
64,8192,2,256,265.904
64,8192,2,1024,265.862
64,8192,2,4096,265.905
64,8192,2,16384,527.863
64,8192,4,32,265.894
64,8192,4,128,266.354
64,8192,4,512,266.268
64,8192,4,2048,266.448
64,8192,4,8192,269.745
64,8192,8,16,271.643
64,8192,8,64,271.803
64,8192,8,256,279.76
64,8192,8,1024,303.963
64,8192,8,4096,401.699
64,8192,8,16384,1055.51
64,8192,16,32,277.286
64,8192,16,128,284.571
64,8192,16,512,308.752
64,8192,16,2048,404.974
64,8192,16,8192,812.594
64,8192,32,16,287.846
64,8192,32,64,288.326
64,8192,32,256,320.496
64,8192,32,1024,416.238
64,8192,32,4096,809.694
64,8192,32,16384,2423.16
64,8192,64,32,311.11
64,8192,64,128,342.053
64,8192,64,512,449.668
64,8192,64,2048,898.567
64,8192,64,8192,2700.74
64,16384,0,0,522.315
64,16384,1,32,521.655
64,16384,1,128,521.827
64,16384,1,512,522.167
64,16384,1,2048,522.038
64,16384,1,8192,522.391
64,16384,2,16,522.893
64,16384,2,64,522.284
64,16384,2,256,522.029
64,16384,2,1024,522.284
64,16384,2,4096,522.979
64,16384,2,16384,528.642
64,16384,4,32,522.508
64,16384,4,128,522.263
64,16384,4,512,522.69
64,16384,4,2048,523.35
64,16384,4,8192,531.511
64,16384,8,16,527.02
64,16384,8,64,527.5
64,16384,8,256,535.116
64,16384,8,1024,560.172
64,16384,8,4096,657.76
64,16384,8,16384,1070.1
64,16384,16,32,533.174
64,16384,16,128,540.268
64,16384,16,512,564.844
64,16384,16,2048,660.117
64,16384,16,8192,1059.22
64,16384,32,16,544.705
64,16384,32,64,545.228
64,16384,32,256,576.652
64,16384,32,1024,671.156
64,16384,32,4096,1067.6
64,16384,32,16384,2651.66
64,16384,64,32,565.879
64,16384,64,128,596.993
64,16384,64,512,704.447
64,16384,64,2048,1172.19
64,16384,64,8192,3070.17
128,0,0,0,10.3467
128,0,1,32,10.5913
128,0,1,128,13.5467
128,0,1,512,25.556
128,0,1,2048,73.5243
128,0,1,8192,265.819
128,0,2,16,10.613
128,0,2,64,10.6447
128,0,2,256,17.6213
128,0,2,1024,41.791
128,0,2,4096,137.8
128,0,2,16384,524.524
128,0,4,32,10.7947
128,0,4,128,13.7813
128,0,4,512,26.0047
128,0,4,2048,74.1957
128,0,4,8192,267.484
128,0,8,16,16.469
128,0,8,64,16.7247
128,0,8,256,31.0073
128,0,8,1024,57.823
128,0,8,4096,153.544
128,0,8,16384,541.164
128,0,16,32,22.2287
128,0,16,128,32.1063
128,0,16,512,62.6333
128,0,16,2048,158.312
128,0,16,8192,546.402
128,0,32,16,33.5673
128,0,32,64,34.346
128,0,32,256,69.343
128,0,32,1024,165.618
128,0,32,4096,551.383
128,0,32,16384,2140.26
128,0,64,32,56.9377
128,0,64,128,89.6303
128,0,64,512,193.778
128,0,64,2048,602.998
128,0,64,8192,2352.38
128,16,0,0,13.44
128,16,1,32,13.728
128,16,1,128,13.728
128,16,1,512,25.216
128,16,1,2048,73.47
128,16,1,8192,265.841
128,16,2,16,13.76
128,16,2,64,13.802
128,16,2,256,17.4397
128,16,2,1024,41.4393
128,16,2,4096,137.779
128,16,2,16384,524.514
128,16,4,32,13.9627
128,16,4,128,14.08
128,16,4,512,25.813
128,16,4,2048,74.303
128,16,4,8192,267.163
128,16,8,16,20.213
128,16,8,64,20.4793
128,16,8,256,31.1667
128,16,8,1024,63.4657
128,16,8,4096,159.635
128,16,8,16384,544.727
128,16,16,32,25.867
128,16,16,128,32.7993
128,16,16,512,66.6443
128,16,16,2048,163.762
128,16,16,8192,549.43
128,16,32,16,37.3747
128,16,32,64,38.143
128,16,32,256,72.0523
128,16,32,1024,168.563
128,16,32,4096,554.988
128,16,32,16384,2141.68
128,16,64,32,60.81
128,16,64,128,90.5797
128,16,64,512,196.914
128,16,64,2048,602.997
128,16,64,8192,2348.74
128,32,0,0,13.3973
128,32,1,32,13.7383
128,32,1,128,13.7067
128,32,1,512,25.3867
128,32,1,2048,73.567
128,32,1,8192,265.894
128,32,2,16,13.8667
128,32,2,64,13.855
128,32,2,256,17.386
128,32,2,1024,41.7167
128,32,2,4096,137.661
128,32,2,16384,524.919
128,32,4,32,14.2077
128,32,4,128,14.2823
128,32,4,512,25.952
128,32,4,2048,74.484
128,32,4,8192,267.175
128,32,8,16,20.3413
128,32,8,64,20.5113
128,32,8,256,30.9007
128,32,8,1024,63.69
128,32,8,4096,159.837
128,32,8,16384,547.489
128,32,16,32,25.9517
128,32,16,128,33.0023
128,32,16,512,67.0177
128,32,16,2048,163.399
128,32,16,8192,549.431
128,32,32,16,37.5147
128,32,32,64,38.271
128,32,32,256,71.8813
128,32,32,1024,168.36
128,32,32,4096,555.607
128,32,32,16384,2140.1
128,32,64,32,60.82
128,32,64,128,90.8783
128,32,64,512,197.053
128,32,64,2048,603.777
128,32,64,8192,2352.98
128,64,0,0,13.5147
128,64,1,32,13.7383
128,64,1,128,13.7173
128,64,1,512,25.429
128,64,1,2048,73.4593
128,64,1,8192,265.734
128,64,2,16,13.8343
128,64,2,64,13.8667
128,64,2,256,17.5673
128,64,2,1024,41.6313
128,64,2,4096,137.63
128,64,2,16384,524.674
128,64,4,32,14.2183
128,64,4,128,14.2613
128,64,4,512,25.8237
128,64,4,2048,74.239
128,64,4,8192,267.397
128,64,8,16,20.4583
128,64,8,64,20.65
128,64,8,256,31.061
128,64,8,1024,64.052
128,64,8,4096,159.528
128,64,8,16384,547.233
128,64,16,32,26.0367
128,64,16,128,33.173
128,64,16,512,67.199
128,64,16,2048,163.059
128,64,16,8192,550.892
128,64,32,16,37.482
128,64,32,64,38.463
128,64,32,256,71.8497
128,64,32,1024,168.51
128,64,32,4096,555.425
128,64,32,16384,2141.69
128,64,64,32,61.0553
128,64,64,128,90.8357
128,64,64,512,196.829
128,64,64,2048,604.896
128,64,64,8192,2340.97
128,128,0,0,14.3463
128,128,1,32,13.9303
128,128,1,128,14.2717
128,128,1,512,25.535
128,128,1,2048,73.4923
128,128,1,8192,265.904
128,128,2,16,13.93
128,128,2,64,13.9727
128,128,2,256,17.4613
128,128,2,1024,41.909
128,128,2,4096,137.928
128,128,2,16384,525.143
128,128,4,32,14.496
128,128,4,128,14.656
128,128,4,512,26.1013
128,128,4,2048,74.2603
128,128,4,8192,267.59
128,128,8,16,20.682
128,128,8,64,21.0983
128,128,8,256,31.0497
128,128,8,1024,65.8437
128,128,8,4096,161.607
128,128,8,16384,548.236
128,128,16,32,26.4317
128,128,16,128,34.3453
128,128,16,512,68.9483
128,128,16,2048,166.216
128,128,16,8192,554.156
128,128,32,16,37.9083
128,128,32,64,38.698
128,128,32,256,72.052
128,128,32,1024,169.821
128,128,32,4096,556.865
128,128,32,16384,2141.79
128,128,64,32,61.4923
128,128,64,128,91.9557
128,128,64,512,198.322
128,128,64,2048,604.705
128,128,64,8192,2358.32
128,256,0,0,18.1647
128,256,1,32,17.9733
128,256,1,128,17.93
128,256,1,512,25.5143
128,256,1,2048,73.4813
128,256,1,8192,265.862
128,256,2,16,17.888
128,256,2,64,17.941
128,256,2,256,18.2823
128,256,2,1024,41.7487
128,256,2,4096,137.886
128,256,2,16384,524.514
128,256,4,32,18.4747
128,256,4,128,18.506
128,256,4,512,26.0793
128,256,4,2048,74.3137
128,256,4,8192,267.473
128,256,8,16,24.6717
128,256,8,64,24.8423
128,256,8,256,33.0877
128,256,8,1024,73.9403
128,256,8,4096,170.333
128,256,8,16384,556.012
128,256,16,32,30.6337
128,256,16,128,38.5597
128,256,16,512,69.2043
128,256,16,2048,174.418
128,256,16,8192,563.041
128,256,32,16,42.4317
128,256,32,64,43.3593
128,256,32,256,74.1327
128,256,32,1024,173.853
128,256,32,4096,560.769
128,256,32,16384,2141.38
128,256,64,32,66.2923
128,256,64,128,96.2543
128,256,64,512,202.29
128,256,64,2048,611.979
128,256,64,8192,2358.33
128,512,0,0,26.1757
128,512,1,32,26.005
128,512,1,128,26.0267
128,512,1,512,26.1323
128,512,1,2048,73.758
128,512,1,8192,265.926
128,512,2,16,25.9623
128,512,2,64,25.962
128,512,2,256,26.1433
128,512,2,1024,41.8447
128,512,2,4096,137.875
128,512,2,16384,524.439
128,512,4,32,26.741
128,512,4,128,26.528
128,512,4,512,26.8157
128,512,4,2048,74.5477
128,512,4,8192,267.163
128,512,8,16,32.639
128,512,8,64,32.853
128,512,8,256,41.2467
128,512,8,1024,79.935
128,512,8,4096,185.202
128,512,8,16384,571.105
128,512,16,32,38.6127
128,512,16,128,46.5483
128,512,16,512,70.9213
128,512,16,2048,189.757
128,512,16,8192,578.401
128,512,32,16,50.7077
128,512,32,64,51.423
128,512,32,256,82.4307
128,512,32,1024,181.885
128,512,32,4096,569.228
128,512,32,16384,2149.32
128,512,64,32,75.3373
128,512,64,128,105.353
128,512,64,512,208.668
128,512,64,2048,618.72
128,512,64,8192,2361.09
128,1024,0,0,42.2067
128,1024,1,32,42.0687
128,1024,1,128,42.1007
128,1024,1,512,42.1747
128,1024,1,2048,73.8123
128,1024,1,8192,266.076
128,1024,2,16,42.0473
128,1024,2,64,42.122
128,1024,2,256,42.1537
128,1024,2,1024,42.378
128,1024,2,4096,137.875
128,1024,2,16384,525.815
128,1024,4,32,42.4533
128,1024,4,128,42.634
128,1024,4,512,42.8153
128,1024,4,2048,74.5697
128,1024,4,8192,268.742
128,1024,8,16,48.6603
128,1024,8,64,48.8947
128,1024,8,256,57.0657
128,1024,8,1024,81.663
128,1024,8,4096,217.074
128,1024,8,16384,603.691
128,1024,16,32,54.6443
128,1024,16,128,62.506
128,1024,16,512,86.953
128,1024,16,2048,211.729
128,1024,16,8192,610.006
128,1024,32,16,67.0173
128,1024,32,64,67.6253
128,1024,32,256,98.74
128,1024,32,1024,193.885
128,1024,32,4096,585.686
128,1024,32,16384,2167.13
128,1024,64,32,93.7903
128,1024,64,128,122.217
128,1024,64,512,225.116
128,1024,64,2048,635.648
128,1024,64,8192,2349.64
128,2048,0,0,74.1217
128,2048,1,32,74.0467
128,2048,1,128,74.0467
128,2048,1,512,74.0787
128,2048,1,2048,74.2603
128,2048,1,8192,266.652
128,2048,2,16,74.0357
128,2048,2,64,73.9827
128,2048,2,256,74.1643
128,2048,2,1024,74.399
128,2048,2,4096,138.099
128,2048,2,16384,527.265
128,2048,4,32,74.5057
128,2048,4,128,74.4303
128,2048,4,512,74.7613
128,2048,4,2048,75.1883
128,2048,4,8192,268.486
128,2048,8,16,80.6487
128,2048,8,64,80.82
128,2048,8,256,89.3853
128,2048,8,1024,113.726
128,2048,8,4096,272.731
128,2048,8,16384,666.933
128,2048,16,32,86.4737
128,2048,16,128,94.3667
128,2048,16,512,119.337
128,2048,16,2048,214.663
128,2048,16,8192,674.762
128,2048,32,16,98.985
128,2048,32,64,99.8277
128,2048,32,256,131.336
128,2048,32,1024,226.097
128,2048,32,4096,618.176
128,2048,32,16384,2201.04
128,2048,64,32,126.526
128,2048,64,128,161.064
128,2048,64,512,259.729
128,2048,64,2048,686.389
128,2048,64,8192,2428.28
128,4096,0,0,138.206
128,4096,1,32,138.035
128,4096,1,128,138.045
128,4096,1,512,138.131
128,4096,1,2048,138.067
128,4096,1,8192,266.523
128,4096,2,16,138.067
128,4096,2,64,138.024
128,4096,2,256,138.024
128,4096,2,1024,138.355
128,4096,2,4096,138.408
128,4096,2,16384,525.762
128,4096,4,32,138.515
128,4096,4,128,138.451
128,4096,4,512,138.61
128,4096,4,2048,139.08
128,4096,4,8192,268.219
128,4096,8,16,144.755
128,4096,8,64,144.893
128,4096,8,256,152.798
128,4096,8,1024,177.181
128,4096,8,4096,274.214
128,4096,8,16384,805.704
128,4096,16,32,150.344
128,4096,16,128,158.131
128,4096,16,512,183.069
128,4096,16,2048,278.768
128,4096,16,8192,791.71
128,4096,32,16,162.899
128,4096,32,64,163.389
128,4096,32,256,194.909
128,4096,32,1024,290.854
128,4096,32,4096,686.986
128,4096,32,16384,2319.93
128,4096,64,32,190.696
128,4096,64,128,225.425
128,4096,64,512,337.381
128,4096,64,2048,783.774
128,4096,64,8192,3129.24
128,8192,0,0,266.193
128,8192,1,32,266.086
128,8192,1,128,266.353
128,8192,1,512,266.298
128,8192,1,2048,266.139
128,8192,1,8192,266.278
128,8192,2,16,266.299
128,8192,2,64,266.214
128,8192,2,256,266.225
128,8192,2,1024,266.491
128,8192,2,4096,266.619
128,8192,2,16384,527.308
128,8192,4,32,266.907
128,8192,4,128,266.566
128,8192,4,512,266.94
128,8192,4,2048,267.131
128,8192,4,8192,269.222
128,8192,8,16,272.486
128,8192,8,64,272.891
128,8192,8,256,281.242
128,8192,8,1024,305.467
128,8192,8,4096,402.617
128,8192,8,16384,1057.89
128,8192,16,32,278.619
128,8192,16,128,286.256
128,8192,16,512,310.181
128,8192,16,2048,406.778
128,8192,16,8192,814.983
128,8192,32,16,290.577
128,8192,32,64,291.397
128,8192,32,256,322.896
128,8192,32,1024,419.416
128,8192,32,4096,830.738
128,8192,32,16384,2455.59
128,8192,64,32,318.353
128,8192,64,128,353.967
128,8192,64,512,468.141
128,8192,64,2048,946.129
128,8192,64,8192,2802.08
128,16384,0,0,522.924
128,16384,1,32,522.774
128,16384,1,128,522.615
128,16384,1,512,522.839
128,16384,1,2048,523.128
128,16384,1,8192,522.935
128,16384,2,16,522.412
128,16384,2,64,523.009
128,16384,2,256,522.625
128,16384,2,1024,522.743
128,16384,2,4096,522.594
128,16384,2,16384,527.084
128,16384,4,32,523.553
128,16384,4,128,523.255
128,16384,4,512,522.914
128,16384,4,2048,523.81
128,16384,4,8192,530.903
128,16384,8,16,528.737
128,16384,8,64,528.545
128,16384,8,256,536.748
128,16384,8,1024,561.207
128,16384,8,4096,659.306
128,16384,8,16384,1069.67
128,16384,16,32,534.359
128,16384,16,128,541.654
128,16384,16,512,566.359
128,16384,16,2048,663.796
128,16384,16,8192,1069.64
128,16384,32,16,546.327
128,16384,32,64,547.51
128,16384,32,256,578.273
128,16384,32,1024,674.816
128,16384,32,4096,1092.64
128,16384,32,16384,2671.05
128,16384,64,32,574.135
128,16384,64,128,608.843
128,16384,64,512,723.657
128,16384,64,2048,1251.63
128,16384,64,8192,3291.35
256,0,0,0,14.1437
256,0,1,32,14.485
256,0,1,128,14.4747
256,0,1,512,25.6953
256,0,1,2048,73.8973
256,0,1,8192,266.032
256,0,2,16,14.6667
256,0,2,64,14.741
256,0,2,256,18.411
256,0,2,1024,42.25
256,0,2,4096,138.419
256,0,2,16384,524.887
256,0,4,32,16.7037
256,0,4,128,16.768
256,0,4,512,27.4983
256,0,4,2048,75.6143
256,0,4,8192,268.092
256,0,8,16,21.5887
256,0,8,64,21.792
256,0,8,256,31.701
256,0,8,1024,73.684
256,0,8,4096,169.16
256,0,8,16384,556.129
256,0,16,32,28.512
256,0,16,128,35.4443
256,0,16,512,69.7687
256,0,16,2048,169.724
256,0,16,8192,558.369
256,0,32,16,41.7167
256,0,32,64,42.452
256,0,32,256,74.6647
256,0,32,1024,179.069
256,0,32,4096,564.844
256,0,32,16384,2140.75
256,0,64,32,68.468
256,0,64,128,97.7267
256,0,64,512,206.951
256,0,64,2048,614.4
256,0,64,8192,2353.56
256,16,0,0,17.8767
256,16,1,32,18.2287
256,16,1,128,18.239
256,16,1,512,25.6103
256,16,1,2048,73.919
256,16,1,8192,266.214
256,16,2,16,18.367
256,16,2,64,18.4743
256,16,2,256,18.5497
256,16,2,1024,42.239
256,16,2,4096,138.333
256,16,2,16384,524.769
256,16,4,32,20.469
256,16,4,128,20.5757
256,16,4,512,27.5197
256,16,4,2048,76.0513
256,16,4,8192,268.272
256,16,8,16,25.343
256,16,8,64,25.5037
256,16,8,256,32.4047
256,16,8,1024,79.5823
256,16,8,4096,177.778
256,16,8,16384,566.69
256,16,16,32,32.319
256,16,16,128,39.4023
256,16,16,512,70.1643
256,16,16,2048,175.73
256,16,16,8192,564.449
256,16,32,16,46.0683
256,16,32,64,46.751
256,16,32,256,75.764
256,16,32,1024,183.773
256,16,32,4096,569.889
256,16,32,16384,2143.8
256,16,64,32,73.0123
256,16,64,128,102.164
256,16,64,512,210.109
256,16,64,2048,619.073
256,16,64,8192,2348.42
256,32,0,0,17.9733
256,32,1,32,18.282
256,32,1,128,18.3037
256,32,1,512,25.759
256,32,1,2048,73.7903
256,32,1,8192,266.331
256,32,2,16,18.4957
256,32,2,64,18.463
256,32,2,256,18.5063
256,32,2,1024,42.2393
256,32,2,4096,138.451
256,32,2,16384,524.781
256,32,4,32,20.458
256,32,4,128,20.6183
256,32,4,512,27.54
256,32,4,2048,75.5397
256,32,4,8192,267.974
256,32,8,16,25.5467
256,32,8,64,25.7273
256,32,8,256,32.3943
256,32,8,1024,79.5723
256,32,8,4096,177.671
256,32,8,16384,564.759
256,32,16,32,32.5753
256,32,16,128,39.4233
256,32,16,512,70.0367
256,32,16,2048,175.688
256,32,16,8192,564.534
256,32,32,16,46.3783
256,32,32,64,46.9857
256,32,32,256,75.679
256,32,32,1024,184.135
256,32,32,4096,570.305
256,32,32,16384,2143.09
256,32,64,32,72.8203
256,32,64,128,102.345
256,32,64,512,209.703
256,32,64,2048,618.593
256,32,64,8192,2352.91
256,64,0,0,18.037
256,64,1,32,18.3467
256,64,1,128,18.432
256,64,1,512,25.6853
256,64,1,2048,73.759
256,64,1,8192,266.407
256,64,2,16,18.6027
256,64,2,64,18.7087
256,64,2,256,18.5703
256,64,2,1024,42.3673
256,64,2,4096,138.429
256,64,2,16384,524.887
256,64,4,32,20.5433
256,64,4,128,20.6073
256,64,4,512,27.5623
256,64,4,2048,75.9023
256,64,4,8192,267.985
256,64,8,16,25.6847
256,64,8,64,25.9087
256,64,8,256,32.608
256,64,8,1024,79.9453
256,64,8,4096,178.237
256,64,8,16384,565.185
256,64,16,32,32.778
256,64,16,128,39.3377
256,64,16,512,70.175
256,64,16,2048,175.848
256,64,16,8192,563.969
256,64,32,16,46.3777
256,64,32,64,46.933
256,64,32,256,76.244
256,64,32,1024,184.253
256,64,32,4096,570.327
256,64,32,16384,2148.63
256,64,64,32,72.969
256,64,64,128,102.462
256,64,64,512,209.383
256,64,64,2048,618.369
256,64,64,8192,2350.24
256,128,0,0,18.3253
256,128,1,32,18.4953
256,128,1,128,18.613
256,128,1,512,25.8127
256,128,1,2048,74.0367
256,128,1,8192,266.087
256,128,2,16,18.6763
256,128,2,64,18.623
256,128,2,256,18.602
256,128,2,1024,42.506
256,128,2,4096,138.483
256,128,2,16384,524.898
256,128,4,32,20.7893
256,128,4,128,20.906
256,128,4,512,27.6363
256,128,4,2048,75.7533
256,128,4,8192,267.931
256,128,8,16,26.101
256,128,8,64,26.2603
256,128,8,256,33.1623
256,128,8,1024,80.084
256,128,8,4096,182.322
256,128,8,16384,570.39
256,128,16,32,33.599
256,128,16,128,40.597
256,128,16,512,70.3243
256,128,16,2048,177.533
256,128,16,8192,566.582
256,128,32,16,47.498
256,128,32,64,48.159
256,128,32,256,76.5323
256,128,32,1024,186.397
256,128,32,4096,573.611
256,128,32,16384,2145.7
256,128,64,32,74.1857
256,128,64,128,103.763
256,128,64,512,211.389
256,128,64,2048,618.624
256,128,64,8192,2355.58
256,256,0,0,22.378
256,256,1,32,22.7303
256,256,1,128,22.709
256,256,1,512,25.792
256,256,1,2048,73.8543
256,256,1,8192,266.375
256,256,2,16,22.8573
256,256,2,64,22.8373
256,256,2,256,22.7623
256,256,2,1024,42.655
256,256,2,4096,138.728
256,256,2,16384,524.226
256,256,4,32,24.7147
256,256,4,128,24.9807
256,256,4,512,27.594
256,256,4,2048,76.1267
256,256,4,8192,268.176
256,256,8,16,30.154
256,256,8,64,30.3783
256,256,8,256,38.2717
256,256,8,1024,80.5107
256,256,8,4096,193.874
256,256,8,16384,580.609
256,256,16,32,39.008
256,256,16,128,45.5457
256,256,16,512,70.8143
256,256,16,2048,185.821
256,256,16,8192,574.508
256,256,32,16,52.9057
256,256,32,64,53.695
256,256,32,256,82.4627
256,256,32,1024,193.469
256,256,32,4096,580.736
256,256,32,16384,2150.06
256,256,64,32,79.8597
256,256,64,128,110.196
256,256,64,512,212.765
256,256,64,2048,626.784
256,256,64,8192,2354.83
256,512,0,0,30.4527
256,512,1,32,31.0927
256,512,1,128,30.9863
256,512,1,512,31.1137
256,512,1,2048,74.015
256,512,1,8192,266.545
256,512,2,16,30.8693
256,512,2,64,30.9643
256,512,2,256,30.9217
256,512,2,1024,42.794
256,512,2,4096,138.91
256,512,2,16384,525.474
256,512,4,32,32.9057
256,512,4,128,33.1833
256,512,4,512,33.8127
256,512,4,2048,76.3293
256,512,4,8192,269.254
256,512,8,16,38.1973
256,512,8,64,38.175
256,512,8,256,46.9537
256,512,8,1024,81.0337
256,512,8,4096,217.522
256,512,8,16384,604.384
256,512,16,32,48.3727
256,512,16,128,55.3273
256,512,16,512,77.7697
256,512,16,2048,201.298
256,512,16,8192,590.848
256,512,32,16,63.0077
256,512,32,64,63.7853
256,512,32,256,91.966
256,512,32,1024,194.14
256,512,32,4096,597.195
256,512,32,16384,2159.44
256,512,64,32,90.5153
256,512,64,128,120.841
256,512,64,512,220.572
256,512,64,2048,637.43
256,512,64,8192,2360.11
256,1024,0,0,46.6767
256,1024,1,32,47.3053
256,1024,1,128,47.263
256,1024,1,512,47.53
256,1024,1,2048,74.442
256,1024,1,8192,266.609
256,1024,2,16,46.8993
256,1024,2,64,47.1883
256,1024,2,256,47.2203
256,1024,2,1024,47.8613
256,1024,2,4096,139.208
256,1024,2,16384,527.01
256,1024,4,32,48.9273
256,1024,4,128,49.3857
256,1024,4,512,50.1003
256,1024,4,2048,77.0547
256,1024,4,8192,270.939
256,1024,8,16,54.197
256,1024,8,64,54.58
256,1024,8,256,62.911
256,1024,8,1024,86.5377
256,1024,8,4096,264.507
256,1024,8,16384,652.608
256,1024,16,32,64.5967
256,1024,16,128,76.0413
256,1024,16,512,94.0033
256,1024,16,2048,214.673
256,1024,16,8192,621.952
256,1024,32,16,81.3207
256,1024,32,64,82.132
256,1024,32,256,116.809
256,1024,32,1024,202.642
256,1024,32,4096,629.088
256,1024,32,16384,2184.39
256,1024,64,32,110.781
256,1024,64,128,142.323
256,1024,64,512,237.681
256,1024,64,2048,664.202
256,1024,64,8192,2384.07
256,2048,0,0,78.7617
256,2048,1,32,80.0303
256,2048,1,128,79.7537
256,2048,1,512,79.231
256,2048,1,2048,79.636
256,2048,1,8192,266.747
256,2048,2,16,79.0283
256,2048,2,64,79.124
256,2048,2,256,79.326
256,2048,2,1024,79.839
256,2048,2,4096,139.602
256,2048,2,16384,528.172
256,2048,4,32,81.2257
256,2048,4,128,80.8733
256,2048,4,512,82.2173
256,2048,4,2048,82.772
256,2048,4,8192,270.62
256,2048,8,16,86.3343
256,2048,8,64,86.4627
256,2048,8,256,94.5263
256,2048,8,1024,119.091
256,2048,8,4096,273.34
256,2048,8,16384,746.547
256,2048,16,32,96.713
256,2048,16,128,108.009
256,2048,16,512,144.402
256,2048,16,2048,221.137
256,2048,16,8192,685.354
256,2048,32,16,113.385
256,2048,32,64,114.11
256,2048,32,256,153.181
256,2048,32,1024,236.305
256,2048,32,4096,677.343
256,2048,32,16384,2257.66
256,2048,64,32,148.563
256,2048,64,128,183.442
256,2048,64,512,285.851
256,2048,64,2048,743.518
256,2048,64,8192,2487.1
256,4096,0,0,142.888
256,4096,1,32,143.847
256,4096,1,128,143.208
256,4096,1,512,143.367
256,4096,1,2048,143.271
256,4096,1,8192,266.599
256,4096,2,16,143.165
256,4096,2,64,142.974
256,4096,2,256,143.005
256,4096,2,1024,143.283
256,4096,2,4096,143.528
256,4096,2,16384,527.927
256,4096,4,32,144.84
256,4096,4,128,145.341
256,4096,4,512,145.79
256,4096,4,2048,146.003
256,4096,4,8192,269.82
256,4096,8,16,149.832
256,4096,8,64,150.164
256,4096,8,256,158.365
256,4096,8,1024,182.621
256,4096,8,4096,278.662
256,4096,8,16384,946.811
256,4096,16,32,160.457
256,4096,16,128,171.389
256,4096,16,512,208.391
256,4096,16,2048,286.161
256,4096,16,8192,812.924
256,4096,32,16,177.053
256,4096,32,64,177.736
256,4096,32,256,217.553
256,4096,32,1024,334.49
256,4096,32,4096,710.964
256,4096,32,16384,2619.28
256,4096,64,32,212.828
256,4096,64,128,254.523
256,4096,64,512,368.676
256,4096,64,2048,831.975
256,4096,64,8192,3693.92
256,8192,0,0,271.291
256,8192,1,32,271.643
256,8192,1,128,271.547
256,8192,1,512,271.28
256,8192,1,2048,271.835
256,8192,1,8192,271.824
256,8192,2,16,270.791
256,8192,2,64,271.366
256,8192,2,256,271.163
256,8192,2,1024,271.397
256,8192,2,4096,271.547
256,8192,2,16384,527.884
256,8192,4,32,273.019
256,8192,4,128,273.35
256,8192,4,512,274.181
256,8192,4,2048,274.726
256,8192,4,8192,275.953
256,8192,8,16,277.883
256,8192,8,64,278.235
256,8192,8,256,285.958
256,8192,8,1024,310.917
256,8192,8,4096,407.374
256,8192,8,16384,1061.77
256,8192,16,32,287.953
256,8192,16,128,299.504
256,8192,16,512,335.78
256,8192,16,2048,479.607
256,8192,16,8192,815.517
256,8192,32,16,304.977
256,8192,32,64,305.585
256,8192,32,256,345.466
256,8192,32,1024,466.392
256,8192,32,4096,860.658
256,8192,32,16384,2816.33
256,8192,64,32,340.943
256,8192,64,128,382.148
256,8192,64,512,517.496
256,8192,64,2048,988.464
256,8192,64,8192,3027.18
256,16384,0,0,528.119
256,16384,1,32,528.204
256,16384,1,128,528.31
256,16384,1,512,528.129
256,16384,1,2048,528.204
256,16384,1,8192,528.257
256,16384,2,16,527.713
256,16384,2,64,527.286
256,16384,2,256,528.033
256,16384,2,1024,527.319
256,16384,2,4096,528.28
256,16384,2,16384,529.506
256,16384,4,32,529.292
256,16384,4,128,528.961
256,16384,4,512,530.028
256,16384,4,2048,530.092
256,16384,4,8192,534.732
256,16384,8,16,533.239
256,16384,8,64,533.687
256,16384,8,256,542.199
256,16384,8,1024,567.297
256,16384,8,4096,663.444
256,16384,8,16384,1069.53
256,16384,16,32,543.628
256,16384,16,128,555.34
256,16384,16,512,591.447
256,16384,16,2048,735.613
256,16384,16,8192,1069.64
256,16384,32,16,560.502
256,16384,32,64,561.964
256,16384,32,256,601.749
256,16384,32,1024,722.281
256,16384,32,4096,1225.01
256,16384,32,16384,2777.46
256,16384,64,32,596.331
256,16384,64,128,638.431
256,16384,64,512,773.075
256,16384,64,2048,1318.32
256,16384,64,8192,3464.44
512,0,0,0,24.213
512,0,1,32,29.8663
512,0,1,128,30.41
512,0,1,512,33.8237
512,0,1,2048,81.4277
512,0,1,8192,273.573
512,0,2,16,30.2287
512,0,2,64,30.3677
512,0,2,256,33.0127
512,0,2,1024,51.903
512,0,2,4096,147.752
512,0,2,16384,531.586
512,0,4,32,32.853
512,0,4,128,34.8687
512,0,4,512,42.5163
512,0,4,2048,90.9313
512,0,4,8192,282.694
512,0,8,16,38.154
512,0,8,64,38.2503
512,0,8,256,44.021
512,0,8,1024,82.441
512,0,8,4096,213.138
512,0,8,16384,598.497
512,0,16,32,46.7617
512,0,16,128,54.2603
512,0,16,512,76.393
512,0,16,2048,202.802
512,0,16,8192,589.729
512,0,32,16,63.4117
512,0,32,64,64.0417
512,0,32,256,93.5563
512,0,32,1024,199.56
512,0,32,4096,595.595
512,0,32,16384,2158.81
512,0,64,32,96.0303
512,0,64,128,126.088
512,0,64,512,227.1
512,0,64,2048,650.229
512,0,64,8192,2361.81
512,16,0,0,27.7537
512,16,1,32,33.93
512,16,1,128,36.65
512,16,1,512,36.7137
512,16,1,2048,82.0253
512,16,1,8192,274.033
512,16,2,16,34.677
512,16,2,64,34.5173
512,16,2,256,38.218
512,16,2,1024,53.7807
512,16,2,4096,149.257
512,16,2,16384,532.951
512,16,4,32,37.664
512,16,4,128,38.7403
512,16,4,512,46.0897
512,16,4,2048,93.7687
512,16,4,8192,285.446
512,16,8,16,42.805
512,16,8,64,43.0707
512,16,8,256,49.8767
512,16,8,1024,83.0813
512,16,8,4096,221.265
512,16,8,16384,608.001
512,16,16,32,51.9563
512,16,16,128,59.476
512,16,16,512,78.4947
512,16,16,2048,209.981
512,16,16,8192,597.046
512,16,32,16,68.8623
512,16,32,64,69.215
512,16,32,256,98.5267
512,16,32,1024,200.775
512,16,32,4096,600.065
512,16,32,16384,2163.88
512,16,64,32,101.183
512,16,64,128,131.454
512,16,64,512,229.02
512,16,64,2048,653.109
512,16,64,8192,2370.66
512,32,0,0,27.8603
512,32,1,32,34.0157
512,32,1,128,36.5647
512,32,1,512,36.6497
512,32,1,2048,81.908
512,32,1,8192,273.446
512,32,2,16,34.783
512,32,2,64,34.5377
512,32,2,256,38.1653
512,32,2,1024,53.3747
512,32,2,4096,149.8
512,32,2,16384,533.207
512,32,4,32,37.7487
512,32,4,128,39.05
512,32,4,512,46.0363
512,32,4,2048,93.8547
512,32,4,8192,285.233
512,32,8,16,42.6447
512,32,8,64,42.9537
512,32,8,256,50.356
512,32,8,1024,82.996
512,32,8,4096,221.372
512,32,8,16384,607.126
512,32,16,32,52.074
512,32,16,128,59.551
512,32,16,512,78.6227
512,32,16,2048,210.95
512,32,16,8192,597.547
512,32,32,16,68.479
512,32,32,64,69.2573
512,32,32,256,98.8673
512,32,32,1024,200.818
512,32,32,4096,600.779
512,32,32,16384,2163.15
512,32,64,32,101.406
512,32,64,128,131.059
512,32,64,512,229.073
512,32,64,2048,653.792
512,32,64,8192,2374.31
512,64,0,0,28.0527
512,64,1,32,33.9623
512,64,1,128,36.799
512,64,1,512,37.1837
512,64,1,2048,81.9717
512,64,1,8192,273.446
512,64,2,16,34.6233
512,64,2,64,34.762
512,64,2,256,38.4413
512,64,2,1024,53.5563
512,64,2,4096,149.736
512,64,2,16384,533.591
512,64,4,32,37.8237
512,64,4,128,39.359
512,64,4,512,46.2607
512,64,4,2048,93.78
512,64,4,8192,284.944
512,64,8,16,42.612
512,64,8,64,43.0607
512,64,8,256,50.303
512,64,8,1024,83.263
512,64,8,4096,220.817
512,64,8,16384,608.47
512,64,16,32,51.967
512,64,16,128,59.4227
512,64,16,512,78.5267
512,64,16,2048,210.983
512,64,16,8192,597.719
512,64,32,16,68.6817
512,64,32,64,69.5457
512,64,32,256,98.9107
512,64,32,1024,200.669
512,64,32,4096,599.329
512,64,32,16384,2164.07
512,64,64,32,101.375
512,64,64,128,131.582
512,64,64,512,229.5
512,64,64,2048,653.312
512,64,64,8192,2368.18
512,128,0,0,28.8633
512,128,1,32,36.8957
512,128,1,128,38.346
512,128,1,512,39.253
512,128,1,2048,85.802
512,128,1,8192,277.126
512,128,2,16,37.0227
512,128,2,64,37.3433
512,128,2,256,41.3963
512,128,2,1024,56.1483
512,128,2,4096,151.464
512,128,2,16384,536.94
512,128,4,32,39.8813
512,128,4,128,41.2687
512,128,4,512,48.8103
512,128,4,2048,95.6147
512,128,4,8192,287.259
512,128,8,16,45.0447
512,128,8,64,45.3013
512,128,8,256,52.8313
512,128,8,1024,83.902
512,128,8,4096,230.652
512,128,8,16384,616.597
512,128,16,32,53.8553
512,128,16,128,61.8337
512,128,16,512,80.2867
512,128,16,2048,214.556
512,128,16,8192,602.826
512,128,32,16,70.388
512,128,32,64,70.9857
512,128,32,256,101.268
512,128,32,1024,201.789
512,128,32,4096,604.683
512,128,32,16384,2168.79
512,128,64,32,103.56
512,128,64,128,133.534
512,128,64,512,231.452
512,128,64,2048,656.32
512,128,64,8192,2370.09
512,256,0,0,33.1517
512,256,1,32,43.8817
512,256,1,128,45.8657
512,256,1,512,46.911
512,256,1,2048,90.9
512,256,1,8192,282.299
512,256,2,16,44.949
512,256,2,64,45.066
512,256,2,256,46.8257
512,256,2,1024,60.7137
512,256,2,4096,156.008
512,256,2,16384,539.927
512,256,4,32,46.6867
512,256,4,128,48.2333
512,256,4,512,54.634
512,256,4,2048,99.3897
512,256,4,8192,290.789
512,256,8,16,51.412
512,256,8,64,52.0097
512,256,8,256,60.8093
512,256,8,1024,84.948
512,256,8,4096,250.631
512,256,8,16384,636.417
512,256,16,32,60.2123
512,256,16,128,68.223
512,256,16,512,87.807
512,256,16,2048,216.316
512,256,16,8192,615.435
512,256,32,16,77.3427
512,256,32,64,77.8763
512,256,32,256,108.286
512,256,32,1024,203.687
512,256,32,4096,615.126
512,256,32,16384,2175.32
512,256,64,32,110.537
512,256,64,128,141.224
512,256,64,512,238.716
512,256,64,2048,663.232
512,256,64,8192,2377.9
512,512,0,0,42.1217
512,512,1,32,52.2013
512,512,1,128,60.2443
512,512,1,512,63.081
512,512,1,2048,98.633
512,512,1,8192,289.371
512,512,2,16,53.4717
512,512,2,64,53.8763
512,512,2,256,61.8873
512,512,2,1024,68.6173
512,512,2,4096,164.84
512,512,2,16384,550.059
512,512,4,32,61.2043
512,512,4,128,62.6763
512,512,4,512,66.0257
512,512,4,2048,108.083
512,512,4,8192,299.728
512,512,8,16,64.596
512,512,8,64,65.1617
512,512,8,256,71.4547
512,512,8,1024,86.527
512,512,8,4096,274.064
512,512,8,16384,670.111
512,512,16,32,74.335
512,512,16,128,81.7807
512,512,16,512,106.025
512,512,16,2048,218.578
512,512,16,8192,641.269
512,512,32,16,90.8243
512,512,32,64,91.0277
512,512,32,256,122.462
512,512,32,1024,208.594
512,512,32,4096,636.896
512,512,32,16384,2195.37
512,512,64,32,124.275
512,512,64,128,155.592
512,512,64,512,254.78
512,512,64,2048,680.447
512,512,64,8192,2386.99
512,1024,0,0,58.6767
512,1024,1,32,68.831
512,1024,1,128,76.052
512,1024,1,512,93.4177
512,1024,1,2048,114.59
512,1024,1,8192,306.565
512,1024,2,16,70.0147
512,1024,2,64,70.5057
512,1024,2,256,85.823
512,1024,2,1024,95.9777
512,1024,2,4096,180.786
512,1024,2,16384,564.779
512,1024,4,32,77.439
512,1024,4,128,89.0327
512,1024,4,512,96.7877
512,1024,4,2048,123.859
512,1024,4,8192,316.219
512,1024,8,16,91.5933
512,1024,8,64,92.3717
512,1024,8,256,100.297
512,1024,8,1024,110.889
512,1024,8,4096,275.43
512,1024,8,16384,732.116
512,1024,16,32,100.574
512,1024,16,128,107.966
512,1024,16,512,129.245
512,1024,16,2048,222.812
512,1024,16,8192,685.854
512,1024,32,16,117.534
512,1024,32,64,117.129
512,1024,32,256,149.822
512,1024,32,1024,238.577
512,1024,32,4096,683.092
512,1024,32,16384,2235.14
512,1024,64,32,151.357
512,1024,64,128,183.165
512,1024,64,512,282.64
512,1024,64,2048,734.91
512,1024,64,8192,2404.5
512,2048,0,0,91.156
512,2048,1,32,100.851
512,2048,1,128,108.073
512,2048,1,512,132.147
512,2048,1,2048,159.443
512,2048,1,8192,337.914
512,2048,2,16,102.249
512,2048,2,64,102.548
512,2048,2,256,118.163
512,2048,2,1024,157.149
512,2048,2,4096,213.062
512,2048,2,16384,597.973
512,2048,4,32,109.694
512,2048,4,128,121.363
512,2048,4,512,157.203
512,2048,4,2048,162.568
512,2048,4,8192,348.794
512,2048,8,16,123.56
512,2048,8,64,124.371
512,2048,8,256,158.163
512,2048,8,1024,167.88
512,2048,8,4096,278.513
512,2048,8,16384,863.965
512,2048,16,32,149.736
512,2048,16,128,162.77
512,2048,16,512,183.741
512,2048,16,2048,249.148
512,2048,16,8192,787.006
512,2048,32,16,171.058
512,2048,32,64,172.103
512,2048,32,256,201.5
512,2048,32,1024,290.992
512,2048,32,4096,708.906
512,2048,32,16384,2416.14
512,2048,64,32,204.274
512,2048,64,128,235.751
512,2048,64,512,339.408
512,2048,64,2048,799.666
512,2048,64,8192,2783.58
512,4096,0,0,155.08
512,4096,1,32,164.338
512,4096,1,128,171.837
512,4096,1,512,195.549
512,4096,1,2048,282.694
512,4096,1,8192,401.369
512,4096,2,16,165.309
512,4096,2,64,166.227
512,4096,2,256,181.799
512,4096,2,1024,229.394
512,4096,2,4096,287.367
512,4096,2,16384,660.672
512,4096,4,32,173.576
512,4096,4,128,184.935
512,4096,4,512,221.073
512,4096,4,2048,285.915
512,4096,4,8192,411.77
512,4096,8,16,187.101
512,4096,8,64,187.698
512,4096,8,256,228.486
512,4096,8,1024,286.565
512,4096,8,4096,299.547
512,4096,8,16384,1054.67
512,4096,16,32,213.308
512,4096,16,128,247.323
512,4096,16,512,291.238
512,4096,16,2048,369.647
512,4096,16,8192,820.914
512,4096,32,16,265.681
512,4096,32,64,267.462
512,4096,32,256,308.432
512,4096,32,1024,402.916
512,4096,32,4096,744.158
512,4096,32,16384,3102.8
512,4096,64,32,313.307
512,4096,64,128,342.415
512,4096,64,512,444.089
512,4096,64,2048,889.233
512,4096,64,8192,4086.61
512,8192,0,0,283.238
512,8192,1,32,292.763
512,8192,1,128,300.614
512,8192,1,512,323.706
512,8192,1,2048,418.692
512,8192,1,8192,541.431
512,8192,2,16,293.541
512,8192,2,64,294.395
512,8192,2,256,310.128
512,8192,2,1024,357.519
512,8192,2,4096,535.969
512,8192,2,16384,790.012
512,8192,4,32,301.392
512,8192,4,128,313.264
512,8192,4,512,349.114
512,8192,4,2048,492.236
512,8192,4,8192,546.935
512,8192,8,16,315.718
512,8192,8,64,314.981
512,8192,8,256,357.711
512,8192,8,1024,475.713
512,8192,8,4096,552.77
512,8192,8,16384,1060.75
512,8192,16,32,341.263
512,8192,16,128,375.055
512,8192,16,512,473.102
512,8192,16,2048,609.878
512,8192,16,8192,826.173
512,8192,32,16,394.714
512,8192,32,64,396.121
512,8192,32,256,515.714
512,8192,32,1024,621.088
512,8192,32,4096,977.498
512,8192,32,16384,3246.09
512,8192,64,32,500.173
512,8192,64,128,565.195
512,8192,64,512,658.08
512,8192,64,2048,1118.46
512,8192,64,8192,3601.35
512,16384,0,0,540.299
512,16384,1,32,548.503
512,16384,1,128,557.175
512,16384,1,512,580.854
512,16384,1,2048,675.582
512,16384,1,8192,1053.9
512,16384,2,16,550.988
512,16384,2,64,549.901
512,16384,2,256,565.131
512,16384,2,1024,613.973
512,16384,2,4096,806.588
512,16384,2,16384,1062.19
512,16384,4,32,557.292
512,16384,4,128,569.057
512,16384,4,512,605.067
512,16384,4,2048,749.747
512,16384,4,8192,1055.73
512,16384,8,16,571.637
512,16384,8,64,571.275
512,16384,8,256,613.557
512,16384,8,1024,732.404
512,16384,8,4096,1051.49
512,16384,8,16384,1072.14
512,16384,16,32,597.717
512,16384,16,128,630.165
512,16384,16,512,728.489
512,16384,16,2048,1053.44
512,16384,16,8192,1340.62
512,16384,32,16,650.218
512,16384,32,64,651.221
512,16384,32,256,771.409
512,16384,32,1024,1057.13
512,16384,32,4096,1467.17
512,16384,32,16384,2835.64
512,16384,64,32,756.702
512,16384,64,128,869.382
512,16384,64,512,1100.64
512,16384,64,2048,1540.01
512,16384,64,8192,4062.09
1024,0,0,0,71.8283
1024,0,1,32,71.199
1024,0,1,128,71.647
1024,0,1,512,72.2977
1024,0,1,2048,107.561
1024,0,1,8192,300.005
1024,0,2,16,72.4143
1024,0,2,64,72.4147
1024,0,2,256,74.8247
1024,0,2,1024,80.3183
1024,0,2,4096,176.104
1024,0,2,16384,560.747
1024,0,4,32,75.3373
1024,0,4,128,77.1503
1024,0,4,512,82.9633
1024,0,4,2048,130.227
1024,0,4,8192,321.498
1024,0,8,16,80.372
1024,0,8,64,80.98
1024,0,8,256,89.4063
1024,0,8,1024,112.723
1024,0,8,4096,279.889
1024,0,8,16384,721.865
1024,0,16,32,92.6273
1024,0,16,128,100.936
1024,0,16,512,123.859
1024,0,16,2048,235.143
1024,0,16,8192,680.287
1024,0,32,16,116.062
1024,0,32,64,117.182
1024,0,32,256,147.453
1024,0,32,1024,238.78
1024,0,32,4096,672.724
1024,0,32,16384,2225.05
1024,0,64,32,161.661
1024,0,64,128,192.327
1024,0,64,512,291.888
1024,0,64,2048,728.18
1024,0,64,8192,2422.81
1024,16,0,0,77.0547
1024,16,1,32,78.3983
1024,16,1,128,79.0703
1024,16,1,512,79.22
1024,16,1,2048,111.102
1024,16,1,8192,302.555
1024,16,2,16,78.6123
1024,16,2,64,79.0283
1024,16,2,256,81.0117
1024,16,2,1024,83.6463
1024,16,2,4096,180.935
1024,16,2,16384,565.036
1024,16,4,32,81.759
1024,16,4,128,83.2203
1024,16,4,512,89.939
1024,16,4,2048,135.059
1024,16,4,8192,326.352
1024,16,8,16,87.6353
1024,16,8,64,87.412
1024,16,8,256,95.881
1024,16,8,1024,117.406
1024,16,8,4096,280.027
1024,16,8,16384,737.93
1024,16,16,32,99.6577
1024,16,16,128,107.742
1024,16,16,512,130.665
1024,16,16,2048,238.897
1024,16,16,8192,688.426
1024,16,32,16,123.113
1024,16,32,64,123.987
1024,16,32,256,154.493
1024,16,32,1024,244.146
1024,16,32,4096,679.071
1024,16,32,16384,2232.44
1024,16,64,32,168.627
1024,16,64,128,199.484
1024,16,64,512,298.598
1024,16,64,2048,732.201
1024,16,64,8192,2422.98
1024,32,0,0,76.6703
1024,32,1,32,77.9293
1024,32,1,128,79.0067
1024,32,1,512,79.401
1024,32,1,2048,110.867
1024,32,1,8192,302.085
1024,32,2,16,78.932
1024,32,2,64,78.953
1024,32,2,256,80.468
1024,32,2,1024,84.5747
1024,32,2,4096,180.583
1024,32,2,16384,565.44
1024,32,4,32,81.5453
1024,32,4,128,83.3683
1024,32,4,512,90.207
1024,32,4,2048,134.611
1024,32,4,8192,327.439
1024,32,8,16,87.3903
1024,32,8,64,87.3053
1024,32,8,256,95.9343
1024,32,8,1024,117.01
1024,32,8,4096,279.995
1024,32,8,16384,740.382
1024,32,16,32,99.283
1024,32,16,128,107.401
1024,32,16,512,130.494
1024,32,16,2048,238.993
1024,32,16,8192,685.172
1024,32,32,16,122.952
1024,32,32,64,124.008
1024,32,32,256,154.494
1024,32,32,1024,243.91
1024,32,32,4096,679.721
1024,32,32,16384,2230.55
1024,32,64,32,168.861
1024,32,64,128,199.186
1024,32,64,512,298.267
1024,32,64,2048,733.108
1024,32,64,8192,2421.92
1024,64,0,0,76.8733
1024,64,1,32,78.2703
1024,64,1,128,79.444
1024,64,1,512,79.1453
1024,64,1,2048,110.91
1024,64,1,8192,302.363
1024,64,2,16,78.8357
1024,64,2,64,78.5803
1024,64,2,256,80.2433
1024,64,2,1024,85.363
1024,64,2,4096,181.053
1024,64,2,16384,564.971
1024,64,4,32,81.3203
1024,64,4,128,83.551
1024,64,4,512,89.7477
1024,64,4,2048,135.048
1024,64,4,8192,327.13
1024,64,8,16,87.7103
1024,64,8,64,88.201
1024,64,8,256,95.966
1024,64,8,1024,117.107
1024,64,8,4096,279.622
1024,64,8,16384,739.304
1024,64,16,32,99.678
1024,64,16,128,107.741
1024,64,16,512,130.505
1024,64,16,2048,239.078
1024,64,16,8192,689.706
1024,64,32,16,123.166
1024,64,32,64,123.976
1024,64,32,256,154.771
1024,64,32,1024,244.306
1024,64,32,4096,679.754
1024,64,32,16384,2233.51
1024,64,64,32,169.021
1024,64,64,128,199.741
1024,64,64,512,299.43
1024,64,64,2048,732.809
1024,64,64,8192,2423.66
1024,128,0,0,81.0223
1024,128,1,32,81.2043
1024,128,1,128,82.58
1024,128,1,512,83.1237
1024,128,1,2048,114.728
1024,128,1,8192,306.896
1024,128,2,16,82.708
1024,128,2,64,83.23
1024,128,2,256,84.0307
1024,128,2,1024,87.7217
1024,128,2,4096,184.221
1024,128,2,16384,568.576
1024,128,4,32,84.5963
1024,128,4,128,87.3263
1024,128,4,512,93.343
1024,128,4,2048,139.689
1024,128,4,8192,331.504
1024,128,8,16,90.9853
1024,128,8,64,90.921
1024,128,8,256,98.996
1024,128,8,1024,121.288
1024,128,8,4096,280.966
1024,128,8,16384,755.912
1024,128,16,32,103.188
1024,128,16,128,111.07
1024,128,16,512,134.345
1024,128,16,2048,243.239
1024,128,16,8192,699.231
1024,128,32,16,126.579
1024,128,32,64,127.485
1024,128,32,256,158.813
1024,128,32,1024,248.422
1024,128,32,4096,687.497
1024,128,32,16384,2240.35
1024,128,64,32,172.487
1024,128,64,128,203.655
1024,128,64,512,303.376
1024,128,64,2048,738.708
1024,128,64,8192,2426.7
1024,256,0,0,91.3583
1024,256,1,32,91.6577
1024,256,1,128,91.3467
1024,256,1,512,92.4563
1024,256,1,2048,120.243
1024,256,1,8192,311.556
1024,256,2,16,91.3687
1024,256,2,64,90.8893
1024,256,2,256,93.566
1024,256,2,1024,99.6353
1024,256,2,4096,192.498
1024,256,2,16384,574.838
1024,256,4,32,94.5583
1024,256,4,128,97.0647
1024,256,4,512,104.755
1024,256,4,2048,147.614
1024,256,4,8192,341.381
1024,256,8,16,100.286
1024,256,8,64,100.638
1024,256,8,256,109.864
1024,256,8,1024,130.515
1024,256,8,4096,283.952
1024,256,8,16384,792.477
1024,256,16,32,112.841
1024,256,16,128,121.331
1024,256,16,512,144.829
1024,256,16,2048,251.814
1024,256,16,8192,719.476
1024,256,32,16,136.894
1024,256,32,64,138.046
1024,256,32,256,169.374
1024,256,32,1024,258.715
1024,256,32,4096,697.29
1024,256,32,16384,2256.68
1024,256,64,32,182.951
1024,256,64,128,213.895
1024,256,64,512,313.851
1024,256,64,2048,751.209
1024,256,64,8192,2442.6
1024,512,0,0,108.414
1024,512,1,32,108.531
1024,512,1,128,110.76
1024,512,1,512,112.489
1024,512,1,2048,131.774
1024,512,1,8192,323.109
1024,512,2,16,110.164
1024,512,2,64,110.355
1024,512,2,256,113.213
1024,512,2,1024,122.856
1024,512,2,4096,208.05
1024,512,2,16384,591.701
1024,512,4,32,114.408
1024,512,4,128,116.809
1024,512,4,512,124.851
1024,512,4,2048,155.666
1024,512,4,8192,360.26
1024,512,8,16,119.667
1024,512,8,64,120.062
1024,512,8,256,129.929
1024,512,8,1024,149.939
1024,512,8,4096,301.787
1024,512,8,16384,860.838
1024,512,16,32,133.011
1024,512,16,128,141.427
1024,512,16,512,164.818
1024,512,16,2048,266.513
1024,512,16,8192,762.056
1024,512,32,16,157.917
1024,512,32,64,158.247
1024,512,32,256,190.93
1024,512,32,1024,281.297
1024,512,32,4096,706.804
1024,512,32,16384,2299.02
1024,512,64,32,204.37
1024,512,64,128,235.814
1024,512,64,512,334.789
1024,512,64,2048,777.427
1024,512,64,8192,2481.05
1024,1024,0,0,140.648
1024,1024,1,32,147.154
1024,1024,1,128,149.853
1024,1024,1,512,154.237
1024,1024,1,2048,163.335
1024,1024,1,8192,355.397
1024,1024,2,16,150.418
1024,1024,2,64,150.835
1024,1024,2,256,155.176
1024,1024,2,1024,164.808
1024,1024,2,4096,240.262
1024,1024,2,16384,623.626
1024,1024,4,32,152.979
1024,1024,4,128,156.605
1024,1024,4,512,164.957
1024,1024,4,2048,187.357
1024,1024,4,8192,397.827
1024,1024,8,16,159.527
1024,1024,8,64,159.432
1024,1024,8,256,170.568
1024,1024,8,1024,193.8
1024,1024,8,4096,331.365
1024,1024,8,16384,988.709
1024,1024,16,32,172.818
1024,1024,16,128,181.651
1024,1024,16,512,206.482
1024,1024,16,2048,292.613
1024,1024,16,8192,811.933
1024,1024,32,16,197.682
1024,1024,32,64,198.631
1024,1024,32,256,231.688
1024,1024,32,1024,324.784
1024,1024,32,4096,776.788
1024,1024,32,16384,2671.18
1024,1024,64,32,244.998
1024,1024,64,128,277.381
1024,1024,64,512,378.234
1024,1024,64,2048,821.863
1024,1024,64,8192,2679.72
1024,2048,0,0,203.697
1024,2048,1,32,209.575
1024,2048,1,128,213.351
1024,2048,1,512,226.108
1024,2048,1,2048,256.689
1024,2048,1,8192,418.285
1024,2048,2,16,213.756
1024,2048,2,64,214.194
1024,2048,2,256,222.769
1024,2048,2,1024,246.129
1024,2048,2,4096,295.706
1024,2048,2,16384,687.476
1024,2048,4,32,216.445
1024,2048,4,128,223.804
1024,2048,4,512,247.686
1024,2048,4,2048,267.899
1024,2048,4,8192,461.741
1024,2048,8,16,222.695
1024,2048,8,64,223.036
1024,2048,8,256,250.428
1024,2048,8,1024,274.843
1024,2048,8,4096,381.262
1024,2048,8,16384,1070.35
1024,2048,16,32,242.642
1024,2048,16,128,261.744
1024,2048,16,512,288.773
1024,2048,16,2048,389.508
1024,2048,16,8192,840.775
1024,2048,32,16,277.809
1024,2048,32,64,278.63
1024,2048,32,256,312.57
1024,2048,32,1024,409.913
1024,2048,32,4096,822.311
1024,2048,32,16384,3590.92
1024,2048,64,32,326.384
1024,2048,64,128,359.055
1024,2048,64,512,461.763
1024,2048,64,2048,924.891
1024,2048,64,8192,4305.18
1024,4096,0,0,329.776
1024,4096,1,32,335.92
1024,4096,1,128,340.377
1024,4096,1,512,351.631
1024,4096,1,2048,400.441
1024,4096,1,8192,527.073
1024,4096,2,16,340.741
1024,4096,2,64,340.676
1024,4096,2,256,348.356
1024,4096,2,1024,393.114
1024,4096,2,4096,449.614
1024,4096,2,16384,812.894
1024,4096,4,32,342.608
1024,4096,4,128,349.648
1024,4096,4,512,375.033
1024,4096,4,2048,449.57
1024,4096,4,8192,569.772
1024,4096,8,16,349.679
1024,4096,8,64,349.594
1024,4096,8,256,376.41
1024,4096,8,1024,448.247
1024,4096,8,4096,486.925
1024,4096,8,16384,1131.99
1024,4096,16,32,369.711
1024,4096,16,128,391.896
1024,4096,16,512,453.219
1024,4096,16,2048,541.516
1024,4096,16,8192,969.967
1024,4096,32,16,412.525
1024,4096,32,64,413.39
1024,4096,32,256,476.269
1024,4096,32,1024,572.311
1024,4096,32,4096,930.118
1024,4096,32,16384,3951.48
1024,4096,64,32,490.04
1024,4096,64,128,522.829
1024,4096,64,512,625.535
1024,4096,64,2048,1032.62
1024,4096,64,8192,4390.1
1024,8192,0,0,583.531
1024,8192,1,32,589.141
1024,8192,1,128,593.44
1024,8192,1,512,606.517
1024,8192,1,2048,653.941
1024,8192,1,8192,827.078
1024,8192,2,16,592.938
1024,8192,2,64,593.782
1024,8192,2,256,602.005
1024,8192,2,1024,645.962
1024,8192,2,4096,814.737
1024,8192,2,16384,1059.97
1024,8192,4,32,596.118
1024,8192,4,128,603.606
1024,8192,4,512,629.268
1024,8192,4,2048,729.885
1024,8192,4,8192,840.23
1024,8192,8,16,602.922
1024,8192,8,64,602.752
1024,8192,8,256,629.376
1024,8192,8,1024,715.647
1024,8192,8,4096,848.582
1024,8192,8,16384,1346.76
1024,8192,16,32,622.784
1024,8192,16,128,644.821
1024,8192,16,512,717.299
1024,8192,16,2048,869.862
1024,8192,16,8192,1165.19
1024,8192,32,16,666.251
1024,8192,32,64,668.265
1024,8192,32,256,745.918
1024,8192,32,1024,902.779
1024,8192,32,4096,1306.36
1024,8192,32,16384,4004.19
1024,8192,64,32,756.103
1024,8192,64,128,827.879
1024,8192,64,512,953.946
1024,8192,64,2048,1373.77
1024,8192,64,8192,4058.55
1024,16384,0,0,1090.32
1024,16384,1,32,1097.69
1024,16384,1,128,1100.55
1024,16384,1,512,1111.82
1024,16384,1,2048,1163.2
1024,16384,1,8192,1357.86
1024,16384,2,16,1102.55
1024,16384,2,64,1101.25
1024,16384,2,256,1108.49
1024,16384,2,1024,1153.53
1024,16384,2,4096,1345.63
1024,16384,2,16384,1596.69
1024,16384,4,32,1103.48
1024,16384,4,128,1111.29
1024,16384,4,512,1135.73
1024,16384,4,2048,1239.79
1024,16384,4,8192,1594.97
1024,16384,8,16,1110.91
1024,16384,8,64,1109.9
1024,16384,8,256,1136.55
1024,16384,8,1024,1224.31
1024,16384,8,4096,1518.09
1024,16384,8,16384,1627.73
1024,16384,16,32,1129.63
1024,16384,16,128,1152.8
1024,16384,16,512,1224.57
1024,16384,16,2048,1472.41
1024,16384,16,8192,1886.88
1024,16384,32,16,1175.53
1024,16384,32,64,1176.38
1024,16384,32,256,1254.15
1024,16384,32,1024,1487.65
1024,16384,32,4096,1938.86
1024,16384,32,16384,3388.46
1024,16384,64,32,1266.78
1024,16384,64,128,1337.31
1024,16384,64,512,1559.83
1024,16384,64,2048,2031.77
1024,16384,64,8192,4576.72
2048,0,0,0,198.983
2048,0,1,32,200.583
2048,0,1,128,200.828
2048,0,1,512,203.143
2048,0,1,2048,207.441
2048,0,1,8192,398.862
2048,0,2,16,202.087
2048,0,2,64,202.503
2048,0,2,256,204.583
2048,0,2,1024,210.876
2048,0,2,4096,285.594
2048,0,2,16384,671.742
2048,0,4,32,206.375
2048,0,4,128,208.838
2048,0,4,512,216.508
2048,0,4,2048,236.828
2048,0,4,8192,461.645
2048,0,8,16,214.598
2048,0,8,64,215.196
2048,0,8,256,223.398
2048,0,8,1024,246.801
2048,0,8,4096,383.428
2048,0,8,16384,1079.64
2048,0,16,32,232.562
2048,0,16,128,240.732
2048,0,16,512,266.054
2048,0,16,2048,355.983
2048,0,16,8192,861.959
2048,0,32,16,268.763
2048,0,32,64,269.595
2048,0,32,256,301.446
2048,0,32,1024,396.452
2048,0,32,4096,810.301
2048,0,32,16384,3106.4
2048,0,64,32,339.3
2048,0,64,128,371.61
2048,0,64,512,470.861
2048,0,64,2048,896.006
2048,0,64,8192,3417.37
2048,16,0,0,209.607
2048,16,1,32,210.471
2048,16,1,128,210.908
2048,16,1,512,213.585
2048,16,1,2048,217.255
2048,16,1,8192,406.499
2048,16,2,16,212.498
2048,16,2,64,212.827
2048,16,2,256,215.932
2048,16,2,1024,221.309
2048,16,2,4096,292.72
2048,16,2,16384,679.476
2048,16,4,32,217.287
2048,16,4,128,219.964
2048,16,4,512,226.172
2048,16,4,2048,248.486
2048,16,4,8192,471.875
2048,16,8,16,225.521
2048,16,8,64,225.405
2048,16,8,256,233.532
2048,16,8,1024,259.334
2048,16,8,4096,391.215
2048,16,8,16384,1077.77
2048,16,16,32,242.46
2048,16,16,128,252.017
2048,16,16,512,275.589
2048,16,16,2048,366.692
2048,16,16,8192,868.135
2048,16,32,16,279.078
2048,16,32,64,279.814
2048,16,32,256,312.303
2048,16,32,1024,407.683
2048,16,32,4096,818.61
2048,16,32,16384,3241.34
2048,16,64,32,349.328
2048,16,64,128,381.871
2048,16,64,512,481.229
2048,16,64,2048,905.393
2048,16,64,8192,3489.55
2048,32,0,0,210.258
2048,32,1,32,210.631
2048,32,1,128,211.793
2048,32,1,512,213.362
2048,32,1,2048,218.14
2048,32,1,8192,406.105
2048,32,2,16,211.772
2048,32,2,64,212.412
2048,32,2,256,215.655
2048,32,2,1024,220.668
2048,32,2,4096,293.158
2048,32,2,16384,680.041
2048,32,4,32,218.738
2048,32,4,128,221.223
2048,32,4,512,227.964
2048,32,4,2048,248.358
2048,32,4,8192,472.663
2048,32,8,16,225.19
2048,32,8,64,225.926
2048,32,8,256,234.652
2048,32,8,1024,258.726
2048,32,8,4096,391.662
2048,32,8,16384,1079.98
2048,32,16,32,242.407
2048,32,16,128,251.164
2048,32,16,512,276.156
2048,32,16,2048,366.223
2048,32,16,8192,869.318
2048,32,32,16,279.664
2048,32,32,64,281.051
2048,32,32,256,311.813
2048,32,32,1024,407.15
2048,32,32,4096,818.941
2048,32,32,16384,3231.86
2048,32,64,32,349.947
2048,32,64,128,382.233
2048,32,64,512,481.347
2048,32,64,2048,906.459
2048,32,64,8192,3382.82
2048,64,0,0,210.812
2048,64,1,32,210.929
2048,64,1,128,210.951
2048,64,1,512,213.479
2048,64,1,2048,218.545
2048,64,1,8192,405.774
2048,64,2,16,213.095
2048,64,2,64,213.276
2048,64,2,256,215.282
2048,64,2,1024,220.956
2048,64,2,4096,292.528
2048,64,2,16384,680.425
2048,64,4,32,216.871
2048,64,4,128,220.529
2048,64,4,512,226.428
2048,64,4,2048,248.359
2048,64,4,8192,472.173
2048,64,8,16,225.659
2048,64,8,64,226.471
2048,64,8,256,233.5
2048,64,8,1024,258.844
2048,64,8,4096,392.74
2048,64,8,16384,1078.82
2048,64,16,32,242.513
2048,64,16,128,251.719
2048,64,16,512,277.148
2048,64,16,2048,366.916
2048,64,16,8192,869.522
2048,64,32,16,279.665
2048,64,32,64,280.582
2048,64,32,256,312.389
2048,64,32,1024,409.486
2048,64,32,4096,819.442
2048,64,32,16384,3231.87
2048,64,64,32,349.882
2048,64,64,128,382.042
2048,64,64,512,481.592
2048,64,64,2048,905.094
2048,64,64,8192,3498.73
2048,128,0,0,216.807
2048,128,1,32,217.947
2048,128,1,128,218.513
2048,128,1,512,221.063
2048,128,1,2048,227.217
2048,128,1,8192,412.698
2048,128,2,16,220.155
2048,128,2,64,220.156
2048,128,2,256,223.484
2048,128,2,1024,228.487
2048,128,2,4096,300.464
2048,128,2,16384,688.852
2048,128,4,32,224.583
2048,128,4,128,228.103
2048,128,4,512,233.522
2048,128,4,2048,255.408
2048,128,4,8192,482.189
2048,128,8,16,232.497
2048,128,8,64,233.447
2048,128,8,256,241.339
2048,128,8,1024,265.554
2048,128,8,4096,399.62
2048,128,8,16384,1076.73
2048,128,16,32,250.939
2048,128,16,128,258.663
2048,128,16,512,284.123
2048,128,16,2048,373.902
2048,128,16,8192,877.884
2048,128,32,16,286.875
2048,128,32,64,288.251
2048,128,32,256,319.867
2048,128,32,1024,415.416
2048,128,32,4096,829.714
2048,128,32,16384,3292.57
2048,128,64,32,357.402
2048,128,64,128,389.156
2048,128,64,512,489.975
2048,128,64,2048,911.995
2048,128,64,8192,3670.55
2048,256,0,0,235.889
2048,256,1,32,238.331
2048,256,1,128,237.03
2048,256,1,512,239.046
2048,256,1,2048,245.275
2048,256,1,8192,427.672
2048,256,2,16,237.926
2048,256,2,64,237.852
2048,256,2,256,240.849
2048,256,2,1024,247.078
2048,256,2,4096,315.503
2048,256,2,16384,703.967
2048,256,4,32,242.545
2048,256,4,128,246.417
2048,256,4,512,252.433
2048,256,4,2048,275.313
2048,256,4,8192,502.871
2048,256,8,16,250.513
2048,256,8,64,250.791
2048,256,8,256,260.39
2048,256,8,1024,283.921
2048,256,8,4096,415.428
2048,256,8,16384,1074.3
2048,256,16,32,267.516
2048,256,16,128,277.243
2048,256,16,512,301.232
2048,256,16,2048,392.185
2048,256,16,8192,895.313
2048,256,32,16,304.656
2048,256,32,64,305.798
2048,256,32,256,337.797
2048,256,32,1024,433.401
2048,256,32,4096,846.813
2048,256,32,16384,3359.44
2048,256,64,32,375.567
2048,256,64,128,407.642
2048,256,64,512,507.565
2048,256,64,2048,931.676
2048,256,64,8192,3937.97
2048,512,0,0,273.137
2048,512,1,32,272.209
2048,512,1,128,273.521
2048,512,1,512,274.703
2048,512,1,2048,280.4
2048,512,1,8192,455.469
2048,512,2,16,273.926
2048,512,2,64,274.139
2048,512,2,256,276.06
2048,512,2,1024,282.395
2048,512,2,4096,341.637
2048,512,2,16384,736.862
2048,512,4,32,279.43
2048,512,4,128,281.51
2048,512,4,512,287.078
2048,512,4,2048,310.949
2048,512,4,8192,542.55
2048,512,8,16,286.672
2048,512,8,64,286.523
2048,512,8,256,295.302
2048,512,8,1024,320.271
2048,512,8,4096,444.344
2048,512,8,16384,1104.8
2048,512,16,32,303.44
2048,512,16,128,312.197
2048,512,16,512,336.912
2048,512,16,2048,429.432
2048,512,16,8192,921.606
2048,512,32,16,339.887
2048,512,32,64,340.207
2048,512,32,256,374.138
2048,512,32,1024,470.531
2048,512,32,4096,885.468
2048,512,32,16384,3671.78
2048,512,64,32,410.607
2048,512,64,128,442.606
2048,512,64,512,543.394
2048,512,64,2048,964.005
2048,512,64,8192,4209.29
2048,1024,0,0,343.557
2048,1024,1,32,343.695
2048,1024,1,128,344.036
2048,1024,1,512,348.037
2048,1024,1,2048,351.727
2048,1024,1,8192,513.186
2048,1024,2,16,344.752
2048,1024,2,64,346.138
2048,1024,2,256,348.378
2048,1024,2,1024,353.743
2048,1024,2,4096,397.347
2048,1024,2,16384,798.428
2048,1024,4,32,350.575
2048,1024,4,128,353.306
2048,1024,4,512,358.938
2048,1024,4,2048,381.603
2048,1024,4,8192,599.413
2048,1024,8,16,356.933
2048,1024,8,64,356.911
2048,1024,8,256,366.809
2048,1024,8,1024,392.419
2048,1024,8,4096,500.865
2048,1024,8,16384,1150.54
2048,1024,16,32,373.711
2048,1024,16,128,383.161
2048,1024,16,512,408.654
2048,1024,16,2048,502.872
2048,1024,16,8192,976.368
2048,1024,32,16,409.348
2048,1024,32,64,410.702
2048,1024,32,256,444.345
2048,1024,32,1024,543.201
2048,1024,32,4096,953.221
2048,1024,32,16384,3920.5
2048,1024,64,32,481.112
2048,1024,64,128,514.221
2048,1024,64,512,616.075
2048,1024,64,2048,1024.83
2048,1024,64,8192,4444.03
2048,2048,0,0,485.186
2048,2048,1,32,486.807
2048,2048,1,128,485.677
2048,2048,1,512,487.959
2048,2048,1,2048,496.279
2048,2048,1,8192,622.175
2048,2048,2,16,486.957
2048,2048,2,64,486.85
2048,2048,2,256,489.773
2048,2048,2,1024,498.017
2048,2048,2,4096,520.535
2048,2048,2,16384,926.982
2048,2048,4,32,491.811
2048,2048,4,128,493.591
2048,2048,4,512,500.866
2048,2048,4,2048,527.703
2048,2048,4,8192,715.817
2048,2048,8,16,495.618
2048,2048,8,64,495.991
2048,2048,8,256,506.615
2048,2048,8,1024,534.742
2048,2048,8,4096,626.378
2048,2048,8,16384,1271.51
2048,2048,16,32,510.572
2048,2048,16,128,521.921
2048,2048,16,512,552.662
2048,2048,16,2048,648.928
2048,2048,16,8192,1105.74
2048,2048,32,16,549.654
2048,2048,32,64,550.315
2048,2048,32,256,587.457
2048,2048,32,1024,687.412
2048,2048,32,4096,1058.76
2048,2048,32,16384,4422.19
2048,2048,64,32,622.241
2048,2048,64,128,654.943
2048,2048,64,512,759.368
2048,2048,64,2048,1170.57
2048,2048,64,8192,4542.02
2048,4096,0,0,764.295
2048,4096,1,32,766.419
2048,4096,1,128,765.736
2048,4096,1,512,769.415
2048,4096,1,2048,793.223
2048,4096,1,8192,821.127
2048,4096,2,16,766.643
2048,4096,2,64,765.447
2048,4096,2,256,770.537
2048,4096,2,1024,785.107
2048,4096,2,4096,823.611
2048,4096,2,16384,1173.3
2048,4096,4,32,776.935
2048,4096,4,128,780.03
2048,4096,4,512,785.64
2048,4096,4,2048,819.079
2048,4096,4,8192,929.979
2048,4096,8,16,787.432
2048,4096,8,64,787.463
2048,4096,8,256,796.925
2048,4096,8,1024,819.143
2048,4096,8,4096,920.944
2048,4096,8,16384,1532.28
2048,4096,16,32,804.093
2048,4096,16,128,813.746
2048,4096,16,512,830.589
2048,4096,16,2048,931.952
2048,4096,16,8192,1339.17
2048,4096,32,16,822.301
2048,4096,32,64,823.772
2048,4096,32,256,860.359
2048,4096,32,1024,974.703
2048,4096,32,4096,1379.3
2048,4096,32,16384,4504.91
2048,4096,64,32,891.857
2048,4096,64,128,935.312
2048,4096,64,512,1044.15
2048,4096,64,2048,1482.44
2048,4096,64,8192,4576.34
2048,8192,0,0,1289.77
2048,8192,1,32,1301.36
2048,8192,1,128,1305.88
2048,8192,1,512,1317.29
2048,8192,1,2048,1363.57
2048,8192,1,8192,1443.42
2048,8192,2,16,1298.21
2048,8192,2,64,1298.28
2048,8192,2,256,1304.37
2048,8192,2,1024,1330.02
2048,8192,2,4096,1403.11
2048,8192,2,16384,1646.51
2048,8192,4,32,1297.98
2048,8192,4,128,1299.87
2048,8192,4,512,1313.43
2048,8192,4,2048,1377.83
2048,8192,4,8192,1482.15
2048,8192,8,16,1302.72
2048,8192,8,64,1304.15
2048,8192,8,256,1318.91
2048,8192,8,1024,1358.31
2048,8192,8,4096,1484.82
2048,8192,8,16384,1963.73
2048,8192,16,32,1307.82
2048,8192,16,128,1315.22
2048,8192,16,512,1344.8
2048,8192,16,2048,1508.68
2048,8192,16,8192,1840.56
2048,8192,32,16,1329.49
2048,8192,32,64,1331
2048,8192,32,256,1367.11
2048,8192,32,1024,1534.72
2048,8192,32,4096,1943.83
2048,8192,32,16384,4633.52
2048,8192,64,32,1399.45
2048,8192,64,128,1448.02
2048,8192,64,512,1602.86
2048,8192,64,2048,2038.07
2048,8192,64,8192,3766.97
2048,16384,0,0,2306.79
2048,16384,1,32,2320.51
2048,16384,1,128,2323.53
2048,16384,1,512,2332.83
2048,16384,1,2048,2383.55
2048,16384,1,8192,2582.18
2048,16384,2,16,2315.1
2048,16384,2,64,2309.77
2048,16384,2,256,2320.25
2048,16384,2,1024,2341.88
2048,16384,2,4096,2442.4
2048,16384,2,16384,2728.46
2048,16384,4,32,2311.9
2048,16384,4,128,2314.98
2048,16384,4,512,2328.18
2048,16384,4,2048,2392.46
2048,16384,4,8192,2710.17
2048,16384,8,16,2315.45
2048,16384,8,64,2317.87
2048,16384,8,256,2333.67
2048,16384,8,1024,2370.98
2048,16384,8,4096,2615.07
2048,16384,8,16384,2817.8
2048,16384,16,32,2324.1
2048,16384,16,128,2334
2048,16384,16,512,2360.26
2048,16384,16,2048,2542.8
2048,16384,16,8192,3038.1
2048,16384,32,16,2343.05
2048,16384,32,64,2348.87
2048,16384,32,256,2382.07
2048,16384,32,1024,2549.96
2048,16384,32,4096,3084.28
2048,16384,32,16384,4600.81
2048,16384,64,32,2413.91
2048,16384,64,128,2461.17
2048,16384,64,512,2615.24
2048,16384,64,2048,3168.93
2048,16384,64,8192,5008.52
0,0,1,32,7.574
0,0,1,128,13.2267
0,0,1,512,13.7487
0,0,1,2048,15.68
0,0,1,8192,27.7877
0,0,2,16,12.0533
0,0,2,64,13.8987
0,0,2,256,16.8843
0,0,2,1024,19.52
0,0,2,4096,35.851
0,0,2,16384,89.664
0,0,4,32,12.0433
0,0,4,128,16.5217
0,0,4,512,18.794
0,0,4,2048,37.4177
0,0,4,8192,88.447
0,0,8,16,12.0533
0,0,8,64,13.9417
0,0,8,256,18.4957
0,0,8,1024,36.4597
0,0,8,4096,93.0047
0,0,8,16384,304.618
0,0,16,32,12.9063
0,0,16,128,18.5817
0,0,16,512,35.413
0,0,16,2048,88.3417
0,0,16,8192,303.296
0,0,32,16,13.1193
0,0,32,64,17.109
0,0,32,256,35.7123
0,0,32,1024,90.6983
0,0,32,4096,307.114
0,0,32,16384,1153.11
0,0,64,32,17.567
0,0,64,128,31.872
0,0,64,512,89.291
0,0,64,2048,306.624
0,0,64,8192,1152.93
0,0,128,16,21.206
0,0,128,64,33.024
0,0,128,256,92.9377
0,0,128,1024,314.326
0,0,128,4096,1165.12
0,0,128,16384,4532.37
16,0,1,16,9.813
16,0,1,64,9.856
16,0,1,256,16.939
16,0,1,1024,41.1093
16,0,1,4096,137.279
16,0,1,16384,523.583
16,0,2,32,9.83433
16,0,2,128,13.0453
16,0,2,512,25.184
16,0,2,2048,73.9197
16,0,2,8192,267.06
16,0,4,16,10.0907
16,0,4,64,9.95233
16,0,4,256,17.333
16,0,4,1024,42.4
16,0,4,4096,138.645
16,0,4,16384,531.306
16,0,8,32,15.4453
16,0,8,128,22.2613
16,0,8,512,38.496
16,0,8,2048,87.6903
16,0,8,8192,280.608
16,0,16,16,21.0347
16,0,16,64,21.408
16,0,16,256,38.6773
16,0,16,1024,87.466
16,0,16,4096,280.789
16,0,16,16384,1074.72
16,0,32,32,32.6193
16,0,32,128,48.96
16,0,32,512,97.4823
16,0,32,2048,290.943
16,0,32,8192,1085.82
16,0,64,16,53.696
16,0,64,64,55.093
16,0,64,256,121.162
16,0,64,1024,325.184
16,0,64,4096,1188.94
16,0,64,16384,5036.56
16,16,1,16,9.952
16,16,1,64,10.016
16,16,1,256,16.9383
16,16,1,1024,40.9493
16,16,1,4096,137.343
16,16,1,16384,523.338
16,16,2,32,9.99467
16,16,2,128,13.056
16,16,2,512,25.1727
16,16,2,2048,73.7813
16,16,2,8192,266.848
16,16,4,16,10.0373
16,16,4,64,10.2933
16,16,4,256,17.3543
16,16,4,1024,42.1223
16,16,4,4096,139.019
16,16,4,16384,531.134
16,16,8,32,15.6263
16,16,8,128,22.112
16,16,8,512,38.496
16,16,8,2048,87.808
16,16,8,8192,281.003
16,16,16,16,21.269
16,16,16,64,21.76
16,16,16,256,38.7627
16,16,16,1024,87.68
16,16,16,4096,281.995
16,16,16,16384,1075.32
16,16,32,32,32.5763
16,16,32,128,48.9707
16,16,32,512,97.717
16,16,32,2048,290.965
16,16,32,8192,1085.33
16,16,64,16,53.7813
16,16,64,64,54.9543
16,16,64,256,121.376
16,16,64,1024,324.565
16,16,64,4096,1192.23
16,16,64,16384,5100.97
16,32,1,16,9.99467
16,32,1,64,10.0483
16,32,1,256,16.9063
16,32,1,1024,41.0243
16,32,1,4096,137.461
16,32,1,16384,523.189
16,32,2,32,10.0483
16,32,2,128,13.024
16,32,2,512,25.1307
16,32,2,2048,73.9947
16,32,2,8192,266.794
16,32,4,16,10.1017
16,32,4,64,10.24
16,32,4,256,17.28
16,32,4,1024,41.9733
16,32,4,4096,138.879
16,32,4,16384,531.37
16,32,8,32,15.7227
16,32,8,128,22.1657
16,32,8,512,38.709
16,32,8,2048,88.0523
16,32,8,8192,281.696
16,32,16,16,21.3867
16,32,16,64,21.728
16,32,16,256,38.6667
16,32,16,1024,87.6583
16,32,16,4096,281.067
16,32,16,16384,1075.84
16,32,32,32,32.5653
16,32,32,128,49.0347
16,32,32,512,97.6737
16,32,32,2048,291.125
16,32,32,8192,1084.59
16,32,64,16,53.6427
16,32,64,64,55.1033
16,32,64,256,121.002
16,32,64,1024,325.429
16,32,64,4096,1194.94
16,32,64,16384,4951.77
16,64,1,16,10.0053
16,64,1,64,10.1867
16,64,1,256,16.8743
16,64,1,1024,41.045
16,64,1,4096,137.28
16,64,1,16384,524.073
16,64,2,32,10.0907
16,64,2,128,13.0553
16,64,2,512,25.0557
16,64,2,2048,74.0373
16,64,2,8192,266.922
16,64,4,16,10.101
16,64,4,64,10.4103
16,64,4,256,17.3547
16,64,4,1024,42.0267
16,64,4,4096,138.602
16,64,4,16384,530.698
16,64,8,32,15.7973
16,64,8,128,22.112
16,64,8,512,38.752
16,64,8,2048,88
16,64,8,8192,281.003
16,64,16,16,21.408
16,64,16,64,21.856
16,64,16,256,38.8263
16,64,16,1024,88.0417
16,64,16,4096,281.109
16,64,16,16384,1074.78
16,64,32,32,32.5863
16,64,32,128,49.2373
16,64,32,512,97.8343
16,64,32,2048,290.708
16,64,32,8192,1084.85
16,64,64,16,53.8987
16,64,64,64,55.306
16,64,64,256,121.665
16,64,64,1024,325.46
16,64,64,4096,1192.48
16,64,64,16384,5089.89
16,128,1,16,13.12
16,128,1,64,13.1413
16,128,1,256,16.949
16,128,1,1024,40.992
16,128,1,4096,137.312
16,128,1,16384,523.37
16,128,2,32,13.0457
16,128,2,128,13.8777
16,128,2,512,25.141
16,128,2,2048,73.9307
16,128,2,8192,266.452
16,128,4,16,13.2587
16,128,4,64,13.2483
16,128,4,256,17.3223
16,128,4,1024,42.1653
16,128,4,4096,138.496
16,128,4,16384,531.21
16,128,8,32,19.8083
16,128,8,128,23.584
16,128,8,512,46.293
16,128,8,2048,95.765
16,128,8,8192,288.981
16,128,16,16,25.3013
16,128,16,64,25.7597
16,128,16,256,42.6347
16,128,16,1024,91.701
16,128,16,4096,285.962
16,128,16,16384,1074.35
16,128,32,32,36.6503
16,128,32,128,52.0217
16,128,32,512,102.613
16,128,32,2048,295.615
16,128,32,8192,1089.08
16,128,64,16,57.675
16,128,64,64,59.424
16,128,64,256,123.157
16,128,64,1024,329.418
16,128,64,4096,1191.97
16,128,64,16384,5030.16
16,256,1,16,17.152
16,256,1,64,17.1097
16,256,1,256,17.7387
16,256,1,1024,41.0453
16,256,1,4096,137.44
16,256,1,16384,523.797
16,256,2,32,17.0457
16,256,2,128,17.0453
16,256,2,512,25.1733
16,256,2,2048,73.7713
16,256,2,8192,267.007
16,256,4,16,17.184
16,256,4,64,17.3227
16,256,4,256,18.005
16,256,4,1024,42.3787
16,256,4,4096,138.879
16,256,4,16384,531.37
16,256,8,32,23.84
16,256,8,128,27.6693
16,256,8,512,46.7197
16,256,8,2048,103.2
16,256,8,8192,297.503
16,256,16,16,29.504
16,256,16,64,29.9307
16,256,16,256,45.7493
16,256,16,1024,95.7657
16,256,16,4096,289.717
16,256,16,16384,1076.67
16,256,32,32,40.7783
16,256,32,128,56.3417
16,256,32,512,105.856
16,256,32,2048,300.01
16,256,32,8192,1091.81
16,256,64,16,62.0373
16,256,64,64,63.5943
16,256,64,256,126.037
16,256,64,1024,334.037
16,256,64,4096,1202.03
16,256,64,16384,5012.94
16,512,1,16,25.1947
16,512,1,64,25.1627
16,512,1,256,25.2373
16,512,1,1024,41.0987
16,512,1,4096,137.45
16,512,1,16384,523.06
16,512,2,32,25.013
16,512,2,128,25.067
16,512,2,512,25.8343
16,512,2,2048,73.93
16,512,2,8192,266.965
16,512,4,16,25.3013
16,512,4,64,25.3547
16,512,4,256,25.4933
16,512,4,1024,42.2937
16,512,4,4096,138.742
16,512,4,16384,531.466
16,512,8,32,31.9467
16,512,8,128,35.6903
16,512,8,512,47.957
16,512,8,2048,118.677
16,512,8,8192,312.352
16,512,16,16,37.344
16,512,16,64,37.8983
16,512,16,256,53.4613
16,512,16,1024,103.531
16,512,16,4096,297.055
16,512,16,16384,1087.66
16,512,32,32,48.6613
16,512,32,128,64.256
16,512,32,512,112.565
16,512,32,2048,307.199
16,512,32,8192,1100.81
16,512,64,16,70.1013
16,512,64,64,72.0107
16,512,64,256,134.357
16,512,64,1024,343.125
16,512,64,4096,1200.69
16,512,64,16384,4986.83
16,1024,1,16,41.2053
16,1024,1,64,41.2267
16,1024,1,256,41.3757
16,1024,1,1024,41.7597
16,1024,1,4096,137.439
16,1024,1,16384,523.231
16,1024,2,32,41.024
16,1024,2,128,41.195
16,1024,2,512,41.3013
16,1024,2,2048,74.1867
16,1024,2,8192,266.303
16,1024,4,16,41.4077
16,1024,4,64,41.418
16,1024,4,256,41.557
16,1024,4,1024,42.4213
16,1024,4,4096,139.499
16,1024,4,16384,531.818
16,1024,8,32,47.744
16,1024,8,128,51.7973
16,1024,8,512,63.7757
16,1024,8,2048,143.029
16,1024,8,8192,343.274
16,1024,16,16,53.2263
16,1024,16,64,53.8023
16,1024,16,256,69.7383
16,1024,16,1024,117.952
16,1024,16,4096,312.97
16,1024,16,16384,1099.05
16,1024,32,32,64.6287
16,1024,32,128,80.171
16,1024,32,512,128.746
16,1024,32,2048,322.912
16,1024,32,8192,1114.64
16,1024,64,16,86.112
16,1024,64,64,88.1173
16,1024,64,256,151.22
16,1024,64,1024,356.842
16,1024,64,4096,1217.96
16,1024,64,16384,4977.15
16,2048,1,16,73.493
16,2048,1,64,73.5573
16,2048,1,256,73.5463
16,2048,1,1024,73.728
16,2048,1,4096,137.727
16,2048,1,16384,523.413
16,2048,2,32,73.1307
16,2048,2,128,72.9707
16,2048,2,512,73.1517
16,2048,2,2048,74.1333
16,2048,2,8192,267.306
16,2048,4,16,73.3223
16,2048,4,64,73.696
16,2048,4,256,73.6853
16,2048,4,1024,73.9943
16,2048,4,4096,139.371
16,2048,4,16384,532.042
16,2048,8,32,79.6587
16,2048,8,128,83.477
16,2048,8,512,95.968
16,2048,8,2048,144.511
16,2048,8,8192,406.389
16,2048,16,16,85.301
16,2048,16,64,85.632
16,2048,16,256,101.557
16,2048,16,1024,149.888
16,2048,16,4096,345.301
16,2048,16,16384,1135.71
16,2048,32,32,96.608
16,2048,32,128,112.181
16,2048,32,512,160.693
16,2048,32,2048,352.863
16,2048,32,8192,1147.26
16,2048,64,16,118.325
16,2048,64,64,120.149
16,2048,64,256,184.074
16,2048,64,1024,389.301
16,2048,64,4096,1253.47
16,2048,64,16384,4949.33
16,4096,1,16,137.93
16,4096,1,64,137.92
16,4096,1,256,137.962
16,4096,1,1024,138.218
16,4096,1,4096,138.325
16,4096,1,16384,522.932
16,4096,2,32,137.162
16,4096,2,128,137.29
16,4096,2,512,137.184
16,4096,2,2048,137.525
16,4096,2,8192,267.508
16,4096,4,16,138.283
16,4096,4,64,138.091
16,4096,4,256,137.856
16,4096,4,1024,138.378
16,4096,4,4096,139.391
16,4096,4,16384,531.509
16,4096,8,32,143.498
16,4096,8,128,147.552
16,4096,8,512,159.658
16,4096,8,2048,208.159
16,4096,8,8192,532.671
16,4096,16,16,149.279
16,4096,16,64,149.621
16,4096,16,256,165.301
16,4096,16,1024,213.461
16,4096,16,4096,408.351
16,4096,16,16384,1213.12
16,4096,32,32,160.405
16,4096,32,128,175.882
16,4096,32,512,224.725
16,4096,32,2048,416.575
16,4096,32,8192,1226.52
16,4096,64,16,182.144
16,4096,64,64,184.256
16,4096,64,256,248.608
16,4096,64,1024,456.852
16,4096,64,4096,1359.08
16,4096,64,16384,5473.72
16,8192,1,16,266.847
16,8192,1,64,266.271
16,8192,1,256,266.997
16,8192,1,1024,266.751
16,8192,1,4096,266.517
16,8192,1,16384,523.775
16,8192,2,32,265.802
16,8192,2,128,265.525
16,8192,2,512,265.46
16,8192,2,2048,265.503
16,8192,2,8192,267.989
16,8192,4,16,266.485
16,8192,4,64,266.858
16,8192,4,256,266.261
16,8192,4,1024,267.402
16,8192,4,4096,267.413
16,8192,4,16384,533.951
16,8192,8,32,271.712
16,8192,8,128,274.986
16,8192,8,512,287.465
16,8192,8,2048,336.148
16,8192,8,8192,540.863
16,8192,16,16,277.002
16,8192,16,64,277.365
16,8192,16,256,293.321
16,8192,16,1024,341.193
16,8192,16,4096,536.159
16,8192,16,16384,1355.69
16,8192,32,32,287.956
16,8192,32,128,303.967
16,8192,32,512,352.202
16,8192,32,2048,544.394
16,8192,32,8192,1344.9
16,8192,64,16,309.887
16,8192,64,64,312.735
16,8192,64,256,376.437
16,8192,64,1024,587.488
16,8192,64,4096,1540.54
16,8192,64,16384,6400.1
16,16384,1,16,523.764
16,16384,1,64,524.084
16,16384,1,256,524.095
16,16384,1,1024,524.094
16,16384,1,4096,524.329
16,16384,1,16384,525.15
16,16384,2,32,523.082
16,16384,2,128,522.836
16,16384,2,512,523.04
16,16384,2,2048,522.676
16,16384,2,8192,526.858
16,16384,4,16,524.063
16,16384,4,64,524.148
16,16384,4,256,523.166
16,16384,4,1024,524.126
16,16384,4,4096,526.964
16,16384,4,16384,532.149
16,16384,8,32,527.028
16,16384,8,128,530.985
16,16384,8,512,543.658
16,16384,8,2048,591.807
16,16384,8,8192,794.975
16,16384,16,16,532.97
16,16384,16,64,533.844
16,16384,16,256,549.791
16,16384,16,1024,596.34
16,16384,16,4096,792.82
16,16384,16,16384,1611.5
16,16384,32,32,543.85
16,16384,32,128,559.53
16,16384,32,512,608.371
16,16384,32,2048,800.201
16,16384,32,8192,1608.69
16,16384,64,16,568.01
16,16384,64,64,569.78
16,16384,64,256,632.607
16,16384,64,1024,843.55
16,16384,64,4096,1866.14
16,16384,64,16384,5820.94
32,0,1,16,10.0587
32,0,1,64,10.1013
32,0,1,256,17.0453
32,0,1,1024,41.0773
32,0,1,4096,137.237
32,0,1,16384,523.507
32,0,2,32,10.08
32,0,2,128,13.1413
32,0,2,512,25.2377
32,0,2,2048,73.9627
32,0,2,8192,267.189
32,0,4,16,10.1437
32,0,4,64,10.24
32,0,4,256,17.3653
32,0,4,1024,42.1653
32,0,4,4096,139.157
32,0,4,16384,531.668
32,0,8,32,15.776
32,0,8,128,22.3363
32,0,8,512,38.8693
32,0,8,2048,87.9677
32,0,8,8192,280.949
32,0,16,16,21.2693
32,0,16,64,21.5577
32,0,16,256,38.5173
32,0,16,1024,87.9143
32,0,16,4096,281.312
32,0,16,16384,1075.9
32,0,32,32,32.6183
32,0,32,128,48.8427
32,0,32,512,97.706
32,0,32,2048,291.54
32,0,32,8192,1086.6
32,0,64,16,54.1013
32,0,64,64,54.8693
32,0,64,256,121.439
32,0,64,1024,326.219
32,0,64,4096,1190.14
32,0,64,16384,5122.45
32,16,1,16,10.0903
32,16,1,64,10.1653
32,16,1,256,17.0777
32,16,1,1024,41.1307
32,16,1,4096,137.504
32,16,1,16384,523.241
32,16,2,32,10.1973
32,16,2,128,13.045
32,16,2,512,25.28
32,16,2,2048,73.7917
32,16,2,8192,267.082
32,16,4,16,10.176
32,16,4,64,10.3257
32,16,4,256,17.4503
32,16,4,1024,42.325
32,16,4,4096,139.008
32,16,4,16384,531.476
32,16,8,32,15.968
32,16,8,128,22.304
32,16,8,512,39.008
32,16,8,2048,88.181
32,16,8,8192,281.632
32,16,16,16,21.2157
32,16,16,64,21.76
32,16,16,256,38.6563
32,16,16,1024,88.235
32,16,16,4096,281.493
32,16,16,16384,1074.69
32,16,32,32,32.6187
32,16,32,128,49.12
32,16,32,512,98.0583
32,16,32,2048,291.37
32,16,32,8192,1085.31
32,16,64,16,53.8243
32,16,64,64,55.1783
32,16,64,256,121.226
32,16,64,1024,326.506
32,16,64,4096,1193.58
32,16,64,16384,4946.24
32,32,1,16,10.1653
32,32,1,64,10.2083
32,32,1,256,17.024
32,32,1,1024,41.098
32,32,1,4096,137.631
32,32,1,16384,523.849
32,32,2,32,10.1763
32,32,2,128,13.152
32,32,2,512,25.301
32,32,2,2048,74.0693
32,32,2,8192,267.221
32,32,4,16,10.2287
32,32,4,64,10.4213
32,32,4,256,17.429
32,32,4,1024,42.2713
32,32,4,4096,139.254
32,32,4,16384,531.306
32,32,8,32,16.0643
32,32,8,128,22.3783
32,32,8,512,38.9547
32,32,8,2048,88.139
32,32,8,8192,282.368
32,32,16,16,21.3857
32,32,16,64,21.9627
32,32,16,256,38.7413
32,32,16,1024,87.68
32,32,16,4096,281.034
32,32,16,16384,1074.38
32,32,32,32,32.7043
32,32,32,128,48.9387
32,32,32,512,97.9843
32,32,32,2048,290.911
32,32,32,8192,1087.17
32,32,64,16,53.8453
32,32,64,64,55.36
32,32,64,256,121.803
32,32,64,1024,326.73
32,32,64,4096,1194.82
32,32,64,16384,4972.57
32,64,1,16,10.1333
32,64,1,64,10.2083
32,64,1,256,17.0133
32,64,1,1024,41.056
32,64,1,4096,137.717
32,64,1,16384,523.711
32,64,2,32,10.198
32,64,2,128,13.1303
32,64,2,512,25.2583
32,64,2,2048,73.9733
32,64,2,8192,267.658
32,64,4,16,10.1867
32,64,4,64,10.5493
32,64,4,256,17.4293
32,64,4,1024,42.1437
32,64,4,4096,139.072
32,64,4,16384,531.583
32,64,8,32,16.1707
32,64,8,128,22.325
32,64,8,512,38.784
32,64,8,2048,88.4157
32,64,8,8192,281.781
32,64,16,16,21.5147
32,64,16,64,22.0693
32,64,16,256,38.9763
32,64,16,1024,88.138
32,64,16,4096,281.738
32,64,16,16384,1076.04
32,64,32,32,32.8533
32,64,32,128,49.2693
32,64,32,512,97.5037
32,64,32,2048,291.327
32,64,32,8192,1087.07
32,64,64,16,53.8667
32,64,64,64,55.7437
32,64,64,256,121.504
32,64,64,1024,326.858
32,64,64,4096,1191.71
32,64,64,16384,4933.67
32,128,1,16,13.301
32,128,1,64,13.2803
32,128,1,256,17.0133
32,128,1,1024,41.0987
32,128,1,4096,137.813
32,128,1,16384,522.889
32,128,2,32,13.2477
32,128,2,128,14.0057
32,128,2,512,25.195
32,128,2,2048,74.0157
32,128,2,8192,267.381
32,128,4,16,13.2907
32,128,4,64,13.3653
32,128,4,256,17.4827
32,128,4,1024,42.1757
32,128,4,4096,139.04
32,128,4,16384,531.935
32,128,8,32,20.0637
32,128,8,128,23.84
32,128,8,512,46.5173
32,128,8,2048,96.415
32,128,8,8192,289.749
32,128,16,16,25.3013
32,128,16,64,25.8877
32,128,16,256,42.816
32,128,16,1024,91.573
32,128,16,4096,285.706
32,128,16,16384,1076.2
32,128,32,32,36.747
32,128,32,128,52.2133
32,128,32,512,102.527
32,128,32,2048,295.989
32,128,32,8192,1089.17
32,128,64,16,57.984
32,128,64,64,59.669
32,128,64,256,123.072
32,128,64,1024,330.037
32,128,64,4096,1200.5
32,128,64,16384,5046.96
32,256,1,16,17.2903
32,256,1,64,17.248
32,256,1,256,17.8343
32,256,1,1024,41.184
32,256,1,4096,137.557
32,256,1,16384,523.22
32,256,2,32,17.1947
32,256,2,128,17.3227
32,256,2,512,25.3327
32,256,2,2048,73.8347
32,256,2,8192,267.637
32,256,4,16,17.3763
32,256,4,64,17.408
32,256,4,256,18.144
32,256,4,1024,42.2507
32,256,4,4096,138.997
32,256,4,16384,531.625
32,256,8,32,24.1707
32,256,8,128,27.893
32,256,8,512,46.7417
32,256,8,2048,103.69
32,256,8,8192,297.599
32,256,16,16,29.408
32,256,16,64,30.0373
32,256,16,256,45.941
32,256,16,1024,96.3303
32,256,16,4096,289.354
32,256,16,16384,1079.39
32,256,32,32,40.7467
32,256,32,128,56.384
32,256,32,512,106.368
32,256,32,2048,299.338
32,256,32,8192,1094.62
32,256,64,16,61.6213
32,256,64,64,63.8827
32,256,64,256,126.165
32,256,64,1024,334.549
32,256,64,4096,1200.61
32,256,64,16384,5148.06
32,512,1,16,25.2687
32,512,1,64,25.269
32,512,1,256,25.376
32,512,1,1024,41.2053
32,512,1,4096,137.546
32,512,1,16384,523.988
32,512,2,32,25.2057
32,512,2,128,25.3113
32,512,2,512,25.8877
32,512,2,2048,74.0797
32,512,2,8192,267.53
32,512,4,16,25.4507
32,512,4,64,25.3973
32,512,4,256,25.664
32,512,4,1024,42.1223
32,512,4,4096,139.146
32,512,4,16384,531.295
32,512,8,32,32.1493
32,512,8,128,35.8933
32,512,8,512,48.213
32,512,8,2048,119.36
32,512,8,8192,313.343
32,512,16,16,37.4927
32,512,16,64,38.0797
32,512,16,256,53.6747
32,512,16,1024,103.808
32,512,16,4096,297.301
32,512,16,16384,1086.46
32,512,32,32,48.928
32,512,32,128,64.523
32,512,32,512,112.757
32,512,32,2048,307.754
32,512,32,8192,1101.61
32,512,64,16,70.347
32,512,64,64,71.9467
32,512,64,256,134.368
32,512,64,1024,344.746
32,512,64,4096,1201.31
32,512,64,16384,5216.11
32,1024,1,16,41.4077
32,1024,1,64,41.493
32,1024,1,256,41.408
32,1024,1,1024,41.8023
32,1024,1,4096,137.514
32,1024,1,16384,524.255
32,1024,2,32,41.4397
32,1024,2,128,41.269
32,1024,2,512,41.4927
32,1024,2,2048,74.0793
32,1024,2,8192,267.21
32,1024,4,16,41.6213
32,1024,4,64,41.5997
32,1024,4,256,41.8023
32,1024,4,1024,42.6133
32,1024,4,4096,139.423
32,1024,4,16384,532.106
32,1024,8,32,47.9573
32,1024,8,128,51.989
32,1024,8,512,64.053
32,1024,8,2048,143.594
32,1024,8,8192,344.832
32,1024,16,16,53.5997
32,1024,16,64,53.888
32,1024,16,256,69.8453
32,1024,16,1024,118.325
32,1024,16,4096,313.354
32,1024,16,16384,1101.36
32,1024,32,32,64.7143
32,1024,32,128,80.5433
32,1024,32,512,128.629
32,1024,32,2048,323.082
32,1024,32,8192,1115.71
32,1024,64,16,86.1863
32,1024,64,64,88.4047
32,1024,64,256,150.987
32,1024,64,1024,357.418
32,1024,64,4096,1214.64
32,1024,64,16384,4971.53
32,2048,1,16,73.6743
32,2048,1,64,73.7277
32,2048,1,256,73.866
32,2048,1,1024,73.664
32,2048,1,4096,137.557
32,2048,1,16384,523.113
32,2048,2,32,73.472
32,2048,2,128,73.1833
32,2048,2,512,73.3753
32,2048,2,2048,74.218
32,2048,2,8192,266.997
32,2048,4,16,73.8343
32,2048,4,64,73.6007
32,2048,4,256,73.9087
32,2048,4,1024,74.4853
32,2048,4,4096,139.04
32,2048,4,16384,532.511
32,2048,8,32,79.7117
32,2048,8,128,83.733
32,2048,8,512,96.1493
32,2048,8,2048,144.768
32,2048,8,8192,406.559
32,2048,16,16,85.109
32,2048,16,64,85.7803
32,2048,16,256,101.77
32,2048,16,1024,149.653
32,2048,16,4096,345.461
32,2048,16,16384,1133.63
32,2048,32,32,96.7787
32,2048,32,128,112.192
32,2048,32,512,160.693
32,2048,32,2048,352.416
32,2048,32,8192,1150.3
32,2048,64,16,118.581
32,2048,64,64,120.395
32,2048,64,256,183.776
32,2048,64,1024,389.994
32,2048,64,4096,1255.24
32,2048,64,16384,5144.44
32,4096,1,16,138.111
32,4096,1,64,137.696
32,4096,1,256,138.187
32,4096,1,1024,138.261
32,4096,1,4096,138.218
32,4096,1,16384,523.146
32,4096,2,32,137.322
32,4096,2,128,137.707
32,4096,2,512,137.557
32,4096,2,2048,137.685
32,4096,2,8192,267.455
32,4096,4,16,138.037
32,4096,4,64,137.962
32,4096,4,256,138.079
32,4096,4,1024,138.475
32,4096,4,4096,139.541
32,4096,4,16384,531.946
32,4096,8,32,143.946
32,4096,8,128,147.915
32,4096,8,512,160
32,4096,8,2048,208.49
32,4096,8,8192,533.3
32,4096,16,16,149.13
32,4096,16,64,150.037
32,4096,16,256,165.343
32,4096,16,1024,213.258
32,4096,16,4096,410.442
32,4096,16,16384,1213.44
32,4096,32,32,160.533
32,4096,32,128,176.287
32,4096,32,512,224.554
32,4096,32,2048,416.415
32,4096,32,8192,1224.43
32,4096,64,16,182.059
32,4096,64,64,184.256
32,4096,64,256,248.725
32,4096,64,1024,458.101
32,4096,64,4096,1361.94
32,4096,64,16384,5385.24
32,8192,1,16,266.826
32,8192,1,64,267.189
32,8192,1,256,266.773
32,8192,1,1024,266.58
32,8192,1,4096,266.921
32,8192,1,16384,524.148
32,8192,2,32,266.122
32,8192,2,128,265.579
32,8192,2,512,266.079
32,8192,2,2048,266.292
32,8192,2,8192,267.829
32,8192,4,16,266.901
32,8192,4,64,266.645
32,8192,4,256,266.89
32,8192,4,1024,267.359
32,8192,4,4096,267.925
32,8192,4,16384,532.821
32,8192,8,32,271.679
32,8192,8,128,276.277
32,8192,8,512,288.383
32,8192,8,2048,336.202
32,8192,8,8192,540.767
32,8192,16,16,277.237
32,8192,16,64,277.3
32,8192,16,256,293.493
32,8192,16,1024,341.162
32,8192,16,4096,536.81
32,8192,16,16384,1353.27
32,8192,32,32,288.501
32,8192,32,128,303.914
32,8192,32,512,352.756
32,8192,32,2048,545.28
32,8192,32,8192,1345.77
32,8192,64,16,310.111
32,8192,64,64,312.544
32,8192,64,256,376.288
32,8192,64,1024,588.681
32,8192,64,4096,1538.14
32,8192,64,16384,6259.91
32,16384,1,16,523.753
32,16384,1,64,524.735
32,16384,1,256,524.5
32,16384,1,1024,524.275
32,16384,1,4096,523.604
32,16384,1,16384,525.044
32,16384,2,32,522.292
32,16384,2,128,523.027
32,16384,2,512,522.975
32,16384,2,2048,523.786
32,16384,2,8192,525.556
32,16384,4,16,524.127
32,16384,4,64,524.191
32,16384,4,256,523.7
32,16384,4,1024,524.617
32,16384,4,4096,527.273
32,16384,4,16384,532.372
32,16384,8,32,527.86
32,16384,8,128,530.943
32,16384,8,512,544.159
32,16384,8,2048,592.202
32,16384,8,8192,796.969
32,16384,16,16,533.279
32,16384,16,64,534.537
32,16384,16,256,547.519
32,16384,16,1024,596.649
32,16384,16,4096,791.477
32,16384,16,16384,1612.34
32,16384,32,32,544.192
32,16384,32,128,559.252
32,16384,32,512,608.99
32,16384,32,2048,801.257
32,16384,32,8192,1610.57
32,16384,64,16,565.204
32,16384,64,64,568.02
32,16384,64,256,631.679
32,16384,64,1024,844.116
32,16384,64,4096,1873.33
32,16384,64,16384,6021.92
64,0,1,16,10.3147
64,0,1,64,10.3467
64,0,1,256,17.0447
64,0,1,1024,41.12
64,0,1,4096,137.45
64,0,1,16384,522.921
64,0,2,32,10.357
64,0,2,128,13.3123
64,0,2,512,25.291
64,0,2,2048,74.0153
64,0,2,8192,267.328
64,0,4,16,10.3357
64,0,4,64,10.528
64,0,4,256,17.493
64,0,4,1024,42.41
64,0,4,4096,139.103
64,0,4,16384,531.999
64,0,8,32,16.2877
64,0,8,128,22.3683
64,0,8,512,39.2107
64,0,8,2048,88.789
64,0,8,8192,282.325
64,0,16,16,21.6637
64,0,16,64,21.92
64,0,16,256,39.125
64,0,16,1024,87.8293
64,0,16,4096,282.176
64,0,16,16384,1076.6
64,0,32,32,32.9707
64,0,32,128,49.4073
64,0,32,512,98.56
64,0,32,2048,291.37
64,0,32,8192,1088.44
64,0,64,16,54.229
64,0,64,64,55.915
64,0,64,256,121.717
64,0,64,1024,328.714
64,0,64,4096,1195.86
64,0,64,16384,4925.81
64,16,1,16,10.293
64,16,1,64,10.432
64,16,1,256,17.0233
64,16,1,1024,41.1947
64,16,1,4096,137.653
64,16,1,16384,523.519
64,16,2,32,10.442
64,16,2,128,13.2797
64,16,2,512,25.365
64,16,2,2048,73.9943
64,16,2,8192,267.018
64,16,4,16,10.4
64,16,4,64,10.6563
64,16,4,256,17.515
64,16,4,1024,42.208
64,16,4,4096,139.05
64,16,4,16384,532.03
64,16,8,32,16.2243
64,16,8,128,22.3787
64,16,8,512,39.1147
64,16,8,2048,88.138
64,16,8,8192,282.272
64,16,16,16,21.792
64,16,16,64,22.3143
64,16,16,256,39.3703
64,16,16,1024,88.3943
64,16,16,4096,282.357
64,16,16,16384,1076.45
64,16,32,32,32.8527
64,16,32,128,49.248
64,16,32,512,98.8697
64,16,32,2048,291.679
64,16,32,8192,1087.38
64,16,64,16,54.336
64,16,64,64,55.925
64,16,64,256,121.792
64,16,64,1024,328.331
64,16,64,4096,1196.32
64,16,64,16384,4880.03
64,32,1,16,10.2507
64,32,1,64,10.4213
64,32,1,256,17.0133
64,32,1,1024,41.184
64,32,1,4096,137.664
64,32,1,16384,522.996
64,32,2,32,10.5063
64,32,2,128,13.1413
64,32,2,512,25.2697
64,32,2,2048,73.9837
64,32,2,8192,267.253
64,32,4,16,10.3467
64,32,4,64,10.5493
64,32,4,256,17.472
64,32,4,1024,42.3463
64,32,4,4096,139.093
64,32,4,16384,532.148
64,32,8,32,16.4377
64,32,8,128,22.4643
64,32,8,512,39.6163
64,32,8,2048,88.9503
64,32,8,8192,283.712
64,32,16,16,21.9517
64,32,16,64,22.1973
64,32,16,256,38.9653
64,32,16,1024,88.2023
64,32,16,4096,281.663
64,32,16,16384,1075.23
64,32,32,32,33.014
64,32,32,128,49.28
64,32,32,512,98.6453
64,32,32,2048,291.519
64,32,32,8192,1087.87
64,32,64,16,54.2927
64,32,64,64,55.648
64,32,64,256,121.461
64,32,64,1024,328.042
64,32,64,4096,1195
64,32,64,16384,5018.63
64,64,1,16,10.3143
64,64,1,64,10.4213
64,64,1,256,17.0133
64,64,1,1024,41.194
64,64,1,4096,137.429
64,64,1,16384,523.049
64,64,2,32,10.4957
64,64,2,128,13.1947
64,64,2,512,25.3543
64,64,2,2048,74.187
64,64,2,8192,267.135
64,64,4,16,10.4103
64,64,4,64,10.613
64,64,4,256,17.4507
64,64,4,1024,42.1223
64,64,4,4096,139.008
64,64,4,16384,532.5
64,64,8,32,16.5013
64,64,8,128,22.3357
64,64,8,512,39.648
64,64,8,2048,88.6187
64,64,8,8192,282.123
64,64,16,16,21.8453
64,64,16,64,22.2827
64,64,16,256,39.1033
64,64,16,1024,88.2453
64,64,16,4096,281.802
64,64,16,16384,1076.46
64,64,32,32,33.1733
64,64,32,128,49.1837
64,64,32,512,98.1223
64,64,32,2048,291.487
64,64,32,8192,1088.13
64,64,64,16,54.5917
64,64,64,64,56.0213
64,64,64,256,121.93
64,64,64,1024,328.011
64,64,64,4096,1197.96
64,64,64,16384,5241.07
64,128,1,16,13.632
64,128,1,64,13.6107
64,128,1,256,17.0773
64,128,1,1024,41.0983
64,128,1,4096,137.547
64,128,1,16384,523.723
64,128,2,32,13.6423
64,128,2,128,14.1333
64,128,2,512,25.3437
64,128,2,2048,74.1223
64,128,2,8192,267.231
64,128,4,16,13.6853
64,128,4,64,13.728
64,128,4,256,17.5463
64,128,4,1024,42.2823
64,128,4,4096,139.114
64,128,4,16384,532.48
64,128,8,32,20.458
64,128,8,128,24.2343
64,128,8,512,46.794
64,128,8,2048,97.696
64,128,8,8192,291.253
64,128,16,16,25.7067
64,128,16,64,26.2403
64,128,16,256,43.2847
64,128,16,1024,93.3433
64,128,16,4096,286.294
64,128,16,16384,1076.33
64,128,32,32,37.1093
64,128,32,128,52.7247
64,128,32,512,102.933
64,128,32,2048,295.402
64,128,32,8192,1088.92
64,128,64,16,58.421
64,128,64,64,60.011
64,128,64,256,123.829
64,128,64,1024,332.245
64,128,64,4096,1199.47
64,128,64,16384,5108.53
64,256,1,16,17.568
64,256,1,64,17.5467
64,256,1,256,17.93
64,256,1,1024,41.227
64,256,1,4096,137.493
64,256,1,16384,523.828
64,256,2,32,17.5463
64,256,2,128,17.5893
64,256,2,512,25.4933
64,256,2,2048,73.9517
64,256,2,8192,267.2
64,256,4,16,17.7067
64,256,4,64,17.7813
64,256,4,256,18.2187
64,256,4,1024,42.25
64,256,4,4096,139.317
64,256,4,16384,532.745
64,256,8,32,24.4157
64,256,8,128,28.1703
64,256,8,512,46.8903
64,256,8,2048,105.067
64,256,8,8192,298.634
64,256,16,16,29.8347
64,256,16,64,30.3783
64,256,16,256,46.23
64,256,16,1024,97.1623
64,256,16,4096,290.954
64,256,16,16384,1077.82
64,256,32,32,41.1733
64,256,32,128,56.5227
64,256,32,512,107.051
64,256,32,2048,299.808
64,256,32,8192,1093.68
64,256,64,16,62.3787
64,256,64,64,64.4367
64,256,64,256,127.029
64,256,64,1024,337.397
64,256,64,4096,1200.16
64,256,64,16384,5000.63
64,512,1,16,25.696
64,512,1,64,25.7283
64,512,1,256,25.6747
64,512,1,1024,41.2057
64,512,1,4096,137.535
64,512,1,16384,523.081
64,512,2,32,25.5783
64,512,2,128,25.5787
64,512,2,512,26.0267
64,512,2,2048,73.845
64,512,2,8192,267.305
64,512,4,16,25.7597
64,512,4,64,25.7817
64,512,4,256,25.909
64,512,4,1024,42.2717
64,512,4,4096,139.199
64,512,4,16384,532.276
64,512,8,32,32.4053
64,512,8,128,36.2133
64,512,8,512,48.3627
64,512,8,2048,120.597
64,512,8,8192,314.271
64,512,16,16,37.685
64,512,16,64,38.2823
64,512,16,256,54.2723
64,512,16,1024,105.12
64,512,16,4096,298.591
64,512,16,16384,1086.91
64,512,32,32,49.045
64,512,32,128,64.7143
64,512,32,512,113.141
64,512,32,2048,307.903
64,512,32,8192,1101.37
64,512,64,16,70.816
64,512,64,64,72.533
64,512,64,256,134.923
64,512,64,1024,345.994
64,512,64,4096,1204.04
64,512,64,16384,4999.96
64,1024,1,16,41.7917
64,1024,1,64,41.7493
64,1024,1,256,41.7813
64,1024,1,1024,41.9837
64,1024,1,4096,137.653
64,1024,1,16384,523.444
64,1024,2,32,41.6
64,1024,2,128,41.7917
64,1024,2,512,41.9307
64,1024,2,2048,74.037
64,1024,2,8192,267.199
64,1024,4,16,41.8667
64,1024,4,64,41.941
64,1024,4,256,42.0267
64,1024,4,1024,42.6663
64,1024,4,4096,139.562
64,1024,4,16384,532.863
64,1024,8,32,48.4367
64,1024,8,128,52.2027
64,1024,8,512,64.5327
64,1024,8,2048,143.487
64,1024,8,8192,346.324
64,1024,16,16,53.685
64,1024,16,64,54.357
64,1024,16,256,69.834
64,1024,16,1024,117.941
64,1024,16,4096,314.74
64,1024,16,16384,1100.51
64,1024,32,32,65.0767
64,1024,32,128,80.7573
64,1024,32,512,128.927
64,1024,32,2048,323.689
64,1024,32,8192,1116.42
64,1024,64,16,86.603
64,1024,64,64,88.683
64,1024,64,256,151.573
64,1024,64,1024,360.309
64,1024,64,4096,1222
64,1024,64,16384,5126.9
64,2048,1,16,73.8983
64,2048,1,64,74.0367
64,2048,1,256,74.165
64,2048,1,1024,73.8667
64,2048,1,4096,137.45
64,2048,1,16384,523.21
64,2048,2,32,73.792
64,2048,2,128,73.728
64,2048,2,512,73.8877
64,2048,2,2048,74.3893
64,2048,2,8192,267.167
64,2048,4,16,73.8343
64,2048,4,64,74.1117
64,2048,4,256,74.3037
64,2048,4,1024,74.8373
64,2048,4,4096,139.146
64,2048,4,16384,533.684
64,2048,8,32,80.309
64,2048,8,128,83.9777
64,2048,8,512,96.4477
64,2048,8,2048,145.195
64,2048,8,8192,408.884
64,2048,16,16,85.7703
64,2048,16,64,86.112
64,2048,16,256,101.749
64,2048,16,1024,149.994
64,2048,16,4096,346.858
64,2048,16,16384,1134.22
64,2048,32,32,96.9493
64,2048,32,128,112.448
64,2048,32,512,161.098
64,2048,32,2048,352.757
64,2048,32,8192,1149.91
64,2048,64,16,118.667
64,2048,64,64,120.746
64,2048,64,256,184.629
64,2048,64,1024,392.735
64,2048,64,4096,1257.64
64,2048,64,16384,5163.07
64,4096,1,16,138.41
64,4096,1,64,138.602
64,4096,1,256,138.847
64,4096,1,1024,138.421
64,4096,1,4096,138.133
64,4096,1,16384,522.836
64,4096,2,32,137.973
64,4096,2,128,138.079
64,4096,2,512,138.208
64,4096,2,2048,137.973
64,4096,2,8192,267.531
64,4096,4,16,138.507
64,4096,4,64,138.57
64,4096,4,256,138.559
64,4096,4,1024,139.071
64,4096,4,4096,139.68
64,4096,4,16384,533.94
64,4096,8,32,144.256
64,4096,8,128,148.192
64,4096,8,512,160.042
64,4096,8,2048,208.8
64,4096,8,8192,531.103
64,4096,16,16,149.643
64,4096,16,64,149.941
64,4096,16,256,165.802
64,4096,16,1024,214.112
64,4096,16,4096,410.965
64,4096,16,16384,1217.15
64,4096,32,32,160.682
64,4096,32,128,176.246
64,4096,32,512,225.151
64,4096,32,2048,416.575
64,4096,32,8192,1229.5
64,4096,64,16,182.454
64,4096,64,64,184.629
64,4096,64,256,249.386
64,4096,64,1024,459.626
64,4096,64,4096,1364.79
64,4096,64,16384,5498.5
64,8192,1,16,267.338
64,8192,1,64,266.847
64,8192,1,256,267.306
64,8192,1,1024,267.167
64,8192,1,4096,267.284
64,8192,1,16384,525.183
64,8192,2,32,265.983
64,8192,2,128,266.356
64,8192,2,512,266.303
64,8192,2,2048,266.474
64,8192,2,8192,267.818
64,8192,4,16,267.146
64,8192,4,64,267.647
64,8192,4,256,267.242
64,8192,4,1024,267.551
64,8192,4,4096,269.205
64,8192,4,16384,533.674
64,8192,8,32,271.743
64,8192,8,128,275.626
64,8192,8,512,287.967
64,8192,8,2048,336.533
64,8192,8,8192,541.802
64,8192,16,16,277.577
64,8192,16,64,277.461
64,8192,16,256,293.621
64,8192,16,1024,341.652
64,8192,16,4096,537.055
64,8192,16,16384,1358.95
64,8192,32,32,289.012
64,8192,32,128,304.309
64,8192,32,512,352.831
64,8192,32,2048,545.546
64,8192,32,8192,1347.16
64,8192,64,16,310.474
64,8192,64,64,312.629
64,8192,64,256,377.556
64,8192,64,1024,590.506
64,8192,64,4096,1542.33
64,8192,64,16384,6165.43
64,16384,1,16,523.519
64,16384,1,64,524.233
64,16384,1,256,525.001
64,16384,1,1024,523.871
64,16384,1,4096,524.959
64,16384,1,16384,526.793
64,16384,2,32,523.273
64,16384,2,128,523.433
64,16384,2,512,523.658
64,16384,2,2048,523.7
64,16384,2,8192,528.179
64,16384,4,16,524.372
64,16384,4,64,525.225
64,16384,4,256,523.859
64,16384,4,1024,525.513
64,16384,4,4096,532.597
64,16384,4,16384,533.727
64,16384,8,32,527.69
64,16384,8,128,531.711
64,16384,8,512,543.914
64,16384,8,2048,594.25
64,16384,8,8192,797.481
64,16384,16,16,534.677
64,16384,16,64,534.25
64,16384,16,256,547.946
64,16384,16,1024,597.588
64,16384,16,4096,793.673
64,16384,16,16384,1611.84
64,16384,32,32,545.151
64,16384,32,128,560.318
64,16384,32,512,608.447
64,16384,32,2048,800.894
64,16384,32,8192,1612.73
64,16384,64,16,566.463
64,16384,64,64,568.202
64,16384,64,256,633.268
64,16384,64,1024,846.238
64,16384,64,4096,1872.52
64,16384,64,16384,5644.34
128,0,1,16,10.6457
128,0,1,64,10.741
128,0,1,256,17.621
128,0,1,1024,41.7073
128,0,1,4096,138.026
128,0,1,16384,523.828
128,0,2,32,10.741
128,0,2,128,13.6213
128,0,2,512,25.664
128,0,2,2048,74.0583
128,0,2,8192,266.528
128,0,4,16,10.7527
128,0,4,64,10.9227
128,0,4,256,18.144
128,0,4,1024,42.6987
128,0,4,4096,138.933
128,0,4,16384,532.265
128,0,8,32,16.7783
128,0,8,128,22.699
128,0,8,512,40.8103
128,0,8,2048,90.0263
128,0,8,8192,284.138
128,0,16,16,22.208
128,0,16,64,22.635
128,0,16,256,44.4587
128,0,16,1024,94.9967
128,0,16,4096,287.317
128,0,16,16384,1077.13
128,0,32,32,34.144
128,0,32,128,51.8083
128,0,32,512,102.005
128,0,32,2048,294.901
128,0,32,8192,1086.89
128,0,64,16,57.013
128,0,64,64,58.5813
128,0,64,256,124.501
128,0,64,1024,330.772
128,0,64,4096,1195.7
128,0,64,16384,5019.14
128,16,1,16,13.7597
128,16,1,64,13.803
128,16,1,256,17.5147
128,16,1,1024,41.4823
128,16,1,4096,137.962
128,16,1,16384,523.977
128,16,2,32,13.952
128,16,2,128,14.0053
128,16,2,512,25.6427
128,16,2,2048,73.92
128,16,2,8192,266.389
128,16,4,16,14.272
128,16,4,64,14.016
128,16,4,256,17.92
128,16,4,1024,42.4533
128,16,4,4096,139.114
128,16,4,16384,531.53
128,16,8,32,20.533
128,16,8,128,23.3387
128,16,8,512,46.7303
128,16,8,2048,96.128
128,16,8,8192,289.695
128,16,16,16,26.0267
128,16,16,64,26.4213
128,16,16,256,44.704
128,16,16,1024,99.456
128,16,16,4096,292.458
128,16,16,16384,1075.77
128,16,32,32,37.8557
128,16,32,128,52.544
128,16,32,512,104.96
128,16,32,2048,298.464
128,16,32,8192,1091.32
128,16,64,16,60.725
128,16,64,64,62.5167
128,16,64,256,126.368
128,16,64,1024,334.559
128,16,64,4096,1194.65
128,16,64,16384,4998.16
128,32,1,16,13.8343
128,32,1,64,13.8667
128,32,1,256,17.5787
128,32,1,1024,41.5037
128,32,1,4096,137.909
128,32,1,16384,523.614
128,32,2,32,14.0693
128,32,2,128,14.0053
128,32,2,512,25.6427
128,32,2,2048,74.1753
128,32,2,8192,266.698
128,32,4,16,14.005
128,32,4,64,14.1867
128,32,4,256,17.9203
128,32,4,1024,42.591
128,32,4,4096,139.061
128,32,4,16384,532.01
128,32,8,32,20.512
128,32,8,128,23.541
128,32,8,512,47.029
128,32,8,2048,96.682
128,32,8,8192,289.674
128,32,16,16,26.144
128,32,16,64,26.592
128,32,16,256,44.373
128,32,16,1024,99.5307
128,32,16,4096,292.565
128,32,16,16384,1075.44
128,32,32,32,38.048
128,32,32,128,52.587
128,32,32,512,105.066
128,32,32,2048,298.143
128,32,32,8192,1088.72
128,32,64,16,60.8207
128,32,64,64,62.4637
128,32,64,256,126.378
128,32,64,1024,334.453
128,32,64,4096,1195.58
128,32,64,16384,4847.18
128,64,1,16,13.877
128,64,1,64,13.845
128,64,1,256,17.472
128,64,1,1024,41.4827
128,64,1,4096,138.133
128,64,1,16384,523.486
128,64,2,32,14.0053
128,64,2,128,13.9947
128,64,2,512,25.472
128,64,2,2048,73.7597
128,64,2,8192,266.731
128,64,4,16,14.1763
128,64,4,64,14.3893
128,64,4,256,17.984
128,64,4,1024,42.4533
128,64,4,4096,138.837
128,64,4,16384,532.361
128,64,8,32,20.6397
128,64,8,128,23.541
128,64,8,512,46.88
128,64,8,2048,96.6823
128,64,8,8192,290.048
128,64,16,16,26.1863
128,64,16,64,26.4107
128,64,16,256,44.7677
128,64,16,1024,99.3277
128,64,16,4096,292.426
128,64,16,16384,1076.52
128,64,32,32,38.251
128,64,32,128,52.5547
128,64,32,512,105.376
128,64,32,2048,298.922
128,64,32,8192,1088.27
128,64,64,16,61.0663
128,64,64,64,62.687
128,64,64,256,126.272
128,64,64,1024,334.581
128,64,64,4096,1197.58
128,64,64,16384,4925.39
128,128,1,16,14.0153
128,128,1,64,14.0053
128,128,1,256,17.4823
128,128,1,1024,41.5893
128,128,1,4096,138.058
128,128,1,16384,523.199
128,128,2,32,14.0903
128,128,2,128,14.4217
128,128,2,512,25.899
128,128,2,2048,73.9413
128,128,2,8192,266.506
128,128,4,16,14.6027
128,128,4,64,14.7093
128,128,4,256,18.368
128,128,4,1024,42.837
128,128,4,4096,139.029
128,128,4,16384,531.594
128,128,8,32,20.928
128,128,8,128,24.7467
128,128,8,512,47.2853
128,128,8,2048,97.9193
128,128,8,8192,292.64
128,128,16,16,26.3037
128,128,16,64,26.8053
128,128,16,256,44.6823
128,128,16,1024,102.805
128,128,16,4096,296.01
128,128,16,16384,1078.26
128,128,32,32,38.4747
128,128,32,128,54.0267
128,128,32,512,106.026
128,128,32,2048,299.327
128,128,32,8192,1089.3
128,128,64,16,61.1733
128,128,64,64,63.3813
128,128,64,256,126.784
128,128,64,1024,336.18
128,128,64,4096,1196.06
128,128,64,16384,4957.13
128,256,1,16,18.0477
128,256,1,64,18.048
128,256,1,256,18.2507
128,256,1,1024,41.7067
128,256,1,4096,137.738
128,256,1,16384,522.878
128,256,2,32,18.0693
128,256,2,128,18.08
128,256,2,512,25.7383
128,256,2,2048,73.589
128,256,2,8192,265.951
128,256,4,16,18.4427
128,256,4,64,18.6133
128,256,4,256,18.7087
128,256,4,1024,42.4853
128,256,4,4096,138.549
128,256,4,16384,531.028
128,256,8,32,24.853
128,256,8,128,28.6183
128,256,8,512,46.9227
128,256,8,2048,105.973
128,256,8,8192,299.071
128,256,16,16,30.5277
128,256,16,64,31.0717
128,256,16,256,46.4103
128,256,16,1024,109.791
128,256,16,4096,302.901
128,256,16,16384,1082.03
128,256,32,32,42.742
128,256,32,128,57.7917
128,256,32,512,109.675
128,256,32,2048,302.335
128,256,32,8192,1090.96
128,256,64,16,66.0157
128,256,64,64,67.7117
128,256,64,256,129.354
128,256,64,1024,339.776
128,256,64,4096,1199.05
128,256,64,16384,5165.77
128,512,1,16,26.1543
128,512,1,64,26.133
128,512,1,256,26.24
128,512,1,1024,41.7817
128,512,1,4096,137.728
128,512,1,16384,522.303
128,512,2,32,26.037
128,512,2,128,26.2077
128,512,2,512,26.347
128,512,2,2048,74.2717
128,512,2,8192,266.176
128,512,4,16,26.602
128,512,4,64,26.5923
128,512,4,256,26.7623
128,512,4,1024,42.4213
128,512,4,4096,138.816
128,512,4,16384,530.015
128,512,8,32,32.949
128,512,8,128,36.64
128,512,8,512,48.8323
128,512,8,2048,121.418
128,512,8,8192,314.143
128,512,16,16,38.5067
128,512,16,64,39.179
128,512,16,256,54.688
128,512,16,1024,116.714
128,512,16,4096,318.432
128,512,16,16384,1096.97
128,512,32,32,51.0507
128,512,32,128,66.3033
128,512,32,512,114.261
128,512,32,2048,311.05
128,512,32,8192,1099.81
128,512,64,16,74.6873
128,512,64,64,76.5863
128,512,64,256,137.344
128,512,64,1024,348.276
128,512,64,4096,1204.45
128,512,64,16384,4855.94
128,1024,1,16,42.219
128,1024,1,64,42.2293
128,1024,1,256,42.293
128,1024,1,1024,42.3897
128,1024,1,4096,137.962
128,1024,1,16384,522.826
128,1024,2,32,42.2613
128,1024,2,128,42.2717
128,1024,2,512,42.5383
128,1024,2,2048,74.368
128,1024,2,8192,266.186
128,1024,4,16,42.5277
128,1024,4,64,42.7623
128,1024,4,256,43.051
128,1024,4,1024,43.2317
128,1024,4,4096,138.933
128,1024,4,16384,532.052
128,1024,8,32,48.9063
128,1024,8,128,52.5973
128,1024,8,512,65.109
128,1024,8,2048,143.819
128,1024,8,8192,346.015
128,1024,16,16,54.592
128,1024,16,64,54.9547
128,1024,16,256,70.9013
128,1024,16,1024,119.21
128,1024,16,4096,350.431
128,1024,16,16384,1127.16
128,1024,32,32,67.157
128,1024,32,128,82.9223
128,1024,32,512,130.058
128,1024,32,2048,326.389
128,1024,32,8192,1116.62
128,1024,64,16,93.941
128,1024,64,64,95.2427
128,1024,64,256,154.549
128,1024,64,1024,362.421
128,1024,64,4096,1221.83
128,1024,64,16384,4850.39
128,2048,1,16,74.3143
128,2048,1,64,74.2503
128,2048,1,256,74.335
128,2048,1,1024,74.464
128,2048,1,4096,138.112
128,2048,1,16384,523.252
128,2048,2,32,74.549
128,2048,2,128,74.432
128,2048,2,512,74.5063
128,2048,2,2048,74.784
128,2048,2,8192,266.304
128,2048,4,16,74.5917
128,2048,4,64,74.773
128,2048,4,256,74.784
128,2048,4,1024,74.9867
128,2048,4,4096,138.986
128,2048,4,16384,533.001
128,2048,8,32,80.8423
128,2048,8,128,84.704
128,2048,8,512,96.8413
128,2048,8,2048,145.471
128,2048,8,8192,409.226
128,2048,16,16,86.517
128,2048,16,64,86.9227
128,2048,16,256,102.784
128,2048,16,1024,150.805
128,2048,16,4096,403.828
128,2048,16,16384,1194.73
128,2048,32,32,99.2317
128,2048,32,128,114.89
128,2048,32,512,163.104
128,2048,32,2048,353.929
128,2048,32,8192,1149.44
128,2048,64,16,126.187
128,2048,64,64,128.138
128,2048,64,256,188.682
128,2048,64,1024,395.455
128,2048,64,4096,1277.96
128,2048,64,16384,5198.87
128,4096,1,16,138.347
128,4096,1,64,138.549
128,4096,1,256,138.208
128,4096,1,1024,138.24
128,4096,1,4096,138.474
128,4096,1,16384,522.974
128,4096,2,32,138.389
128,4096,2,128,138.346
128,4096,2,512,138.485
128,4096,2,2048,138.698
128,4096,2,8192,266.868
128,4096,4,16,138.528
128,4096,4,64,138.624
128,4096,4,256,138.72
128,4096,4,1024,139.051
128,4096,4,4096,139.659
128,4096,4,16384,532.138
128,4096,8,32,144.767
128,4096,8,128,148.597
128,4096,8,512,160.853
128,4096,8,2048,209.621
128,4096,8,8192,533.588
128,4096,16,16,150.346
128,4096,16,64,150.933
128,4096,16,256,166.805
128,4096,16,1024,214.698
128,4096,16,4096,411.924
128,4096,16,16384,1339.04
128,4096,32,32,162.986
128,4096,32,128,178.559
128,4096,32,512,226.986
128,4096,32,2048,418.464
128,4096,32,8192,1241.04
128,4096,64,16,190.229
128,4096,64,64,192.085
128,4096,64,256,262.816
128,4096,64,1024,462.249
128,4096,64,4096,1414.57
128,4096,64,16384,5872.9
128,8192,1,16,266.527
128,8192,1,64,266.485
128,8192,1,256,266.411
128,8192,1,1024,266.677
128,8192,1,4096,266.858
128,8192,1,16384,522.996
128,8192,2,32,266.837
128,8192,2,128,266.762
128,8192,2,512,266.996
128,8192,2,2048,266.954
128,8192,2,8192,267.157
128,8192,4,16,266.57
128,8192,4,64,266.677
128,8192,4,256,266.943
128,8192,4,1024,267.103
128,8192,4,4096,267.732
128,8192,4,16384,532.82
128,8192,8,32,272.34
128,8192,8,128,276.394
128,8192,8,512,288.608
128,8192,8,2048,337.279
128,8192,8,8192,540.425
128,8192,16,16,278.069
128,8192,16,64,278.399
128,8192,16,256,294.688
128,8192,16,1024,342.804
128,8192,16,4096,540.426
128,8192,16,16384,1571.42
128,8192,32,32,290.698
128,8192,32,128,306.261
128,8192,32,512,355.402
128,8192,32,2048,547.957
128,8192,32,8192,1351.49
128,8192,64,16,318.667
128,8192,64,64,319.755
128,8192,64,256,390.486
128,8192,64,1024,617.705
128,8192,64,4096,1638
128,8192,64,16384,6880.32
128,16384,1,16,523.731
128,16384,1,64,523.038
128,16384,1,256,523.337
128,16384,1,1024,523.145
128,16384,1,4096,523.06
128,16384,1,16384,523.967
128,16384,2,32,523.54
128,16384,2,128,523.252
128,16384,2,512,523.262
128,16384,2,2048,523.689
128,16384,2,8192,526.313
128,16384,4,16,523.252
128,16384,4,64,522.762
128,16384,4,256,523.145
128,16384,4,1024,523.454
128,16384,4,4096,527.54
128,16384,4,16384,532.308
128,16384,8,32,528.639
128,16384,8,128,532.713
128,16384,8,512,544.969
128,16384,8,2048,594.879
128,16384,8,8192,795.113
128,16384,16,16,533.982
128,16384,16,64,534.388
128,16384,16,256,550.804
128,16384,16,1024,598.761
128,16384,16,4096,796.436
128,16384,16,16384,1610.93
128,16384,32,32,547.711
128,16384,32,128,563.742
128,16384,32,512,611.285
128,16384,32,2048,804.062
128,16384,32,8192,1645.13
128,16384,64,16,574.122
128,16384,64,64,575.7
128,16384,64,256,646.345
128,16384,64,1024,877.918
128,16384,64,4096,1961.71
128,16384,64,16384,6065.17
256,0,1,16,14.5277
256,0,1,64,14.5597
256,0,1,256,17.6537
256,0,1,1024,42.0263
256,0,1,4096,137.845
256,0,1,16384,523.24
256,0,2,32,14.677
256,0,2,128,14.731
256,0,2,512,26.5813
256,0,2,2048,74.581
256,0,2,8192,266.431
256,0,4,16,16.832
256,0,4,64,16.7893
256,0,4,256,19.5943
256,0,4,1024,43.7013
256,0,4,4096,139.915
256,0,4,16384,531.626
256,0,8,32,21.7707
256,0,8,128,24.6503
256,0,8,512,47.5723
256,0,8,2048,105.845
256,0,8,8192,299.616
256,0,16,16,28.3947
256,0,16,64,28.8003
256,0,16,256,45.8777
256,0,16,1024,105.962
256,0,16,4096,298.613
256,0,16,16384,1080.18
256,0,32,32,42.1013
256,0,32,128,56.2773
256,0,32,512,113.653
256,0,32,2048,307.264
256,0,32,8192,1091.51
256,0,64,16,68.3303
256,0,64,64,69.6103
256,0,64,256,131.755
256,0,64,1024,345.034
256,0,64,4096,1204.25
256,0,64,16384,4822.4
256,16,1,16,18.2827
256,16,1,64,18.3463
256,16,1,256,18.3467
256,16,1,1024,41.984
256,16,1,4096,138.314
256,16,1,16384,523.305
256,16,2,32,18.5487
256,16,2,128,18.4637
256,16,2,512,26.549
256,16,2,2048,74.442
256,16,2,8192,266.858
256,16,4,16,20.4797
256,16,4,64,20.672
256,16,4,256,20.7787
256,16,4,1024,43.8073
256,16,4,4096,139.882
256,16,4,16384,531.199
256,16,8,32,25.4183
256,16,8,128,28.5757
256,16,8,512,47.7013
256,16,8,2048,114.047
256,16,8,8192,307.327
256,16,16,16,32.5543
256,16,16,64,32.768
256,16,16,256,46.6347
256,16,16,1024,111.285
256,16,16,4096,304.703
256,16,16,16384,1083.44
256,16,32,32,46.4963
256,16,32,128,60.7783
256,16,32,512,114.016
256,16,32,2048,312.447
256,16,32,8192,1094.64
256,16,64,16,72.6187
256,16,64,64,73.7707
256,16,64,256,133.205
256,16,64,1024,348.298
256,16,64,4096,1209.08
256,16,64,16384,4810.17
256,32,1,16,18.3037
256,32,1,64,18.3153
256,32,1,256,18.3573
256,32,1,1024,41.8777
256,32,1,4096,138.091
256,32,1,16384,523.445
256,32,2,32,18.6987
256,32,2,128,18.5817
256,32,2,512,26.4103
256,32,2,2048,74.6237
256,32,2,8192,266.645
256,32,4,16,20.533
256,32,4,64,20.6187
256,32,4,256,20.8643
256,32,4,1024,43.6907
256,32,4,4096,139.819
256,32,4,16384,531.381
256,32,8,32,25.6423
256,32,8,128,28.789
256,32,8,512,47.6477
256,32,8,2048,114.485
256,32,8,8192,306.783
256,32,16,16,32.5547
256,32,16,64,32.939
256,32,16,256,46.88
256,32,16,1024,111.434
256,32,16,4096,304.586
256,32,16,16384,1085.64
256,32,32,32,46.3787
256,32,32,128,60.6827
256,32,32,512,114.058
256,32,32,2048,312.064
256,32,32,8192,1094.14
256,32,64,16,72.9173
256,32,64,64,73.6427
256,32,64,256,133.301
256,32,64,1024,348.81
256,32,64,4096,1209.84
256,32,64,16384,4890.04
256,64,1,16,18.368
256,64,1,64,18.4433
256,64,1,256,18.4747
256,64,1,1024,42.261
256,64,1,4096,138.293
256,64,1,16384,523.187
256,64,2,32,18.571
256,64,2,128,18.6987
256,64,2,512,26.4427
256,64,2,2048,74.549
256,64,2,8192,266.837
256,64,4,16,20.6187
256,64,4,64,20.6183
256,64,4,256,20.8637
256,64,4,1024,43.957
256,64,4,4096,139.989
256,64,4,16384,531.444
256,64,8,32,25.7603
256,64,8,128,28.7783
256,64,8,512,47.8717
256,64,8,2048,114.453
256,64,8,8192,307.327
256,64,16,16,32.6827
256,64,16,64,32.8103
256,64,16,256,46.7523
256,64,16,1024,111.52
256,64,16,4096,304.885
256,64,16,16384,1083.87
256,64,32,32,46.4957
256,64,32,128,60.5867
256,64,32,512,113.707
256,64,32,2048,312.597
256,64,32,8192,1094.42
256,64,64,16,72.5973
256,64,64,64,74.25
256,64,64,256,133.44
256,64,64,1024,348.522
256,64,64,4096,1209.64
256,64,64,16384,4852.95
256,128,1,16,18.7097
256,128,1,64,18.6987
256,128,1,256,18.731
256,128,1,1024,41.8773
256,128,1,4096,138.325
256,128,1,16384,523.668
256,128,2,32,18.731
256,128,2,128,18.9113
256,128,2,512,26.6347
256,128,2,2048,74.6237
256,128,2,8192,266.805
256,128,4,16,20.853
256,128,4,64,21.035
256,128,4,256,21.1523
256,128,4,1024,44.032
256,128,4,4096,139.829
256,128,4,16384,531.732
256,128,8,32,26.0907
256,128,8,128,29.653
256,128,8,512,47.7547
256,128,8,2048,117.397
256,128,8,8192,310.026
256,128,16,16,33.5253
256,128,16,64,33.9413
256,128,16,256,47.552
256,128,16,1024,113.366
256,128,16,4096,307.05
256,128,16,16384,1088.33
256,128,32,32,47.925
256,128,32,128,61.9737
256,128,32,512,114.261
256,128,32,2048,315.69
256,128,32,8192,1096.29
256,128,64,16,74.0693
256,128,64,64,75.2853
256,128,64,256,134.453
256,128,64,1024,349.77
256,128,64,4096,1209.73
256,128,64,16384,4876.7
256,256,1,16,22.8373
256,256,1,64,22.933
256,256,1,256,23.008
256,256,1,1024,42.0047
256,256,1,4096,138.303
256,256,1,16384,523.231
256,256,2,32,22.837
256,256,2,128,22.7943
256,256,2,512,26.7413
256,256,2,2048,74.944
256,256,2,8192,266.772
256,256,4,16,24.8003
256,256,4,64,24.896
256,256,4,256,25.3753
256,256,4,1024,44.0423
256,256,4,4096,140.042
256,256,4,16384,531.7
256,256,8,32,30.2503
256,256,8,128,34.112
256,256,8,512,47.659
256,256,8,2048,129.813
256,256,8,8192,322.41
256,256,16,16,38.944
256,256,16,64,39.3387
256,256,16,256,52.693
256,256,16,1024,117.813
256,256,16,4096,314.783
256,256,16,16384,1095.28
256,256,32,32,53.3013
256,256,32,128,67.2963
256,256,32,512,115.103
256,256,32,2048,323.178
256,256,32,8192,1101.31
256,256,64,16,79.5627
256,256,64,64,81.0023
256,256,64,256,140.298
256,256,64,1024,354.26
256,256,64,4096,1214.07
256,256,64,16384,4797.7
256,512,1,16,31.2533
256,512,1,64,31.2323
256,512,1,256,31.2743
256,512,1,1024,42.1227
256,512,1,4096,138.571
256,512,1,16384,523.902
256,512,2,32,31.0717
256,512,2,128,30.816
256,512,2,512,31.1467
256,512,2,2048,74.709
256,512,2,8192,267.359
256,512,4,16,33.1203
256,512,4,64,33.0667
256,512,4,256,33.3867
256,512,4,1024,44.2773
256,512,4,4096,140.085
256,512,4,16384,531.615
256,512,8,32,38.176
256,512,8,128,42.2397
256,512,8,512,54.229
256,512,8,2048,144.213
256,512,8,8192,346.239
256,512,16,16,48.4687
256,512,16,64,48.8533
256,512,16,256,61.6537
256,512,16,1024,118.549
256,512,16,4096,330.4
256,512,16,16384,1111.59
256,512,32,32,63.52
256,512,32,128,78.4213
256,512,32,512,122.496
256,512,32,2048,339.37
256,512,32,8192,1117.43
256,512,64,16,90.3783
256,512,64,64,91.6157
256,512,64,256,151.712
256,512,64,1024,363.915
256,512,64,4096,1215.51
256,512,64,16384,4778.32
256,1024,1,16,47.4983
256,1024,1,64,47.552
256,1024,1,256,47.5307
256,1024,1,1024,47.5093
256,1024,1,4096,138.613
256,1024,1,16384,523.657
256,1024,2,32,47.381
256,1024,2,128,47.4237
256,1024,2,512,47.691
256,1024,2,2048,75.189
256,1024,2,8192,267.583
256,1024,4,16,49.365
256,1024,4,64,49.152
256,1024,4,256,49.781
256,1024,4,1024,50.1763
256,1024,4,4096,140.735
256,1024,4,16384,533.567
256,1024,8,32,54.6237
256,1024,8,128,58.507
256,1024,8,512,70.848
256,1024,8,2048,144.693
256,1024,8,8192,392.287
256,1024,16,16,64.6613
256,1024,16,64,65.333
256,1024,16,256,84.5857
256,1024,16,1024,125.098
256,1024,16,4096,361.429
256,1024,16,16384,1142.58
256,1024,32,32,81.7177
256,1024,32,128,99.2103
256,1024,32,512,140.415
256,1024,32,2048,354.453
256,1024,32,8192,1149.92
256,1024,64,16,110.72
256,1024,64,64,112.768
256,1024,64,256,174.901
256,1024,64,1024,377.535
256,1024,64,4096,1237.12
256,1024,64,16384,4713.65
256,2048,1,16,79.701
256,2048,1,64,79.7657
256,2048,1,256,79.9677
256,2048,1,1024,79.8933
256,2048,1,4096,139.135
256,2048,1,16384,523.753
256,2048,2,32,79.4773
256,2048,2,128,79.3067
256,2048,2,512,79.477
256,2048,2,2048,80.1273
256,2048,2,8192,267.924
256,2048,4,16,81.4817
256,2048,4,64,80.9813
256,2048,4,256,81.813
256,2048,4,1024,82.379
256,2048,4,4096,141.13
256,2048,4,16384,533.684
256,2048,8,32,86.5597
256,2048,8,128,90.3787
256,2048,8,512,102.933
256,2048,8,2048,151.285
256,2048,8,8192,488.255
256,2048,16,16,96.2453
256,2048,16,64,97.237
256,2048,16,256,120.534
256,2048,16,1024,158.358
256,2048,16,4096,407.349
256,2048,16,16384,1212.73
256,2048,32,32,113.611
256,2048,32,128,133.941
256,2048,32,512,190.464
256,2048,32,2048,362.783
256,2048,32,8192,1217.41
256,2048,64,16,147.978
256,2048,64,64,150.154
256,2048,64,256,214.996
256,2048,64,1024,411.071
256,2048,64,4096,1385.9
256,2048,64,16384,4880.39
256,4096,1,16,143.509
256,4096,1,64,143.733
256,4096,1,256,143.69
256,4096,1,1024,143.423
256,4096,1,4096,143.338
256,4096,1,16384,523.455
256,4096,2,32,143.114
256,4096,2,128,143.114
256,4096,2,512,143.637
256,4096,2,2048,143.583
256,4096,2,8192,267.765
256,4096,4,16,144.895
256,4096,4,64,144.81
256,4096,4,256,145.46
256,4096,4,1024,145.919
256,4096,4,4096,146.933
256,4096,4,16384,533.406
256,4096,8,32,150.325
256,4096,8,128,154.368
256,4096,8,512,166.378
256,4096,8,2048,214.88
256,4096,8,8192,535.178
256,4096,16,16,160.064
256,4096,16,64,160.586
256,4096,16,256,184.276
256,4096,16,1024,256
256,4096,16,4096,417.172
256,4096,16,16384,1372.8
256,4096,32,32,177.333
256,4096,32,128,197.322
256,4096,32,512,257.418
256,4096,32,2048,428.692
256,4096,32,8192,1386.37
256,4096,64,16,212.01
256,4096,64,64,213.887
256,4096,64,256,295.808
256,4096,64,1024,505.162
256,4096,64,4096,1527.03
256,4096,64,16384,7295.49
256,8192,1,16,272.053
256,8192,1,64,272.117
256,8192,1,256,272.106
256,8192,1,1024,272.244
256,8192,1,4096,272.383
256,8192,1,16384,524.362
256,8192,2,32,271.402
256,8192,2,128,271.967
256,8192,2,512,271.85
256,8192,2,2048,271.744
256,8192,2,8192,272.33
256,8192,4,16,272.938
256,8192,4,64,273.065
256,8192,4,256,273.439
256,8192,4,1024,273.909
256,8192,4,4096,274.762
256,8192,4,16384,533.289
256,8192,8,32,278.164
256,8192,8,128,282.112
256,8192,8,512,294.293
256,8192,8,2048,342.816
256,8192,8,8192,541.45
256,8192,16,16,287.872
256,8192,16,64,288.532
256,8192,16,256,311.572
256,8192,16,1024,384.095
256,8192,16,4096,543.892
256,8192,16,16384,1616.85
256,8192,32,32,305.108
256,8192,32,128,325.354
256,8192,32,512,385.204
256,8192,32,2048,622.249
256,8192,32,8192,1395.68
256,8192,64,16,339.913
256,8192,64,64,342.506
256,8192,64,256,426.43
256,8192,64,1024,668.51
256,8192,64,4096,1730.11
256,8192,64,16384,7557.29
256,16384,1,16,528.148
256,16384,1,64,528.702
256,16384,1,256,529.022
256,16384,1,1024,528.329
256,16384,1,4096,529.15
256,16384,1,16384,529.481
256,16384,2,32,527.839
256,16384,2,128,528.181
256,16384,2,512,528.328
256,16384,2,2048,528.137
256,16384,2,8192,531.198
256,16384,4,16,530.484
256,16384,4,64,529.694
256,16384,4,256,530.366
256,16384,4,1024,529.694
256,16384,4,4096,533.588
256,16384,4,16384,534.751
256,16384,8,32,533.651
256,16384,8,128,537.94
256,16384,8,512,550.014
256,16384,8,2048,599.402
256,16384,8,8192,798.281
256,16384,16,16,545.14
256,16384,16,64,544.511
256,16384,16,256,567.242
256,16384,16,1024,638.878
256,16384,16,4096,928.254
256,16384,16,16384,1615.12
256,16384,32,32,562.41
256,16384,32,128,581.951
256,16384,32,512,641.907
256,16384,32,2048,883.262
256,16384,32,8192,1696.8
256,16384,64,16,596.895
256,16384,64,64,597.769
256,16384,64,256,682.238
256,16384,64,1024,959.07
256,16384,64,4096,2059.86
256,16384,64,16384,6744.41
512,0,1,16,29.8773
512,0,1,64,29.9737
512,0,1,256,30.3783
512,0,1,1024,49.1947
512,0,1,4096,144.843
512,0,1,16384,528.286
512,0,2,32,30.3783
512,0,2,128,33.173
512,0,2,512,35.3277
512,0,2,2048,83.402
512,0,2,8192,275.146
512,0,4,16,32.7787
512,0,4,64,33.088
512,0,4,256,37.6427
512,0,4,1024,58.7513
512,0,4,4096,154.4
512,0,4,16384,539.668
512,0,8,32,38.1113
512,0,8,128,42.4857
512,0,8,512,51.4987
512,0,8,2048,145.483
512,0,8,8192,341.353
512,0,16,16,47.1573
512,0,16,64,47.3057
512,0,16,256,60.544
512,0,16,1024,121.643
512,0,16,4096,332.032
512,0,16,16384,1105.96
512,0,32,32,63.9573
512,0,32,128,78.528
512,0,32,512,124.298
512,0,32,2048,337.439
512,0,32,8192,1115.75
512,0,64,16,95.968
512,0,64,64,97.29
512,0,64,256,157.077
512,0,64,1024,376.863
512,0,64,4096,1235.36
512,0,64,16384,4733.6
512,16,1,16,33.6857
512,16,1,64,34.2397
512,16,1,256,36.491
512,16,1,1024,49.824
512,16,1,4096,145.835
512,16,1,16384,530.121
512,16,2,32,34.5173
512,16,2,128,37.1527
512,16,2,512,38.069
512,16,2,2048,85.4393
512,16,2,8192,277.375
512,16,4,16,38.0793
512,16,4,64,37.984
512,16,4,256,41.7277
512,16,4,1024,61.4507
512,16,4,4096,157.108
512,16,4,16384,542.516
512,16,8,32,43.072
512,16,8,128,46.9547
512,16,8,512,53.8023
512,16,8,2048,145.877
512,16,8,8192,349.856
512,16,16,16,52.0743
512,16,16,64,52.4257
512,16,16,256,66.304
512,16,16,1024,122.133
512,16,16,4096,339.583
512,16,16,16384,1112.6
512,16,32,32,69.0237
512,16,32,128,83.7543
512,16,32,512,126.421
512,16,32,2048,342.879
512,16,32,8192,1120.48
512,16,64,16,100.864
512,16,64,64,102.538
512,16,64,256,162.335
512,16,64,1024,380.639
512,16,64,4096,1231.69
512,16,64,16384,4707.44
512,32,1,16,33.9087
512,32,1,64,34.2397
512,32,1,256,36.533
512,32,1,1024,49.9093
512,32,1,4096,146.006
512,32,1,16384,530.366
512,32,2,32,34.4853
512,32,2,128,37.0667
512,32,2,512,38.0363
512,32,2,2048,85.568
512,32,2,8192,276.928
512,32,4,16,37.6423
512,32,4,64,37.7283
512,32,4,256,42.0477
512,32,4,1024,61.301
512,32,4,4096,157.141
512,32,4,16384,541.321
512,32,8,32,42.8907
512,32,8,128,47.0933
512,32,8,512,53.8453
512,32,8,2048,145.482
512,32,8,8192,349.685
512,32,16,16,51.7867
512,32,16,64,52.1067
512,32,16,256,66.6237
512,32,16,1024,122.325
512,32,16,4096,339.647
512,32,16,16384,1113.99
512,32,32,32,69.258
512,32,32,128,83.7863
512,32,32,512,127.029
512,32,32,2048,342.325
512,32,32,8192,1120.19
512,32,64,16,100.586
512,32,64,64,102.197
512,32,64,256,162.262
512,32,64,1024,380.671
512,32,64,4096,1239.57
512,32,64,16384,4709.24
512,64,1,16,34.0797
512,64,1,64,34.1977
512,64,1,256,36.64
512,64,1,1024,49.7287
512,64,1,4096,145.898
512,64,1,16384,529.598
512,64,2,32,34.72
512,64,2,128,37.2693
512,64,2,512,38.2607
512,64,2,2048,85.1513
512,64,2,8192,276.885
512,64,4,16,37.8237
512,64,4,64,37.7283
512,64,4,256,42.0267
512,64,4,1024,61.4397
512,64,4,4096,157.578
512,64,4,16384,543.391
512,64,8,32,42.8163
512,64,8,128,47.2747
512,64,8,512,53.5573
512,64,8,2048,145.525
512,64,8,8192,350.495
512,64,16,16,52.1813
512,64,16,64,52.3307
512,64,16,256,66.6983
512,64,16,1024,122.122
512,64,16,4096,340.031
512,64,16,16384,1115.36
512,64,32,32,68.9167
512,64,32,128,84.0853
512,64,32,512,126.901
512,64,32,2048,342.879
512,64,32,8192,1121.21
512,64,64,16,101.131
512,64,64,64,102.602
512,64,64,256,162.528
512,64,64,1024,380.469
512,64,64,4096,1233.04
512,64,64,16384,4664.57
512,128,1,16,36.7357
512,128,1,64,36.981
512,128,1,256,38.56
512,128,1,1024,53.8987
512,128,1,4096,149.866
512,128,1,16384,532.051
512,128,2,32,37.227
512,128,2,128,38.3467
512,128,2,512,41.216
512,128,2,2048,87.7753
512,128,2,8192,279.7
512,128,4,16,39.5413
512,128,4,64,39.637
512,128,4,256,42.656
512,128,4,1024,62.9653
512,128,4,4096,159.115
512,128,4,16384,544.468
512,128,8,32,44.768
512,128,8,128,49.312
512,128,8,512,55.0187
512,128,8,2048,145.588
512,128,8,8192,359.839
512,128,16,16,53.931
512,128,16,64,54.0587
512,128,16,256,69.28
512,128,16,1024,122.826
512,128,16,4096,344.235
512,128,16,16384,1118.65
512,128,32,32,71.0397
512,128,32,128,85.92
512,128,32,512,128.907
512,128,32,2048,346.986
512,128,32,8192,1125.97
512,128,64,16,103.019
512,128,64,64,104.106
512,128,64,256,164.809
512,128,64,1024,381.919
512,128,64,4096,1233.62
512,128,64,16384,4727.29
512,256,1,16,43.5413
512,256,1,64,43.5837
512,256,1,256,46.1973
512,256,1,1024,57.8027
512,256,1,4096,153.823
512,256,1,16384,536.938
512,256,2,32,44.629
512,256,2,128,45.131
512,256,2,512,49.12
512,256,2,2048,92.0747
512,256,2,8192,283.573
512,256,4,16,46.187
512,256,4,64,46.3677
512,256,4,256,49.034
512,256,4,1024,67.3383
512,256,4,4096,163.189
512,256,4,16384,548.724
512,256,8,32,51.4027
512,256,8,128,54.6773
512,256,8,512,62.5707
512,256,8,2048,146.613
512,256,8,8192,379.295
512,256,16,16,60.309
512,256,16,64,60.608
512,256,16,256,76.651
512,256,16,1024,124.448
512,256,16,4096,357.269
512,256,16,16384,1132.19
512,256,32,32,77.6743
512,256,32,128,92.9917
512,256,32,512,136.33
512,256,32,2048,356.18
512,256,32,8192,1134.77
512,256,64,16,110.197
512,256,64,64,111.349
512,256,64,256,171.968
512,256,64,1024,384.17
512,256,64,4096,1238.89
512,256,64,16384,4712.14
512,512,1,16,51.3817
512,512,1,64,51.9787
512,512,1,256,60.725
512,512,1,1024,66.005
512,512,1,4096,161.781
512,512,1,16384,544.638
512,512,2,32,53.312
512,512,2,128,60.9487
512,512,2,512,62.9657
512,512,2,2048,100.256
512,512,2,8192,292.629
512,512,4,16,60.4903
512,512,4,64,61.2373
512,512,4,256,64.3197
512,512,4,1024,75.6483
512,512,4,4096,171.829
512,512,4,16384,556.447
512,512,8,32,64.5227
512,512,8,128,68.8
512,512,8,512,78.1227
512,512,8,2048,147.391
512,512,8,8192,410.943
512,512,16,16,73.7177
512,512,16,64,74.314
512,512,16,256,88.9277
512,512,16,1024,127.53
512,512,16,4096,383.188
512,512,16,16384,1158.91
512,512,32,32,91.0607
512,512,32,128,107.136
512,512,32,512,152.65
512,512,32,2048,360.532
512,512,32,8192,1154.67
512,512,64,16,124.703
512,512,64,64,125.771
512,512,64,256,187.157
512,512,64,1024,389.834
512,512,64,4096,1252.84
512,512,64,16384,4748.79
512,1024,1,16,68.235
512,1024,1,64,68.256
512,1024,1,256,83.9787
512,1024,1,1024,94.8693
512,1024,1,4096,178.069
512,1024,1,16384,561.183
512,1024,2,32,70.4953
512,1024,2,128,77.5897
512,1024,2,512,93.5463
512,1024,2,2048,116.757
512,1024,2,8192,308.735
512,1024,4,16,77.4187
512,1024,4,64,77.706
512,1024,4,256,93.4717
512,1024,4,1024,97.8557
512,1024,4,4096,187.989
512,1024,4,16384,573.118
512,1024,8,32,92.042
512,1024,8,128,96.864
512,1024,8,512,103.114
512,1024,8,2048,150.133
512,1024,8,8192,474.559
512,1024,16,16,100.949
512,1024,16,64,100.66
512,1024,16,256,116.192
512,1024,16,1024,154.336
512,1024,16,4096,410.74
512,1024,16,16384,1206.9
512,1024,32,32,117.472
512,1024,32,128,133.802
512,1024,32,512,179.583
512,1024,32,2048,367.679
512,1024,32,8192,1205.35
512,1024,64,16,150.923
512,1024,64,64,152.085
512,1024,64,256,216.16
512,1024,64,1024,417.482
512,1024,64,4096,1278.15
512,1024,64,16384,4709.7
512,2048,1,16,100.469
512,2048,1,64,101.152
512,2048,1,256,116.351
512,2048,1,1024,156.191
512,2048,1,4096,210.527
512,2048,1,16384,593.289
512,2048,2,32,102.282
512,2048,2,128,110.602
512,2048,2,512,134.016
512,2048,2,2048,159.701
512,2048,2,8192,341.205
512,2048,4,16,109.642
512,2048,4,64,109.887
512,2048,4,256,134.123
512,2048,4,1024,159.989
512,2048,4,4096,220.18
512,2048,4,16384,605.833
512,2048,8,32,124.149
512,2048,8,128,144.725
512,2048,8,512,160.715
512,2048,8,2048,174.026
512,2048,8,8192,535.668
512,2048,16,16,150.08
512,2048,16,64,150.772
512,2048,16,256,168.981
512,2048,16,1024,208.757
512,2048,16,4096,416.052
512,2048,16,16384,1315.97
512,2048,32,32,172.778
512,2048,32,128,185.333
512,2048,32,512,234.154
512,2048,32,2048,399.167
512,2048,32,8192,1354.47
512,2048,64,16,204.544
512,2048,64,64,204.32
512,2048,64,256,270.687
512,2048,64,1024,471.071
512,2048,64,4096,1941.28
512,2048,64,16384,4960.6
512,4096,1,16,163.626
512,4096,1,64,164.288
512,4096,1,256,179.893
512,4096,1,1024,227.2
512,4096,1,4096,286.421
512,4096,1,16384,657.3
512,4096,2,32,166.197
512,4096,2,128,173.354
512,4096,2,512,197.13
512,4096,2,2048,282.751
512,4096,2,8192,404.266
512,4096,4,16,172.884
512,4096,4,64,173.663
512,4096,4,256,196.181
512,4096,4,1024,268.223
512,4096,4,4096,289.183
512,4096,4,16384,670.772
512,4096,8,32,187.37
512,4096,8,128,208.853
512,4096,8,512,268.757
512,4096,8,2048,295.583
512,4096,8,8192,538.293
512,4096,16,16,213.45
512,4096,16,64,215.018
512,4096,16,256,279.883
512,4096,16,1024,323.583
512,4096,16,4096,440.65
512,4096,16,16384,1559.49
512,4096,32,32,266.826
512,4096,32,128,297.119
512,4096,32,512,341.407
512,4096,32,2048,515.498
512,4096,32,8192,1583.83
512,4096,64,16,313.269
512,4096,64,64,313.215
512,4096,64,256,374.837
512,4096,64,1024,588.564
512,4096,64,4096,1640.1
512,4096,64,16384,8033.93
512,8192,1,16,291.85
512,8192,1,64,292.511
512,8192,1,256,308.639
512,8192,1,1024,355.327
512,8192,1,4096,534.249
512,8192,1,16384,784.403
512,8192,2,32,294.591
512,8192,2,128,302.164
512,8192,2,512,325.781
512,8192,2,2048,421.502
512,8192,2,8192,542.941
512,8192,4,16,302.229
512,8192,4,64,302.057
512,8192,4,256,324.853
512,8192,4,1024,397.481
512,8192,4,4096,541.898
512,8192,4,16384,801.416
512,8192,8,32,315.477
512,8192,8,128,336.521
512,8192,8,512,395.712
512,8192,8,2048,540.138
512,8192,8,8192,554.367
512,8192,16,16,341.29
512,8192,16,64,342.25
512,8192,16,256,408.106
512,8192,16,1024,541.929
512,8192,16,4096,692.084
512,8192,16,16384,1628.74
512,8192,32,32,394.122
512,8192,32,128,453.683
512,8192,32,512,563.166
512,8192,32,2048,753.161
512,8192,32,8192,1444.22
512,8192,64,16,499.369
512,8192,64,64,502.986
512,8192,64,256,589.161
512,8192,64,1024,798.718
512,8192,64,4096,1896.1
512,8192,64,16384,8165.29
512,16384,1,16,549.13
512,16384,1,64,549.012
512,16384,1,256,564.425
512,16384,1,1024,612.042
512,16384,1,4096,800.68
512,16384,1,16384,1059.2
512,16384,2,32,549.576
512,16384,2,128,558.089
512,16384,2,512,580.99
512,16384,2,2048,676.552
512,16384,2,8192,1053.43
512,16384,4,16,558.228
512,16384,4,64,557.716
512,16384,4,256,581.182
512,16384,4,1024,653.513
512,16384,4,4096,941.256
512,16384,4,16384,1067.57
512,16384,8,32,572.468
512,16384,8,128,592.426
512,16384,8,512,653.609
512,16384,8,2048,893.256
512,16384,8,8192,1066.25
512,16384,16,16,597.694
512,16384,16,64,598.1
512,16384,16,256,663.369
512,16384,16,1024,855.965
512,16384,16,4096,1185.45
512,16384,16,16384,1615.59
512,16384,32,32,652.361
512,16384,32,128,710.719
512,16384,32,512,891.219
512,16384,32,2048,1181.78
512,16384,32,8192,1913.92
512,16384,64,16,756.009
512,16384,64,64,760.041
512,16384,64,256,985.726
512,16384,64,1024,1228.57
512,16384,64,4096,2407.85
512,16384,64,16384,7935.83
1024,0,1,16,71.1037
1024,0,1,64,71.584
1024,0,1,256,71.9147
1024,0,1,1024,76.0747
1024,0,1,4096,171.605
1024,0,1,16384,555.316
1024,0,2,32,72.181
1024,0,2,128,72.736
1024,0,2,512,75.658
1024,0,2,2048,112.607
1024,0,2,8192,303.657
1024,0,4,16,75.509
1024,0,4,64,75.477
1024,0,4,256,78.7087
1024,0,4,1024,89.7917
1024,0,4,4096,193.92
1024,0,4,16384,578.089
1024,0,8,32,80.7463
1024,0,8,128,85.5357
1024,0,8,512,96.4897
1024,0,8,2048,164.437
1024,0,8,8192,464.778
1024,0,16,16,92.736
1024,0,16,64,93.5253
1024,0,16,256,109.141
1024,0,16,1024,154.101
1024,0,16,4096,414.356
1024,0,16,16384,1196.39
1024,0,32,32,116.587
1024,0,32,128,132.342
1024,0,32,512,178.176
1024,0,32,2048,384.863
1024,0,32,8192,1191.68
1024,0,64,16,161.322
1024,0,64,64,162.688
1024,0,64,256,224.48
1024,0,64,1024,430.133
1024,0,64,4096,1293.62
1024,0,64,16384,4740.25
1024,16,1,16,77.867
1024,16,1,64,78.0683
1024,16,1,256,79.018
1024,16,1,1024,81.109
1024,16,1,4096,175.05
1024,16,1,16384,557.621
1024,16,2,32,78.805
1024,16,2,128,79.381
1024,16,2,512,81.9627
1024,16,2,2048,116.768
1024,16,2,8192,308.767
1024,16,4,16,81.8773
1024,16,4,64,81.6533
1024,16,4,256,85.5353
1024,16,4,1024,95.5737
1024,16,4,4096,199.007
1024,16,4,16384,583.21
1024,16,8,32,87.851
1024,16,8,128,92.2233
1024,16,8,512,103.445
1024,16,8,2048,167.947
1024,16,8,8192,480.98
1024,16,16,16,99.6157
1024,16,16,64,99.861
1024,16,16,256,115.743
1024,16,16,1024,158.933
1024,16,16,4096,415.861
1024,16,16,16384,1204.6
1024,16,32,32,123.989
1024,16,32,128,139.125
1024,16,32,512,185.151
1024,16,32,2048,388.031
1024,16,32,8192,1200.07
1024,16,64,16,168
1024,16,64,64,169.578
1024,16,64,256,231.593
1024,16,64,1024,434.559
1024,16,64,4096,1301.81
1024,16,64,16384,4729.52
1024,32,1,16,78.101
1024,32,1,64,78.2083
1024,32,1,256,79.0823
1024,32,1,1024,81.7813
1024,32,1,4096,174.794
1024,32,1,16384,557.993
1024,32,2,32,78.7617
1024,32,2,128,79.637
1024,32,2,512,82.101
1024,32,2,2048,117.354
1024,32,2,8192,309.119
1024,32,4,16,81.4077
1024,32,4,64,81.664
1024,32,4,256,85.5353
1024,32,4,1024,95.711
1024,32,4,4096,199.167
1024,32,4,16384,585.14
1024,32,8,32,87.68
1024,32,8,128,92.16
1024,32,8,512,103.52
1024,32,8,2048,168.363
1024,32,8,8192,482.09
1024,32,16,16,99.7337
1024,32,16,64,100.011
1024,32,16,256,115.648
1024,32,16,1024,158.932
1024,32,16,4096,415.679
1024,32,16,16384,1204.5
1024,32,32,32,123.659
1024,32,32,128,139.317
1024,32,32,512,185.396
1024,32,32,2048,387.903
1024,32,32,8192,1196.68
1024,32,64,16,168.373
1024,32,64,64,169.951
1024,32,64,256,231.53
1024,32,64,1024,434.602
1024,32,64,4096,1303.72
1024,32,64,16384,4724.66
1024,64,1,16,78.058
1024,64,1,64,78.2397
1024,64,1,256,78.7413
1024,64,1,1024,81.29
1024,64,1,4096,174.891
1024,64,1,16384,558.569
1024,64,2,32,79.04
1024,64,2,128,79.735
1024,64,2,512,81.7593
1024,64,2,2048,117.088
1024,64,2,8192,309.237
1024,64,4,16,81.546
1024,64,4,64,81.3437
1024,64,4,256,85.899
1024,64,4,1024,95.4453
1024,64,4,4096,199.178
1024,64,4,16384,583.636
1024,64,8,32,88.1497
1024,64,8,128,91.8293
1024,64,8,512,103.317
1024,64,8,2048,168.213
1024,64,8,8192,482.666
1024,64,16,16,99.7967
1024,64,16,64,99.9787
1024,64,16,256,115.765
1024,64,16,1024,158.73
1024,64,16,4096,416.478
1024,64,16,16384,1205.75
1024,64,32,32,123.914
1024,64,32,128,139.327
1024,64,32,512,185.428
1024,64,32,2048,388.298
1024,64,32,8192,1198.13
1024,64,64,16,168.234
1024,64,64,64,170.048
1024,64,64,256,231.711
1024,64,64,1024,434.783
1024,64,64,4096,1300.18
1024,64,64,16384,4714.24
1024,128,1,16,81.418
1024,128,1,64,81.5037
1024,128,1,256,82.7407
1024,128,1,1024,84.459
1024,128,1,4096,177.973
1024,128,1,16384,562.26
1024,128,2,32,82.4843
1024,128,2,128,82.8587
1024,128,2,512,85.8133
1024,128,2,2048,120.074
1024,128,2,8192,312.031
1024,128,4,16,84.992
1024,128,4,64,84.7993
1024,128,4,256,88.9383
1024,128,4,1024,99.3703
1024,128,4,4096,203.647
1024,128,4,16384,588.564
1024,128,8,32,90.923
1024,128,8,128,95.9043
1024,128,8,512,107.349
1024,128,8,2048,172.895
1024,128,8,8192,495.871
1024,128,16,16,103.392
1024,128,16,64,103.732
1024,128,16,256,119.466
1024,128,16,1024,163.029
1024,128,16,4096,417.525
1024,128,16,16384,1215.79
1024,128,32,32,127.37
1024,128,32,128,143.359
1024,128,32,512,189.227
1024,128,32,2048,392.543
1024,128,32,8192,1206.71
1024,128,64,16,172.48
1024,128,64,64,173.451
1024,128,64,256,235.243
1024,128,64,1024,439.53
1024,128,64,4096,1305.44
1024,128,64,16384,4728.9
1024,256,1,16,90.933
1024,256,1,64,91.0823
1024,256,1,256,91.5407
1024,256,1,1024,93.0773
1024,256,1,4096,183.594
1024,256,1,16384,566.282
1024,256,2,32,91.466
1024,256,2,128,92.4267
1024,256,2,512,95.3917
1024,256,2,2048,128.479
1024,256,2,8192,320.329
1024,256,4,16,94.7197
1024,256,4,64,94.4313
1024,256,4,256,99.5623
1024,256,4,1024,110.517
1024,256,4,4096,214.132
1024,256,4,16384,598.089
1024,256,8,32,100.928
1024,256,8,128,105.643
1024,256,8,512,117.461
1024,256,8,2048,180.448
1024,256,8,8192,528.105
1024,256,16,16,113.28
1024,256,16,64,113.664
1024,256,16,256,130.154
1024,256,16,1024,172.149
1024,256,16,4096,420.383
1024,256,16,16384,1239.2
1024,256,32,32,137.504
1024,256,32,128,153.504
1024,256,32,512,200.031
1024,256,32,2048,400.938
1024,256,32,8192,1224.07
1024,256,64,16,182.239
1024,256,64,64,184.148
1024,256,64,256,246.207
1024,256,64,1024,450.613
1024,256,64,4096,1318.37
1024,256,64,16384,4746.32
1024,512,1,16,108.757
1024,512,1,64,108.245
1024,512,1,256,110.581
1024,512,1,1024,116.48
1024,512,1,4096,195.967
1024,512,1,16384,580.98
1024,512,2,32,110.037
1024,512,2,128,111.818
1024,512,2,512,117.279
1024,512,2,2048,144.8
1024,512,2,8192,336.117
1024,512,4,16,114.901
1024,512,4,64,114.709
1024,512,4,256,119.861
1024,512,4,1024,132.522
1024,512,4,4096,232.618
1024,512,4,16384,616.5
1024,512,8,32,119.84
1024,512,8,128,125.248
1024,512,8,512,137.055
1024,512,8,2048,194.261
1024,512,8,8192,541.577
1024,512,16,16,133.525
1024,512,16,64,133.493
1024,512,16,256,150.485
1024,512,16,1024,193.088
1024,512,16,4096,429.524
1024,512,16,16384,1284.72
1024,512,32,32,158.08
1024,512,32,128,174.794
1024,512,32,512,221.664
1024,512,32,2048,416.458
1024,512,32,8192,1260.81
1024,512,64,16,203.988
1024,512,64,64,205.397
1024,512,64,256,267.872
1024,512,64,1024,472.01
1024,512,64,4096,1360.41
1024,512,64,16384,4774.85
1024,1024,1,16,146.869
1024,1024,1,64,146.88
1024,1024,1,256,154.239
1024,1024,1,1024,160.575
1024,1024,1,4096,226.976
1024,1024,1,16384,611.017
1024,1024,2,32,150.261
1024,1024,2,128,151.231
1024,1024,2,512,158.869
1024,1024,2,2048,170.57
1024,1024,2,8192,367.828
1024,1024,4,16,152.959
1024,1024,4,64,153.835
1024,1024,4,256,160.607
1024,1024,4,1024,173.077
1024,1024,4,4096,270.453
1024,1024,4,16384,653.908
1024,1024,8,32,160.372
1024,1024,8,128,165.877
1024,1024,8,512,179.082
1024,1024,8,2048,219.679
1024,1024,8,8192,542.9
1024,1024,16,16,172.618
1024,1024,16,64,173.792
1024,1024,16,256,191.113
1024,1024,16,1024,237.258
1024,1024,16,4096,464.767
1024,1024,16,16384,1376.52
1024,1024,32,32,198.229
1024,1024,32,128,214.336
1024,1024,32,512,263.466
1024,1024,32,2048,442.825
1024,1024,32,8192,1474.48
1024,1024,64,16,244.297
1024,1024,64,64,245.951
1024,1024,64,256,310.25
1024,1024,64,1024,515.082
1024,1024,64,4096,1596.31
1024,1024,64,16384,4883.76
1024,2048,1,16,209.568
1024,2048,1,64,209.78
1024,2048,1,256,218.218
1024,2048,1,1024,242.228
1024,2048,1,4096,274.229
1024,2048,1,16384,675.166
1024,2048,2,32,213.439
1024,2048,2,128,218.304
1024,2048,2,512,235.499
1024,2048,2,2048,259.466
1024,2048,2,8192,431.54
1024,2048,4,16,216.159
1024,2048,4,64,216.575
1024,2048,4,256,232.127
1024,2048,4,1024,259.679
1024,2048,4,4096,315.188
1024,2048,4,16384,717.385
1024,2048,8,32,223.306
1024,2048,8,128,236.341
1024,2048,8,512,262.986
1024,2048,8,2048,295.893
1024,2048,8,8192,614.399
1024,2048,16,16,243.284
1024,2048,16,64,243.786
1024,2048,16,256,273.696
1024,2048,16,1024,319.178
1024,2048,16,4096,516.18
1024,2048,16,16384,1573.71
1024,2048,32,32,278.868
1024,2048,32,128,296.404
1024,2048,32,512,345.183
1024,2048,32,2048,535.838
1024,2048,32,8192,1933.09
1024,2048,64,16,326.101
1024,2048,64,64,326.751
1024,2048,64,256,392.927
1024,2048,64,1024,597.663
1024,2048,64,4096,2185.35
1024,2048,64,16384,8041.04
1024,4096,1,16,336.222
1024,4096,1,64,336.244
1024,4096,1,256,344.372
1024,4096,1,1024,367.956
1024,4096,1,4096,446.281
1024,4096,1,16384,800.382
1024,4096,2,32,339.999
1024,4096,2,128,343.967
1024,4096,2,512,361.611
1024,4096,2,2048,435.668
1024,4096,2,8192,549.908
1024,4096,4,16,342.9
1024,4096,4,64,342.73
1024,4096,4,256,358.708
1024,4096,4,1024,413.192
1024,4096,4,4096,457.78
1024,4096,4,16384,843.358
1024,4096,8,32,350.431
1024,4096,8,128,362.165
1024,4096,8,512,404.063
1024,4096,8,2048,466.153
1024,4096,8,8192,702.41
1024,4096,16,16,369.557
1024,4096,16,64,369.983
1024,4096,16,256,416.553
1024,4096,16,1024,484.703
1024,4096,16,4096,657.343
1024,4096,16,16384,1696.15
1024,4096,32,32,412.693
1024,4096,32,128,450.26
1024,4096,32,512,509.652
1024,4096,32,2048,698.89
1024,4096,32,8192,1881.36
1024,4096,64,16,489.215
1024,4096,64,64,490.495
1024,4096,64,256,554.761
1024,4096,64,1024,767.209
1024,4096,64,4096,1787.77
1024,4096,64,16384,8580.81
1024,8192,1,16,588.884
1024,8192,1,64,589.46
1024,8192,1,256,598.068
1024,8192,1,1024,623.038
1024,8192,1,4096,718.601
1024,8192,1,16384,1034.36
1024,8192,2,32,592.947
1024,8192,2,128,598.942
1024,8192,2,512,615.753
1024,8192,2,2048,710.995
1024,8192,2,8192,831.39
1024,8192,4,16,595.828
1024,8192,4,64,596.243
1024,8192,4,256,612.222
1024,8192,4,1024,665.749
1024,8192,4,4096,831.401
1024,8192,4,16384,1080.22
1024,8192,8,32,602.718
1024,8192,8,128,615.998
1024,8192,8,512,656.82
1024,8192,8,2048,818.643
1024,8192,8,8192,866.728
1024,8192,16,16,624.031
1024,8192,16,64,624.361
1024,8192,16,256,668.786
1024,8192,16,1024,802.099
1024,8192,16,4096,986.152
1024,8192,16,16384,1895.41
1024,8192,32,32,665.534
1024,8192,32,128,703.571
1024,8192,32,512,820.894
1024,8192,32,2048,1018.86
1024,8192,32,8192,1734.12
1024,8192,64,16,752.606
1024,8192,64,64,755.231
1024,8192,64,256,885.447
1024,8192,64,1024,1097.72
1024,8192,64,4096,2136.59
1024,8192,64,16384,8655.57
1024,16384,1,16,1098
1024,16384,1,64,1096.8
1024,16384,1,256,1104.64
1024,16384,1,1024,1131.38
1024,16384,1,4096,1229.14
1024,16384,1,16384,1587.81
1024,16384,2,32,1100.32
1024,16384,2,128,1105.41
1024,16384,2,512,1121.03
1024,16384,2,2048,1219.27
1024,16384,2,8192,1578.38
1024,16384,4,16,1105.2
1024,16384,4,64,1103.39
1024,16384,4,256,1119.81
1024,16384,4,1024,1173.48
1024,16384,4,4096,1366.46
1024,16384,4,16384,1612.09
1024,16384,8,32,1110.88
1024,16384,8,128,1124.86
1024,16384,8,512,1165.66
1024,16384,8,2048,1327.92
1024,16384,8,8192,1611.92
1024,16384,16,16,1129.97
1024,16384,16,64,1131.91
1024,16384,16,256,1177.48
1024,16384,16,1024,1310.23
1024,16384,16,4096,1635.78
1024,16384,16,16384,2181.12
1024,16384,32,32,1176.75
1024,16384,32,128,1215.48
1024,16384,32,512,1333.56
1024,16384,32,2048,1692.71
1024,16384,32,8192,2527.56
1024,16384,64,16,1266.57
1024,16384,64,64,1267.18
1024,16384,64,256,1410.43
1024,16384,64,1024,1759.88
1024,16384,64,4096,2762.64
1024,16384,64,16384,8574.43
2048,0,1,16,200.309
2048,0,1,64,200.266
2048,0,1,256,201.791
2048,0,1,1024,204.617
2048,0,1,4096,270.548
2048,0,1,16384,653.725
2048,0,2,32,202.538
2048,0,2,128,204.084
2048,0,2,512,207.754
2048,0,2,2048,217.002
2048,0,2,8192,417.183
2048,0,4,16,207.114
2048,0,4,64,206.709
2048,0,4,256,210.943
2048,0,4,1024,223.317
2048,0,4,4096,318.516
2048,0,4,16384,717.288
2048,0,8,32,215.189
2048,0,8,128,218.826
2048,0,8,512,232.821
2048,0,8,2048,274.89
2048,0,8,8192,600.927
2048,0,16,16,232.522
2048,0,16,64,233.173
2048,0,16,256,249.77
2048,0,16,1024,297.791
2048,0,16,4096,520.287
2048,0,16,16384,1554.11
2048,0,32,32,269.215
2048,0,32,128,285.279
2048,0,32,512,333.333
2048,0,32,2048,516.884
2048,0,32,8192,1705.53
2048,0,64,16,338.122
2048,0,64,64,339.881
2048,0,64,256,404.244
2048,0,64,1024,605.834
2048,0,64,4096,1850.55
2048,0,64,16384,5243.61
2048,16,1,16,211.519
2048,16,1,64,212.042
2048,16,1,256,213.087
2048,16,1,1024,215.424
2048,16,1,4096,278.303
2048,16,1,16384,663.699
2048,16,2,32,212.597
2048,16,2,128,213.407
2048,16,2,512,217.643
2048,16,2,2048,228.159
2048,16,2,8192,424.511
2048,16,4,16,216.746
2048,16,4,64,217.215
2048,16,4,256,221.578
2048,16,4,1024,232.565
2048,16,4,4096,326.911
2048,16,4,16384,727.572
2048,16,8,32,226.229
2048,16,8,128,230.218
2048,16,8,512,242.271
2048,16,8,2048,286.719
2048,16,8,8192,607.796
2048,16,16,16,242.634
2048,16,16,64,243.03
2048,16,16,256,259.487
2048,16,16,1024,307.786
2048,16,16,4096,528.735
2048,16,16,16384,1579.92
2048,16,32,32,279.306
2048,16,32,128,295.157
2048,16,32,512,343.679
2048,16,32,2048,527.114
2048,16,32,8192,1720.1
2048,16,64,16,348.458
2048,16,64,64,350.24
2048,16,64,256,414.442
2048,16,64,1024,616.009
2048,16,64,4096,1881.16
2048,16,64,16384,5407.81
2048,32,1,16,211.092
2048,32,1,64,210.773
2048,32,1,256,213.824
2048,32,1,1024,215.274
2048,32,1,4096,278.058
2048,32,1,16384,662.291
2048,32,2,32,213.066
2048,32,2,128,214.047
2048,32,2,512,217.834
2048,32,2,2048,227.743
2048,32,2,8192,424.99
2048,32,4,16,216.714
2048,32,4,64,216.341
2048,32,4,256,222.261
2048,32,4,1024,234.207
2048,32,4,4096,325.705
2048,32,4,16384,727.305
2048,32,8,32,225.077
2048,32,8,128,229.642
2048,32,8,512,243.348
2048,32,8,2048,286.858
2048,32,8,8192,607.188
2048,32,16,16,243.296
2048,32,16,64,242.975
2048,32,16,256,259.935
2048,32,16,1024,307.444
2048,32,16,4096,528.575
2048,32,16,16384,1572.15
2048,32,32,32,279.85
2048,32,32,128,295.498
2048,32,32,512,343.957
2048,32,32,2048,527.518
2048,32,32,8192,1726.78
2048,32,64,16,348.298
2048,32,64,64,350.527
2048,32,64,256,414.708
2048,32,64,1024,616.18
2048,32,64,4096,1878.78
2048,32,64,16384,5420.17
2048,64,1,16,211.21
2048,64,1,64,211.21
2048,64,1,256,212.308
2048,64,1,1024,216.65
2048,64,1,4096,277.993
2048,64,1,16384,662.505
2048,64,2,32,212.885
2048,64,2,128,213.781
2048,64,2,512,217.621
2048,64,2,2048,227.999
2048,64,2,8192,424.564
2048,64,4,16,217.131
2048,64,4,64,217.354
2048,64,4,256,221.802
2048,64,4,1024,233.333
2048,64,4,4096,325.098
2048,64,4,16384,727.571
2048,64,8,32,225.6
2048,64,8,128,229.792
2048,64,8,512,242.293
2048,64,8,2048,287.008
2048,64,8,8192,606.867
2048,64,16,16,243.274
2048,64,16,64,242.645
2048,64,16,256,259.787
2048,64,16,1024,308.01
2048,64,16,4096,527.743
2048,64,16,16384,1572.16
2048,64,32,32,279.274
2048,64,32,128,296.415
2048,64,32,512,343.849
2048,64,32,2048,527.882
2048,64,32,8192,1730.74
2048,64,64,16,349.162
2048,64,64,64,350.335
2048,64,64,256,414.806
2048,64,64,1024,616.852
2048,64,64,4096,1890.09
2048,64,64,16384,5332.46
2048,128,1,16,218.282
2048,128,1,64,218.644
2048,128,1,256,219.925
2048,128,1,1024,223.178
2048,128,1,4096,284.234
2048,128,1,16384,669.235
2048,128,2,32,220.33
2048,128,2,128,221.642
2048,128,2,512,225.375
2048,128,2,2048,236.234
2048,128,2,8192,432.437
2048,128,4,16,224.756
2048,128,4,64,225.376
2048,128,4,256,228.97
2048,128,4,1024,241.098
2048,128,4,4096,334.111
2048,128,4,16384,737.075
2048,128,8,32,233.077
2048,128,8,128,237.099
2048,128,8,512,249.279
2048,128,8,2048,294.677
2048,128,8,8192,613.215
2048,128,16,16,250.932
2048,128,16,64,251.701
2048,128,16,256,266.409
2048,128,16,1024,315.743
2048,128,16,4096,535.54
2048,128,16,16384,1593.16
2048,128,32,32,286.431
2048,128,32,128,302.719
2048,128,32,512,351.615
2048,128,32,2048,534.996
2048,128,32,8192,1760.69
2048,128,64,16,356.586
2048,128,64,64,357.439
2048,128,64,256,422.345
2048,128,64,1024,624.362
2048,128,64,4096,1917.7
2048,128,64,16384,5595.71
2048,256,1,16,237.493
2048,256,1,64,236.554
2048,256,1,256,238.207
2048,256,1,1024,240.939
2048,256,1,4096,297.482
2048,256,1,16384,682.815
2048,256,2,32,238.762
2048,256,2,128,240.277
2048,256,2,512,242.41
2048,256,2,2048,253.194
2048,256,2,8192,449.13
2048,256,4,16,242.303
2048,256,4,64,242.176
2048,256,4,256,247.434
2048,256,4,1024,258.848
2048,256,4,4096,347.754
2048,256,4,16384,758.612
2048,256,8,32,250.848
2048,256,8,128,256.383
2048,256,8,512,267.338
2048,256,8,2048,311.06
2048,256,8,8192,626.314
2048,256,16,16,268.277
2048,256,16,64,269.024
2048,256,16,256,285.301
2048,256,16,1024,334.015
2048,256,16,4096,552.265
2048,256,16,16384,1633.04
2048,256,32,32,305.152
2048,256,32,128,321.13
2048,256,32,512,369.418
2048,256,32,2048,552.799
2048,256,32,8192,1846.19
2048,256,64,16,374.346
2048,256,64,64,375.508
2048,256,64,256,440.586
2048,256,64,1024,644.105
2048,256,64,4096,1985.07
2048,256,64,16384,6131.57
2048,512,1,16,273.599
2048,512,1,64,272.916
2048,512,1,256,273.855
2048,512,1,1024,277.973
2048,512,1,4096,325.375
2048,512,1,16384,711.251
2048,512,2,32,273.802
2048,512,2,128,275.508
2048,512,2,512,278.922
2048,512,2,2048,290.89
2048,512,2,8192,480.191
2048,512,4,16,278.859
2048,512,4,64,279.348
2048,512,4,256,282.356
2048,512,4,1024,295.594
2048,512,4,4096,375.317
2048,512,4,16384,798.035
2048,512,8,32,286.367
2048,512,8,128,291.145
2048,512,8,512,304.244
2048,512,8,2048,350.666
2048,512,8,8192,659.646
2048,512,16,16,304.255
2048,512,16,64,304.234
2048,512,16,256,321.823
2048,512,16,1024,370.058
2048,512,16,4096,583.902
2048,512,16,16384,1710.39
2048,512,32,32,338.997
2048,512,32,128,355.114
2048,512,32,512,404.319
2048,512,32,2048,589.588
2048,512,32,8192,1973.37
2048,512,64,16,408.894
2048,512,64,64,411.284
2048,512,64,256,476.735
2048,512,64,1024,679.796
2048,512,64,4096,2176.91
2048,512,64,16384,7875.69
2048,1024,1,16,344.81
2048,1024,1,64,344.735
2048,1024,1,256,344.969
2048,1024,1,1024,348.49
2048,1024,1,4096,377.866
2048,1024,1,16384,769.469
2048,1024,2,32,345.546
2048,1024,2,128,346.218
2048,1024,2,512,350.229
2048,1024,2,2048,361.588
2048,1024,2,8192,542.611
2048,1024,4,16,348.788
2048,1024,4,64,348.436
2048,1024,4,256,353.087
2048,1024,4,1024,368.362
2048,1024,4,4096,432.543
2048,1024,4,16384,878.505
2048,1024,8,32,356.308
2048,1024,8,128,362.517
2048,1024,8,512,376.426
2048,1024,8,2048,421.578
2048,1024,8,8192,716.478
2048,1024,16,16,374.944
2048,1024,16,64,374.697
2048,1024,16,256,393.002
2048,1024,16,1024,443.188
2048,1024,16,4096,642.441
2048,1024,16,16384,1818.64
2048,1024,32,32,409.962
2048,1024,32,128,426.356
2048,1024,32,512,477.482
2048,1024,32,2048,672.233
2048,1024,32,8192,2095.86
2048,1024,64,16,480.479
2048,1024,64,64,482.186
2048,1024,64,256,547.774
2048,1024,64,1024,755.827
2048,1024,64,4096,2288.8
2048,1024,64,16384,8417.88
2048,2048,1,16,486.547
2048,2048,1,64,486.378
2048,2048,1,256,488.201
2048,2048,1,1024,491.486
2048,2048,1,4096,504.436
2048,2048,1,16384,881.715
2048,2048,2,32,488.308
2048,2048,2,128,489.215
2048,2048,2,512,493.641
2048,2048,2,2048,505.897
2048,2048,2,8192,654.451
2048,2048,4,16,490.559
2048,2048,4,64,491.091
2048,2048,4,256,495.508
2048,2048,4,1024,510.154
2048,2048,4,4096,556.052
2048,2048,4,16384,1038.07
2048,2048,8,32,495.646
2048,2048,8,128,500.916
2048,2048,8,512,518.644
2048,2048,8,2048,567.369
2048,2048,8,8192,838.408
2048,2048,16,16,513.535
2048,2048,16,64,513.534
2048,2048,16,256,535.338
2048,2048,16,1024,584.361
2048,2048,16,4096,767.817
2048,2048,16,16384,2126.92
2048,2048,32,32,549.438
2048,2048,32,128,567.604
2048,2048,32,512,620.863
2048,2048,32,2048,813.544
2048,2048,32,8192,2257.62
2048,2048,64,16,620.446
2048,2048,64,64,621.939
2048,2048,64,256,689.14
2048,2048,64,1024,905.289
2048,2048,64,4096,2315.09
2048,2048,64,16384,8864.09
2048,4096,1,16,766.344
2048,4096,1,64,764.371
2048,4096,1,256,766.249
2048,4096,1,1024,772.787
2048,4096,1,4096,811.326
2048,4096,1,16384,1117.18
2048,4096,2,32,768.37
2048,4096,2,128,769.214
2048,4096,2,512,776.925
2048,4096,2,2048,803.315
2048,4096,2,8192,879.934
2048,4096,4,16,776.04
2048,4096,4,64,775.253
2048,4096,4,256,778.418
2048,4096,4,1024,795.838
2048,4096,4,4096,844.563
2048,4096,4,16384,1260.57
2048,4096,8,32,787.582
2048,4096,8,128,791.624
2048,4096,8,512,802.131
2048,4096,8,2048,851.294
2048,4096,8,8192,1064.55
2048,4096,16,16,802.676
2048,4096,16,64,801.705
2048,4096,16,256,821.064
2048,4096,16,1024,872.403
2048,4096,16,4096,1061.61
2048,4096,16,16384,2145.92
2048,4096,32,32,820.489
2048,4096,32,128,838.195
2048,4096,32,512,904.179
2048,4096,32,2048,1100.85
2048,4096,32,8192,2330.23
2048,4096,64,16,891.721
2048,4096,64,64,894.451
2048,4096,64,256,973.001
2048,4096,64,1024,1181.02
2048,4096,64,4096,2144.74
2048,4096,64,16384,8931.06
2048,8192,1,16,1296.66
2048,8192,1,64,1297.65
2048,8192,1,256,1305.14
2048,8192,1,1024,1331.19
2048,8192,1,4096,1395.97
2048,8192,1,16384,1456.74
2048,8192,2,32,1297.13
2048,8192,2,128,1299.59
2048,8192,2,512,1313.09
2048,8192,2,2048,1362.06
2048,8192,2,8192,1461.08
2048,8192,4,16,1294.74
2048,8192,4,64,1300.35
2048,8192,4,256,1304.68
2048,8192,4,1024,1331.79
2048,8192,4,4096,1440.99
2048,8192,4,16384,1693.96
2048,8192,8,32,1299.03
2048,8192,8,128,1308.93
2048,8192,8,512,1330.81
2048,8192,8,2048,1412.24
2048,8192,8,8192,1549.13
2048,8192,16,16,1310.7
2048,8192,16,64,1313.11
2048,8192,16,256,1329.16
2048,8192,16,1024,1399.57
2048,8192,16,4096,1631.88
2048,8192,16,16384,2522.26
2048,8192,32,32,1330.18
2048,8192,32,128,1347.09
2048,8192,32,512,1422.74
2048,8192,32,2048,1676.89
2048,8192,32,8192,2523.72
2048,8192,64,16,1398.65
2048,8192,64,64,1400.1
2048,8192,64,256,1499.61
2048,8192,64,1024,1747.1
2048,8192,64,4096,2700.7
2048,8192,64,16384,9012.98
2048,16384,1,16,2322.31
2048,16384,1,64,2315.69
2048,16384,1,256,2327.86
2048,16384,1,1024,2349.94
2048,16384,1,4096,2449.2
2048,16384,1,16384,2719.29
2048,16384,2,32,2316.52
2048,16384,2,128,2318.83
2048,16384,2,512,2334.33
2048,16384,2,2048,2384.04
2048,16384,2,8192,2578.16
2048,16384,4,16,2317.18
2048,16384,4,64,2316.06
2048,16384,4,256,2329.25
2048,16384,4,1024,2348.13
2048,16384,4,4096,2514.08
2048,16384,4,16384,2753.26
2048,16384,8,32,2320.99
2048,16384,8,128,2329.19
2048,16384,8,512,2352.56
2048,16384,8,2048,2430.2
2048,16384,8,8192,2758.44
2048,16384,16,16,2329.55
2048,16384,16,64,2327.39
2048,16384,16,256,2343.22
2048,16384,16,1024,2414.28
2048,16384,16,4096,2781.48
2048,16384,16,16384,3368.34
2048,16384,32,32,2346.58
2048,16384,32,128,2364.12
2048,16384,32,512,2443.26
2048,16384,32,2048,2769.02
2048,16384,32,8192,3666.03
2048,16384,64,16,2415.97
2048,16384,64,64,2417.78
2048,16384,64,256,2514.91
2048,16384,64,1024,2821.63
2048,16384,64,4096,3802.22
2048,16384,64,16384,8843.61
