prefill_chunk,kv_prefill,n_decode,kv_decode,time_us
0,0,1,16,7.53067
0,0,1,32,7.552
0,0,1,64,9.47233
0,0,1,128,13.216
0,0,1,256,13.291
0,0,1,512,13.653
0,0,1,1024,14.2933
0,0,1,2048,15.5523
0,0,1,4096,22.8697
0,0,1,8192,27.456
0,0,1,16384,41.1947
0,0,2,16,12.1277
0,0,2,32,12.1923
0,0,2,64,13.9633
0,0,2,128,16.4913
0,0,2,256,16.757
0,0,2,512,17.632
0,0,2,1024,19.4773
0,0,2,2048,26.6137
0,0,2,4096,35.6477
0,0,2,8192,55.2213
0,0,2,16384,90.0057
0,0,4,16,12.0427
0,0,4,32,12.011
0,0,4,64,13.8873
0,0,4,128,16.5437
0,0,4,256,17.173
0,0,4,512,18.8053
0,0,4,1024,25.2157
0,0,4,2048,37.195
0,0,4,4096,53.088
0,0,4,8192,88.5653
0,0,4,16384,160.875
0,0,8,16,12.0427
0,0,8,32,12.1383
0,0,8,64,13.867
0,0,8,128,17.1307
0,0,8,256,18.5067
0,0,8,512,24.3517
0,0,8,1024,36.2457
0,0,8,2048,52.5437
0,0,8,4096,92.5763
0,0,8,8192,162.079
0,0,8,16384,307.904
0,0,16,16,12.4367
0,0,16,32,12.8967
0,0,16,64,14.7303
0,0,16,128,18.5923
0,0,16,256,24.4587
0,0,16,512,35.2643
0,0,16,1024,50.6773
0,0,16,2048,88.6413
0,0,16,4096,160.704
0,0,16,8192,303.531
0,0,16,16384,586.528
0,0,32,16,13.0347
0,0,32,32,14.048
0,0,32,64,17.0137
0,0,32,128,25.6323
0,0,32,256,35.5313
0,0,32,512,53.0453
0,0,32,1024,92.5443
0,0,32,2048,165.057
0,0,32,4096,309.601
0,0,32,8192,587.649
0,0,32,16384,1151.82
0,0,64,16,15.328
0,0,64,32,17.5577
0,0,64,64,22.3997
0,0,64,128,31.6907
0,0,64,256,49.4293
0,0,64,512,89.59
0,0,64,1024,164.448
0,0,64,2048,308.235
0,0,64,4096,589.239
0,0,64,8192,1155.97
0,0,64,16384,2271.63
0,0,128,16,21.173
0,0,128,32,24.064
0,0,128,64,32.938
0,0,128,128,52.2557
0,0,128,256,92.9283
0,0,128,512,172.469
0,0,128,1024,314.23
0,0,128,2048,598.22
0,0,128,4096,1157.79
0,0,128,8192,2286.87
0,0,128,16384,4525.6
16,0,0,0,9.87733
16,0,1,16,9.80267
16,0,1,32,9.73833
16,0,1,64,9.74933
16,0,1,128,12.864
16,0,1,256,16.8427
16,0,1,512,24.7893
16,0,1,1024,40.875
16,0,1,2048,72.8853
16,0,1,4096,137.013
16,0,1,8192,265.237
16,0,1,16384,521.685
16,0,2,16,9.79167
16,0,2,32,9.792
16,0,2,64,9.792
16,0,2,128,13.0027
16,0,2,256,17.1307
16,0,2,512,25.0667
16,0,2,1024,41.0987
16,0,2,2048,73.2483
16,0,2,4096,137.61
16,0,2,8192,265.995
16,0,2,16384,522.827
16,0,4,16,9.877
16,0,4,32,9.83467
16,0,4,64,9.888
16,0,4,128,13.056
16,0,4,256,17.195
16,0,4,512,25.45
16,0,4,1024,41.8667
16,0,4,2048,73.9837
16,0,4,4096,138.176
16,0,4,8192,266.88
16,0,4,16384,530.059
16,0,8,16,15.4347
16,0,8,32,15.4987
16,0,8,64,15.659
16,0,8,128,22.0583
16,0,8,256,29.835
16,0,8,512,38.272
16,0,8,1024,54.411
16,0,8,2048,86.848
16,0,8,4096,150.56
16,0,8,8192,279.062
16,0,8,16384,540.353
16,0,16,16,21.291
16,0,16,32,21.301
16,0,16,64,21.557
16,0,16,128,29.8237
16,0,16,256,38.581
16,0,16,512,54.7837
16,0,16,1024,87.467
16,0,16,2048,152.256
16,0,16,4096,281.196
16,0,16,8192,541.825
16,0,16,16384,1071.11
16,0,32,16,32.0427
16,0,32,32,32.5337
16,0,32,64,33.28
16,0,32,128,48.7467
16,0,32,256,65.483
16,0,32,512,97.7383
16,0,32,1024,161.173
16,0,32,2048,289.334
16,0,32,4096,547.937
16,0,32,8192,1081.27
16,0,32,16384,2139.93
16,0,64,16,53.6
16,0,64,32,54.1337
16,0,64,64,54.976
16,0,64,128,85.9947
16,0,64,256,120.993
16,0,64,512,187.734
16,0,64,1024,325.025
16,0,64,2048,595.372
16,0,64,4096,1197.79
16,0,64,8192,2364.34
16,0,64,16384,4904.78
16,16,0,0,10.0373
16,16,1,16,9.963
16,16,1,32,9.88767
16,16,1,64,9.95167
16,16,1,128,12.938
16,16,1,256,16.8107
16,16,1,512,24.7997
16,16,1,1024,40.8107
16,16,1,2048,72.8967
16,16,1,4096,137.077
16,16,1,8192,265.27
16,16,1,16384,521.483
16,16,2,16,9.89867
16,16,2,32,9.92
16,16,2,64,9.941
16,16,2,128,12.9277
16,16,2,256,16.917
16,16,2,512,24.9387
16,16,2,1024,41.1307
16,16,2,2048,73.2697
16,16,2,4096,137.429
16,16,2,8192,265.984
16,16,2,16384,522.603
16,16,4,16,9.97267
16,16,4,32,10.059
16,16,4,64,10.1867
16,16,4,128,13.0557
16,16,4,256,17.0983
16,16,4,512,25.376
16,16,4,1024,41.8453
16,16,4,2048,74.0477
16,16,4,4096,138.176
16,16,4,8192,267.04
16,16,4,16384,529.803
16,16,8,16,15.5947
16,16,8,32,15.7757
16,16,8,64,16.0107
16,16,8,128,22.059
16,16,8,256,30.0587
16,16,8,512,38.656
16,16,8,1024,55.1047
16,16,8,2048,87.7123
16,16,8,4096,150.72
16,16,8,8192,279.467
16,16,8,16384,540.075
16,16,16,16,21.4827
16,16,16,32,21.5683
16,16,16,64,21.9737
16,16,16,128,30.0693
16,16,16,256,38.6347
16,16,16,512,56.192
16,16,16,1024,87.2747
16,16,16,2048,152.47
16,16,16,4096,280.811
16,16,16,8192,542.785
16,16,16,16384,1071.74
16,16,32,16,32.1177
16,16,32,32,32.5013
16,16,32,64,33.2057
16,16,32,128,48.7567
16,16,32,256,65.7393
16,16,32,512,97.728
16,16,32,1024,161.515
16,16,32,2048,290.133
16,16,32,4096,548.768
16,16,32,8192,1081.56
16,16,32,16384,2140.07
16,16,64,16,53.696
16,16,64,32,54.155
16,16,64,64,55.061
16,16,64,128,86.2403
16,16,64,256,121.451
16,16,64,512,188.096
16,16,64,1024,325.931
16,16,64,2048,595.595
16,16,64,4096,1192.82
16,16,64,8192,2375.78
16,16,64,16384,4957.16
16,32,0,0,10.09
16,32,1,16,9.92
16,32,1,32,9.97333
16,32,1,64,9.97333
16,32,1,128,12.896
16,32,1,256,16.864
16,32,1,512,24.8
16,32,1,1024,40.8643
16,32,1,2048,72.896
16,32,1,4096,137.045
16,32,1,8192,265.407
16,32,1,16384,521.536
16,32,2,16,9.95233
16,32,2,32,9.974
16,32,2,64,9.99467
16,32,2,128,12.9497
16,32,2,256,16.9817
16,32,2,512,24.981
16,32,2,1024,41.0987
16,32,2,2048,73.2693
16,32,2,4096,137.418
16,32,2,8192,266.357
16,32,2,16384,522.752
16,32,4,16,10.0267
16,32,4,32,10.1767
16,32,4,64,10.24
16,32,4,128,12.9703
16,32,4,256,17.2587
16,32,4,512,25.4293
16,32,4,1024,41.888
16,32,4,2048,74.368
16,32,4,4096,138.176
16,32,4,8192,266.901
16,32,4,16384,530.144
16,32,8,16,15.691
16,32,8,32,15.8187
16,32,8,64,16.064
16,32,8,128,22.027
16,32,8,256,29.963
16,32,8,512,38.9223
16,32,8,1024,54.9017
16,32,8,2048,87.3067
16,32,8,4096,150.976
16,32,8,8192,279.573
16,32,8,16384,540.128
16,32,16,16,21.4503
16,32,16,32,21.643
16,32,16,64,22.0057
16,32,16,128,30.1653
16,32,16,256,38.6667
16,32,16,512,56.1813
16,32,16,1024,88.522
16,32,16,2048,152.107
16,32,16,4096,280.63
16,32,16,8192,542.326
16,32,16,16384,1070.85
16,32,32,16,32.288
16,32,32,32,32.5973
16,32,32,64,33.227
16,32,32,128,48.9597
16,32,32,256,66.2503
16,32,32,512,98.1867
16,32,32,1024,161.909
16,32,32,2048,290.337
16,32,32,4096,548.876
16,32,32,8192,1081.73
16,32,32,16384,2140.09
16,32,64,16,53.6853
16,32,64,32,54.187
16,32,64,64,55.1367
16,32,64,128,86.3257
16,32,64,256,121.259
16,32,64,512,187.915
16,32,64,1024,325.632
16,32,64,2048,597.472
16,32,64,4096,1201.41
16,32,64,8192,2347.74
16,32,64,16384,4913.73
16,64,0,0,10.1543
16,64,1,16,9.97333
16,64,1,32,9.952
16,64,1,64,10.0153
16,64,1,128,12.864
16,64,1,256,16.8103
16,64,1,512,24.7893
16,64,1,1024,40.9393
16,64,1,2048,72.896
16,64,1,4096,137.461
16,64,1,8192,266.592
16,64,1,16384,521.835
16,64,2,16,9.995
16,64,2,32,10.016
16,64,2,64,10.079
16,64,2,128,12.928
16,64,2,256,16.9287
16,64,2,512,24.938
16,64,2,1024,41.099
16,64,2,2048,73.217
16,64,2,4096,137.398
16,64,2,8192,265.974
16,64,2,16384,522.87
16,64,4,16,10.1333
16,64,4,32,10.1543
16,64,4,64,10.24
16,64,4,128,13.056
16,64,4,256,17.1727
16,64,4,512,25.4083
16,64,4,1024,41.7813
16,64,4,2048,74.133
16,64,4,4096,138.517
16,64,4,8192,267.253
16,64,4,16384,529.824
16,64,8,16,15.8187
16,64,8,32,15.9047
16,64,8,64,16.1807
16,64,8,128,22.0373
16,64,8,256,30.1013
16,64,8,512,39.0077
16,64,8,1024,55.136
16,64,8,2048,87.8933
16,64,8,4096,150.987
16,64,8,8192,278.891
16,64,8,16384,541.952
16,64,16,16,21.4933
16,64,16,32,21.5787
16,64,16,64,21.9513
16,64,16,128,30.123
16,64,16,256,39.051
16,64,16,512,56.64
16,64,16,1024,88.7043
16,64,16,2048,152.832
16,64,16,4096,280.928
16,64,16,8192,542.134
16,64,16,16384,1071.27
16,64,32,16,32.3093
16,64,32,32,32.6293
16,64,32,64,33.312
16,64,32,128,48.875
16,64,32,256,66.08
16,64,32,512,98.1757
16,64,32,1024,161.056
16,64,32,2048,290.177
16,64,32,4096,549.206
16,64,32,8192,1081.51
16,64,32,16384,2139.73
16,64,64,16,53.792
16,64,64,32,54.2723
16,64,64,64,55.2747
16,64,64,128,86.165
16,64,64,256,121.206
16,64,64,512,188.075
16,64,64,1024,325.867
16,64,64,2048,594.486
16,64,64,4096,1197.12
16,64,64,8192,2353.08
16,64,64,16384,5264.1
16,128,0,0,13.9093
16,128,1,16,13.056
16,128,1,32,13.024
16,128,1,64,13.0347
16,128,1,128,13.7813
16,128,1,256,16.864
16,128,1,512,24.8217
16,128,1,1024,40.8217
16,128,1,2048,72.8963
16,128,1,4096,137.109
16,128,1,8192,265.227
16,128,1,16384,521.557
16,128,2,16,12.9917
16,128,2,32,12.9817
16,128,2,64,13.024
16,128,2,128,13.76
16,128,2,256,16.992
16,128,2,512,25.0137
16,128,2,1024,41.205
16,128,2,2048,73.2903
16,128,2,4096,137.664
16,128,2,8192,266.197
16,128,2,16384,522.763
16,128,4,16,13.1097
16,128,4,32,13.1307
16,128,4,64,13.0987
16,128,4,128,13.888
16,128,4,256,17.2163
16,128,4,512,25.3973
16,128,4,1024,41.8457
16,128,4,2048,74.24
16,128,4,4096,138.304
16,128,4,8192,267.168
16,128,4,16384,530.166
16,128,8,16,19.7437
16,128,8,32,19.8933
16,128,8,64,20.0963
16,128,8,128,23.6273
16,128,8,256,30.144
16,128,8,512,46.1333
16,128,8,1024,62.5393
16,128,8,2048,94.8793
16,128,8,4096,158.603
16,128,8,8192,287.349
16,128,8,16384,544.865
16,128,16,16,25.3757
16,128,16,32,25.4933
16,128,16,64,26.1333
16,128,16,128,33.1737
16,128,16,256,42.283
16,128,16,512,58.9127
16,128,16,1024,91.2747
16,128,16,2048,156.224
16,128,16,4096,284.15
16,128,16,8192,546.006
16,128,16,16384,1072.19
16,128,32,16,36.1923
16,128,32,32,36.5547
16,128,32,64,37.1407
16,128,32,128,51.9257
16,128,32,256,69.131
16,128,32,512,101.611
16,128,32,1024,165.11
16,128,32,2048,294.09
16,128,32,4096,554.295
16,128,32,8192,1084.36
16,128,32,16384,2142.57
16,128,64,16,57.6213
16,128,64,32,58.2083
16,128,64,64,59.0613
16,128,64,128,88.8427
16,128,64,256,122.912
16,128,64,512,192.31
16,128,64,1024,329.323
16,128,64,2048,598.006
16,128,64,4096,1200.81
16,128,64,8192,2363.67
16,128,64,16384,5325.3
16,256,0,0,17.8023
16,256,1,16,16.9503
16,256,1,32,16.9707
16,256,1,64,17.0127
16,256,1,128,16.992
16,256,1,256,17.6747
16,256,1,512,24.8003
16,256,1,1024,40.8853
16,256,1,2048,72.8327
16,256,1,4096,137.067
16,256,1,8192,265.249
16,256,1,16384,521.771
16,256,2,16,16.9173
16,256,2,32,16.9063
16,256,2,64,16.9493
16,256,2,128,17.1093
16,256,2,256,17.792
16,256,2,512,24.96
16,256,2,1024,41.099
16,256,2,2048,73.2477
16,256,2,4096,137.536
16,256,2,8192,265.866
16,256,2,16384,522.997
16,256,4,16,17.0453
16,256,4,32,17.0453
16,256,4,64,17.035
16,256,4,128,17.141
16,256,4,256,17.846
16,256,4,512,25.4193
16,256,4,1024,41.7607
16,256,4,2048,73.9733
16,256,4,4096,138.186
16,256,4,8192,267.403
16,256,4,16384,530.485
16,256,8,16,23.7123
16,256,8,32,23.872
16,256,8,64,24.0637
16,256,8,128,27.7013
16,256,8,256,31.7117
16,256,8,512,46.1977
16,256,8,1024,70.0587
16,256,8,2048,102.613
16,256,8,4096,166.379
16,256,8,8192,295.477
16,256,8,16384,551.906
16,256,16,16,29.323
16,256,16,32,29.611
16,256,16,64,29.9733
16,256,16,128,37.237
16,256,16,256,45.44
16,256,16,512,63.0293
16,256,16,1024,95.232
16,256,16,2048,160.213
16,256,16,4096,287.979
16,256,16,8192,550.347
16,256,16,16384,1073.74
16,256,32,16,40.245
16,256,32,32,41.1093
16,256,32,64,41.205
16,256,32,128,56.118
16,256,32,256,72.2133
16,256,32,512,105.312
16,256,32,1024,169.014
16,256,32,2048,297.718
16,256,32,4096,556.353
16,256,32,8192,1088.01
16,256,32,16384,2140.37
16,256,64,16,61.8453
16,256,64,32,62.4
16,256,64,64,63.5527
16,256,64,128,93.056
16,256,64,256,125.216
16,256,64,512,196.779
16,256,64,1024,334.635
16,256,64,2048,600.289
16,256,64,4096,1199.22
16,256,64,8192,2365.41
16,256,64,16384,5424.39
16,512,0,0,25.643
16,512,1,16,24.9813
16,512,1,32,25.11
16,512,1,64,24.9813
16,512,1,128,25.0453
16,512,1,256,25.003
16,512,1,512,25.4613
16,512,1,1024,40.8857
16,512,1,2048,72.9387
16,512,1,4096,137.067
16,512,1,8192,264.992
16,512,1,16384,521.729
16,512,2,16,24.896
16,512,2,32,24.8637
16,512,2,64,24.8957
16,512,2,128,24.907
16,512,2,256,24.9707
16,512,2,512,25.6103
16,512,2,1024,41.1627
16,512,2,2048,73.2373
16,512,2,4096,137.632
16,512,2,8192,265.984
16,512,2,16384,522.57
16,512,4,16,25.0237
16,512,4,32,24.992
16,512,4,64,25.0667
16,512,4,128,25.131
16,512,4,256,25.2157
16,512,4,512,25.7387
16,512,4,1024,41.8987
16,512,4,2048,74.208
16,512,4,4096,138.379
16,512,4,8192,267.104
16,512,4,16384,530.005
16,512,8,16,31.7337
16,512,8,32,31.8933
16,512,8,64,32.0747
16,512,8,128,35.8293
16,512,8,256,39.7977
16,512,8,512,47.883
16,512,8,1024,78.4423
16,512,8,2048,118.4
16,512,8,4096,182.006
16,512,8,8192,312.545
16,512,8,16384,569.068
16,512,16,16,37.3547
16,512,16,32,37.6427
16,512,16,64,38.0587
16,512,16,128,45.301
16,512,16,256,53.312
16,512,16,512,69.536
16,512,16,1024,103.19
16,512,16,2048,167.254
16,512,16,4096,296.64
16,512,16,8192,557.814
16,512,16,16384,1080.34
16,512,32,16,48.1067
16,512,32,32,48.704
16,512,32,64,49.1943
16,512,32,128,64.1493
16,512,32,256,80.1923
16,512,32,512,111.776
16,512,32,1024,177.077
16,512,32,2048,305.781
16,512,32,4096,564.801
16,512,32,8192,1095.51
16,512,32,16384,2147.05
16,512,64,16,69.9527
16,512,64,32,70.432
16,512,64,64,71.5093
16,512,64,128,100.928
16,512,64,256,133.643
16,512,64,512,202.731
16,512,64,1024,343.296
16,512,64,2048,612.097
16,512,64,4096,1203.31
16,512,64,8192,2351.08
16,512,64,16384,4861.97
16,1024,0,0,41.4717
16,1024,1,16,41.013
16,1024,1,32,41.0453
16,1024,1,64,41.0557
16,1024,1,128,41.0133
16,1024,1,256,41.024
16,1024,1,512,41.0773
16,1024,1,1024,41.4187
16,1024,1,2048,73.0027
16,1024,1,4096,137.12
16,1024,1,8192,265.174
16,1024,1,16384,521.696
16,1024,2,16,40.917
16,1024,2,32,40.9277
16,1024,2,64,40.9387
16,1024,2,128,40.9067
16,1024,2,256,40.9817
16,1024,2,512,41.1093
16,1024,2,1024,41.5787
16,1024,2,2048,73.579
16,1024,2,4096,137.515
16,1024,2,8192,266.358
16,1024,2,16384,522.805
16,1024,4,16,41.0343
16,1024,4,32,40.9813
16,1024,4,64,41.056
16,1024,4,128,41.0773
16,1024,4,256,41.6107
16,1024,4,512,41.6003
16,1024,4,1024,41.8773
16,1024,4,2048,74.1643
16,1024,4,4096,138.379
16,1024,4,8192,266.923
16,1024,4,16384,530.646
16,1024,8,16,47.7763
16,1024,8,32,47.712
16,1024,8,64,47.9997
16,1024,8,128,51.6797
16,1024,8,256,55.7657
16,1024,8,512,63.605
16,1024,8,1024,79.8403
16,1024,8,2048,142.144
16,1024,8,4096,213.045
16,1024,8,8192,341.973
16,1024,8,16384,598.423
16,1024,16,16,53.2587
16,1024,16,32,53.6107
16,1024,16,64,53.9837
16,1024,16,128,61.152
16,1024,16,256,69.3333
16,1024,16,512,85.2697
16,1024,16,1024,117.43
16,1024,16,2048,183.083
16,1024,16,4096,311.722
16,1024,16,8192,574.678
16,1024,16,16384,1096.62
16,1024,32,16,64.2877
16,1024,32,32,64.5757
16,1024,32,64,65.2057
16,1024,32,128,79.7443
16,1024,32,256,96.4047
16,1024,32,512,127.925
16,1024,32,1024,191.701
16,1024,32,2048,322.475
16,1024,32,4096,580.139
16,1024,32,8192,1113.2
16,1024,32,16384,2162.62
16,1024,64,16,86.0267
16,1024,64,32,86.752
16,1024,64,64,87.8507
16,1024,64,128,117.643
16,1024,64,256,150.39
16,1024,64,512,219.616
16,1024,64,1024,356.619
16,1024,64,2048,630.293
16,1024,64,4096,1220.81
16,1024,64,8192,2369.61
16,1024,64,16384,4859.06
16,2048,0,0,73.376
16,2048,1,16,73.0773
16,2048,1,32,73.141
16,2048,1,64,73.152
16,2048,1,128,73.1307
16,2048,1,256,73.1953
16,2048,1,512,73.1627
16,2048,1,1024,73.206
16,2048,1,2048,73.3117
16,2048,1,4096,137.067
16,2048,1,8192,266.602
16,2048,1,16384,522.645
16,2048,2,16,73.024
16,2048,2,32,72.9813
16,2048,2,64,72.9707
16,2048,2,128,73.013
16,2048,2,256,73.024
16,2048,2,512,73.0767
16,2048,2,1024,73.184
16,2048,2,2048,73.504
16,2048,2,4096,137.76
16,2048,2,8192,265.91
16,2048,2,16384,523.339
16,2048,4,16,73.141
16,2048,4,32,73.162
16,2048,4,64,73.1413
16,2048,4,128,73.1943
16,2048,4,256,73.2903
16,2048,4,512,73.323
16,2048,4,1024,73.5043
16,2048,4,2048,74.3577
16,2048,4,4096,138.816
16,2048,4,8192,267.136
16,2048,4,16384,530.699
16,2048,8,16,79.7227
16,2048,8,32,79.7547
16,2048,8,64,79.9573
16,2048,8,128,83.5837
16,2048,8,256,87.6907
16,2048,8,512,95.5843
16,2048,8,1024,111.85
16,2048,8,2048,143.957
16,2048,8,4096,270.219
16,2048,8,8192,405.398
16,2048,8,16384,662.454
16,2048,16,16,85.1413
16,2048,16,32,85.461
16,2048,16,64,85.696
16,2048,16,128,92.949
16,2048,16,256,101.098
16,2048,16,512,117.526
16,2048,16,1024,149.259
16,2048,16,2048,213.269
16,2048,16,4096,346.368
16,2048,16,8192,604.725
16,2048,16,16384,1129.37
16,2048,32,16,95.978
16,2048,32,32,96.448
16,2048,32,64,97.1097
16,2048,32,128,111.765
16,2048,32,256,128.16
16,2048,32,512,160.022
16,2048,32,1024,223.233
16,2048,32,2048,351.2
16,2048,32,4096,613.077
16,2048,32,8192,1143.96
16,2048,32,16384,2195.02
16,2048,64,16,118.059
16,2048,64,32,118.667
16,2048,64,64,119.798
16,2048,64,128,149.888
16,2048,64,256,183.755
16,2048,64,512,253.014
16,2048,64,1024,389.462
16,2048,64,2048,665.195
16,2048,64,4096,1258.14
16,2048,64,8192,2401.56
16,2048,64,16384,5155.66
16,4096,0,0,137.269
16,4096,1,16,137.226
16,4096,1,32,137.141
16,4096,1,64,137.173
16,4096,1,128,137.238
16,4096,1,256,137.226
16,4096,1,512,137.238
16,4096,1,1024,137.451
16,4096,1,2048,137.418
16,4096,1,4096,137.397
16,4096,1,8192,265.323
16,4096,1,16384,521.695
16,4096,2,16,137.023
16,4096,2,32,137.216
16,4096,2,64,137.034
16,4096,2,128,137.131
16,4096,2,256,137.12
16,4096,2,512,137.12
16,4096,2,1024,137.301
16,4096,2,2048,137.461
16,4096,2,4096,137.739
16,4096,2,8192,265.995
16,4096,2,16384,523.36
16,4096,4,16,137.205
16,4096,4,32,137.152
16,4096,4,64,137.184
16,4096,4,128,137.163
16,4096,4,256,137.345
16,4096,4,512,137.44
16,4096,4,1024,137.365
16,4096,4,2048,138.143
16,4096,4,4096,138.539
16,4096,4,8192,267.733
16,4096,4,16384,531.372
16,4096,8,16,143.615
16,4096,8,32,143.925
16,4096,8,64,143.882
16,4096,8,128,147.936
16,4096,8,256,151.776
16,4096,8,512,159.584
16,4096,8,1024,175.627
16,4096,8,2048,207.936
16,4096,8,4096,273.088
16,4096,8,8192,529.633
16,4096,8,16384,797.569
16,4096,16,16,149.003
16,4096,16,32,149.707
16,4096,16,64,149.877
16,4096,16,128,156.715
16,4096,16,256,164.971
16,4096,16,512,180.907
16,4096,16,1024,213.024
16,4096,16,2048,276.544
16,4096,16,4096,409.013
16,4096,16,8192,680
16,4096,16,16384,1211.05
16,4096,32,16,159.819
16,4096,32,32,160.683
16,4096,32,64,160.662
16,4096,32,128,175.435
16,4096,32,256,191.777
16,4096,32,512,223.509
16,4096,32,1024,287.51
16,4096,32,2048,414.582
16,4096,32,4096,677.249
16,4096,32,8192,1217.5
16,4096,32,16384,2279.49
16,4096,64,16,181.707
16,4096,64,32,182.965
16,4096,64,64,183.724
16,4096,64,128,213.782
16,4096,64,256,248.064
16,4096,64,512,319.061
16,4096,64,1024,456.885
16,4096,64,2048,742.476
16,4096,64,4096,1361.56
16,4096,64,8192,2742.9
16,4096,64,16384,5216.21
16,8192,0,0,266.123
16,8192,1,16,265.632
16,8192,1,32,265.483
16,8192,1,64,265.792
16,8192,1,128,265.493
16,8192,1,256,265.75
16,8192,1,512,265.504
16,8192,1,1024,265.845
16,8192,1,2048,265.781
16,8192,1,4096,265.675
16,8192,1,8192,265.803
16,8192,1,16384,521.834
16,8192,2,16,265.184
16,8192,2,32,265.227
16,8192,2,64,265.174
16,8192,2,128,265.312
16,8192,2,256,265.153
16,8192,2,512,265.322
16,8192,2,1024,266.09
16,8192,2,2048,266.528
16,8192,2,4096,265.824
16,8192,2,8192,266.016
16,8192,2,16384,526.539
16,8192,4,16,265.312
16,8192,4,32,265.334
16,8192,4,64,265.237
16,8192,4,128,265.408
16,8192,4,256,265.547
16,8192,4,512,265.6
16,8192,4,1024,265.76
16,8192,4,2048,265.877
16,8192,4,4096,266.112
16,8192,4,8192,268.107
16,8192,4,16384,531.936
16,8192,8,16,271.734
16,8192,8,32,271.36
16,8192,8,64,271.637
16,8192,8,128,275.509
16,8192,8,256,279.595
16,8192,8,512,287.296
16,8192,8,1024,303.392
16,8192,8,2048,335.872
16,8192,8,4096,400.555
16,8192,8,8192,538.368
16,8192,8,16384,1051.73
16,8192,16,16,277.077
16,8192,16,32,276.929
16,8192,16,64,277.952
16,8192,16,128,284.49
16,8192,16,256,292.501
16,8192,16,512,309.152
16,8192,16,1024,340.267
16,8192,16,2048,404.65
16,8192,16,4096,537.226
16,8192,16,8192,811.617
16,8192,16,16384,1350.92
16,8192,32,16,287.552
16,8192,32,32,287.435
16,8192,32,64,288.619
16,8192,32,128,303.072
16,8192,32,256,319.488
16,8192,32,512,351.115
16,8192,32,1024,415.499
16,8192,32,2048,542.742
16,8192,32,4096,807.125
16,8192,32,8192,1342.26
16,8192,32,16384,2431.04
16,8192,64,16,309.003
16,8192,64,32,309.92
16,8192,64,64,311.979
16,8192,64,128,341.568
16,8192,64,256,375.957
16,8192,64,512,447.179
16,8192,64,1024,587.83
16,8192,64,2048,899.499
16,8192,64,4096,1541.94
16,8192,64,8192,2713.04
16,8192,64,16384,5893.39
16,16384,0,0,522.443
16,16384,1,16,521.963
16,16384,1,32,521.535
16,16384,1,64,521.889
16,16384,1,128,521.792
16,16384,1,256,521.696
16,16384,1,512,522.198
16,16384,1,1024,521.781
16,16384,1,2048,522.188
16,16384,1,4096,522.027
16,16384,1,8192,521.792
16,16384,1,16384,522.507
16,16384,2,16,521.44
16,16384,2,32,521.74
16,16384,2,64,521.333
16,16384,2,128,521.441
16,16384,2,256,521.397
16,16384,2,512,521.451
16,16384,2,1024,521.654
16,16384,2,2048,521.632
16,16384,2,4096,521.685
16,16384,2,8192,524.896
16,16384,2,16384,527.659
16,16384,4,16,522.005
16,16384,4,32,521.77
16,16384,4,64,521.771
16,16384,4,128,521.792
16,16384,4,256,521.653
16,16384,4,512,521.844
16,16384,4,1024,522.144
16,16384,4,2048,522.165
16,16384,4,4096,524.043
16,16384,4,8192,529.761
16,16384,4,16384,531.723
16,16384,8,16,527.691
16,16384,8,32,526.954
16,16384,8,64,527.178
16,16384,8,128,532.256
16,16384,8,256,536.064
16,16384,8,512,543.104
16,16384,8,1024,559.189
16,16384,8,2048,591.606
16,16384,8,4096,656.864
16,16384,8,8192,797.43
16,16384,8,16384,1074.44
16,16384,16,16,532.074
16,16384,16,32,532.641
16,16384,16,64,534.411
16,16384,16,128,540.341
16,16384,16,256,548.011
16,16384,16,512,563.744
16,16384,16,1024,595.317
16,16384,16,2048,659.69
16,16384,16,4096,791.083
16,16384,16,8192,1058.22
16,16384,16,16384,1605.91
16,16384,32,16,543.306
16,16384,32,32,543.573
16,16384,32,64,543.765
16,16384,32,128,558.421
16,16384,32,256,575.285
16,16384,32,512,605.941
16,16384,32,1024,670.379
16,16384,32,2048,797.889
16,16384,32,4096,1063.65
16,16384,32,8192,1604.92
16,16384,32,16384,2652.98
16,16384,64,16,564.001
16,16384,64,32,564.534
16,16384,64,64,567.52
16,16384,64,128,597.92
16,16384,64,256,631.68
16,16384,64,512,703.413
16,16384,64,1024,843.936
16,16384,64,2048,1168.59
16,16384,64,4096,1870.16
16,16384,64,8192,3065.3
16,16384,64,16384,5601.49
32,0,0,0,10.048
32,0,1,16,9.97333
32,0,1,32,9.99433
32,0,1,64,9.984
32,0,1,128,13.0133
32,0,1,256,16.9277
32,0,1,512,24.864
32,0,1,1024,40.9173
32,0,1,2048,72.96
32,0,1,4096,137.024
32,0,1,8192,265.407
32,0,1,16384,521.92
32,0,2,16,10.0483
32,0,2,32,9.98367
32,0,2,64,10.005
32,0,2,128,13.045
32,0,2,256,17.003
32,0,2,512,24.992
32,0,2,1024,41.4937
32,0,2,2048,73.3547
32,0,2,4096,137.472
32,0,2,8192,265.973
32,0,2,16384,523.062
32,0,4,16,10.0593
32,0,4,32,10.048
32,0,4,64,10.2293
32,0,4,128,13.152
32,0,4,256,17.344
32,0,4,512,25.504
32,0,4,1024,42.0583
32,0,4,2048,74.283
32,0,4,4096,138.539
32,0,4,8192,267.2
32,0,4,16384,530.657
32,0,8,16,15.7757
32,0,8,32,15.7977
32,0,8,64,15.8403
32,0,8,128,22.144
32,0,8,256,29.9093
32,0,8,512,38.8267
32,0,8,1024,54.7627
32,0,8,2048,87.4667
32,0,8,4096,151.061
32,0,8,8192,278.838
32,0,8,16384,540.779
32,0,16,16,21.2693
32,0,16,32,21.3757
32,0,16,64,21.6747
32,0,16,128,30.005
32,0,16,256,38.6663
32,0,16,512,55.8077
32,0,16,1024,87.4343
32,0,16,2048,152.394
32,0,16,4096,280.384
32,0,16,8192,543.115
32,0,16,16384,1071.23
32,0,32,16,32.3413
32,0,32,32,32.6293
32,0,32,64,33.0447
32,0,32,128,48.6937
32,0,32,256,65.3553
32,0,32,512,98.741
32,0,32,1024,161.536
32,0,32,2048,290.4
32,0,32,4096,548.31
32,0,32,8192,1081.74
32,0,32,16384,2141.13
32,0,64,16,53.6213
32,0,64,32,54.1333
32,0,64,64,55.093
32,0,64,128,85.963
32,0,64,256,120.971
32,0,64,512,187.701
32,0,64,1024,325.323
32,0,64,2048,596.022
32,0,64,4096,1198.87
32,0,64,8192,2405.57
32,0,64,16384,4880.63
32,16,0,0,10.176
32,16,1,16,10.0057
32,16,1,32,10.0267
32,16,1,64,10.0367
32,16,1,128,12.9067
32,16,1,256,16.907
32,16,1,512,25.1097
32,16,1,1024,41.2487
32,16,1,2048,73.088
32,16,1,4096,137.163
32,16,1,8192,265.292
32,16,1,16384,521.248
32,16,2,16,10.0373
32,16,2,32,10.1437
32,16,2,64,10.1333
32,16,2,128,13.024
32,16,2,256,16.992
32,16,2,512,25.0347
32,16,2,1024,41.1733
32,16,2,2048,73.291
32,16,2,4096,137.525
32,16,2,8192,266.25
32,16,2,16384,522.624
32,16,4,16,10.1013
32,16,4,32,10.2827
32,16,4,64,10.2827
32,16,4,128,13.12
32,16,4,256,17.3023
32,16,4,512,25.622
32,16,4,1024,41.9307
32,16,4,2048,74.336
32,16,4,4096,138.283
32,16,4,8192,267.423
32,16,4,16384,530.635
32,16,8,16,15.8933
32,16,8,32,16.0207
32,16,8,64,16.288
32,16,8,128,22.1657
32,16,8,256,30.2507
32,16,8,512,38.8697
32,16,8,1024,55.3063
32,16,8,2048,87.5203
32,16,8,4096,151.221
32,16,8,8192,279.946
32,16,8,16384,539.925
32,16,16,16,21.366
32,16,16,32,21.5253
32,16,16,64,21.942
32,16,16,128,30.0693
32,16,16,256,38.7203
32,16,16,512,55.8507
32,16,16,1024,87.9467
32,16,16,2048,152.256
32,16,16,4096,280.96
32,16,16,8192,542.806
32,16,16,16384,1071.15
32,16,32,16,32.3093
32,16,32,32,32.7043
32,16,32,64,33.1523
32,16,32,128,48.949
32,16,32,256,65.995
32,16,32,512,98.5277
32,16,32,1024,161.312
32,16,32,2048,289.717
32,16,32,4096,548.853
32,16,32,8192,1081.45
32,16,32,16384,2140.23
32,16,64,16,53.7493
32,16,64,32,54.2407
32,16,64,64,55.1573
32,16,64,128,86.048
32,16,64,256,120.992
32,16,64,512,187.829
32,16,64,1024,325.056
32,16,64,2048,598.198
32,16,64,4096,1203.32
32,16,64,8192,2368.36
32,16,64,16384,5010.59
32,32,0,0,10.198
32,32,1,16,10.0057
32,32,1,32,10.0477
32,32,1,64,10.0693
32,32,1,128,12.9603
32,32,1,256,16.9283
32,32,1,512,24.896
32,32,1,1024,40.9603
32,32,1,2048,73.003
32,32,1,4096,137.056
32,32,1,8192,265.089
32,32,1,16384,521.472
32,32,2,16,10.0703
32,32,2,32,10.1227
32,32,2,64,10.1973
32,32,2,128,13.0343
32,32,2,256,17.0347
32,32,2,512,25.0133
32,32,2,1024,41.2157
32,32,2,2048,73.323
32,32,2,4096,137.792
32,32,2,8192,266.176
32,32,2,16384,523.189
32,32,4,16,10.144
32,32,4,32,10.2297
32,32,4,64,10.3367
32,32,4,128,13.141
32,32,4,256,17.333
32,32,4,512,25.6317
32,32,4,1024,42.027
32,32,4,2048,74.1013
32,32,4,4096,138.336
32,32,4,8192,267.339
32,32,4,16384,530.613
32,32,8,16,16.0637
32,32,8,32,16.277
32,32,8,64,16.3413
32,32,8,128,22.1653
32,32,8,256,30.304
32,32,8,512,38.6027
32,32,8,1024,55.456
32,32,8,2048,87.595
32,32,8,4096,151.574
32,32,8,8192,279.35
32,32,8,16384,541.174
32,32,16,16,21.4827
32,32,16,32,21.6857
32,32,16,64,22.122
32,32,16,128,30.037
32,32,16,256,38.7087
32,32,16,512,55.2853
32,32,16,1024,87.8927
32,32,16,2048,152.49
32,32,16,4096,281.355
32,32,16,8192,542.443
32,32,16,16384,1070.9
32,32,32,16,32.3627
32,32,32,32,32.8317
32,32,32,64,33.312
32,32,32,128,48.736
32,32,32,256,65.7493
32,32,32,512,97.92
32,32,32,1024,161.888
32,32,32,2048,289.856
32,32,32,4096,549.014
32,32,32,8192,1083.39
32,32,32,16384,2153.35
32,32,64,16,53.835
32,32,64,32,54.3037
32,32,64,64,55.072
32,32,64,128,85.6957
32,32,64,256,120.96
32,32,64,512,188.075
32,32,64,1024,325.749
32,32,64,2048,596.47
32,32,64,4096,1201.79
32,32,64,8192,2362.35
32,32,64,16384,4920.36
32,64,0,0,10.272
32,64,1,16,10.1013
32,64,1,32,10.1223
32,64,1,64,10.1543
32,64,1,128,12.9493
32,64,1,256,16.9493
32,64,1,512,24.875
32,64,1,1024,40.8957
32,64,1,2048,73.1727
32,64,1,4096,137.013
32,64,1,8192,265.6
32,64,1,16384,521.631
32,64,2,16,10.1447
32,64,2,32,10.1017
32,64,2,64,10.2827
32,64,2,128,13.152
32,64,2,256,17.1947
32,64,2,512,25.056
32,64,2,1024,41.2477
32,64,2,2048,73.408
32,64,2,4096,137.727
32,64,2,8192,266.304
32,64,2,16384,523.04
32,64,4,16,10.294
32,64,4,32,10.2507
32,64,4,64,10.432
32,64,4,128,13.1843
32,64,4,256,17.2587
32,64,4,512,25.536
32,64,4,1024,41.877
32,64,4,2048,74.1653
32,64,4,4096,138.198
32,64,4,8192,267.274
32,64,4,16384,530.944
32,64,8,16,16.0963
32,64,8,32,16.2667
32,64,8,64,16.416
32,64,8,128,22.1547
32,64,8,256,30.336
32,64,8,512,39.4027
32,64,8,1024,55.5413
32,64,8,2048,88.2557
32,64,8,4096,152.001
32,64,8,8192,279.669
32,64,8,16384,540.032
32,64,16,16,21.6533
32,64,16,32,21.76
32,64,16,64,22.1543
32,64,16,128,30.1653
32,64,16,256,38.9333
32,64,16,512,56.064
32,64,16,1024,87.9467
32,64,16,2048,153.365
32,64,16,4096,280.704
32,64,16,8192,542.123
32,64,16,16384,1077.07
32,64,32,16,32.587
32,64,32,32,32.8643
32,64,32,64,33.365
32,64,32,128,49.0027
32,64,32,256,66.3147
32,64,32,512,97.846
32,64,32,1024,161.216
32,64,32,2048,289.973
32,64,32,4096,548.949
32,64,32,8192,1081.73
32,64,32,16384,2139.76
32,64,64,16,53.952
32,64,64,32,54.368
32,64,64,64,55.381
32,64,64,128,86.0797
32,64,64,256,121.067
32,64,64,512,188.192
32,64,64,1024,325.024
32,64,64,2048,594.997
32,64,64,4096,1197.33
32,64,64,8192,2348.65
32,64,64,16384,5170.47
32,128,0,0,14.1333
32,128,1,16,13.1727
32,128,1,32,13.1307
32,128,1,64,13.1733
32,128,1,128,13.8133
32,128,1,256,16.9597
32,128,1,512,24.9067
32,128,1,1024,40.9817
32,128,1,2048,72.9707
32,128,1,4096,136.992
32,128,1,8192,265.185
32,128,1,16384,521.706
32,128,2,16,13.1523
32,128,2,32,13.1733
32,128,2,64,13.152
32,128,2,128,13.8347
32,128,2,256,17.056
32,128,2,512,25.077
32,128,2,1024,41.216
32,128,2,2048,73.3013
32,128,2,4096,137.686
32,128,2,8192,266.144
32,128,2,16384,523.285
32,128,4,16,13.248
32,128,4,32,13.2267
32,128,4,64,13.2907
32,128,4,128,13.9843
32,128,4,256,17.2903
32,128,4,512,25.5257
32,128,4,1024,41.984
32,128,4,2048,74.2507
32,128,4,4096,138.559
32,128,4,8192,267.797
32,128,4,16384,532.213
32,128,8,16,20.053
32,128,8,32,20.171
32,128,8,64,20.5547
32,128,8,128,23.9573
32,128,8,256,30.1763
32,128,8,512,46.368
32,128,8,1024,63.2427
32,128,8,2048,95.8613
32,128,8,4096,158.998
32,128,8,8192,288.053
32,128,8,16384,546.208
32,128,16,16,25.579
32,128,16,32,25.6107
32,128,16,64,26.0583
32,128,16,128,33.376
32,128,16,256,42.389
32,128,16,512,59.3603
32,128,16,1024,91.9143
32,128,16,2048,155.851
32,128,16,4096,284.117
32,128,16,8192,546.934
32,128,16,16384,1071.38
32,128,32,16,36.4157
32,128,32,32,36.832
32,128,32,64,37.2693
32,128,32,128,52.1173
32,128,32,256,69.1517
32,128,32,512,102.005
32,128,32,1024,164.896
32,128,32,2048,294.037
32,128,32,4096,553.27
32,128,32,8192,1088.11
32,128,32,16384,2141.38
32,128,64,16,57.8347
32,128,64,32,58.304
32,128,64,64,59.8077
32,128,64,128,89.0453
32,128,64,256,122.944
32,128,64,512,192.704
32,128,64,1024,329.12
32,128,64,2048,596.48
32,128,64,4096,1199.26
32,128,64,8192,2374.25
32,128,64,16384,5084.27
32,256,0,0,18.0053
32,256,1,16,17.1303
32,256,1,32,17.1307
32,256,1,64,17.1733
32,256,1,128,17.1727
32,256,1,256,17.75
32,256,1,512,24.885
32,256,1,1024,40.9707
32,256,1,2048,73.0137
32,256,1,4096,137.12
32,256,1,8192,265.066
32,256,1,16384,521.931
32,256,2,16,17.1093
32,256,2,32,17.1517
32,256,2,64,17.1627
32,256,2,128,17.1627
32,256,2,256,17.835
32,256,2,512,25.056
32,256,2,1024,41.2053
32,256,2,2048,73.4403
32,256,2,4096,137.589
32,256,2,8192,267.189
32,256,2,16384,524.203
32,256,4,16,17.237
32,256,4,32,17.163
32,256,4,64,17.248
32,256,4,128,17.3227
32,256,4,256,17.9413
32,256,4,512,25.6113
32,256,4,1024,41.8447
32,256,4,2048,74.219
32,256,4,4096,138.581
32,256,4,8192,267.808
32,256,4,16384,531.477
32,256,8,16,24.0647
32,256,8,32,24.1393
32,256,8,64,24.4797
32,256,8,128,27.8933
32,256,8,256,31.9153
32,256,8,512,46.4107
32,256,8,1024,70.2503
32,256,8,2048,103.104
32,256,8,4096,166.517
32,256,8,8192,295.658
32,256,8,16384,551.723
32,256,16,16,29.461
32,256,16,32,29.7387
32,256,16,64,30.027
32,256,16,128,37.2693
32,256,16,256,45.4293
32,256,16,512,63.1573
32,256,16,1024,95.1257
32,256,16,2048,160.363
32,256,16,4096,288.373
32,256,16,8192,549.952
32,256,16,16384,1073.32
32,256,32,16,40.4907
32,256,32,32,40.6183
32,256,32,64,41.7383
32,256,32,128,56.6723
32,256,32,256,72.3627
32,256,32,512,105.663
32,256,32,1024,169.077
32,256,32,2048,297.877
32,256,32,4096,557.088
32,256,32,8192,1088.18
32,256,32,16384,2140.76
32,256,64,16,61.9413
32,256,64,32,62.5497
32,256,64,64,63.5733
32,256,64,128,92.9923
32,256,64,256,125.365
32,256,64,512,196.362
32,256,64,1024,334.923
32,256,64,2048,600.811
32,256,64,4096,1202.23
32,256,64,8192,2359.06
32,256,64,16384,5076.12
32,512,0,0,25.8667
32,512,1,16,25.3547
32,512,1,32,25.1203
32,512,1,64,25.1307
32,512,1,128,25.1517
32,512,1,256,25.173
32,512,1,512,25.6
32,512,1,1024,41.0133
32,512,1,2048,72.9807
32,512,1,4096,137.088
32,512,1,8192,265.152
32,512,1,16384,521.323
32,512,2,16,25.0883
32,512,2,32,25.1097
32,512,2,64,25.0993
32,512,2,128,25.12
32,512,2,256,25.152
32,512,2,512,25.7067
32,512,2,1024,41.3013
32,512,2,2048,73.4297
32,512,2,4096,137.6
32,512,2,8192,266.272
32,512,2,16384,523.136
32,512,4,16,25.2373
32,512,4,32,25.205
32,512,4,64,25.2053
32,512,4,128,25.44
32,512,4,256,25.3653
32,512,4,512,25.9303
32,512,4,1024,41.9623
32,512,4,2048,74.4963
32,512,4,4096,138.379
32,512,4,8192,267.392
32,512,4,16384,533.941
32,512,8,16,32.181
32,512,8,32,32.1177
32,512,8,64,32.416
32,512,8,128,36.0317
32,512,8,256,40
32,512,8,512,48.0967
32,512,8,1024,78.5167
32,512,8,2048,118.453
32,512,8,4096,182.719
32,512,8,8192,310.709
32,512,8,16384,568.384
32,512,16,16,37.4613
32,512,16,32,37.6747
32,512,16,64,38.0907
32,512,16,128,45.4073
32,512,16,256,53.3973
32,512,16,512,69.7283
32,512,16,1024,103.135
32,512,16,2048,167.275
32,512,16,4096,296.288
32,512,16,8192,558.037
32,512,16,16384,1080.85
32,512,32,16,48.4163
32,512,32,32,48.8213
32,512,32,64,49.4717
32,512,32,128,64.1707
32,512,32,256,80.2347
32,512,32,512,111.904
32,512,32,1024,176.619
32,512,32,2048,306.048
32,512,32,4096,564.63
32,512,32,8192,1096.99
32,512,32,16384,2149.3
32,512,64,16,69.9093
32,512,64,32,70.4103
32,512,64,64,71.765
32,512,64,128,101.237
32,512,64,256,133.461
32,512,64,512,202.987
32,512,64,1024,342.496
32,512,64,2048,612.32
32,512,64,4096,1203.81
32,512,64,8192,2341.12
32,512,64,16384,4907.45
32,1024,0,0,41.7173
32,1024,1,16,41.184
32,1024,1,32,41.2157
32,1024,1,64,41.226
32,1024,1,128,41.2477
32,1024,1,256,41.4613
32,1024,1,512,41.216
32,1024,1,1024,41.632
32,1024,1,2048,73.024
32,1024,1,4096,137.067
32,1024,1,8192,265.557
32,1024,1,16384,521.578
32,1024,2,16,41.12
32,1024,2,32,41.13
32,1024,2,64,41.206
32,1024,2,128,41.2053
32,1024,2,256,41.1947
32,1024,2,512,41.2907
32,1024,2,1024,41.749
32,1024,2,2048,73.4073
32,1024,2,4096,137.547
32,1024,2,8192,266.175
32,1024,2,16384,524.085
32,1024,4,16,41.2163
32,1024,4,32,41.2267
32,1024,4,64,41.2267
32,1024,4,128,41.3973
32,1024,4,256,41.4297
32,1024,4,512,41.6313
32,1024,4,1024,42.0583
32,1024,4,2048,74.368
32,1024,4,4096,138.528
32,1024,4,8192,267.829
32,1024,4,16384,531.19
32,1024,8,16,47.9783
32,1024,8,32,48.1383
32,1024,8,64,48.341
32,1024,8,128,51.9567
32,1024,8,256,55.947
32,1024,8,512,63.8717
32,1024,8,1024,80.2027
32,1024,8,2048,142.389
32,1024,8,4096,214.058
32,1024,8,8192,343.456
32,1024,8,16384,600.534
32,1024,16,16,53.4293
32,1024,16,32,53.6963
32,1024,16,64,53.9947
32,1024,16,128,61.216
32,1024,16,256,69.4613
32,1024,16,512,85.504
32,1024,16,1024,117.525
32,1024,16,2048,183.381
32,1024,16,4096,312.853
32,1024,16,8192,573.579
32,1024,16,16384,1096.19
32,1024,32,16,64.373
32,1024,32,32,64.7147
32,1024,32,64,65.3337
32,1024,32,128,80.075
32,1024,32,256,96.1283
32,1024,32,512,127.733
32,1024,32,1024,191.562
32,1024,32,2048,322.027
32,1024,32,4096,580.043
32,1024,32,8192,1112.08
32,1024,32,16384,2164.1
32,1024,64,16,86.112
32,1024,64,32,86.8267
32,1024,64,64,88.16
32,1024,64,128,117.632
32,1024,64,256,149.611
32,1024,64,512,220.918
32,1024,64,1024,357.856
32,1024,64,2048,629.76
32,1024,64,4096,1214.91
32,1024,64,8192,2362.22
32,1024,64,16384,4994.33
32,2048,0,0,73.6007
32,2048,1,16,73.3013
32,2048,1,32,73.3113
32,2048,1,64,73.312
32,2048,1,128,73.2797
32,2048,1,256,73.323
32,2048,1,512,73.3227
32,2048,1,1024,73.3757
32,2048,1,2048,73.5147
32,2048,1,4096,137.206
32,2048,1,8192,265.45
32,2048,1,16384,521.205
32,2048,2,16,73.1947
32,2048,2,32,73.2267
32,2048,2,64,73.258
32,2048,2,128,73.12
32,2048,2,256,73.2267
32,2048,2,512,73.3333
32,2048,2,1024,73.429
32,2048,2,2048,73.5467
32,2048,2,4096,137.738
32,2048,2,8192,266.219
32,2048,2,16384,522.976
32,2048,4,16,73.2583
32,2048,4,32,74.272
32,2048,4,64,73.9413
32,2048,4,128,73.6537
32,2048,4,256,73.3757
32,2048,4,512,73.5143
32,2048,4,1024,73.8987
32,2048,4,2048,74.4743
32,2048,4,4096,138.699
32,2048,4,8192,267.264
32,2048,4,16384,531.339
32,2048,8,16,79.915
32,2048,8,32,80.1813
32,2048,8,64,80.1387
32,2048,8,128,83.9353
32,2048,8,256,87.861
32,2048,8,512,95.8403
32,2048,8,1024,112.107
32,2048,8,2048,144.277
32,2048,8,4096,270.581
32,2048,8,8192,405.461
32,2048,8,16384,663.126
32,2048,16,16,85.4613
32,2048,16,32,85.3547
32,2048,16,64,85.9947
32,2048,16,128,93.1097
32,2048,16,256,101.333
32,2048,16,512,117.259
32,2048,16,1024,149.12
32,2048,16,2048,212.555
32,2048,16,4096,344.064
32,2048,16,8192,605.781
32,2048,16,16384,1133.56
32,2048,32,16,96.2983
32,2048,32,32,96.8103
32,2048,32,64,96.9497
32,2048,32,128,112.032
32,2048,32,256,128.587
32,2048,32,512,160.107
32,2048,32,1024,223.541
32,2048,32,2048,350.923
32,2048,32,4096,613.056
32,2048,32,8192,1145.33
32,2048,32,16384,2196.26
32,2048,64,16,118.144
32,2048,64,32,118.742
32,2048,64,64,120.171
32,2048,64,128,149.802
32,2048,64,256,183.307
32,2048,64,512,253.643
32,2048,64,1024,389.856
32,2048,64,2048,666.87
32,2048,64,4096,1252.74
32,2048,64,8192,2401.79
32,2048,64,16384,5487.93
32,4096,0,0,137.515
32,4096,1,16,137.493
32,4096,1,32,137.493
32,4096,1,64,137.547
32,4096,1,128,137.407
32,4096,1,256,137.696
32,4096,1,512,138.251
32,4096,1,1024,137.492
32,4096,1,2048,137.589
32,4096,1,4096,137.675
32,4096,1,8192,265.173
32,4096,1,16384,521.483
32,4096,2,16,137.322
32,4096,2,32,137.46
32,4096,2,64,137.397
32,4096,2,128,137.269
32,4096,2,256,137.408
32,4096,2,512,137.45
32,4096,2,1024,137.589
32,4096,2,2048,137.696
32,4096,2,4096,137.941
32,4096,2,8192,266.047
32,4096,2,16384,523.637
32,4096,4,16,137.493
32,4096,4,32,137.45
32,4096,4,64,137.407
32,4096,4,128,137.429
32,4096,4,256,137.578
32,4096,4,512,137.568
32,4096,4,1024,137.813
32,4096,4,2048,138.197
32,4096,4,4096,138.72
32,4096,4,8192,267.563
32,4096,4,16384,531.242
32,4096,8,16,143.925
32,4096,8,32,144.117
32,4096,8,64,144.384
32,4096,8,128,147.755
32,4096,8,256,151.872
32,4096,8,512,159.946
32,4096,8,1024,176.747
32,4096,8,2048,208.352
32,4096,8,4096,273.814
32,4096,8,8192,532.768
32,4096,8,16384,797.109
32,4096,16,16,149.375
32,4096,16,32,150.507
32,4096,16,64,150.239
32,4096,16,128,156.959
32,4096,16,256,165.173
32,4096,16,512,181.002
32,4096,16,1024,213.173
32,4096,16,2048,276.842
32,4096,16,4096,408.852
32,4096,16,8192,679.861
32,4096,16,16384,1210.42
32,4096,32,16,159.925
32,4096,32,32,160.235
32,4096,32,64,161.003
32,4096,32,128,175.691
32,4096,32,256,191.967
32,4096,32,512,223.691
32,4096,32,1024,287.893
32,4096,32,2048,414.965
32,4096,32,4096,675.968
32,4096,32,8192,1217.6
32,4096,32,16384,2279.45
32,4096,64,16,181.963
32,4096,64,32,182.837
32,4096,64,64,183.851
32,4096,64,128,213.429
32,4096,64,256,248.309
32,4096,64,512,319.243
32,4096,64,1024,457.333
32,4096,64,2048,742.059
32,4096,64,4096,1361.75
32,4096,64,8192,2731.36
32,4096,64,16384,5301.52
32,8192,0,0,265.866
32,8192,1,16,265.973
32,8192,1,32,265.856
32,8192,1,64,265.867
32,8192,1,128,265.867
32,8192,1,256,265.942
32,8192,1,512,265.877
32,8192,1,1024,265.931
32,8192,1,2048,265.877
32,8192,1,4096,265.93
32,8192,1,8192,265.983
32,8192,1,16384,521.738
32,8192,2,16,265.408
32,8192,2,32,265.29
32,8192,2,64,265.504
32,8192,2,128,265.408
32,8192,2,256,265.482
32,8192,2,512,265.664
32,8192,2,1024,265.866
32,8192,2,2048,266.059
32,8192,2,4096,265.963
32,8192,2,8192,266.282
32,8192,2,16384,526.72
32,8192,4,16,266.271
32,8192,4,32,265.525
32,8192,4,64,265.674
32,8192,4,128,265.877
32,8192,4,256,265.813
32,8192,4,512,265.493
32,8192,4,1024,266.036
32,8192,4,2048,266.443
32,8192,4,4096,266.603
32,8192,4,8192,268.427
32,8192,4,16384,532.267
32,8192,8,16,272.01
32,8192,8,32,272.458
32,8192,8,64,272.266
32,8192,8,128,275.541
32,8192,8,256,280.032
32,8192,8,512,288
32,8192,8,1024,303.904
32,8192,8,2048,336.042
32,8192,8,4096,401.77
32,8192,8,8192,538.474
32,8192,8,16384,1054.06
32,8192,16,16,276.854
32,8192,16,32,277.322
32,8192,16,64,277.269
32,8192,16,128,284.608
32,8192,16,256,292.651
32,8192,16,512,308.992
32,8192,16,1024,340.725
32,8192,16,2048,404.586
32,8192,16,4096,536.107
32,8192,16,8192,811.627
32,8192,16,16384,1348.17
32,8192,32,16,287.68
32,8192,32,32,287.904
32,8192,32,64,288.619
32,8192,32,128,303.254
32,8192,32,256,320.042
32,8192,32,512,351.372
32,8192,32,1024,415.562
32,8192,32,2048,545.845
32,8192,32,4096,806.41
32,8192,32,8192,1343.6
32,8192,32,16384,2422.32
32,8192,64,16,309.397
32,8192,64,32,310.421
32,8192,64,64,311.872
32,8192,64,128,341.376
32,8192,64,256,375.157
32,8192,64,512,447.317
32,8192,64,1024,586.624
32,8192,64,2048,898.283
32,8192,64,4096,1537.98
32,8192,64,8192,2706.09
32,8192,64,16384,6351.26
32,16384,0,0,522.368
32,16384,1,16,522.293
32,16384,1,32,521.781
32,16384,1,64,522.133
32,16384,1,128,524.063
32,16384,1,256,522.239
32,16384,1,512,522.591
32,16384,1,1024,522.804
32,16384,1,2048,522.752
32,16384,1,4096,522.25
32,16384,1,8192,522.443
32,16384,1,16384,524.224
32,16384,2,16,524.16
32,16384,2,32,522.325
32,16384,2,64,522.453
32,16384,2,128,521.802
32,16384,2,256,521.993
32,16384,2,512,521.568
32,16384,2,1024,521.792
32,16384,2,2048,522.261
32,16384,2,4096,522.165
32,16384,2,8192,524.927
32,16384,2,16384,527.925
32,16384,4,16,522.122
32,16384,4,32,522.1
32,16384,4,64,522.057
32,16384,4,128,522.325
32,16384,4,256,522.293
32,16384,4,512,522.474
32,16384,4,1024,522.943
32,16384,4,2048,522.793
32,16384,4,4096,524.427
32,16384,4,8192,530.89
32,16384,4,16384,532.042
32,16384,8,16,527.296
32,16384,8,32,527.851
32,16384,8,64,527.668
32,16384,8,128,530.986
32,16384,8,256,535.317
32,16384,8,512,543.69
32,16384,8,1024,560.235
32,16384,8,2048,591.904
32,16384,8,4096,657.429
32,16384,8,8192,795.755
32,16384,8,16384,1072.91
32,16384,16,16,532.543
32,16384,16,32,533.216
32,16384,16,64,533.12
32,16384,16,128,540.299
32,16384,16,256,548.437
32,16384,16,512,566.559
32,16384,16,1024,598.527
32,16384,16,2048,661.6
32,16384,16,4096,791.402
32,16384,16,8192,1059.39
32,16384,16,16384,1607.36
32,16384,32,16,541.984
32,16384,32,32,542.644
32,16384,32,64,543.626
32,16384,32,128,558.431
32,16384,32,256,574.677
32,16384,32,512,606.666
32,16384,32,1024,669.984
32,16384,32,2048,798.111
32,16384,32,4096,1065.23
32,16384,32,8192,1604.85
32,16384,32,16384,2654.28
32,16384,64,16,563.851
32,16384,64,32,565.953
32,16384,64,64,567.754
32,16384,64,128,596.299
32,16384,64,256,630.624
32,16384,64,512,704.939
32,16384,64,1024,842.507
32,16384,64,2048,1167.64
32,16384,64,4096,1871.31
32,16384,64,8192,3078.59
32,16384,64,16384,5967.34
64,0,0,0,10.3363
64,0,1,16,10.219
64,0,1,32,10.2507
64,0,1,64,10.3253
64,0,1,128,13.0133
64,0,1,256,16.9707
64,0,1,512,24.9067
64,0,1,1024,40.9603
64,0,1,2048,73.045
64,0,1,4096,137.13
64,0,1,8192,265.108
64,0,1,16384,521.771
64,0,2,16,10.282
64,0,2,32,10.2833
64,0,2,64,10.3467
64,0,2,128,13.1307
64,0,2,256,17.1627
64,0,2,512,25.067
64,0,2,1024,41.162
64,0,2,2048,73.3223
64,0,2,4096,137.792
64,0,2,8192,266.347
64,0,2,16384,524.821
64,0,4,16,10.2827
64,0,4,32,10.4003
64,0,4,64,10.496
64,0,4,128,13.184
64,0,4,256,17.3013
64,0,4,512,25.5567
64,0,4,1024,41.973
64,0,4,2048,74.1973
64,0,4,4096,138.475
64,0,4,8192,267.808
64,0,4,16384,532.309
64,0,8,16,16.288
64,0,8,32,16.3947
64,0,8,64,16.352
64,0,8,128,22.2077
64,0,8,256,30.3793
64,0,8,512,39.6267
64,0,8,1024,56.245
64,0,8,2048,88
64,0,8,4096,152.555
64,0,8,8192,281.259
64,0,8,16384,541.153
64,0,16,16,21.7067
64,0,16,32,21.9957
64,0,16,64,22.1653
64,0,16,128,30.283
64,0,16,256,39.6053
64,0,16,512,56.4053
64,0,16,1024,88.608
64,0,16,2048,152.299
64,0,16,4096,282.058
64,0,16,8192,544.459
64,0,16,16384,1072.13
64,0,32,16,32.5017
64,0,32,32,32.8533
64,0,32,64,33.4297
64,0,32,128,49.0347
64,0,32,256,66.3573
64,0,32,512,97.7813
64,0,32,1024,162.005
64,0,32,2048,291.605
64,0,32,4096,548.928
64,0,32,8192,1082.52
64,0,32,16384,2141.38
64,0,64,16,54.635
64,0,64,32,54.6133
64,0,64,64,55.477
64,0,64,128,86.1223
64,0,64,256,121.205
64,0,64,512,189.269
64,0,64,1024,327.659
64,0,64,2048,598.891
64,0,64,4096,1205.66
64,0,64,8192,2364.57
64,0,64,16384,4982.85
64,16,0,0,10.4317
64,16,1,16,10.208
64,16,1,32,10.261
64,16,1,64,10.3787
64,16,1,128,13.0237
64,16,1,256,17.013
64,16,1,512,24.8963
64,16,1,1024,40.949
64,16,1,2048,72.9817
64,16,1,4096,137.109
64,16,1,8192,265.823
64,16,1,16384,521.996
64,16,2,16,10.2723
64,16,2,32,10.2827
64,16,2,64,10.4103
64,16,2,128,13.184
64,16,2,256,17.195
64,16,2,512,25.1307
64,16,2,1024,41.6207
64,16,2,2048,73.7277
64,16,2,4096,137.557
64,16,2,8192,266.24
64,16,2,16384,524.619
64,16,4,16,10.3047
64,16,4,32,10.4533
64,16,4,64,10.5593
64,16,4,128,13.1947
64,16,4,256,17.2797
64,16,4,512,25.5147
64,16,4,1024,41.9093
64,16,4,2048,74.1543
64,16,4,4096,138.261
64,16,4,8192,267.851
64,16,4,16384,531.22
64,16,8,16,16.203
64,16,8,32,16.3947
64,16,8,64,16.5653
64,16,8,128,22.1333
64,16,8,256,30.4
64,16,8,512,39.7443
64,16,8,1024,56.2023
64,16,8,2048,88.6827
64,16,8,4096,152.064
64,16,8,8192,280.523
64,16,8,16384,541.877
64,16,16,16,21.8777
64,16,16,32,22.005
64,16,16,64,22.2613
64,16,16,128,30.5067
64,16,16,256,39.0503
64,16,16,512,56.0747
64,16,16,1024,88.8423
64,16,16,2048,153.344
64,16,16,4096,281.685
64,16,16,8192,543.072
64,16,16,16384,1073.92
64,16,32,16,32.7787
64,16,32,32,32.938
64,16,32,64,33.4933
64,16,32,128,49.2053
64,16,32,256,66.208
64,16,32,512,98.485
64,16,32,1024,162.016
64,16,32,2048,289.866
64,16,32,4096,549.376
64,16,32,8192,1081.75
64,16,32,16384,2141.83
64,16,64,16,54.1223
64,16,64,32,54.6883
64,16,64,64,55.5947
64,16,64,128,86.6553
64,16,64,256,121.333
64,16,64,512,189.408
64,16,64,1024,327.136
64,16,64,2048,598.858
64,16,64,4096,1200.24
64,16,64,8192,2352.98
64,16,64,16384,5194.16
64,32,0,0,10.4313
64,32,1,16,10.2287
64,32,1,32,10.261
64,32,1,64,10.3253
64,32,1,128,13.0027
64,32,1,256,16.9387
64,32,1,512,24.8957
64,32,1,1024,40.9707
64,32,1,2048,73.0457
64,32,1,4096,137.056
64,32,1,8192,265.504
64,32,1,16384,521.834
64,32,2,16,10.2293
64,32,2,32,10.3573
64,32,2,64,10.4533
64,32,2,128,13.0557
64,32,2,256,17.1197
64,32,2,512,25.0453
64,32,2,1024,41.259
64,32,2,2048,73.387
64,32,2,4096,137.685
64,32,2,8192,266.282
64,32,2,16384,524.469
64,32,4,16,10.3043
64,32,4,32,10.4427
64,32,4,64,10.635
64,32,4,128,13.2053
64,32,4,256,17.3013
64,32,4,512,25.5467
64,32,4,1024,42.016
64,32,4,2048,74.219
64,32,4,4096,138.357
64,32,4,8192,268.075
64,32,4,16384,531.766
64,32,8,16,16.2877
64,32,8,32,16.576
64,32,8,64,16.6827
64,32,8,128,22.1547
64,32,8,256,30.4107
64,32,8,512,39.6797
64,32,8,1024,56.299
64,32,8,2048,88.9173
64,32,8,4096,152.501
64,32,8,8192,281.536
64,32,8,16384,541.152
64,32,16,16,21.8133
64,32,16,32,22.016
64,32,16,64,22.4423
64,32,16,128,30.5173
64,32,16,256,39.7653
64,32,16,512,56.2133
64,32,16,1024,88.6507
64,32,16,2048,152.97
64,32,16,4096,281.642
64,32,16,8192,543.243
64,32,16,16384,1072.34
64,32,32,16,32.7253
64,32,32,32,33.0347
64,32,32,64,33.579
64,32,32,128,49.184
64,32,32,256,66.56
64,32,32,512,99.2857
64,32,32,1024,161.717
64,32,32,2048,289.878
64,32,32,4096,549.568
64,32,32,8192,1082.5
64,32,32,16384,2139.49
64,32,64,16,54.187
64,32,64,32,54.827
64,32,64,64,56.2027
64,32,64,128,86.9973
64,32,64,256,121.323
64,32,64,512,189.12
64,32,64,1024,327.563
64,32,64,2048,596.064
64,32,64,4096,1201.17
64,32,64,8192,2353.29
64,32,64,16384,5110.78
64,64,0,0,10.303
64,64,1,16,10.1973
64,64,1,32,10.3253
64,64,1,64,10.3787
64,64,1,128,13.1727
64,64,1,256,17.12
64,64,1,512,24.9703
64,64,1,1024,40.9493
64,64,1,2048,72.992
64,64,1,4096,137.088
64,64,1,8192,265.067
64,64,1,16384,521.216
64,64,2,16,10.2827
64,64,2,32,10.4743
64,64,2,64,10.496
64,64,2,128,13.227
64,64,2,256,17.1947
64,64,2,512,25.12
64,64,2,1024,41.3863
64,64,2,2048,73.429
64,64,2,4096,137.461
64,64,2,8192,267.765
64,64,2,16384,525.151
64,64,4,16,10.3463
64,64,4,32,10.517
64,64,4,64,10.57
64,64,4,128,13.4293
64,64,4,256,17.3123
64,64,4,512,25.6
64,64,4,1024,41.9627
64,64,4,2048,74.2833
64,64,4,4096,138.261
64,64,4,8192,268
64,64,4,16384,531.701
64,64,8,16,16.384
64,64,8,32,16.544
64,64,8,64,16.5653
64,64,8,128,22.251
64,64,8,256,30.3887
64,64,8,512,39.8403
64,64,8,1024,55.9147
64,64,8,2048,88.6083
64,64,8,4096,152.342
64,64,8,8192,281.333
64,64,8,16384,541.397
64,64,16,16,21.888
64,64,16,32,22.0267
64,64,16,64,22.4427
64,64,16,128,30.389
64,64,16,256,39.776
64,64,16,512,56.266
64,64,16,1024,88.6507
64,64,16,2048,153.248
64,64,16,4096,281.695
64,64,16,8192,543.562
64,64,16,16384,1075.86
64,64,32,16,32.768
64,64,32,32,33.3657
64,64,32,64,33.792
64,64,32,128,49.184
64,64,32,256,66.6133
64,64,32,512,98.7203
64,64,32,1024,161.653
64,64,32,2048,290.283
64,64,32,4096,549.951
64,64,32,8192,1082.69
64,64,32,16384,2139.4
64,64,64,16,54.2827
64,64,64,32,54.8167
64,64,64,64,55.8507
64,64,64,128,86.5813
64,64,64,256,121.258
64,64,64,512,189.248
64,64,64,1024,327.69
64,64,64,2048,598.112
64,64,64,4096,1196.68
64,64,64,8192,2378.49
64,64,64,16384,5058.24
64,128,0,0,14.3573
64,128,1,16,13.6533
64,128,1,32,13.4833
64,128,1,64,13.5253
64,128,1,128,14.005
64,128,1,256,16.96
64,128,1,512,24.9067
64,128,1,1024,40.9703
64,128,1,2048,73.024
64,128,1,4096,137.195
64,128,1,8192,265.312
64,128,1,16384,521.557
64,128,2,16,13.4933
64,128,2,32,13.5037
64,128,2,64,13.5147
64,128,2,128,14.0693
64,128,2,256,17.0987
64,128,2,512,25.1517
64,128,2,1024,41.2373
64,128,2,2048,73.2903
64,128,2,4096,137.675
64,128,2,8192,266.112
64,128,2,16384,525.28
64,128,4,16,13.5253
64,128,4,32,13.5677
64,128,4,64,13.6747
64,128,4,128,14.112
64,128,4,256,17.3117
64,128,4,512,25.5147
64,128,4,1024,42.0587
64,128,4,2048,74.2077
64,128,4,4096,138.315
64,128,4,8192,268.16
64,128,4,16384,531.317
64,128,8,16,20.448
64,128,8,32,20.48
64,128,8,64,20.7467
64,128,8,128,24.2453
64,128,8,256,30.1867
64,128,8,512,46.635
64,128,8,1024,64.533
64,128,8,2048,96.8853
64,128,8,4096,160.8
64,128,8,8192,289.227
64,128,8,16384,545.845
64,128,16,16,25.7913
64,128,16,32,26.2293
64,128,16,64,26.464
64,128,16,128,33.6003
64,128,16,256,42.8587
64,128,16,512,59.8397
64,128,16,1024,92.789
64,128,16,2048,157.248
64,128,16,4096,286.325
64,128,16,8192,547.093
64,128,16,16384,1072.52
64,128,32,16,36.6827
64,128,32,32,37.1093
64,128,32,64,37.4613
64,128,32,128,52.3523
64,128,32,256,69.952
64,128,32,512,102.709
64,128,32,1024,166.399
64,128,32,2048,294.24
64,128,32,4096,553.525
64,128,32,8192,1084.01
64,128,32,16384,2140.63
64,128,64,16,58.198
64,128,64,32,58.581
64,128,64,64,59.627
64,128,64,128,89.1947
64,128,64,256,123.222
64,128,64,512,193.109
64,128,64,1024,332.171
64,128,64,2048,600.459
64,128,64,4096,1203.82
64,128,64,8192,2352.09
64,128,64,16384,5016.68
64,256,0,0,18.1867
64,256,1,16,17.4933
64,256,1,32,17.461
64,256,1,64,17.472
64,256,1,128,17.4617
64,256,1,256,17.856
64,256,1,512,24.928
64,256,1,1024,41.152
64,256,1,2048,72.992
64,256,1,4096,137.226
64,256,1,8192,265.237
64,256,1,16384,521.513
64,256,2,16,17.4507
64,256,2,32,17.4617
64,256,2,64,17.4827
64,256,2,128,17.504
64,256,2,256,17.8887
64,256,2,512,25.0987
64,256,2,1024,41.195
64,256,2,2048,73.5147
64,256,2,4096,137.77
64,256,2,8192,266.581
64,256,2,16384,525.643
64,256,4,16,17.5143
64,256,4,32,17.525
64,256,4,64,17.5257
64,256,4,128,17.7493
64,256,4,256,18.379
64,256,4,512,25.653
64,256,4,1024,42.0373
64,256,4,2048,74.2293
64,256,4,4096,138.442
64,256,4,8192,268.149
64,256,4,16384,531.093
64,256,8,16,24.4483
64,256,8,32,24.6187
64,256,8,64,24.8
64,256,8,128,28.341
64,256,8,256,32.2887
64,256,8,512,46.4103
64,256,8,1024,71.893
64,256,8,2048,104.235
64,256,8,4096,168.384
64,256,8,8192,296.469
64,256,8,16384,553.515
64,256,16,16,29.8347
64,256,16,32,30.176
64,256,16,64,30.486
64,256,16,128,37.728
64,256,16,256,45.76
64,256,16,512,64.0637
64,256,16,1024,96.5017
64,256,16,2048,160.639
64,256,16,4096,289.76
64,256,16,8192,551.573
64,256,16,16384,1073.71
64,256,32,16,40.7787
64,256,32,32,40.928
64,256,32,64,41.7603
64,256,32,128,56.3947
64,256,32,256,72.5977
64,256,32,512,106.112
64,256,32,1024,169.962
64,256,32,2048,298.538
64,256,32,4096,557.28
64,256,32,8192,1088.46
64,256,32,16384,2141.54
64,256,64,16,62.272
64,256,64,32,62.944
64,256,64,64,64.1923
64,256,64,128,93.5147
64,256,64,256,125.835
64,256,64,512,198.08
64,256,64,1024,335.957
64,256,64,2048,603.296
64,256,64,4096,1203.99
64,256,64,8192,2354.9
64,256,64,16384,5030.43
64,512,0,0,26.1333
64,512,1,16,25.44
64,512,1,32,25.4827
64,512,1,64,25.4183
64,512,1,128,25.4933
64,512,1,256,25.429
64,512,1,512,25.9197
64,512,1,1024,41.0237
64,512,1,2048,73.0343
64,512,1,4096,137.131
64,512,1,8192,265.343
64,512,1,16384,521.876
64,512,2,16,25.3967
64,512,2,32,25.3867
64,512,2,64,25.4397
64,512,2,128,25.4827
64,512,2,256,25.568
64,512,2,512,25.8877
64,512,2,1024,41.28
64,512,2,2048,73.376
64,512,2,4096,137.909
64,512,2,8192,266.272
64,512,2,16384,525.109
64,512,4,16,25.483
64,512,4,32,25.5463
64,512,4,64,25.579
64,512,4,128,25.61
64,512,4,256,25.696
64,512,4,512,26.0693
64,512,4,1024,42.037
64,512,4,2048,74.3893
64,512,4,4096,138.315
64,512,4,8192,267.552
64,512,4,16384,531.126
64,512,8,16,32.3093
64,512,8,32,32.491
64,512,8,64,32.832
64,512,8,128,36.3733
64,512,8,256,40.3733
64,512,8,512,48.288
64,512,8,1024,78.5597
64,512,8,2048,119.851
64,512,8,4096,184.512
64,512,8,8192,312.853
64,512,8,16384,570.027
64,512,16,16,37.7387
64,512,16,32,37.9837
64,512,16,64,38.2827
64,512,16,128,46.0477
64,512,16,256,53.856
64,512,16,512,69.717
64,512,16,1024,104.555
64,512,16,2048,169.75
64,512,16,4096,298.24
64,512,16,8192,558.346
64,512,16,16384,1081.36
64,512,32,16,48.7783
64,512,32,32,49.035
64,512,32,64,49.6747
64,512,32,128,64.4587
64,512,32,256,80.533
64,512,32,512,112.224
64,512,32,1024,177.824
64,512,32,2048,306.858
64,512,32,4096,565.418
64,512,32,8192,1096.63
64,512,32,16384,2148.55
64,512,64,16,70.4963
64,512,64,32,71.104
64,512,64,64,71.947
64,512,64,128,101.664
64,512,64,256,134.464
64,512,64,512,203.829
64,512,64,1024,344.533
64,512,64,2048,614.133
64,512,64,4096,1208.58
64,512,64,8192,2355.96
64,512,64,16384,4985.3
64,1024,0,0,41.9943
64,1024,1,16,41.5257
64,1024,1,32,41.5253
64,1024,1,64,41.5357
64,1024,1,128,41.5463
64,1024,1,256,41.4933
64,1024,1,512,41.6
64,1024,1,1024,41.7597
64,1024,1,2048,73.0243
64,1024,1,4096,137.215
64,1024,1,8192,265.279
64,1024,1,16384,521.215
64,1024,2,16,41.419
64,1024,2,32,41.4713
64,1024,2,64,41.461
64,1024,2,128,41.504
64,1024,2,256,41.6103
64,1024,2,512,41.7387
64,1024,2,1024,41.9193
64,1024,2,2048,73.3547
64,1024,2,4096,137.781
64,1024,2,8192,266.07
64,1024,2,16384,525.856
64,1024,4,16,41.7703
64,1024,4,32,41.5037
64,1024,4,64,41.739
64,1024,4,128,41.5997
64,1024,4,256,41.802
64,1024,4,512,41.8667
64,1024,4,1024,42.1547
64,1024,4,2048,74.773
64,1024,4,4096,138.922
64,1024,4,8192,269.13
64,1024,4,16384,532.234
64,1024,8,16,48.235
64,1024,8,32,48.4903
64,1024,8,64,48.7147
64,1024,8,128,52.1917
64,1024,8,256,56.3197
64,1024,8,512,64.1493
64,1024,8,1024,80.3313
64,1024,8,2048,142.538
64,1024,8,4096,215.2
64,1024,8,8192,343.594
64,1024,8,16384,602.442
64,1024,16,16,53.9093
64,1024,16,32,53.93
64,1024,16,64,54.4533
64,1024,16,128,61.653
64,1024,16,256,69.749
64,1024,16,512,85.6647
64,1024,16,1024,117.418
64,1024,16,2048,184.459
64,1024,16,4096,314.08
64,1024,16,8192,575.403
64,1024,16,16384,1099.84
64,1024,32,16,64.7257
64,1024,32,32,64.9923
64,1024,32,64,65.6213
64,1024,32,128,80.3623
64,1024,32,256,96.5433
64,1024,32,512,129.024
64,1024,32,1024,192.139
64,1024,32,2048,323.125
64,1024,32,4096,581.931
64,1024,32,8192,1114.38
64,1024,32,16384,2168.97
64,1024,64,16,86.2507
64,1024,64,32,87.2423
64,1024,64,64,88.3733
64,1024,64,128,118.176
64,1024,64,256,150.529
64,1024,64,512,220.224
64,1024,64,1024,358.624
64,1024,64,2048,629.354
64,1024,64,4096,1215.54
64,1024,64,8192,2355.68
64,1024,64,16384,5047.03
64,2048,0,0,73.7917
64,2048,1,16,73.568
64,2048,1,32,73.5573
64,2048,1,64,73.568
64,2048,1,128,73.7813
64,2048,1,256,73.9517
64,2048,1,512,73.664
64,2048,1,1024,73.6217
64,2048,1,2048,73.728
64,2048,1,4096,137.29
64,2048,1,8192,265.44
64,2048,1,16384,522.101
64,2048,2,16,73.504
64,2048,2,32,73.5253
64,2048,2,64,73.6213
64,2048,2,128,73.5253
64,2048,2,256,73.5677
64,2048,2,512,73.6103
64,2048,2,1024,73.6957
64,2048,2,2048,73.9307
64,2048,2,4096,137.664
64,2048,2,8192,266.101
64,2048,2,16384,524.8
64,2048,4,16,73.6533
64,2048,4,32,73.589
64,2048,4,64,73.6853
64,2048,4,128,73.7813
64,2048,4,256,73.718
64,2048,4,512,73.877
64,2048,4,1024,74.4743
64,2048,4,2048,74.5487
64,2048,4,4096,138.571
64,2048,4,8192,268.064
64,2048,4,16384,532.021
64,2048,8,16,80.3413
64,2048,8,32,80.757
64,2048,8,64,80.6293
64,2048,8,128,84.2347
64,2048,8,256,88.192
64,2048,8,512,96.3307
64,2048,8,1024,112.629
64,2048,8,2048,144.373
64,2048,8,4096,270.933
64,2048,8,8192,407.093
64,2048,8,16384,663.658
64,2048,16,16,85.5787
64,2048,16,32,85.877
64,2048,16,64,86.272
64,2048,16,128,93.4183
64,2048,16,256,101.546
64,2048,16,512,117.717
64,2048,16,1024,149.717
64,2048,16,2048,213.408
64,2048,16,4096,345.515
64,2048,16,8192,607.541
64,2048,16,16384,1130.29
64,2048,32,16,96.544
64,2048,32,32,96.7363
64,2048,32,64,97.4507
64,2048,32,128,112.245
64,2048,32,256,128.395
64,2048,32,512,160.491
64,2048,32,1024,223.68
64,2048,32,2048,351.488
64,2048,32,4096,613.461
64,2048,32,8192,1146.18
64,2048,32,16384,2198.52
64,2048,64,16,118.443
64,2048,64,32,118.976
64,2048,64,64,120.864
64,2048,64,128,150.208
64,2048,64,256,183.999
64,2048,64,512,254.101
64,2048,64,1024,391.616
64,2048,64,2048,667.883
64,2048,64,4096,1259.16
64,2048,64,8192,2406.57
64,2048,64,16384,5084.23
64,4096,0,0,137.749
64,4096,1,16,137.802
64,4096,1,32,137.706
64,4096,1,64,137.728
64,4096,1,128,137.857
64,4096,1,256,137.867
64,4096,1,512,137.867
64,4096,1,1024,137.856
64,4096,1,2048,138.517
64,4096,1,4096,137.92
64,4096,1,8192,265.451
64,4096,1,16384,521.93
64,4096,2,16,137.632
64,4096,2,32,137.728
64,4096,2,64,137.674
64,4096,2,128,137.621
64,4096,2,256,137.792
64,4096,2,512,137.749
64,4096,2,1024,137.824
64,4096,2,2048,137.814
64,4096,2,4096,138.101
64,4096,2,8192,266.122
64,4096,2,16384,526.069
64,4096,4,16,137.61
64,4096,4,32,137.792
64,4096,4,64,137.802
64,4096,4,128,137.781
64,4096,4,256,137.76
64,4096,4,512,138.027
64,4096,4,1024,138.443
64,4096,4,2048,138.421
64,4096,4,4096,138.848
64,4096,4,8192,268.885
64,4096,4,16384,532.169
64,4096,8,16,144.416
64,4096,8,32,144.351
64,4096,8,64,144.747
64,4096,8,128,148.01
64,4096,8,256,152.053
64,4096,8,512,159.818
64,4096,8,1024,176.191
64,4096,8,2048,208.512
64,4096,8,4096,274.315
64,4096,8,8192,533.589
64,4096,8,16384,799.861
64,4096,16,16,149.824
64,4096,16,32,149.802
64,4096,16,64,150.538
64,4096,16,128,157.376
64,4096,16,256,165.429
64,4096,16,512,182.859
64,4096,16,1024,213.525
64,4096,16,2048,276.917
64,4096,16,4096,409.749
64,4096,16,8192,680.821
64,4096,16,16384,1213.23
64,4096,32,16,160.512
64,4096,32,32,160.97
64,4096,32,64,161.184
64,4096,32,128,176.17
64,4096,32,256,192.16
64,4096,32,512,224.245
64,4096,32,1024,288.181
64,4096,32,2048,415.53
64,4096,32,4096,676.522
64,4096,32,8192,1218.75
64,4096,32,16384,2281.14
64,4096,64,16,182.549
64,4096,64,32,183.371
64,4096,64,64,184.458
64,4096,64,128,213.643
64,4096,64,256,248.502
64,4096,64,512,320.448
64,4096,64,1024,459.423
64,4096,64,2048,745.675
64,4096,64,4096,1368.35
64,4096,64,8192,2747.8
64,4096,64,16384,5374.56
64,8192,0,0,266.165
64,8192,1,16,266.08
64,8192,1,32,266.101
64,8192,1,64,265.994
64,8192,1,128,266.133
64,8192,1,256,266.25
64,8192,1,512,266.197
64,8192,1,1024,265.973
64,8192,1,2048,266.186
64,8192,1,4096,266.123
64,8192,1,8192,266.091
64,8192,1,16384,523.295
64,8192,2,16,265.727
64,8192,2,32,265.93
64,8192,2,64,265.846
64,8192,2,128,265.995
64,8192,2,256,265.856
64,8192,2,512,265.888
64,8192,2,1024,265.93
64,8192,2,2048,266.059
64,8192,2,4096,266.293
64,8192,2,8192,266.764
64,8192,2,16384,529.279
64,8192,4,16,265.983
64,8192,4,32,265.941
64,8192,4,64,265.653
64,8192,4,128,265.76
64,8192,4,256,265.888
64,8192,4,512,265.942
64,8192,4,1024,267.264
64,8192,4,2048,266.708
64,8192,4,4096,268.064
64,8192,4,8192,269.376
64,8192,4,16384,533.269
64,8192,8,16,272.011
64,8192,8,32,272.223
64,8192,8,64,272.255
64,8192,8,128,276.48
64,8192,8,256,280.682
64,8192,8,512,287.83
64,8192,8,1024,303.872
64,8192,8,2048,336.555
64,8192,8,4096,402.442
64,8192,8,8192,539.179
64,8192,8,16384,1056.13
64,8192,16,16,277.376
64,8192,16,32,277.557
64,8192,16,64,278.304
64,8192,16,128,284.671
64,8192,16,256,293.163
64,8192,16,512,309.674
64,8192,16,1024,340.938
64,8192,16,2048,404.896
64,8192,16,4096,536.906
64,8192,16,8192,813.13
64,8192,16,16384,1349.23
64,8192,32,16,287.701
64,8192,32,32,288.032
64,8192,32,64,288.842
64,8192,32,128,304.479
64,8192,32,256,320.17
64,8192,32,512,352.031
64,8192,32,1024,416.362
64,8192,32,2048,544.575
64,8192,32,4096,812.021
64,8192,32,8192,1342.61
64,8192,32,16384,2421.78
64,8192,64,16,310.357
64,8192,64,32,310.581
64,8192,64,64,311.819
64,8192,64,128,342.037
64,8192,64,256,376.267
64,8192,64,512,448.565
64,8192,64,1024,589.878
64,8192,64,2048,900.842
64,8192,64,4096,1546.11
64,8192,64,8192,2701.12
64,8192,64,16384,6132.53
64,16384,0,0,522.155
64,16384,1,16,522.036
64,16384,1,32,523.114
64,16384,1,64,522.623
64,16384,1,128,522.741
64,16384,1,256,522.89
64,16384,1,512,522.804
64,16384,1,1024,522.294
64,16384,1,2048,522.889
64,16384,1,4096,524.075
64,16384,1,8192,526.495
64,16384,1,16384,525.749
64,16384,2,16,522.571
64,16384,2,32,522.09
64,16384,2,64,522.229
64,16384,2,128,521.791
64,16384,2,256,522.154
64,16384,2,512,522.282
64,16384,2,1024,522.453
64,16384,2,2048,522.773
64,16384,2,4096,522.592
64,16384,2,8192,526.954
64,16384,2,16384,528.661
64,16384,4,16,522.271
64,16384,4,32,522.41
64,16384,4,64,522.442
64,16384,4,128,522.026
64,16384,4,256,522.229
64,16384,4,512,522.399
64,16384,4,1024,522.784
64,16384,4,2048,523.072
64,16384,4,4096,530.421
64,16384,4,8192,532
64,16384,4,16384,533.119
64,16384,8,16,527.818
64,16384,8,32,527.648
64,16384,8,64,528.351
64,16384,8,128,531.593
64,16384,8,256,536.554
64,16384,8,512,543.562
64,16384,8,1024,560.192
64,16384,8,2048,593.61
64,16384,8,4096,658.624
64,16384,8,8192,796.17
64,16384,8,16384,1069.73
64,16384,16,16,533.248
64,16384,16,32,535.903
64,16384,16,64,533.76
64,16384,16,128,540.896
64,16384,16,256,549.173
64,16384,16,512,565.183
64,16384,16,1024,597.343
64,16384,16,2048,660.789
64,16384,16,4096,794.325
64,16384,16,8192,1063.2
64,16384,16,16384,1606.73
64,16384,32,16,543.029
64,16384,32,32,543.007
64,16384,32,64,544.372
64,16384,32,128,559.435
64,16384,32,256,575.05
64,16384,32,512,607.018
64,16384,32,1024,670.442
64,16384,32,2048,798.432
64,16384,32,4096,1065.81
64,16384,32,8192,1606.06
64,16384,32,16384,2653.1
64,16384,64,16,565.174
64,16384,64,32,565.823
64,16384,64,64,566.559
64,16384,64,128,597.483
64,16384,64,256,632.767
64,16384,64,512,706.271
64,16384,64,1024,844.468
64,16384,64,2048,1170.41
64,16384,64,4096,1875.98
64,16384,64,8192,3074.33
64,16384,64,16384,5729.47
128,0,0,0,10.3363
128,0,1,16,10.677
128,0,1,32,10.6563
128,0,1,64,10.741
128,0,1,128,13.6853
128,0,1,256,17.472
128,0,1,512,25.5573
128,0,1,1024,41.355
128,0,1,2048,73.44
128,0,1,4096,137.387
128,0,1,8192,265.503
128,0,1,16384,521.77
128,0,2,16,10.5283
128,0,2,32,10.6347
128,0,2,64,10.7413
128,0,2,128,13.5357
128,0,2,256,17.557
128,0,2,512,25.5677
128,0,2,1024,41.952
128,0,2,2048,73.8237
128,0,2,4096,137.728
128,0,2,8192,265.717
128,0,2,16384,521.919
128,0,4,16,10.5817
128,0,4,32,10.8907
128,0,4,64,10.7943
128,0,4,128,13.9413
128,0,4,256,17.877
128,0,4,512,26.0693
128,0,4,1024,42.293
128,0,4,2048,74.5387
128,0,4,4096,138.507
128,0,4,8192,267.872
128,0,4,16384,531.349
128,0,8,16,16.6077
128,0,8,32,16.736
128,0,8,64,16.8323
128,0,8,128,22.5597
128,0,8,256,30.6983
128,0,8,512,41.323
128,0,8,1024,57.7067
128,0,8,2048,89.6
128,0,8,4096,153.696
128,0,8,8192,282.006
128,0,8,16384,541.002
128,0,16,16,22.1653
128,0,16,32,22.3893
128,0,16,64,22.6987
128,0,16,128,32.0853
128,0,16,256,44.266
128,0,16,512,61.7707
128,0,16,1024,93.973
128,0,16,2048,158.154
128,0,16,4096,286.731
128,0,16,8192,548.244
128,0,16,16384,1072.15
128,0,32,16,34.0053
128,0,32,32,34.048
128,0,32,64,34.6457
128,0,32,128,51.424
128,0,32,256,69.3547
128,0,32,512,101.28
128,0,32,1024,164.959
128,0,32,2048,294.037
128,0,32,4096,552.245
128,0,32,8192,1082.7
128,0,32,16384,2142.66
128,0,64,16,56.6293
128,0,64,32,57.12
128,0,64,64,58.272
128,0,64,128,89.8777
128,0,64,256,123.754
128,0,64,512,193.12
128,0,64,1024,330.357
128,0,64,2048,600.544
128,0,64,4096,1198.26
128,0,64,8192,2357.47
128,0,64,16384,4897.52
128,16,0,0,13.472
128,16,1,16,13.7707
128,16,1,32,13.7703
128,16,1,64,13.792
128,16,1,128,13.7923
128,16,1,256,17.493
128,16,1,512,25.5037
128,16,1,1024,41.3867
128,16,1,2048,73.3973
128,16,1,4096,137.515
128,16,1,8192,265.653
128,16,1,16384,521.631
128,16,2,16,13.7817
128,16,2,32,13.792
128,16,2,64,13.8133
128,16,2,128,13.8347
128,16,2,256,17.4403
128,16,2,512,25.514
128,16,2,1024,41.664
128,16,2,2048,73.664
128,16,2,4096,137.941
128,16,2,8192,265.855
128,16,2,16384,522.101
128,16,4,16,13.856
128,16,4,32,13.9623
128,16,4,64,13.8773
128,16,4,128,14.1227
128,16,4,256,17.909
128,16,4,512,25.9943
128,16,4,1024,42.2507
128,16,4,2048,74.2293
128,16,4,4096,138.432
128,16,4,8192,268.64
128,16,4,16384,533.386
128,16,8,16,20.4263
128,16,8,32,20.4163
128,16,8,64,20.672
128,16,8,128,23.115
128,16,8,256,30.6557
128,16,8,512,46.4107
128,16,8,1024,62.7097
128,16,8,2048,95.232
128,16,8,4096,159.338
128,16,8,8192,287.531
128,16,8,16384,546.303
128,16,16,16,26.0477
128,16,16,32,26.0263
128,16,16,64,26.3257
128,16,16,128,32.9067
128,16,16,256,44.3517
128,16,16,512,66.4533
128,16,16,1024,98.7947
128,16,16,2048,162.933
128,16,16,4096,291.551
128,16,16,8192,550.496
128,16,16,16384,1072.84
128,16,32,16,37.6427
128,16,32,32,37.8773
128,16,32,64,38.3677
128,16,32,128,52.235
128,16,32,256,71.4237
128,16,32,512,104.928
128,16,32,1024,168.672
128,16,32,2048,297.163
128,16,32,4096,556
128,16,32,8192,1084.96
128,16,32,16384,2141.01
128,16,64,16,60.7467
128,16,64,32,61.0883
128,16,64,64,62.0267
128,16,64,128,90.8157
128,16,64,256,125.333
128,16,64,512,196.309
128,16,64,1024,333.461
128,16,64,2048,602.784
128,16,64,4096,1200.66
128,16,64,8192,2361.42
128,16,64,16384,4787
128,32,0,0,13.4827
128,32,1,16,13.7707
128,32,1,32,13.8347
128,32,1,64,13.8133
128,32,1,128,13.7707
128,32,1,256,17.4187
128,32,1,512,25.3013
128,32,1,1024,41.312
128,32,1,2048,73.365
128,32,1,4096,137.429
128,32,1,8192,265.354
128,32,1,16384,521.429
128,32,2,16,13.856
128,32,2,32,13.8027
128,32,2,64,13.8563
128,32,2,128,13.899
128,32,2,256,17.4827
128,32,2,512,25.4823
128,32,2,1024,41.429
128,32,2,2048,73.6427
128,32,2,4096,137.621
128,32,2,8192,265.888
128,32,2,16384,521.887
128,32,4,16,14.0373
128,32,4,32,14.0163
128,32,4,64,14.016
128,32,4,128,14.047
128,32,4,256,17.7707
128,32,4,512,25.8667
128,32,4,1024,42.2717
128,32,4,2048,74.4533
128,32,4,4096,138.411
128,32,4,8192,267.818
128,32,4,16384,530.815
128,32,8,16,20.448
128,32,8,32,20.576
128,32,8,64,20.608
128,32,8,128,23.285
128,32,8,256,30.816
128,32,8,512,46.4427
128,32,8,1024,62.8693
128,32,8,2048,95.4347
128,32,8,4096,159.147
128,32,8,8192,288.372
128,32,8,16384,545.834
128,32,16,16,26.0907
128,32,16,32,26.2613
128,32,16,64,26.379
128,32,16,128,32.9603
128,32,16,256,44.9493
128,32,16,512,66.8803
128,32,16,1024,99.3817
128,32,16,2048,163.349
128,32,16,4096,292.16
128,32,16,8192,551.328
128,32,16,16384,1071.49
128,32,32,16,37.7173
128,32,32,32,37.9513
128,32,32,64,38.464
128,32,32,128,52.224
128,32,32,256,71.5947
128,32,32,512,104.351
128,32,32,1024,168.683
128,32,32,2048,296.896
128,32,32,4096,556.18
128,32,32,8192,1085.76
128,32,32,16384,2140.46
128,32,64,16,60.683
128,32,64,32,61.28
128,32,64,64,62.112
128,32,64,128,90.8587
128,32,64,256,126.582
128,32,64,512,196.426
128,32,64,1024,334.325
128,32,64,2048,603.04
128,32,64,4096,1196.37
128,32,64,8192,2370.1
128,32,64,16384,5071.4
128,64,0,0,13.5463
128,64,1,16,13.824
128,64,1,32,13.8347
128,64,1,64,13.856
128,64,1,128,13.824
128,64,1,256,17.4937
128,64,1,512,25.3973
128,64,1,1024,41.44
128,64,1,2048,73.2797
128,64,1,4096,137.493
128,64,1,8192,265.29
128,64,1,16384,521.621
128,64,2,16,13.8347
128,64,2,32,13.867
128,64,2,64,13.8773
128,64,2,128,13.8993
128,64,2,256,17.3333
128,64,2,512,25.461
128,64,2,1024,41.557
128,64,2,2048,73.76
128,64,2,4096,137.642
128,64,2,8192,265.749
128,64,2,16384,522.816
128,64,4,16,14.1757
128,64,4,32,14.1117
128,64,4,64,14.0053
128,64,4,128,14.0693
128,64,4,256,18.2293
128,64,4,512,26.1227
128,64,4,1024,42.208
128,64,4,2048,74.5813
128,64,4,4096,138.464
128,64,4,8192,267.871
128,64,4,16384,531.231
128,64,8,16,20.6183
128,64,8,32,20.6397
128,64,8,64,20.7783
128,64,8,128,23.5197
128,64,8,256,30.784
128,64,8,512,46.2933
128,64,8,1024,62.9757
128,64,8,2048,95.6057
128,64,8,4096,159.211
128,64,8,8192,288.682
128,64,8,16384,545.547
128,64,16,16,26.1333
128,64,16,32,26.2713
128,64,16,64,26.5067
128,64,16,128,33.0133
128,64,16,256,44.2133
128,64,16,512,66.9657
128,64,16,1024,99.3067
128,64,16,2048,163.295
128,64,16,4096,291.467
128,64,16,8192,550.464
128,64,16,16384,1072.44
128,64,32,16,37.7703
128,64,32,32,38.133
128,64,32,64,38.645
128,64,32,128,52.416
128,64,32,256,71.7653
128,64,32,512,105.259
128,64,32,1024,169.856
128,64,32,2048,297.077
128,64,32,4096,555.327
128,64,32,8192,1085.62
128,64,32,16384,2143.61
128,64,64,16,60.6507
128,64,64,32,61.0343
128,64,64,64,62.176
128,64,64,128,91.0187
128,64,64,256,125.963
128,64,64,512,196.426
128,64,64,1024,334.314
128,64,64,2048,601.045
128,64,64,4096,1196.72
128,64,64,8192,2341.9
128,64,64,16384,4974.61
128,128,0,0,14.4637
128,128,1,16,14.0373
128,128,1,32,14.0697
128,128,1,64,14.016
128,128,1,128,14.3463
128,128,1,256,17.5677
128,128,1,512,25.461
128,128,1,1024,41.9513
128,128,1,2048,73.6003
128,128,1,4096,137.536
128,128,1,8192,265.588
128,128,1,16384,521.674
128,128,2,16,13.9947
128,128,2,32,14.0053
128,128,2,64,13.984
128,128,2,128,14.357
128,128,2,256,17.6427
128,128,2,512,25.6963
128,128,2,1024,41.738
128,128,2,2048,73.76
128,128,2,4096,137.695
128,128,2,8192,266.102
128,128,2,16384,522.784
128,128,4,16,14.3463
128,128,4,32,14.3573
128,128,4,64,14.4427
128,128,4,128,14.5493
128,128,4,256,17.9947
128,128,4,512,26.24
128,128,4,1024,42.282
128,128,4,2048,74.5383
128,128,4,4096,138.581
128,128,4,8192,268.266
128,128,4,16384,531.413
128,128,8,16,20.8217
128,128,8,32,20.949
128,128,8,64,21.0877
128,128,8,128,24.7147
128,128,8,256,30.656
128,128,8,512,47.0503
128,128,8,1024,65.4827
128,128,8,2048,97.5893
128,128,8,4096,162.123
128,128,8,8192,290.464
128,128,8,16384,547.477
128,128,16,16,26.4213
128,128,16,32,26.826
128,128,16,64,26.869
128,128,16,128,34.2293
128,128,16,256,44.32
128,128,16,512,68.3627
128,128,16,1024,102.272
128,128,16,2048,166.443
128,128,16,4096,294.815
128,128,16,8192,554.166
128,128,16,16384,1073.34
128,128,32,16,38.2403
128,128,32,32,38.4743
128,128,32,64,38.8373
128,128,32,128,53.6747
128,128,32,256,71.797
128,128,32,512,105.375
128,128,32,1024,169.77
128,128,32,2048,297.674
128,128,32,4096,556.875
128,128,32,8192,1086.24
128,128,32,16384,2141.62
128,128,64,16,61.1733
128,128,64,32,61.9203
128,128,64,64,62.72
128,128,64,128,92.2557
128,128,64,256,126.09
128,128,64,512,198.048
128,128,64,1024,335.573
128,128,64,2048,604.459
128,128,64,4096,1203.08
128,128,64,8192,2352.79
128,128,64,16384,5009.24
128,256,0,0,18.1763
128,256,1,16,18.069
128,256,1,32,18.016
128,256,1,64,18.1123
128,256,1,128,18.1223
128,256,1,256,18.1757
128,256,1,512,25.5573
128,256,1,1024,41.6213
128,256,1,2048,73.589
128,256,1,4096,137.568
128,256,1,8192,265.588
128,256,1,16384,521.695
128,256,2,16,18.0377
128,256,2,32,18.069
128,256,2,64,18.0157
128,256,2,128,18.1013
128,256,2,256,18.24
128,256,2,512,25.6427
128,256,2,1024,41.579
128,256,2,2048,73.5573
128,256,2,4096,137.995
128,256,2,8192,266.048
128,256,2,16384,522.581
128,256,4,16,18.3783
128,256,4,32,18.357
128,256,4,64,18.3787
128,256,4,128,18.4747
128,256,4,256,18.6457
128,256,4,512,26.2823
128,256,4,1024,42.4637
128,256,4,2048,74.41
128,256,4,4096,138.592
128,256,4,8192,268.02
128,256,4,16384,531.605
128,256,8,16,24.9067
128,256,8,32,24.875
128,256,8,64,25.152
128,256,8,128,28.758
128,256,8,256,32.6827
128,256,8,512,46.9223
128,256,8,1024,73.0777
128,256,8,2048,105.269
128,256,8,4096,169.237
128,256,8,8192,298.272
128,256,8,16384,556.415
128,256,16,16,30.6667
128,256,16,32,30.8163
128,256,16,64,31.0083
128,256,16,128,38.336
128,256,16,256,46.4107
128,256,16,512,68.4903
128,256,16,1024,109.92
128,256,16,2048,173.76
128,256,16,4096,302.954
128,256,16,8192,562.037
128,256,16,16384,1086.26
128,256,32,16,42.5063
128,256,32,32,42.9123
128,256,32,64,43.275
128,256,32,128,57.707
128,256,32,256,74.8263
128,256,32,512,109.227
128,256,32,1024,173.024
128,256,32,2048,302.144
128,256,32,4096,561.119
128,256,32,8192,1090.39
128,256,32,16384,2143.56
128,256,64,16,65.9413
128,256,64,32,66.2823
128,256,64,64,67.3597
128,256,64,128,96.544
128,256,64,256,128.832
128,256,64,512,201.664
128,256,64,1024,339.445
128,256,64,2048,607.285
128,256,64,4096,1199.23
128,256,64,8192,2345.91
128,256,64,16384,4906.96
128,512,0,0,26.1547
128,512,1,16,26.1327
128,512,1,32,26.1547
128,512,1,64,26.0687
128,512,1,128,26.3893
128,512,1,256,26.2933
128,512,1,512,26.1973
128,512,1,1024,41.515
128,512,1,2048,73.7067
128,512,1,4096,137.653
128,512,1,8192,265.738
128,512,1,16384,521.674
128,512,2,16,26.197
128,512,2,32,26.1867
128,512,2,64,26.0267
128,512,2,128,26.208
128,512,2,256,26.368
128,512,2,512,26.3577
128,512,2,1024,41.7917
128,512,2,2048,73.749
128,512,2,4096,137.963
128,512,2,8192,266.218
128,512,2,16384,522.719
128,512,4,16,26.368
128,512,4,32,26.2933
128,512,4,64,26.293
128,512,4,128,26.432
128,512,4,256,26.6133
128,512,4,512,26.6667
128,512,4,1024,42.5493
128,512,4,2048,74.6773
128,512,4,4096,138.506
128,512,4,8192,267.637
128,512,4,16384,531.209
128,512,8,16,32.7573
128,512,8,32,32.8533
128,512,8,64,33.12
128,512,8,128,36.7463
128,512,8,256,40.789
128,512,8,512,48.928
128,512,8,1024,79.6477
128,512,8,2048,120.821
128,512,8,4096,185.002
128,512,8,8192,314.378
128,512,8,16384,576.203
128,512,16,16,38.6343
128,512,16,32,38.7307
128,512,16,64,39.0187
128,512,16,128,46.5387
128,512,16,256,54.5063
128,512,16,512,70.6557
128,512,16,1024,116.363
128,512,16,2048,189.685
128,512,16,4096,318.101
128,512,16,8192,577.909
128,512,16,16384,1096.02
128,512,32,16,50.72
128,512,32,32,51.1467
128,512,32,64,51.6693
128,512,32,128,66.4213
128,512,32,256,82.1013
128,512,32,512,113.845
128,512,32,1024,180.917
128,512,32,2048,309.525
128,512,32,4096,568.49
128,512,32,8192,1100
128,512,32,16384,2148.95
128,512,64,16,74.88
128,512,64,32,75.328
128,512,64,64,76.4373
128,512,64,128,105.205
128,512,64,256,137.621
128,512,64,512,207.85
128,512,64,1024,348.213
128,512,64,2048,616.885
128,512,64,4096,1209.02
128,512,64,8192,2349.47
128,512,64,16384,4840.37
128,1024,0,0,42.133
128,1024,1,16,42.2403
128,1024,1,32,42.2397
128,1024,1,64,42.2507
128,1024,1,128,42.2503
128,1024,1,256,42.3037
128,1024,1,512,42.3147
128,1024,1,1024,42.3993
128,1024,1,2048,73.8133
128,1024,1,4096,137.738
128,1024,1,8192,265.77
128,1024,1,16384,521.748
128,1024,2,16,42.41
128,1024,2,32,42.3573
128,1024,2,64,42.3033
128,1024,2,128,42.4313
128,1024,2,256,42.3997
128,1024,2,512,42.4423
128,1024,2,1024,42.8373
128,1024,2,2048,73.9407
128,1024,2,4096,137.813
128,1024,2,8192,265.952
128,1024,2,16384,523.658
128,1024,4,16,42.3897
128,1024,4,32,42.3897
128,1024,4,64,42.283
128,1024,4,128,42.9013
128,1024,4,256,42.6133
128,1024,4,512,42.9657
128,1024,4,1024,43.0293
128,1024,4,2048,74.7087
128,1024,4,4096,138.836
128,1024,4,8192,268.298
128,1024,4,16384,531.701
128,1024,8,16,48.789
128,1024,8,32,49.0023
128,1024,8,64,48.9493
128,1024,8,128,52.8107
128,1024,8,256,57.109
128,1024,8,512,65.045
128,1024,8,1024,80.9707
128,1024,8,2048,143.488
128,1024,8,4096,216.704
128,1024,8,8192,345.066
128,1024,8,16384,603.691
128,1024,16,16,54.7517
128,1024,16,32,54.7303
128,1024,16,64,54.9867
128,1024,16,128,62.5493
128,1024,16,256,70.7733
128,1024,16,512,86.6457
128,1024,16,1024,118.656
128,1024,16,2048,211.69
128,1024,16,4096,350.091
128,1024,16,8192,606.826
128,1024,16,16384,1130.55
128,1024,32,16,67.264
128,1024,32,32,67.3607
128,1024,32,64,67.8617
128,1024,32,128,82.687
128,1024,32,256,99.1147
128,1024,32,512,129.781
128,1024,32,1024,193.536
128,1024,32,2048,326.166
128,1024,32,4096,585.088
128,1024,32,8192,1115.4
128,1024,32,16384,2167.12
128,1024,64,16,93.557
128,1024,64,32,94.0263
128,1024,64,64,95.04
128,1024,64,128,122.474
128,1024,64,256,154.069
128,1024,64,512,224.426
128,1024,64,1024,362.282
128,1024,64,2048,635.093
128,1024,64,4096,1222.02
128,1024,64,8192,2362.94
128,1024,64,16384,4812.8
128,2048,0,0,74.101
128,2048,1,16,74.3573
128,2048,1,32,74.6667
128,2048,1,64,74.986
128,2048,1,128,74.485
128,2048,1,256,74.5063
128,2048,1,512,74.4423
128,2048,1,1024,74.5917
128,2048,1,2048,74.4747
128,2048,1,4096,137.812
128,2048,1,8192,265.973
128,2048,1,16384,521.929
128,2048,2,16,74.4743
128,2048,2,32,74.517
128,2048,2,64,74.507
128,2048,2,128,74.4213
128,2048,2,256,74.3997
128,2048,2,512,74.4533
128,2048,2,1024,74.7627
128,2048,2,2048,74.7843
128,2048,2,4096,138.005
128,2048,2,8192,266.176
128,2048,2,16384,522.431
128,2048,4,16,74.3783
128,2048,4,32,74.272
128,2048,4,64,74.3997
128,2048,4,128,74.3783
128,2048,4,256,74.4533
128,2048,4,512,74.6453
128,2048,4,1024,74.9227
128,2048,4,2048,75.1893
128,2048,4,4096,139.094
128,2048,4,8192,267.403
128,2048,4,16384,531.689
128,2048,8,16,80.9493
128,2048,8,32,81.024
128,2048,8,64,81.163
128,2048,8,128,84.8317
128,2048,8,256,88.6933
128,2048,8,512,98.0053
128,2048,8,1024,113.194
128,2048,8,2048,145.749
128,2048,8,4096,272.031
128,2048,8,8192,408.863
128,2048,8,16384,667.53
128,2048,16,16,86.432
128,2048,16,32,87.2637
128,2048,16,64,86.88
128,2048,16,128,94.581
128,2048,16,256,102.752
128,2048,16,512,118.848
128,2048,16,1024,150.731
128,2048,16,2048,214.496
128,2048,16,4096,402.955
128,2048,16,8192,673.429
128,2048,16,16384,1190.09
128,2048,32,16,98.7413
128,2048,32,32,99.232
128,2048,32,64,99.541
128,2048,32,128,114.773
128,2048,32,256,130.976
128,2048,32,512,162.645
128,2048,32,1024,225.791
128,2048,32,2048,354.069
128,2048,32,4096,616.788
128,2048,32,8192,1150.04
128,2048,32,16384,2202.22
128,2048,64,16,126.261
128,2048,64,32,126.943
128,2048,64,64,127.957
128,2048,64,128,161.205
128,2048,64,256,189.759
128,2048,64,512,259.019
128,2048,64,1024,394.731
128,2048,64,2048,686.613
128,2048,64,4096,1272.64
128,2048,64,8192,2416.51
128,2048,64,16384,5069.28
128,4096,0,0,138.175
128,4096,1,16,138.613
128,4096,1,32,138.656
128,4096,1,64,138.453
128,4096,1,128,138.368
128,4096,1,256,138.645
128,4096,1,512,138.592
128,4096,1,1024,138.613
128,4096,1,2048,138.581
128,4096,1,4096,138.677
128,4096,1,8192,265.706
128,4096,1,16384,522.399
128,4096,2,16,138.656
128,4096,2,32,138.571
128,4096,2,64,138.623
128,4096,2,128,138.475
128,4096,2,256,138.975
128,4096,2,512,138.56
128,4096,2,1024,138.944
128,4096,2,2048,138.794
128,4096,2,4096,138.752
128,4096,2,8192,266.197
128,4096,2,16384,524.266
128,4096,4,16,139.104
128,4096,4,32,138.41
128,4096,4,64,138.453
128,4096,4,128,138.432
128,4096,4,256,138.336
128,4096,4,512,138.635
128,4096,4,1024,138.922
128,4096,4,2048,139.061
128,4096,4,4096,139.307
128,4096,4,8192,268.64
128,4096,4,16384,531.989
128,4096,8,16,145.237
128,4096,8,32,145.088
128,4096,8,64,145.419
128,4096,8,128,148.864
128,4096,8,256,152.874
128,4096,8,512,160.811
128,4096,8,1024,176.98
128,4096,8,2048,209.461
128,4096,8,4096,274.517
128,4096,8,8192,534.41
128,4096,8,16384,804.671
128,4096,16,16,150.485
128,4096,16,32,150.496
128,4096,16,64,151.029
128,4096,16,128,158.272
128,4096,16,256,166.549
128,4096,16,512,182.591
128,4096,16,1024,214.731
128,4096,16,2048,278.421
128,4096,16,4096,410.528
128,4096,16,8192,793.013
128,4096,16,16384,1343.84
128,4096,32,16,162.976
128,4096,32,32,163.019
128,4096,32,64,163.616
128,4096,32,128,178.987
128,4096,32,256,194.837
128,4096,32,512,226.773
128,4096,32,1024,290.464
128,4096,32,2048,418.112
128,4096,32,4096,686.037
128,4096,32,8192,1240.13
128,4096,32,16384,2324.22
128,4096,64,16,190.294
128,4096,64,32,190.666
128,4096,64,64,191.68
128,4096,64,128,225.686
128,4096,64,256,261.749
128,4096,64,512,336.447
128,4096,64,1024,461.781
128,4096,64,2048,781.119
128,4096,64,4096,1417.28
128,4096,64,8192,3074.74
128,4096,64,16384,6083.52
128,8192,0,0,266.73
128,8192,1,16,267.019
128,8192,1,32,266.943
128,8192,1,64,266.559
128,8192,1,128,266.72
128,8192,1,256,266.997
128,8192,1,512,266.773
128,8192,1,1024,266.676
128,8192,1,2048,267.178
128,8192,1,4096,266.805
128,8192,1,8192,266.741
128,8192,1,16384,522.527
128,8192,2,16,267.104
128,8192,2,32,266.912
128,8192,2,64,266.922
128,8192,2,128,266.965
128,8192,2,256,267.104
128,8192,2,512,266.804
128,8192,2,1024,267.114
128,8192,2,2048,267.039
128,8192,2,4096,267.189
128,8192,2,8192,267.264
128,8192,2,16384,526.57
128,8192,4,16,266.229
128,8192,4,32,266.24
128,8192,4,64,266.283
128,8192,4,128,266.197
128,8192,4,256,266.303
128,8192,4,512,266.389
128,8192,4,1024,266.741
128,8192,4,2048,267.093
128,8192,4,4096,267.509
128,8192,4,8192,269.717
128,8192,4,16384,533.226
128,8192,8,16,274.037
128,8192,8,32,272.927
128,8192,8,64,273.579
128,8192,8,128,277.045
128,8192,8,256,281.098
128,8192,8,512,289.034
128,8192,8,1024,305.515
128,8192,8,2048,337.941
128,8192,8,4096,403.797
128,8192,8,8192,539.445
128,8192,8,16384,1057.18
128,8192,16,16,278.453
128,8192,16,32,278.496
128,8192,16,64,278.57
128,8192,16,128,286.549
128,8192,16,256,294.591
128,8192,16,512,310.87
128,8192,16,1024,342.453
128,8192,16,2048,407.552
128,8192,16,4096,539.754
128,8192,16,8192,813.78
128,8192,16,16384,1572.06
128,8192,32,16,290.666
128,8192,32,32,290.986
128,8192,32,64,291.232
128,8192,32,128,306.538
128,8192,32,256,322.517
128,8192,32,512,354.624
128,8192,32,1024,418.528
128,8192,32,2048,547.455
128,8192,32,4096,829.067
128,8192,32,8192,1351.66
128,8192,32,16384,2456.21
128,8192,64,16,317.962
128,8192,64,32,318.528
128,8192,64,64,319.562
128,8192,64,128,354.666
128,8192,64,256,389.717
128,8192,64,512,465.802
128,8192,64,1024,618.442
128,8192,64,2048,944.052
128,8192,64,4096,1637.31
128,8192,64,8192,2803.13
128,8192,64,16384,6869.06
128,16384,0,0,523.082
128,16384,1,16,523.296
128,16384,1,32,523.263
128,16384,1,64,522.719
128,16384,1,128,522.783
128,16384,1,256,523.305
128,16384,1,512,523.54
128,16384,1,1024,523.017
128,16384,1,2048,523.7
128,16384,1,4096,523.274
128,16384,1,8192,523.221
128,16384,1,16384,523.53
128,16384,2,16,523.274
128,16384,2,32,523.21
128,16384,2,64,525.098
128,16384,2,128,523.861
128,16384,2,256,523.636
128,16384,2,512,523.935
128,16384,2,1024,524.852
128,16384,2,2048,523.733
128,16384,2,4096,523.466
128,16384,2,8192,526.815
128,16384,2,16384,528.223
128,16384,4,16,522.751
128,16384,4,32,522.655
128,16384,4,64,522.335
128,16384,4,128,522.751
128,16384,4,256,522.687
128,16384,4,512,522.783
128,16384,4,1024,523.519
128,16384,4,2048,523.584
128,16384,4,4096,527.093
128,16384,4,8192,531.807
128,16384,4,16384,533.034
128,16384,8,16,529.631
128,16384,8,32,529.866
128,16384,8,64,529.162
128,16384,8,128,533.46
128,16384,8,256,537.439
128,16384,8,512,545.652
128,16384,8,1024,561.546
128,16384,8,2048,594.399
128,16384,8,4096,659.402
128,16384,8,8192,795.946
128,16384,8,16384,1069.87
128,16384,16,16,534.207
128,16384,16,32,534.9
128,16384,16,64,534.9
128,16384,16,128,543.316
128,16384,16,256,550.655
128,16384,16,512,566.815
128,16384,16,1024,600.052
128,16384,16,2048,663.732
128,16384,16,4096,795.668
128,16384,16,8192,1070.25
128,16384,16,16384,1614.79
128,16384,32,16,546.069
128,16384,32,32,546.452
128,16384,32,64,547.115
128,16384,32,128,562.335
128,16384,32,256,579.135
128,16384,32,512,609.578
128,16384,32,1024,674.56
128,16384,32,2048,802.975
128,16384,32,4096,1093.66
128,16384,32,8192,1643.48
128,16384,32,16384,2674.07
128,16384,64,16,572.618
128,16384,64,32,574.079
128,16384,64,64,574.773
128,16384,64,128,609.695
128,16384,64,256,645.685
128,16384,64,512,722.507
128,16384,64,1024,875.828
128,16384,64,2048,1243.11
128,16384,64,4096,1964.7
128,16384,64,8192,3280.28
128,16384,64,16384,6067.51
256,0,0,0,14.1547
256,0,1,16,14.527
256,0,1,32,14.5387
256,0,1,64,14.5387
256,0,1,128,14.539
256,0,1,256,17.8123
256,0,1,512,25.7703
256,0,1,1024,41.8877
256,0,1,2048,73.824
256,0,1,4096,137.973
256,0,1,8192,266.069
256,0,1,16384,522.442
256,0,2,16,14.6663
256,0,2,32,14.8373
256,0,2,64,14.7307
256,0,2,128,14.6773
256,0,2,256,18.155
256,0,2,512,26.1547
256,0,2,1024,42.5387
256,0,2,2048,74.208
256,0,2,4096,138.303
256,0,2,8192,266.389
256,0,2,16384,525.481
256,0,4,16,16.832
256,0,4,32,16.7573
256,0,4,64,16.7253
256,0,4,128,16.9387
256,0,4,256,19.4883
256,0,4,512,27.5623
256,0,4,1024,43.627
256,0,4,2048,75.701
256,0,4,4096,139.69
256,0,4,8192,268.821
256,0,4,16384,532.234
256,0,8,16,22.0483
256,0,8,32,22.1337
256,0,8,64,21.7597
256,0,8,128,24.8107
256,0,8,256,31.3923
256,0,8,512,47.2747
256,0,8,1024,73.4283
256,0,8,2048,105.952
256,0,8,4096,169.909
256,0,8,8192,297.856
256,0,8,16384,556.053
256,0,16,16,28.3623
256,0,16,32,28.4697
256,0,16,64,28.7473
256,0,16,128,35.1363
256,0,16,256,45.5577
256,0,16,512,69.3013
256,0,16,1024,105.771
256,0,16,2048,169.429
256,0,16,4096,298.111
256,0,16,8192,558.4
256,0,16,16384,1078.31
256,0,32,16,41.9093
256,0,32,32,41.952
256,0,32,64,42.5067
256,0,32,128,56.1173
256,0,32,256,74.2723
256,0,32,512,113.311
256,0,32,1024,178.39
256,0,32,2048,307.232
256,0,32,4096,564.607
256,0,32,8192,1101.54
256,0,32,16384,2142.27
256,0,64,16,68.2133
256,0,64,32,68.5547
256,0,64,64,69.493
256,0,64,128,97.8023
256,0,64,256,131.914
256,0,64,512,206.25
256,0,64,1024,346.016
256,0,64,2048,613.984
256,0,64,4096,1205.95
256,0,64,8192,2344.68
256,0,64,16384,4803.21
256,16,0,0,17.9307
256,16,1,16,18.3253
256,16,1,32,18.336
256,16,1,64,18.304
256,16,1,128,18.3043
256,16,1,256,18.3037
256,16,1,512,25.8133
256,16,1,1024,41.834
256,16,1,2048,74.123
256,16,1,4096,138.613
256,16,1,8192,265.813
256,16,1,16384,522.442
256,16,2,16,18.5917
256,16,2,32,18.5387
256,16,2,64,18.592
256,16,2,128,18.5067
256,16,2,256,18.6237
256,16,2,512,26.016
256,16,2,1024,42.357
256,16,2,2048,74.1333
256,16,2,4096,138.336
256,16,2,8192,266.805
256,16,2,16384,525.279
256,16,4,16,20.458
256,16,4,32,20.416
256,16,4,64,20.4693
256,16,4,128,20.5653
256,16,4,256,20.6827
256,16,4,512,27.616
256,16,4,1024,43.7123
256,16,4,2048,75.7437
256,16,4,4096,139.584
256,16,4,8192,268.789
256,16,4,16384,532.042
256,16,8,16,25.4937
256,16,8,32,25.515
256,16,8,64,25.8667
256,16,8,128,28.4477
256,16,8,256,32.1387
256,16,8,512,47.3493
256,16,8,1024,78.9863
256,16,8,2048,114.101
256,16,8,4096,177.611
256,16,8,8192,306.293
256,16,8,16384,564.469
256,16,16,16,32.3943
256,16,16,32,32.4587
256,16,16,64,32.9173
256,16,16,128,39.2217
256,16,16,256,46.6127
256,16,16,512,69.7923
256,16,16,1024,111.115
256,16,16,2048,175.423
256,16,16,4096,304.139
256,16,16,8192,564.66
256,16,16,16384,1083.85
256,16,32,16,46.272
256,16,32,32,46.6457
256,16,32,64,46.9113
256,16,32,128,60.309
256,16,32,256,75.4347
256,16,32,512,113.75
256,16,32,1024,183.701
256,16,32,2048,311.648
256,16,32,4096,569.468
256,16,32,8192,1092.84
256,16,32,16384,2144.51
256,16,64,16,72.4057
256,16,64,32,73.1413
256,16,64,64,73.9943
256,16,64,128,102.165
256,16,64,256,133.344
256,16,64,512,210.016
256,16,64,1024,348.725
256,16,64,2048,617.237
256,16,64,4096,1205.86
256,16,64,8192,2353.58
256,16,64,16384,4881.38
256,32,0,0,18.0267
256,32,1,16,18.336
256,32,1,32,18.368
256,32,1,64,18.4427
256,32,1,128,18.357
256,32,1,256,18.379
256,32,1,512,25.888
256,32,1,1024,41.92
256,32,1,2048,73.8553
256,32,1,4096,138.549
256,32,1,8192,265.93
256,32,1,16384,522.144
256,32,2,16,18.5813
256,32,2,32,18.4857
256,32,2,64,18.6457
256,32,2,128,18.6237
256,32,2,256,18.6563
256,32,2,512,26.123
256,32,2,1024,42.5393
256,32,2,2048,74.3467
256,32,2,4096,138.25
256,32,2,8192,266.869
256,32,2,16384,524.778
256,32,4,16,20.523
256,32,4,32,20.501
256,32,4,64,20.5543
256,32,4,128,21.0877
256,32,4,256,20.8217
256,32,4,512,27.616
256,32,4,1024,43.6913
256,32,4,2048,75.6263
256,32,4,4096,140.053
256,32,4,8192,268.736
256,32,4,16384,531.989
256,32,8,16,25.6217
256,32,8,32,25.7597
256,32,8,64,25.8133
256,32,8,128,28.5543
256,32,8,256,32.2353
256,32,8,512,47.455
256,32,8,1024,79.179
256,32,8,2048,114.262
256,32,8,4096,178.432
256,32,8,8192,306.964
256,32,8,16384,566.079
256,32,16,16,32.5117
256,32,16,32,32.5767
256,32,16,64,32.9387
256,32,16,128,39.0713
256,32,16,256,46.4533
256,32,16,512,69.717
256,32,16,1024,111.51
256,32,16,2048,175.637
256,32,16,4096,304.127
256,32,16,8192,563.647
256,32,16,16384,1083.2
256,32,32,16,46.2933
256,32,32,32,46.186
256,32,32,64,46.8373
256,32,32,128,60.2027
256,32,32,256,75.68
256,32,32,512,113.621
256,32,32,1024,183.37
256,32,32,2048,311.712
256,32,32,4096,569.226
256,32,32,8192,1092.69
256,32,32,16384,2142.64
256,32,64,16,72.9063
256,32,64,32,73.0987
256,32,64,64,73.909
256,32,64,128,102.464
256,32,64,256,133.311
256,32,64,512,208.831
256,32,64,1024,348.789
256,32,64,2048,618.378
256,32,64,4096,1202.7
256,32,64,8192,2352.43
256,32,64,16384,4800.2
256,64,0,0,18.1437
256,64,1,16,18.411
256,64,1,32,18.485
256,64,1,64,18.485
256,64,1,128,18.4637
256,64,1,256,18.4
256,64,1,512,25.8133
256,64,1,1024,42.059
256,64,1,2048,73.781
256,64,1,4096,137.973
256,64,1,8192,265.995
256,64,1,16384,522.357
256,64,2,16,18.6667
256,64,2,32,18.6347
256,64,2,64,18.7627
256,64,2,128,18.7627
256,64,2,256,18.7623
256,64,2,512,26.1333
256,64,2,1024,42.4003
256,64,2,2048,74.304
256,64,2,4096,138.165
256,64,2,8192,266.858
256,64,2,16384,525.214
256,64,4,16,20.5337
256,64,4,32,20.5973
256,64,4,64,20.6503
256,64,4,128,20.6613
256,64,4,256,20.7683
256,64,4,512,27.6047
256,64,4,1024,43.6797
256,64,4,2048,75.701
256,64,4,4096,139.648
256,64,4,8192,268.639
256,64,4,16384,531.68
256,64,8,16,25.696
256,64,8,32,25.7813
256,64,8,64,25.8133
256,64,8,128,28.8853
256,64,8,256,32.416
256,64,8,512,47.2427
256,64,8,1024,79.125
256,64,8,2048,114.314
256,64,8,4096,178.463
256,64,8,8192,308.213
256,64,8,16384,569.279
256,64,16,16,32.6827
256,64,16,32,32.6293
256,64,16,64,32.885
256,64,16,128,39.5307
256,64,16,256,46.6667
256,64,16,512,69.76
256,64,16,1024,111.68
256,64,16,2048,175.327
256,64,16,4096,304.597
256,64,16,8192,564.191
256,64,16,16384,1085.69
256,64,32,16,46.293
256,64,32,32,46.7413
256,64,32,64,47.19
256,64,32,128,60.4373
256,64,32,256,75.6797
256,64,32,512,113.546
256,64,32,1024,183.232
256,64,32,2048,312.106
256,64,32,4096,569.642
256,64,32,8192,1093.76
256,64,32,16384,2144.31
256,64,64,16,72.7363
256,64,64,32,73.3657
256,64,64,64,73.8883
256,64,64,128,102.101
256,64,64,256,133.632
256,64,64,512,209.323
256,64,64,1024,348.32
256,64,64,2048,618.432
256,64,64,4096,1207.2
256,64,64,8192,2349.23
256,64,64,16384,4807.4
256,128,0,0,18.2183
256,128,1,16,18.7093
256,128,1,32,18.6563
256,128,1,64,18.741
256,128,1,128,18.7093
256,128,1,256,18.7203
256,128,1,512,25.8983
256,128,1,1024,41.9307
256,128,1,2048,73.8453
256,128,1,4096,137.973
256,128,1,8192,266.111
256,128,1,16384,521.823
256,128,2,16,18.88
256,128,2,32,18.7733
256,128,2,64,18.8483
256,128,2,128,18.9433
256,128,2,256,19.04
256,128,2,512,26.1013
256,128,2,1024,42.3357
256,128,2,2048,74.2613
256,128,2,4096,138.517
256,128,2,8192,266.773
256,128,2,16384,525.439
256,128,4,16,20.779
256,128,4,32,20.874
256,128,4,64,20.7467
256,128,4,128,20.9063
256,128,4,256,21.0127
256,128,4,512,27.6263
256,128,4,1024,43.68
256,128,4,2048,75.797
256,128,4,4096,139.904
256,128,4,8192,268.735
256,128,4,16384,531.744
256,128,8,16,26.1657
256,128,8,32,26.219
256,128,8,64,26.229
256,128,8,128,29.6537
256,128,8,256,32.8107
256,128,8,512,47.6477
256,128,8,1024,79.5413
256,128,8,2048,117.973
256,128,8,4096,181.439
256,128,8,8192,310.666
256,128,8,16384,568.116
256,128,16,16,33.557
256,128,16,32,33.611
256,128,16,64,34.006
256,128,16,128,40.3307
256,128,16,256,47.3813
256,128,16,512,69.9733
256,128,16,1024,113.62
256,128,16,2048,177.483
256,128,16,4096,308.138
256,128,16,8192,567.275
256,128,16,16384,1087.78
256,128,32,16,47.5407
256,128,32,32,47.701
256,128,32,64,49.0777
256,128,32,128,61.6747
256,128,32,256,76.2557
256,128,32,512,113.845
256,128,32,1024,186.688
256,128,32,2048,314.528
256,128,32,4096,572.01
256,128,32,8192,1094.44
256,128,32,16384,2145.77
256,128,64,16,73.8773
256,128,64,32,74.4107
256,128,64,64,75.264
256,128,64,128,103.765
256,128,64,256,134.272
256,128,64,512,210.773
256,128,64,1024,350.047
256,128,64,2048,619.445
256,128,64,4096,1209
256,128,64,8192,2350.14
256,128,64,16384,4754.53
256,256,0,0,22.3463
256,256,1,16,22.923
256,256,1,32,22.7723
256,256,1,64,22.7307
256,256,1,128,22.8377
256,256,1,256,22.7837
256,256,1,512,25.7917
256,256,1,1024,41.9727
256,256,1,2048,73.8767
256,256,1,4096,138.123
256,256,1,8192,266.079
256,256,1,16384,522.132
256,256,2,16,23.146
256,256,2,32,22.9227
256,256,2,64,23.0827
256,256,2,128,22.9333
256,256,2,256,23.104
256,256,2,512,26.1547
256,256,2,1024,42.9227
256,256,2,2048,74.4213
256,256,2,4096,138.72
256,256,2,8192,266.506
256,256,2,16384,524.885
256,256,4,16,24.8213
256,256,4,32,24.7463
256,256,4,64,24.811
256,256,4,128,25.013
256,256,4,256,25.0877
256,256,4,512,27.755
256,256,4,1024,43.904
256,256,4,2048,75.8293
256,256,4,4096,139.883
256,256,4,8192,268.416
256,256,4,16384,532.031
256,256,8,16,30.3037
256,256,8,32,30.3037
256,256,8,64,30.6553
256,256,8,128,34.3897
256,256,8,256,37.6957
256,256,8,512,48.48
256,256,8,1024,80.3303
256,256,8,2048,129.61
256,256,8,4096,193.45
256,256,8,8192,322.442
256,256,8,16384,579.872
256,256,16,16,38.848
256,256,16,32,39.1147
256,256,16,64,39.1567
256,256,16,128,45.1517
256,256,16,256,52.5543
256,256,16,512,70.326
256,256,16,1024,117.44
256,256,16,2048,185.728
256,256,16,4096,313.675
256,256,16,8192,573.918
256,256,16,16384,1095.28
256,256,32,16,52.96
256,256,32,32,53.301
256,256,32,64,53.6537
256,256,32,128,67.0513
256,256,32,256,82.069
256,256,32,512,114.763
256,256,32,1024,193.152
256,256,32,2048,322.23
256,256,32,4096,580.331
256,256,32,8192,1101.47
256,256,32,16384,2151.92
256,256,64,16,79.392
256,256,64,32,79.84
256,256,64,64,81.7277
256,256,64,128,109.685
256,256,64,256,140.149
256,256,64,512,211.701
256,256,64,1024,355.541
256,256,64,2048,626.655
256,256,64,4096,1212.92
256,256,64,8192,2356.97
256,256,64,16384,4793.82
256,512,0,0,30.4957
256,512,1,16,31.061
256,512,1,32,31.008
256,512,1,64,31.0507
256,512,1,128,31.018
256,512,1,256,30.9653
256,512,1,512,31.1253
256,512,1,1024,42.2827
256,512,1,2048,74.1647
256,512,1,4096,138.144
256,512,1,8192,265.941
256,512,1,16384,523.722
256,512,2,16,31.1683
256,512,2,32,31.3603
256,512,2,64,31.4137
256,512,2,128,31.1147
256,512,2,256,31.2637
256,512,2,512,31.3707
256,512,2,1024,42.4533
256,512,2,2048,75.3917
256,512,2,4096,138.997
256,512,2,8192,266.933
256,512,2,16384,524.778
256,512,4,16,32.8537
256,512,4,32,32.907
256,512,4,64,32.7787
256,512,4,128,33.056
256,512,4,256,33.0343
256,512,4,512,33.2687
256,512,4,1024,44.1487
256,512,4,2048,76.1493
256,512,4,4096,139.915
256,512,4,8192,268.481
256,512,4,16384,531.797
256,512,8,16,38.3677
256,512,8,32,38.389
256,512,8,64,38.582
256,512,8,128,42.3253
256,512,8,256,46.208
256,512,8,512,53.855
256,512,8,1024,80.1707
256,512,8,2048,143.818
256,512,8,4096,217.642
256,512,8,8192,346.239
256,512,8,16384,604.757
256,512,16,16,48.395
256,512,16,32,48.544
256,512,16,64,48.9383
256,512,16,128,55.0397
256,512,16,256,61.29
256,512,16,512,76.8103
256,512,16,1024,118.165
256,512,16,2048,202.144
256,512,16,4096,330.677
256,512,16,8192,592.928
256,512,16,16384,1117.66
256,512,32,16,62.9547
256,512,32,32,63.36
256,512,32,64,63.6807
256,512,32,128,78.3573
256,512,32,256,91.6163
256,512,32,512,122.027
256,512,32,1024,193.983
256,512,32,2048,339.093
256,512,32,4096,596.18
256,512,32,8192,1116.59
256,512,32,16384,2159.02
256,512,64,16,90.3573
256,512,64,32,90.709
256,512,64,64,91.2427
256,512,64,128,120.896
256,512,64,256,151.05
256,512,64,512,220.512
256,512,64,1024,364.181
256,512,64,2048,635.925
256,512,64,4096,1216.49
256,512,64,8192,2361.71
256,512,64,16384,4762.03
256,1024,0,0,46.6983
256,1024,1,16,47.2853
256,1024,1,32,47.093
256,1024,1,64,47.2853
256,1024,1,128,47.2637
256,1024,1,256,47.2423
256,1024,1,512,47.318
256,1024,1,1024,47.371
256,1024,1,2048,74.2183
256,1024,1,4096,138.411
256,1024,1,8192,266.378
256,1024,1,16384,522.496
256,1024,2,16,47.2107
256,1024,2,32,47.2963
256,1024,2,64,47.168
256,1024,2,128,47.1257
256,1024,2,256,47.402
256,1024,2,512,47.3603
256,1024,2,1024,47.7653
256,1024,2,2048,75.2
256,1024,2,4096,139.2
256,1024,2,8192,267.668
256,1024,2,16384,525.536
256,1024,4,16,48.7893
256,1024,4,32,48.9807
256,1024,4,64,49.0237
256,1024,4,128,49.003
256,1024,4,256,49.216
256,1024,4,512,49.451
256,1024,4,1024,49.451
256,1024,4,2048,76.9923
256,1024,4,4096,140.8
256,1024,4,8192,269.493
256,1024,4,16384,533.983
256,1024,8,16,54.432
256,1024,8,32,54.2507
256,1024,8,64,54.336
256,1024,8,128,59.4557
256,1024,8,256,62.5067
256,1024,8,512,70.3253
256,1024,8,1024,86.165
256,1024,8,2048,144.575
256,1024,8,4096,264.811
256,1024,8,8192,393.439
256,1024,8,16384,651.487
256,1024,16,16,64.3737
256,1024,16,32,64.5767
256,1024,16,64,64.9283
256,1024,16,128,76.0107
256,1024,16,256,84.4477
256,1024,16,512,93.728
256,1024,16,1024,124.992
256,1024,16,2048,214.24
256,1024,16,4096,361.781
256,1024,16,8192,622.889
256,1024,16,16384,1145.29
256,1024,32,16,81.066
256,1024,32,32,81.5473
256,1024,32,64,82.0483
256,1024,32,128,99.0073
256,1024,32,256,116.501
256,1024,32,512,139.797
256,1024,32,1024,202.229
256,1024,32,2048,354.538
256,1024,32,4096,627.349
256,1024,32,8192,1148.64
256,1024,32,16384,2187.6
256,1024,64,16,111.285
256,1024,64,32,112.202
256,1024,64,64,112.309
256,1024,64,128,142.368
256,1024,64,256,174.72
256,1024,64,512,237.088
256,1024,64,1024,377.344
256,1024,64,2048,661.749
256,1024,64,4096,1239.06
256,1024,64,8192,2384.21
256,1024,64,16384,4857.43
256,2048,0,0,79.061
256,2048,1,16,79.8607
256,2048,1,32,79.7223
256,2048,1,64,79.456
256,2048,1,128,79.5943
256,2048,1,256,79.6043
256,2048,1,512,79.7433
256,2048,1,1024,79.861
256,2048,1,2048,80.149
256,2048,1,4096,138.624
256,2048,1,8192,266.677
256,2048,1,16384,522.591
256,2048,2,16,79.1893
256,2048,2,32,79.5307
256,2048,2,64,79.797
256,2048,2,128,80.427
256,2048,2,256,79.691
256,2048,2,512,79.776
256,2048,2,1024,79.9143
256,2048,2,2048,80.0317
256,2048,2,4096,139.338
256,2048,2,8192,267.498
256,2048,2,16384,525.578
256,2048,4,16,81.1837
256,2048,4,32,81.0027
256,2048,4,64,80.789
256,2048,4,128,81.2273
256,2048,4,256,81.077
256,2048,4,512,81.3337
256,2048,4,1024,82.0903
256,2048,4,2048,82.5387
256,2048,4,4096,140.704
256,2048,4,8192,269.525
256,2048,4,16384,533.525
256,2048,8,16,86.4957
256,2048,8,32,86.5167
256,2048,8,64,86.7097
256,2048,8,128,90.2823
256,2048,8,256,94.4747
256,2048,8,512,102.56
256,2048,8,1024,118.954
256,2048,8,2048,150.538
256,2048,8,4096,273.313
256,2048,8,8192,488.554
256,2048,8,16384,747.861
256,2048,16,16,96.768
256,2048,16,32,96.715
256,2048,16,64,97.1093
256,2048,16,128,107.541
256,2048,16,256,120.715
256,2048,16,512,144.501
256,2048,16,1024,158.208
256,2048,16,2048,220.927
256,2048,16,4096,407.754
256,2048,16,8192,689.045
256,2048,16,16384,1212.71
256,2048,32,16,113.237
256,2048,32,32,113.557
256,2048,32,64,114.133
256,2048,32,128,133.451
256,2048,32,256,152.735
256,2048,32,512,190.249
256,2048,32,1024,236.202
256,2048,32,2048,362.494
256,2048,32,4096,677.809
256,2048,32,8192,1217.23
256,2048,32,16384,2257.17
256,2048,64,16,148.351
256,2048,64,32,148.745
256,2048,64,64,149.855
256,2048,64,128,183.626
256,2048,64,256,214.548
256,2048,64,512,284.937
256,2048,64,1024,409.917
256,2048,64,2048,744.026
256,2048,64,4096,1341.55
256,2048,64,8192,2479.01
256,2048,64,16384,4915.43
256,4096,0,0,143.092
256,4096,1,16,143.348
256,4096,1,32,143.785
256,4096,1,64,143.551
256,4096,1,128,143.486
256,4096,1,256,143.518
256,4096,1,512,143.646
256,4096,1,1024,143.647
256,4096,1,2048,143.647
256,4096,1,4096,143.807
256,4096,1,8192,266.142
256,4096,1,16384,522.001
256,4096,2,16,143.455
256,4096,2,32,143.317
256,4096,2,64,143.455
256,4096,2,128,143.626
256,4096,2,256,143.369
256,4096,2,512,143.808
256,4096,2,1024,143.647
256,4096,2,2048,143.754
256,4096,2,4096,143.828
256,4096,2,8192,267.219
256,4096,2,16384,526.631
256,4096,4,16,144.852
256,4096,4,32,144.927
256,4096,4,64,144.66
256,4096,4,128,144.852
256,4096,4,256,144.884
256,4096,4,512,145.151
256,4096,4,1024,145.385
256,4096,4,2048,145.705
256,4096,4,4096,146.271
256,4096,4,8192,269.844
256,4096,4,16384,533.585
256,4096,8,16,150.196
256,4096,8,32,152.063
256,4096,8,64,150.847
256,4096,8,128,154.303
256,4096,8,256,158.153
256,4096,8,512,165.951
256,4096,8,1024,182.389
256,4096,8,2048,214.463
256,4096,8,4096,278.973
256,4096,8,8192,534.705
256,4096,8,16384,944.26
256,4096,16,16,160.318
256,4096,16,32,160.18
256,4096,16,64,160.649
256,4096,16,128,171.508
256,4096,16,256,183.753
256,4096,16,512,207.796
256,4096,16,1024,255.646
256,4096,16,2048,285.417
256,4096,16,4096,416.019
256,4096,16,8192,811.344
256,4096,16,16384,1370.69
256,4096,32,16,177.481
256,4096,32,32,177.215
256,4096,32,64,177.887
256,4096,32,128,197.364
256,4096,32,256,217.471
256,4096,32,512,257.278
256,4096,32,1024,333.736
256,4096,32,2048,429.298
256,4096,32,4096,710.747
256,4096,32,8192,1387.51
256,4096,32,16384,2607.78
256,4096,64,16,212.639
256,4096,64,32,212.724
256,4096,64,64,213.534
256,4096,64,128,254.323
256,4096,64,256,295.699
256,4096,64,512,368.286
256,4096,64,1024,504.946
256,4096,64,2048,830.032
256,4096,64,4096,1526.49
256,4096,64,8192,3684.62
256,4096,64,16384,7218.68
256,8192,0,0,271.006
256,8192,1,16,271.987
256,8192,1,32,272.435
256,8192,1,64,272.083
256,8192,1,128,271.966
256,8192,1,256,271.923
256,8192,1,512,271.859
256,8192,1,1024,272.382
256,8192,1,2048,273.566
256,8192,1,4096,272.532
256,8192,1,8192,272.083
256,8192,1,16384,523.719
256,8192,2,16,272.084
256,8192,2,32,271.944
256,8192,2,64,271.667
256,8192,2,128,271.294
256,8192,2,256,273.939
256,8192,2,512,272.233
256,8192,2,1024,272.062
256,8192,2,2048,272.435
256,8192,2,4096,272.232
256,8192,2,8192,272.851
256,8192,2,16384,529.212
256,8192,4,16,272.873
256,8192,4,32,272.456
256,8192,4,64,272.659
256,8192,4,128,272.692
256,8192,4,256,272.659
256,8192,4,512,273.331
256,8192,4,1024,273.321
256,8192,4,2048,274.131
256,8192,4,4096,273.438
256,8192,4,8192,274.462
256,8192,4,16384,534.481
256,8192,8,16,278.526
256,8192,8,32,278.505
256,8192,8,64,278.91
256,8192,8,128,282.249
256,8192,8,256,286.836
256,8192,8,512,294.067
256,8192,8,1024,310.75
256,8192,8,2048,342.856
256,8192,8,4096,407.442
256,8192,8,8192,541.202
256,8192,8,16384,1062.23
256,8192,16,16,288.339
256,8192,16,32,287.976
256,8192,16,64,289.001
256,8192,16,128,298.952
256,8192,16,256,311.529
256,8192,16,512,335.976
256,8192,16,1024,385.043
256,8192,16,2048,481.308
256,8192,16,4096,543.569
256,8192,16,8192,814.874
256,8192,16,16384,1609.89
256,8192,32,16,304.872
256,8192,32,32,305.512
256,8192,32,64,305.235
256,8192,32,128,324.872
256,8192,32,256,344.702
256,8192,32,512,385.501
256,8192,32,1024,465.863
256,8192,32,2048,622.151
256,8192,32,4096,860.367
256,8192,32,8192,1395.37
256,8192,32,16384,2805.82
256,8192,64,16,339.987
256,8192,64,32,340.488
256,8192,64,64,340.968
256,8192,64,128,382.899
256,8192,64,256,425.736
256,8192,64,512,517.884
256,8192,64,1024,668.572
256,8192,64,2048,985.337
256,8192,64,4096,1747.22
256,8192,64,8192,3081.06
256,8192,64,16384,7586.64
256,16384,0,0,527.506
256,16384,1,16,528.165
256,16384,1,32,527.804
256,16384,1,64,528.391
256,16384,1,128,528.327
256,16384,1,256,529.137
256,16384,1,512,527.995
256,16384,1,1024,528.242
256,16384,1,2048,528.157
256,16384,1,4096,528.53
256,16384,1,8192,528.668
256,16384,1,16384,530.034
256,16384,2,16,527.676
256,16384,2,32,528.295
256,16384,2,64,528.423
256,16384,2,128,528.763
256,16384,2,256,528.21
256,16384,2,512,528.102
256,16384,2,1024,528.135
256,16384,2,2048,528.359
256,16384,2,4096,528.274
256,16384,2,8192,530.236
256,16384,2,16384,530.353
256,16384,4,16,528.819
256,16384,4,32,528.657
256,16384,4,64,528.167
256,16384,4,128,529.682
256,16384,4,256,529.671
256,16384,4,512,529.191
256,16384,4,1024,529.233
256,16384,4,2048,529.862
256,16384,4,4096,534.813
256,16384,4,8192,534.46
256,16384,4,16384,538.631
256,16384,8,16,535.025
256,16384,8,32,534.45
256,16384,8,64,534.716
256,16384,8,128,538.748
256,16384,8,256,542.77
256,16384,8,512,551.387
256,16384,8,1024,567.697
256,16384,8,2048,601.095
256,16384,8,4096,667.248
256,16384,8,8192,799.258
256,16384,8,16384,1070.34
256,16384,16,16,544.017
256,16384,16,32,545.371
256,16384,16,64,544.849
256,16384,16,128,556.807
256,16384,16,256,567.974
256,16384,16,512,592.144
256,16384,16,1024,640.923
256,16384,16,2048,735.888
256,16384,16,4096,927.289
256,16384,16,8192,1071.97
256,16384,16,16384,1616.17
256,16384,32,16,560.7
256,16384,32,32,561.244
256,16384,32,64,561.255
256,16384,32,128,581.787
256,16384,32,256,601.457
256,16384,32,512,641.468
256,16384,32,1024,724.124
256,16384,32,2048,884.922
256,16384,32,4096,1224.79
256,16384,32,8192,1694.59
256,16384,32,16384,2759.93
256,16384,64,16,595.11
256,16384,64,32,596.604
256,16384,64,64,597.084
256,16384,64,128,638.428
256,16384,64,256,682.119
256,16384,64,512,772.506
256,16384,64,1024,956.965
256,16384,64,2048,1314.04
256,16384,64,4096,2060.75
256,16384,64,8192,3508.09
256,16384,64,16384,6702.05
512,0,0,0,24.181
512,0,1,16,30.111
512,0,1,32,30.1333
512,0,1,64,30.1547
512,0,1,128,30.41
512,0,1,256,30.6773
512,0,1,512,33.6317
512,0,1,1024,49.3963
512,0,1,2048,81.2897
512,0,1,4096,144.927
512,0,1,8192,272.446
512,0,1,16384,527.11
512,0,2,16,30.464
512,0,2,32,30.645
512,0,2,64,30.827
512,0,2,128,33.0453
512,0,2,256,33.0453
512,0,2,512,35.317
512,0,2,1024,51.3487
512,0,2,2048,83.327
512,0,2,4096,147.327
512,0,2,8192,275.155
512,0,2,16384,530.781
512,0,4,16,32.7783
512,0,4,32,32.7677
512,0,4,64,32.8
512,0,4,128,34.378
512,0,4,256,37.5783
512,0,4,512,42.2503
512,0,4,1024,58.3357
512,0,4,2048,90.6023
512,0,4,4096,154.43
512,0,4,8192,282.825
512,0,4,16384,539.559
512,0,8,16,38.176
512,0,8,32,38.358
512,0,8,64,38.1657
512,0,8,128,42.3887
512,0,8,256,44.053
512,0,8,512,51.7657
512,0,8,1024,81.568
512,0,8,2048,145.023
512,0,8,4096,213.022
512,0,8,8192,341.043
512,0,8,16384,599.324
512,0,16,16,46.89
512,0,16,32,47.0823
512,0,16,64,47.744
512,0,16,128,54.4847
512,0,16,256,60.6077
512,0,16,512,76.1917
512,0,16,1024,121.066
512,0,16,2048,202.932
512,0,16,4096,331.55
512,0,16,8192,589.692
512,0,16,16384,1109.16
512,0,32,16,63.5833
512,0,32,32,63.754
512,0,32,64,64.277
512,0,32,128,78.421
512,0,32,256,93.152
512,0,32,512,124.095
512,0,32,1024,199.348
512,0,32,2048,336.851
512,0,32,4096,594.898
512,0,32,8192,1116.57
512,0,32,16384,2160.95
512,0,64,16,95.8073
512,0,64,32,96.3297
512,0,64,64,97.0663
512,0,64,128,126.314
512,0,64,256,156.682
512,0,64,512,226.59
512,0,64,1024,378.067
512,0,64,2048,649.82
512,0,64,4096,1232.28
512,0,64,8192,2374.43
512,0,64,16384,4780.9
512,16,0,0,27.8817
512,16,1,16,33.8883
512,16,1,32,33.9623
512,16,1,64,34.1013
512,16,1,128,36.3937
512,16,1,256,36.458
512,16,1,512,36.5017
512,16,1,1024,49.877
512,16,1,2048,81.973
512,16,1,4096,145.471
512,16,1,8192,273.651
512,16,1,16384,528.956
512,16,2,16,34.6557
512,16,2,32,34.453
512,16,2,64,34.8157
512,16,2,128,37.152
512,16,2,256,37.9413
512,16,2,512,38.1657
512,16,2,1024,53.6633
512,16,2,2048,85.6847
512,16,2,4096,149.492
512,16,2,8192,277.576
512,16,2,16384,533.415
512,16,4,16,37.6213
512,16,4,32,37.5037
512,16,4,64,37.9307
512,16,4,128,38.688
512,16,4,256,41.8663
512,16,4,512,45.323
512,16,4,1024,60.9487
512,16,4,2048,93.1407
512,16,4,4096,157.109
512,16,4,8192,284.776
512,16,4,16384,541.831
512,16,8,16,42.794
512,16,8,32,42.859
512,16,8,64,42.9433
512,16,8,128,47.1253
512,16,8,256,49.408
512,16,8,512,53.5143
512,16,8,1024,82.5383
512,16,8,2048,145.321
512,16,8,4096,222.451
512,16,8,8192,349.758
512,16,8,16384,607.815
512,16,16,16,51.9033
512,16,16,32,51.8183
512,16,16,64,52.2017
512,16,16,128,59.2853
512,16,16,256,66.282
512,16,16,512,77.9517
512,16,16,1024,121.728
512,16,16,2048,209.651
512,16,16,4096,338.653
512,16,16,8192,596.861
512,16,16,16384,1113.35
512,16,32,16,68.4373
512,16,32,32,68.9483
512,16,32,64,69.333
512,16,32,128,83.4353
512,16,32,256,98.965
512,16,32,512,127.028
512,16,32,1024,200.425
512,16,32,2048,342.387
512,16,32,4096,600.135
512,16,32,8192,1120.17
512,16,32,16384,2164.42
512,16,64,16,101.173
512,16,64,32,101.547
512,16,64,64,102.111
512,16,64,128,131.295
512,16,64,256,162.176
512,16,64,512,228.201
512,16,64,1024,380.638
512,16,64,2048,653.414
512,16,64,4096,1230.67
512,16,64,8192,2371.92
512,16,64,16384,4743.27
512,32,0,0,27.904
512,32,1,16,33.952
512,32,1,32,34.1333
512,32,1,64,34.1337
512,32,1,128,36.2233
512,32,1,256,36.416
512,32,1,512,37.077
512,32,1,1024,50.08
512,32,1,2048,81.5353
512,32,1,4096,145.631
512,32,1,8192,273.278
512,32,1,16384,528.168
512,32,2,16,34.752
512,32,2,32,34.7627
512,32,2,64,34.613
512,32,2,128,37.0343
512,32,2,256,38.101
512,32,2,512,38.2717
512,32,2,1024,53.514
512,32,2,2048,85.215
512,32,2,4096,149.385
512,32,2,8192,277.683
512,32,2,16384,532.552
512,32,4,16,37.5897
512,32,4,32,37.7063
512,32,4,64,37.525
512,32,4,128,38.7837
512,32,4,256,41.6427
512,32,4,512,45.568
512,32,4,1024,61.269
512,32,4,2048,92.981
512,32,4,4096,157.162
512,32,4,8192,285.822
512,32,4,16384,542.588
512,32,8,16,42.9117
512,32,8,32,42.6767
512,32,8,64,43.0823
512,32,8,128,47.4663
512,32,8,256,49.973
512,32,8,512,53.7167
512,32,8,1024,82.5487
512,32,8,2048,145.193
512,32,8,4096,221.203
512,32,8,8192,351.368
512,32,8,16384,611.089
512,32,16,16,51.8187
512,32,16,32,52.0643
512,32,16,64,52.2767
512,32,16,128,59.4233
512,32,16,256,66.485
512,32,16,512,78.1433
512,32,16,1024,121.706
512,32,16,2048,210.953
512,32,16,4096,338.377
512,32,16,8192,596.903
512,32,16,16384,1116.29
512,32,32,16,68.5433
512,32,32,32,68.7033
512,32,32,64,69.152
512,32,32,128,83.765
512,32,32,256,98.367
512,32,32,512,126.1
512,32,32,1024,200.521
512,32,32,2048,342.44
512,32,32,4096,600.06
512,32,32,8192,1121.48
512,32,32,16384,2163.98
512,32,64,16,101.013
512,32,64,32,101.674
512,32,64,64,102.591
512,32,64,128,131.551
512,32,64,256,162.665
512,32,64,512,228.575
512,32,64,1024,380.67
512,32,64,2048,653.404
512,32,64,4096,1233
512,32,64,8192,2369.75
512,32,64,16384,4725.92
512,64,0,0,28.1697
512,64,1,16,34.0903
512,64,1,32,34.112
512,64,1,64,34.0047
512,64,1,128,36.5003
512,64,1,256,36.5547
512,64,1,512,36.704
512,64,1,1024,49.8553
512,64,1,2048,81.8023
512,64,1,4096,145.493
512,64,1,8192,273.118
512,64,1,16384,530.012
512,64,2,16,34.9437
512,64,2,32,34.8367
512,64,2,64,34.9333
512,64,2,128,37.216
512,64,2,256,38.0373
512,64,2,512,38.1863
512,64,2,1024,53.4927
512,64,2,2048,85.343
512,64,2,4096,149.493
512,64,2,8192,277.161
512,64,2,16384,532.711
512,64,4,16,37.7703
512,64,4,32,37.6527
512,64,4,64,37.7167
512,64,4,128,38.8797
512,64,4,256,42.0047
512,64,4,512,45.4397
512,64,4,1024,61.2687
512,64,4,2048,93.141
512,64,4,4096,157.023
512,64,4,8192,285.268
512,64,4,16384,541.159
512,64,8,16,43.2317
512,64,8,32,42.9657
512,64,8,64,43.4023
512,64,8,128,47.3483
512,64,8,256,49.6313
512,64,8,512,53.248
512,64,8,1024,82.613
512,64,8,2048,145.503
512,64,8,4096,222.654
512,64,8,8192,350.739
512,64,8,16384,609.693
512,64,16,16,51.8933
512,64,16,32,52.0533
512,64,16,64,52.4263
512,64,16,128,59.7333
512,64,16,256,66.4423
512,64,16,512,78.165
512,64,16,1024,121.695
512,64,16,2048,210.1
512,64,16,4096,340.222
512,64,16,8192,598.13
512,64,16,16384,1115.6
512,64,32,16,68.3517
512,64,32,32,69.162
512,64,32,64,70.0583
512,64,32,128,83.498
512,64,32,256,98.6977
512,64,32,512,126.207
512,64,32,1024,200.627
512,64,32,2048,342.281
512,64,32,4096,600.103
512,64,32,8192,1120.37
512,64,32,16384,2164.17
512,64,64,16,101.322
512,64,64,32,101.792
512,64,64,64,102.229
512,64,64,128,131.604
512,64,64,256,162.249
512,64,64,512,228.99
512,64,64,1024,381.437
512,64,64,2048,652.509
512,64,64,4096,1235.78
512,64,64,8192,2370.93
512,64,64,16384,4717.41
512,128,0,0,28.2663
512,128,1,16,36.7993
512,128,1,32,37.3763
512,128,1,64,36.9277
512,128,1,128,38.2607
512,128,1,256,38.4963
512,128,1,512,38.549
512,128,1,1024,53.621
512,128,1,2048,85.642
512,128,1,4096,149.514
512,128,1,8192,276.809
512,128,1,16384,531.41
512,128,2,16,37.2267
512,128,2,32,37.0987
512,128,2,64,37.1837
512,128,2,128,38.6343
512,128,2,256,41.0667
512,128,2,512,41.312
512,128,2,1024,55.765
512,128,2,2048,88.0207
512,128,2,4096,151.764
512,128,2,8192,279.902
512,128,2,16384,536.359
512,128,4,16,39.338
512,128,4,32,39.381
512,128,4,64,39.3703
512,128,4,128,40.9277
512,128,4,256,42.5813
512,128,4,512,47.733
512,128,4,1024,62.6773
512,128,4,2048,94.6553
512,128,4,4096,158.569
512,128,4,8192,287.187
512,128,4,16384,544.134
512,128,8,16,44.9067
512,128,8,32,44.9277
512,128,8,64,45.1513
512,128,8,128,49.5143
512,128,8,256,52.117
512,128,8,512,55.0397
512,128,8,1024,84.2233
512,128,8,2048,146.026
512,128,8,4096,230.548
512,128,8,8192,359.688
512,128,8,16384,616.518
512,128,16,16,53.877
512,128,16,32,53.5357
512,128,16,64,53.9947
512,128,16,128,61.5577
512,128,16,256,69.0763
512,128,16,512,79.797
512,128,16,1024,122.549
512,128,16,2048,213.908
512,128,16,4096,343.582
512,128,16,8192,603.804
512,128,16,16384,1118.51
512,128,32,16,70.3573
512,128,32,32,70.7727
512,128,32,64,71.1673
512,128,32,128,85.674
512,128,32,256,100.618
512,128,32,512,128.351
512,128,32,1024,201.663
512,128,32,2048,346.643
512,128,32,4096,604.007
512,128,32,8192,1125.81
512,128,32,16384,2169.89
512,128,64,16,103.071
512,128,64,32,103.636
512,128,64,64,105.365
512,128,64,128,134.079
512,128,64,256,164.469
512,128,64,512,230.612
512,128,64,1024,381.875
512,128,64,2048,656.423
512,128,64,4096,1240.4
512,128,64,8192,2372.41
512,128,64,16384,4717.03
512,256,0,0,32.778
512,256,1,16,43.541
512,256,1,32,43.4447
512,256,1,64,43.6263
512,256,1,128,44.9167
512,256,1,256,46.154
512,256,1,512,46.5807
512,256,1,1024,57.663
512,256,1,2048,89.535
512,256,1,4096,153.066
512,256,1,8192,280.819
512,256,1,16384,535.752
512,256,2,16,44.576
512,256,2,32,44.4693
512,256,2,64,45.0447
512,256,2,128,45.2157
512,256,2,256,46.816
512,256,2,512,49.1303
512,256,2,1024,59.5837
512,256,2,2048,92.1273
512,256,2,4096,155.732
512,256,2,8192,285.587
512,256,2,16384,540.103
512,256,4,16,45.9307
512,256,4,32,45.9943
512,256,4,64,45.9517
512,256,4,128,47.541
512,256,4,256,48.981
512,256,4,512,53.8127
512,256,4,1024,67.0713
512,256,4,2048,99.242
512,256,4,4096,163.029
512,256,4,8192,290.857
512,256,4,16384,547.954
512,256,8,16,51.4343
512,256,8,32,51.4873
512,256,8,64,51.7963
512,256,8,128,55.3487
512,256,8,256,60.287
512,256,8,512,62.751
512,256,8,1024,84.1703
512,256,8,2048,145.855
512,256,8,4096,250.665
512,256,8,8192,379.154
512,256,8,16384,635.186
512,256,16,16,60.33
512,256,16,32,60.48
512,256,16,64,60.7997
512,256,16,128,68.0853
512,256,16,256,76.3303
512,256,16,512,87.1353
512,256,16,1024,124.586
512,256,16,2048,216.244
512,256,16,4096,356.648
512,256,16,8192,615.718
512,256,16,16384,1130.78
512,256,32,16,77.6317
512,256,32,32,77.9297
512,256,32,64,78.0583
512,256,32,128,92.9703
512,256,32,256,108.138
512,256,32,512,135.882
512,256,32,1024,203.7
512,256,32,2048,356.638
512,256,32,4096,613.777
512,256,32,8192,1134.97
512,256,32,16384,2174.88
512,256,64,16,110.367
512,256,64,32,110.506
512,256,64,64,111.381
512,256,64,128,141.162
512,256,64,256,171.796
512,256,64,512,238.207
512,256,64,1024,384.392
512,256,64,2048,663.143
512,256,64,4096,1248.52
512,256,64,8192,2379.48
512,256,64,16384,4709.7
512,512,0,0,40.9283
512,512,1,16,51.7747
512,512,1,32,51.9033
512,512,1,64,52.0637
512,512,1,128,59.2957
512,512,1,256,60.7567
512,512,1,512,62.1653
512,512,1,1024,65.7807
512,512,1,2048,97.6947
512,512,1,4096,161.738
512,512,1,8192,289.011
512,512,1,16384,544.434
512,512,2,16,53.365
512,512,2,32,53.429
512,512,2,64,53.6957
512,512,2,128,60.842
512,512,2,256,61.258
512,512,2,512,62.8587
512,512,2,1024,68.149
512,512,2,2048,100.298
512,512,2,4096,164.084
512,512,2,8192,292.115
512,512,2,16384,548.861
512,512,4,16,60.554
512,512,4,32,60.6927
512,512,4,64,60.8737
512,512,4,128,62.1433
512,512,4,256,63.4237
512,512,4,512,65.152
512,512,4,1024,75.0823
512,512,4,2048,107.231
512,512,4,4096,171.38
512,512,4,8192,299.156
512,512,4,16384,556.081
512,512,8,16,64.8
512,512,8,32,65.0983
512,512,8,64,65.013
512,512,8,128,69.056
512,512,8,256,71.626
512,512,8,512,78.5063
512,512,8,1024,85.546
512,512,8,2048,146.73
512,512,8,4096,273.961
512,512,8,8192,411.411
512,512,8,16384,669.521
512,512,16,16,73.4827
512,512,16,32,74.2607
512,512,16,64,74.0687
512,512,16,128,81.45
512,512,16,256,88.917
512,512,16,512,105.567
512,512,16,1024,127.103
512,512,16,2048,217.898
512,512,16,4096,383.06
512,512,16,8192,641.298
512,512,16,16384,1159.32
512,512,32,16,90.72
512,512,32,32,90.868
512,512,32,64,91.0287
512,512,32,128,106.464
512,512,32,256,121.631
512,512,32,512,152.33
512,512,32,1024,207.935
512,512,32,2048,360.585
512,512,32,4096,637.009
512,512,32,8192,1155.89
512,512,32,16384,2197.08
512,512,64,16,123.957
512,512,64,32,125.29
512,512,64,64,125.354
512,512,64,128,155.711
512,512,64,256,186.558
512,512,64,512,253.619
512,512,64,1024,389.214
512,512,64,2048,680.349
512,512,64,4096,1248.91
512,512,64,8192,2392.89
512,512,64,16384,4715.51
512,1024,0,0,57.514
512,1024,1,16,68.3517
512,1024,1,32,68.5227
512,1024,1,64,68.437
512,1024,1,128,75.807
512,1024,1,256,83.8607
512,1024,1,512,92.842
512,1024,1,1024,94.7623
512,1024,1,2048,114.101
512,1024,1,4096,177.93
512,1024,1,8192,306.591
512,1024,1,16384,560.444
512,1024,2,16,70.0153
512,1024,2,32,69.5253
512,1024,2,64,69.9823
512,1024,2,128,77.3443
512,1024,2,256,85.3217
512,1024,2,512,93.7807
512,1024,2,1024,96.6177
512,1024,2,2048,116.778
512,1024,2,4096,180.277
512,1024,2,8192,309.033
512,1024,2,16384,564.071
512,1024,4,16,77.066
512,1024,4,32,77.5563
512,1024,4,64,77.525
512,1024,4,128,89.1727
512,1024,4,256,93.0773
512,1024,4,512,96.085
512,1024,4,1024,97.461
512,1024,4,2048,123.445
512,1024,4,4096,187.519
512,1024,4,8192,315.774
512,1024,4,16384,572.53
512,1024,8,16,91.669
512,1024,8,32,91.9677
512,1024,8,64,92.1163
512,1024,8,128,97.1613
512,1024,8,256,99.903
512,1024,8,512,103.157
512,1024,8,1024,110.346
512,1024,8,2048,149.546
512,1024,8,4096,275.027
512,1024,8,8192,474.599
512,1024,8,16384,733.671
512,1024,16,16,101.024
512,1024,16,32,101.141
512,1024,16,64,101.365
512,1024,16,128,107.605
512,1024,16,256,115.242
512,1024,16,512,128.469
512,1024,16,1024,154.09
512,1024,16,2048,222.836
512,1024,16,4096,410.217
512,1024,16,8192,695.409
512,1024,16,16384,1208.08
512,1024,32,16,117.301
512,1024,32,32,117.109
512,1024,32,64,117.695
512,1024,32,128,132.853
512,1024,32,256,149.674
512,1024,32,512,179.082
512,1024,32,1024,237.961
512,1024,32,2048,367.208
512,1024,32,4096,682.449
512,1024,32,8192,1204.75
512,1024,32,16384,2237.22
512,1024,64,16,151.284
512,1024,64,32,151.519
512,1024,64,64,152.181
512,1024,64,128,183.572
512,1024,64,256,215.54
512,1024,64,512,281.46
512,1024,64,1024,417.075
512,1024,64,2048,732.465
512,1024,64,4096,1281.72
512,1024,64,8192,2418.78
512,1024,64,16384,4713.82
512,2048,0,0,90.187
512,2048,1,16,100.714
512,2048,1,32,100.81
512,2048,1,64,100.97
512,2048,1,128,108.116
512,2048,1,256,116.277
512,2048,1,512,131.626
512,2048,1,1024,156.308
512,2048,1,2048,158.825
512,2048,1,4096,209.93
512,2048,1,8192,337.704
512,2048,1,16384,592.892
512,2048,2,16,102.634
512,2048,2,32,102.282
512,2048,2,64,102.772
512,2048,2,128,109.994
512,2048,2,256,117.866
512,2048,2,512,133.738
512,2048,2,1024,157.172
512,2048,2,2048,159.839
512,2048,2,4096,213.129
512,2048,2,8192,341.245
512,2048,2,16384,598.397
512,2048,4,16,109.482
512,2048,4,32,109.567
512,2048,4,64,110.026
512,2048,4,128,121.375
512,2048,4,256,133.044
512,2048,4,512,156.596
512,2048,4,1024,159.775
512,2048,4,2048,161.62
512,2048,4,4096,219.903
512,2048,4,8192,348.339
512,2048,4,16384,605.213
512,2048,8,16,124.01
512,2048,8,32,124.234
512,2048,8,64,125.652
512,2048,8,128,145.172
512,2048,8,256,158.911
512,2048,8,512,160.863
512,2048,8,1024,168.394
512,2048,8,2048,174.143
512,2048,8,4096,278.024
512,2048,8,8192,534.716
512,2048,8,16384,859.472
512,2048,16,16,149.727
512,2048,16,32,150.271
512,2048,16,64,150.805
512,2048,16,128,163.039
512,2048,16,256,169.471
512,2048,16,512,184.105
512,2048,16,1024,208.926
512,2048,16,2048,248.649
512,2048,16,4096,415.209
512,2048,16,8192,786.491
512,2048,16,16384,1313.47
512,2048,32,16,171.295
512,2048,32,32,170.741
512,2048,32,64,171.295
512,2048,32,128,186.015
512,2048,32,256,201.257
512,2048,32,512,233.502
512,2048,32,1024,290.495
512,2048,32,2048,397.32
512,2048,32,4096,709.692
512,2048,32,8192,1360.16
512,2048,32,16384,2408.11
512,2048,64,16,202.931
512,2048,64,32,203.316
512,2048,64,64,204.436
512,2048,64,128,236.052
512,2048,64,256,270.164
512,2048,64,512,337.705
512,2048,64,1024,471.55
512,2048,64,2048,800.017
512,2048,64,4096,1899.55
512,2048,64,8192,2833.84
512,2048,64,16384,5002.93
512,4096,0,0,153.834
512,4096,1,16,164.404
512,4096,1,32,164.116
512,4096,1,64,164.224
512,4096,1,128,171.529
512,4096,1,256,180.138
512,4096,1,512,195.231
512,4096,1,1024,226.836
512,4096,1,2048,282.015
512,4096,1,4096,284.179
512,4096,1,8192,401.182
512,4096,1,16384,655.685
512,4096,2,16,166.271
512,4096,2,32,165.994
512,4096,2,64,165.93
512,4096,2,128,173.269
512,4096,2,256,181.311
512,4096,2,512,196.98
512,4096,2,1024,229.172
512,4096,2,2048,283.038
512,4096,2,4096,287.038
512,4096,2,8192,403.976
512,4096,2,16384,660.658
512,4096,4,16,173.364
512,4096,4,32,173.023
512,4096,4,64,173.108
512,4096,4,128,184.062
512,4096,4,256,196.138
512,4096,4,512,220.244
512,4096,4,1024,268.425
512,4096,4,2048,285.556
512,4096,4,4096,288.628
512,4096,4,8192,411.304
512,4096,4,16384,667.729
512,4096,8,16,187.092
512,4096,8,32,187.433
512,4096,8,64,187.924
512,4096,8,128,207.689
512,4096,8,256,229.013
512,4096,8,512,268.649
512,4096,8,1024,286.815
512,4096,8,2048,295.155
512,4096,8,4096,299.881
512,4096,8,8192,536.893
512,4096,8,16384,1055.54
512,4096,16,16,213.087
512,4096,16,32,213.182
512,4096,16,64,215.145
512,4096,16,128,246.591
512,4096,16,256,279.935
512,4096,16,512,293.247
512,4096,16,1024,322.761
512,4096,16,2048,368.414
512,4096,16,4096,442.685
512,4096,16,8192,822.075
512,4096,16,16384,1568.22
512,4096,32,16,266.452
512,4096,32,32,267.156
512,4096,32,64,268.212
512,4096,32,128,294.665
512,4096,32,256,307.37
512,4096,32,512,338.793
512,4096,32,1024,402.515
512,4096,32,2048,514.557
512,4096,32,4096,745.628
512,4096,32,8192,1582.47
512,4096,32,16384,3083.15
512,4096,64,16,310.835
512,4096,64,32,310.708
512,4096,64,64,312.511
512,4096,64,128,341.096
512,4096,64,256,373.726
512,4096,64,512,443.4
512,4096,64,1024,588.37
512,4096,64,2048,890.886
512,4096,64,4096,1638.31
512,4096,64,8192,4087.8
512,4096,64,16384,7994.67
512,8192,0,0,282.9
512,8192,1,16,292.575
512,8192,1,32,292.627
512,8192,1,64,292.127
512,8192,1,128,300.553
512,8192,1,256,307.4
512,8192,1,512,323.561
512,8192,1,1024,354.237
512,8192,1,2048,418.078
512,8192,1,4096,534.685
512,8192,1,8192,542.033
512,8192,1,16384,783.601
512,8192,2,16,294.516
512,8192,2,32,294.461
512,8192,2,64,294.707
512,8192,2,128,301.588
512,8192,2,256,310.292
512,8192,2,512,326.569
512,8192,2,1024,357.555
512,8192,2,2048,421.406
512,8192,2,4096,536.039
512,8192,2,8192,544.359
512,8192,2,16384,789.488
512,8192,4,16,301.47
512,8192,4,32,301.438
512,8192,4,64,301.566
512,8192,4,128,312.713
512,8192,4,256,325.246
512,8192,4,512,348.425
512,8192,4,1024,396.595
512,8192,4,2048,491.581
512,8192,4,4096,542.269
512,8192,4,8192,547.059
512,8192,4,16384,800.998
512,8192,8,16,315.752
512,8192,8,32,316.158
512,8192,8,64,316.702
512,8192,8,128,336.191
512,8192,8,256,356.68
512,8192,8,512,397.502
512,8192,8,1024,476.093
512,8192,8,2048,540.381
512,8192,8,4096,552.648
512,8192,8,8192,555.175
512,8192,8,16384,1060.86
512,8192,16,16,341.417
512,8192,16,32,342.504
512,8192,16,64,342.207
512,8192,16,128,375.486
512,8192,16,256,408.212
512,8192,16,512,471.806
512,8192,16,1024,543.847
512,8192,16,2048,610.727
512,8192,16,4096,690.972
512,8192,16,8192,824.967
512,8192,16,16384,1628.78
512,8192,32,16,394.003
512,8192,32,32,395.145
512,8192,32,64,396.03
512,8192,32,128,453.832
512,8192,32,256,514.61
512,8192,32,512,563.239
512,8192,32,1024,622.482
512,8192,32,2048,753.628
512,8192,32,4096,976.186
512,8192,32,8192,1455.58
512,8192,32,16384,3252.24
512,8192,64,16,499.635
512,8192,64,32,500.392
512,8192,64,64,503.23
512,8192,64,128,567.293
512,8192,64,256,591.197
512,8192,64,512,655.538
512,8192,64,1024,798.545
512,8192,64,2048,1119.07
512,8192,64,4096,1875.42
512,8192,64,8192,3654.04
512,8192,64,16384,8160.14
512,16384,0,0,540.049
512,16384,1,16,548.764
512,16384,1,32,549.159
512,16384,1,64,548.572
512,16384,1,128,556.893
512,16384,1,256,564.317
512,16384,1,512,580.615
512,16384,1,1024,611.58
512,16384,1,2048,675.047
512,16384,1,4096,800.624
512,16384,1,8192,1053.16
512,16384,1,16384,1058.42
512,16384,2,16,550.578
512,16384,2,32,551.1
512,16384,2,64,550.12
512,16384,2,128,558.322
512,16384,2,256,565.351
512,16384,2,512,581.459
512,16384,2,1024,615.048
512,16384,2,2048,678.971
512,16384,2,4096,805.308
512,16384,2,8192,1053.29
512,16384,2,16384,1062.31
512,16384,4,16,558.109
512,16384,4,32,557.448
512,16384,4,64,558.056
512,16384,4,128,569.928
512,16384,4,256,581.66
512,16384,4,512,604.551
512,16384,4,1024,653.234
512,16384,4,2048,748.112
512,16384,4,4096,938.779
512,16384,4,8192,1052.29
512,16384,4,16384,1066.58
512,16384,8,16,572.338
512,16384,8,32,573.181
512,16384,8,64,572.691
512,16384,8,128,592.487
512,16384,8,256,612.52
512,16384,8,512,653.211
512,16384,8,1024,732.69
512,16384,8,2048,892.88
512,16384,8,4096,1055.1
512,16384,8,8192,1066.78
512,16384,8,16384,1075.96
512,16384,16,16,597.928
512,16384,16,32,598.162
512,16384,16,64,600.552
512,16384,16,128,632.231
512,16384,16,256,663.773
512,16384,16,512,728.284
512,16384,16,1024,856.25
512,16384,16,2048,1054.62
512,16384,16,4096,1184.94
512,16384,16,8192,1345.19
512,16384,16,16384,1614.46
512,16384,32,16,649.51
512,16384,32,32,651.634
512,16384,32,64,653.49
512,16384,32,128,709.318
512,16384,32,256,772.53
512,16384,32,512,891.217
512,16384,32,1024,1057.11
512,16384,32,2048,1180.75
512,16384,32,4096,1465.88
512,16384,32,8192,1911.38
512,16384,32,16384,2856.89
512,16384,64,16,756.903
512,16384,64,32,757.234
512,16384,64,64,761.468
512,16384,64,128,870.683
512,16384,64,256,984.517
512,16384,64,512,1102.11
512,16384,64,1024,1228.07
512,16384,64,2048,1534.04
512,16384,64,4096,2420.48
512,16384,64,8192,4217.53
512,16384,64,16384,8001.49
1024,0,0,0,70.624
1024,0,1,16,70.2823
1024,0,1,32,70.2077
1024,0,1,64,69.6843
1024,0,1,128,70.2933
1024,0,1,256,70.677
1024,0,1,512,71.274
1024,0,1,1024,74.5487
1024,0,1,2048,106.506
1024,0,1,4096,170.42
1024,0,1,8192,297.887
1024,0,1,16384,553.384
1024,0,2,16,71.4663
1024,0,2,32,71.466
1024,0,2,64,71.349
1024,0,2,128,72.4583
1024,0,2,256,73.3223
1024,0,2,512,74.7733
1024,0,2,1024,79.3707
1024,0,2,2048,111.466
1024,0,2,4096,175.369
1024,0,2,8192,303.528
1024,0,2,16384,559.121
1024,0,4,16,74.2713
1024,0,4,32,74.57
1024,0,4,64,74.7943
1024,0,4,128,75.754
1024,0,4,256,77.3647
1024,0,4,512,81.2797
1024,0,4,1024,88.4367
1024,0,4,2048,128.33
1024,0,4,4096,192.095
1024,0,4,8192,320.425
1024,0,4,16384,577.395
1024,0,8,16,80.6397
1024,0,8,32,80.277
1024,0,8,64,80.4793
1024,0,8,128,84.4257
1024,0,8,256,88.8633
1024,0,8,512,95.989
1024,0,8,1024,111.349
1024,0,8,2048,163.231
1024,0,8,4096,278.964
1024,0,8,8192,465.117
1024,0,8,16384,721.766
1024,0,16,16,92.3517
1024,0,16,32,92.394
1024,0,16,64,92.9493
1024,0,16,128,100.576
1024,0,16,256,108.149
1024,0,16,512,122.57
1024,0,16,1024,153.588
1024,0,16,2048,235.177
1024,0,16,4096,413.811
1024,0,16,8192,680.925
1024,0,16,16384,1197.75
1024,0,32,16,115.754
1024,0,32,32,116.01
1024,0,32,64,117.152
1024,0,32,128,131.669
1024,0,32,256,146.858
1024,0,32,512,177.236
1024,0,32,1024,238.633
1024,0,32,2048,383.635
1024,0,32,4096,672.615
1024,0,32,8192,1191.6
1024,0,32,16384,2227.35
1024,0,64,16,161.3
1024,0,64,32,161.663
1024,0,64,64,162.485
1024,0,64,128,192.49
1024,0,64,256,223.892
1024,0,64,512,291.124
1024,0,64,1024,430.356
1024,0,64,2048,730.503
1024,0,64,4096,1294.57
1024,0,64,8192,2425.78
1024,0,64,16384,4707.73
1024,16,0,0,74.7193
1024,16,1,16,76.981
1024,16,1,32,77.0877
1024,16,1,64,76.8
1024,16,1,128,77.717
1024,16,1,256,77.3327
1024,16,1,512,77.8767
1024,16,1,1024,80.0103
1024,16,1,2048,109.93
1024,16,1,4096,173.696
1024,16,1,8192,301.492
1024,16,1,16384,557.085
1024,16,2,16,77.9087
1024,16,2,32,77.898
1024,16,2,64,78.1217
1024,16,2,128,78.613
1024,16,2,256,79.8077
1024,16,2,512,80.7887
1024,16,2,1024,83.5197
1024,16,2,2048,116.095
1024,16,2,4096,179.818
1024,16,2,8192,307.657
1024,16,2,16384,563.687
1024,16,4,16,80.554
1024,16,4,32,80.5963
1024,16,4,64,80.5543
1024,16,4,128,82.2397
1024,16,4,256,84.2337
1024,16,4,512,88.2447
1024,16,4,1024,94.2817
1024,16,4,2048,133.652
1024,16,4,4096,197.642
1024,16,4,8192,325.95
1024,16,4,16384,582.898
1024,16,8,16,87.3063
1024,16,8,32,87.1567
1024,16,8,64,87.4557
1024,16,8,128,91.872
1024,16,8,256,95.189
1024,16,8,512,102.207
1024,16,8,1024,115.69
1024,16,8,2048,166.986
1024,16,8,4096,279.572
1024,16,8,8192,483.069
1024,16,8,16384,738.481
1024,16,16,16,98.9537
1024,16,16,32,99.0817
1024,16,16,64,99.338
1024,16,16,128,106.858
1024,16,16,256,114.912
1024,16,16,512,129.226
1024,16,16,1024,158.047
1024,16,16,2048,238.73
1024,16,16,4096,415.432
1024,16,16,8192,686.844
1024,16,16,16384,1205.16
1024,16,32,16,122.656
1024,16,32,32,122.687
1024,16,32,64,123.146
1024,16,32,128,138.304
1024,16,32,256,153.962
1024,16,32,512,184.479
1024,16,32,1024,243.53
1024,16,32,2048,389.363
1024,16,32,4096,681.521
1024,16,32,8192,1213.47
1024,16,32,16384,2232.82
1024,16,64,16,168.404
1024,16,64,32,168.789
1024,16,64,64,169.727
1024,16,64,128,199.498
1024,16,64,256,230.729
1024,16,64,512,297.843
1024,16,64,1024,434.377
1024,16,64,2048,734.802
1024,16,64,4096,1300.51
1024,16,64,8192,2433.23
1024,16,64,16384,4716.51
1024,32,0,0,74.7623
1024,32,1,16,76.949
1024,32,1,32,77.0237
1024,32,1,64,76.9807
1024,32,1,128,77.9203
1024,32,1,256,77.9827
1024,32,1,512,78.0153
1024,32,1,1024,79.967
1024,32,1,2048,109.643
1024,32,1,4096,173.46
1024,32,1,8192,301.939
1024,32,1,16384,556.136
1024,32,2,16,77.7597
1024,32,2,32,78.272
1024,32,2,64,78.123
1024,32,2,128,78.6343
1024,32,2,256,79.7323
1024,32,2,512,81.2263
1024,32,2,1024,83.3377
1024,32,2,2048,115.861
1024,32,2,4096,179.53
1024,32,2,8192,308.009
1024,32,2,16384,563.869
1024,32,4,16,80.511
1024,32,4,32,80.554
1024,32,4,64,80.1597
1024,32,4,128,82.368
1024,32,4,256,84.319
1024,32,4,512,88.1803
1024,32,4,1024,94.154
1024,32,4,2048,133.535
1024,32,4,4096,197.45
1024,32,4,8192,326.558
1024,32,4,16384,582.837
1024,32,8,16,86.5913
1024,32,8,32,86.8157
1024,32,8,64,86.7517
1024,32,8,128,91.1353
1024,32,8,256,95.285
1024,32,8,512,102.58
1024,32,8,1024,116.074
1024,32,8,2048,167.039
1024,32,8,4096,279.582
1024,32,8,8192,482.835
1024,32,8,16384,742.833
1024,32,16,16,99.0933
1024,32,16,32,98.9007
1024,32,16,64,99.3163
1024,32,16,128,107.243
1024,32,16,256,115.029
1024,32,16,512,130.058
1024,32,16,1024,157.78
1024,32,16,2048,238.794
1024,32,16,4096,415.23
1024,32,16,8192,685.309
1024,32,16,16384,1205.72
1024,32,32,16,122.741
1024,32,32,32,122.954
1024,32,32,64,122.986
1024,32,32,128,138.463
1024,32,32,256,153.503
1024,32,32,512,184.393
1024,32,32,1024,243.327
1024,32,32,2048,387.518
1024,32,32,4096,679.772
1024,32,32,8192,1199.27
1024,32,32,16384,2230.29
1024,32,64,16,168.276
1024,32,64,32,168.66
1024,32,64,64,169.386
1024,32,64,128,199.274
1024,32,64,256,230.58
1024,32,64,512,298.356
1024,32,64,1024,435.081
1024,32,64,2048,736.04
1024,32,64,4096,1308.01
1024,32,64,8192,2435.26
1024,32,64,16384,4722.19
1024,64,0,0,74.9327
1024,64,1,16,76.9697
1024,64,1,32,77.6317
1024,64,1,64,77.2153
1024,64,1,128,78.3147
1024,64,1,256,78.1003
1024,64,1,512,77.93
1024,64,1,1024,80.2873
1024,64,1,2048,109.845
1024,64,1,4096,173.674
1024,64,1,8192,301.161
1024,64,1,16384,556.094
1024,64,2,16,78.0267
1024,64,2,32,78.4003
1024,64,2,64,78.3243
1024,64,2,128,78.6657
1024,64,2,256,79.7117
1024,64,2,512,81.216
1024,64,2,1024,83.3813
1024,64,2,2048,115.85
1024,64,2,4096,179.604
1024,64,2,8192,307.902
1024,64,2,16384,564.498
1024,64,4,16,80.32
1024,64,4,32,80.639
1024,64,4,64,80.7677
1024,64,4,128,83.093
1024,64,4,256,85.642
1024,64,4,512,88.2447
1024,64,4,1024,93.973
1024,64,4,2048,133.557
1024,64,4,4096,197.087
1024,64,4,8192,326.558
1024,64,4,16384,582.12
1024,64,8,16,86.762
1024,64,8,32,87.2533
1024,64,8,64,87.2317
1024,64,8,128,90.9117
1024,64,8,256,95.157
1024,64,8,512,102.698
1024,64,8,1024,116.266
1024,64,8,2048,167.007
1024,64,8,4096,279.103
1024,64,8,8192,482.398
1024,64,8,16384,740.657
1024,64,16,16,98.7943
1024,64,16,32,99.1567
1024,64,16,64,99.1893
1024,64,16,128,106.997
1024,64,16,256,114.613
1024,64,16,512,130.122
1024,64,16,1024,159.071
1024,64,16,2048,238.996
1024,64,16,4096,415.56
1024,64,16,8192,687.399
1024,64,16,16384,1212.86
1024,64,32,16,122.666
1024,64,32,32,123.007
1024,64,32,64,123.092
1024,64,32,128,138.335
1024,64,32,256,153.961
1024,64,32,512,184.692
1024,64,32,1024,243.562
1024,64,32,2048,387.284
1024,64,32,4096,680.616
1024,64,32,8192,1199.65
1024,64,32,16384,2234.62
1024,64,64,16,168.319
1024,64,64,32,168.852
1024,64,64,64,169.183
1024,64,64,128,199.061
1024,64,64,256,230.719
1024,64,64,512,297.919
1024,64,64,1024,434.43
1024,64,64,2048,732.829
1024,64,64,4096,1302.52
1024,64,64,8192,2437.31
1024,64,64,16384,4719.03
1024,128,0,0,78.8053
1024,128,1,16,80.4903
1024,128,1,32,80.1593
1024,128,1,64,80.1167
1024,128,1,128,81.2053
1024,128,1,256,81.269
1024,128,1,512,81.8447
1024,128,1,1024,82.5487
1024,128,1,2048,113.535
1024,128,1,4096,176.757
1024,128,1,8192,305.396
1024,128,1,16384,560.445
1024,128,2,16,81.9723
1024,128,2,32,81.621
1024,128,2,64,82.2077
1024,128,2,128,81.9943
1024,128,2,256,82.868
1024,128,2,512,84.095
1024,128,2,1024,86.9007
1024,128,2,2048,119.477
1024,128,2,4096,183.572
1024,128,2,8192,310.942
1024,128,2,16384,567.389
1024,128,4,16,83.6367
1024,128,4,32,83.6047
1024,128,4,64,83.3597
1024,128,4,128,85.2797
1024,128,4,256,87.69
1024,128,4,512,92.4683
1024,128,4,1024,97.8123
1024,128,4,2048,138.74
1024,128,4,4096,202.655
1024,128,4,8192,330.292
1024,128,4,16384,588.797
1024,128,8,16,90.2077
1024,128,8,32,90.2393
1024,128,8,64,90.24
1024,128,8,128,94.527
1024,128,8,256,98.698
1024,128,8,512,106.314
1024,128,8,1024,120.298
1024,128,8,2048,171.316
1024,128,8,4096,280.34
1024,128,8,8192,497.128
1024,128,8,16384,752.967
1024,128,16,16,102.25
1024,128,16,32,102.73
1024,128,16,64,102.805
1024,128,16,128,110.879
1024,128,16,256,118.816
1024,128,16,512,133.173
1024,128,16,1024,161.887
1024,128,16,2048,242.814
1024,128,16,4096,417.353
1024,128,16,8192,698.984
1024,128,16,16384,1215.24
1024,128,32,16,126.069
1024,128,32,32,126.303
1024,128,32,64,126.741
1024,128,32,128,141.866
1024,128,32,256,157.802
1024,128,32,512,188.511
1024,128,32,1024,247.956
1024,128,32,2048,392.191
1024,128,32,4096,687.313
1024,128,32,8192,1213.22
1024,128,32,16384,2240.35
1024,128,64,16,171.732
1024,128,64,32,172.148
1024,128,64,64,173.151
1024,128,64,128,203.348
1024,128,64,256,234.942
1024,128,64,512,301.908
1024,128,64,1024,438.718
1024,128,64,2048,737.052
1024,128,64,4096,1305.37
1024,128,64,8192,2433.35
1024,128,64,16384,4713.67
1024,256,0,0,89.2587
1024,256,1,16,89.994
1024,256,1,32,90.0587
1024,256,1,64,89.9517
1024,256,1,128,90.143
1024,256,1,256,90.3677
1024,256,1,512,90.6557
1024,256,1,1024,91.957
1024,256,1,2048,118.762
1024,256,1,4096,182.73
1024,256,1,8192,310.527
1024,256,1,16384,565.725
1024,256,2,16,90.2713
1024,256,2,32,91.178
1024,256,2,64,90.6977
1024,256,2,128,91.0503
1024,256,2,256,91.9993
1024,256,2,512,94.165
1024,256,2,1024,98.0797
1024,256,2,2048,127.584
1024,256,2,4096,191.54
1024,256,2,8192,319.283
1024,256,2,16384,574.62
1024,256,4,16,93.1513
1024,256,4,32,92.9707
1024,256,4,64,92.9493
1024,256,4,128,95.3173
1024,256,4,256,98.389
1024,256,4,512,102.858
1024,256,4,1024,109.194
1024,256,4,2048,146.495
1024,256,4,4096,212.287
1024,256,4,8192,340.18
1024,256,4,16384,597.032
1024,256,8,16,99.84
1024,256,8,32,99.904
1024,256,8,64,100.192
1024,256,8,128,104.799
1024,256,8,256,108.554
1024,256,8,512,116.298
1024,256,8,1024,128.735
1024,256,8,2048,178.868
1024,256,8,4096,282.761
1024,256,8,8192,528.371
1024,256,8,16384,787.207
1024,256,16,16,112.681
1024,256,16,32,112.276
1024,256,16,64,112.842
1024,256,16,128,121.205
1024,256,16,256,129.002
1024,256,16,512,144.17
1024,256,16,1024,171.796
1024,256,16,2048,251.743
1024,256,16,4096,419.369
1024,256,16,8192,717.64
1024,256,16,16384,1238.29
1024,256,32,16,136.34
1024,256,32,32,136.575
1024,256,32,64,137.066
1024,256,32,128,152.436
1024,256,32,256,168.137
1024,256,32,512,198.794
1024,256,32,1024,258.175
1024,256,32,2048,400.307
1024,256,32,4096,697.223
1024,256,32,8192,1221.68
1024,256,32,16384,2257.2
1024,256,64,16,182.719
1024,256,64,32,183.05
1024,256,64,64,183.817
1024,256,64,128,213.983
1024,256,64,256,245.93
1024,256,64,512,313.908
1024,256,64,1024,449.854
1024,256,64,2048,750.034
1024,256,64,4096,1319.95
1024,256,64,8192,2447.65
1024,256,64,16384,4731.76
1024,512,0,0,106.463
1024,512,1,16,107.615
1024,512,1,32,107.039
1024,512,1,64,107.615
1024,512,1,128,108.842
1024,512,1,256,109.578
1024,512,1,512,110.986
1024,512,1,1024,115.178
1024,512,1,2048,129.92
1024,512,1,4096,193.962
1024,512,1,8192,321.545
1024,512,1,16384,577.416
1024,512,2,16,108.522
1024,512,2,32,108.415
1024,512,2,64,108.639
1024,512,2,128,110.357
1024,512,2,256,112.426
1024,512,2,512,116.244
1024,512,2,1024,121.077
1024,512,2,2048,143.445
1024,512,2,4096,207.487
1024,512,2,8192,335.827
1024,512,2,16384,591.655
1024,512,4,16,112.938
1024,512,4,32,113.567
1024,512,4,64,113.556
1024,512,4,128,116.159
1024,512,4,256,118.496
1024,512,4,512,123.466
1024,512,4,1024,131.573
1024,512,4,2048,154.303
1024,512,4,4096,230.911
1024,512,4,8192,358.249
1024,512,4,16384,615.389
1024,512,8,16,119.338
1024,512,8,32,119.328
1024,512,8,64,119.274
1024,512,8,128,124.756
1024,512,8,256,128.543
1024,512,8,512,135.882
1024,512,8,1024,149.226
1024,512,8,2048,192.991
1024,512,8,4096,301.397
1024,512,8,8192,540.851
1024,512,8,16384,855.975
1024,512,16,16,132.33
1024,512,16,32,132.01
1024,512,16,64,132.362
1024,512,16,128,140.928
1024,512,16,256,149.247
1024,512,16,512,164.191
1024,512,16,1024,191.988
1024,512,16,2048,266.175
1024,512,16,4096,428.563
1024,512,16,8192,761.938
1024,512,16,16384,1285.04
1024,512,32,16,156.628
1024,512,32,32,156.991
1024,512,32,64,157.407
1024,512,32,128,172.65
1024,512,32,256,189.79
1024,512,32,512,220.5
1024,512,32,1024,279.807
1024,512,32,2048,415.464
1024,512,32,4096,705.629
1024,512,32,8192,1256.23
1024,512,32,16384,2300.96
1024,512,64,16,203.69
1024,512,64,32,204.159
1024,512,64,64,205.108
1024,512,64,128,235.497
1024,512,64,256,266.857
1024,512,64,512,333.62
1024,512,64,1024,471.976
1024,512,64,2048,776.701
1024,512,64,4096,1373.12
1024,512,64,8192,2473.43
1024,512,64,16384,4767.36
1024,1024,0,0,138.805
1024,1024,1,16,145.503
1024,1024,1,32,145.312
1024,1024,1,64,145.502
1024,1024,1,128,149.14
1024,1024,1,256,151.903
1024,1024,1,512,153.204
1024,1024,1,1024,160.18
1024,1024,1,2048,163.284
1024,1024,1,4096,226.282
1024,1024,1,8192,353.662
1024,1024,1,16384,610.674
1024,1024,2,16,149.3
1024,1024,2,32,149.546
1024,1024,2,64,149.481
1024,1024,2,128,149.504
1024,1024,2,256,154.229
1024,1024,2,512,158.005
1024,1024,2,1024,163.711
1024,1024,2,2048,169.641
1024,1024,2,4096,239.231
1024,1024,2,8192,367.839
1024,1024,2,16384,622.749
1024,1024,4,16,151.487
1024,1024,4,32,151.178
1024,1024,4,64,150.997
1024,1024,4,128,155.061
1024,1024,4,256,159.038
1024,1024,4,512,163.381
1024,1024,4,1024,171.818
1024,1024,4,2048,186.271
1024,1024,4,4096,268.19
1024,1024,4,8192,396.649
1024,1024,4,16384,653.106
1024,1024,8,16,159.007
1024,1024,8,32,159.509
1024,1024,8,64,159.007
1024,1024,8,128,165.983
1024,1024,8,256,169.983
1024,1024,8,512,178.73
1024,1024,8,1024,193.845
1024,1024,8,2048,219.221
1024,1024,8,4096,330.847
1024,1024,8,8192,542.312
1024,1024,8,16384,984.72
1024,1024,16,16,172.053
1024,1024,16,32,172.383
1024,1024,16,64,172.33
1024,1024,16,128,181.482
1024,1024,16,256,189.941
1024,1024,16,512,205.941
1024,1024,16,1024,237.29
1024,1024,16,2048,292.169
1024,1024,16,4096,463.837
1024,1024,16,8192,811.58
1024,1024,16,16384,1376.42
1024,1024,32,16,197.631
1024,1024,32,32,197.535
1024,1024,32,64,198.185
1024,1024,32,128,213.908
1024,1024,32,256,230.313
1024,1024,32,512,262.42
1024,1024,32,1024,324.243
1024,1024,32,2048,441.673
1024,1024,32,4096,775.217
1024,1024,32,8192,1463.66
1024,1024,32,16384,2625
1024,1024,64,16,245.066
1024,1024,64,32,244.991
1024,1024,64,64,246.826
1024,1024,64,128,277.236
1024,1024,64,256,309.79
1024,1024,64,512,377.513
1024,1024,64,1024,514.174
1024,1024,64,2048,821.276
1024,1024,64,4096,1590.6
1024,1024,64,8192,2662.74
1024,1024,64,16384,4875.26
1024,2048,0,0,202.132
1024,2048,1,16,208.713
1024,2048,1,32,208.137
1024,2048,1,64,208.885
1024,2048,1,128,212.362
1024,2048,1,256,215.999
1024,2048,1,512,224.724
1024,2048,1,1024,240.02
1024,2048,1,2048,255.305
1024,2048,1,4096,272.617
1024,2048,1,8192,417.758
1024,2048,1,16384,672.284
1024,2048,2,16,213.386
1024,2048,2,32,214.591
1024,2048,2,64,213.802
1024,2048,2,128,218.346
1024,2048,2,256,221.962
1024,2048,2,512,234.868
1024,2048,2,1024,245.61
1024,2048,2,2048,258.558
1024,2048,2,4096,295.359
1024,2048,2,8192,431.368
1024,2048,2,16384,685.725
1024,2048,4,16,214.676
1024,2048,4,32,214.505
1024,2048,4,64,215.231
1024,2048,4,128,222.75
1024,2048,4,256,231.146
1024,2048,4,512,246.463
1024,2048,4,1024,258.282
1024,2048,4,2048,265.877
1024,2048,4,4096,313.524
1024,2048,4,8192,459.56
1024,2048,4,16384,717.735
1024,2048,8,16,222.463
1024,2048,8,32,223.402
1024,2048,8,64,223.487
1024,2048,8,128,235.454
1024,2048,8,256,248.927
1024,2048,8,512,262.74
1024,2048,8,1024,275.134
1024,2048,8,2048,294.878
1024,2048,8,4096,380.841
1024,2048,8,8192,613.821
1024,2048,8,16384,1072.02
1024,2048,16,16,242.751
1024,2048,16,32,242.495
1024,2048,16,64,242.75
1024,2048,16,128,261.246
1024,2048,16,256,273.609
1024,2048,16,512,288.628
1024,2048,16,1024,317.289
1024,2048,16,2048,389.8
1024,2048,16,4096,516.478
1024,2048,16,8192,838.94
1024,2048,16,16384,1567.62
1024,2048,32,16,276.628
1024,2048,32,32,277.491
1024,2048,32,64,277.886
1024,2048,32,128,295.06
1024,2048,32,256,310.804
1024,2048,32,512,344.158
1024,2048,32,1024,409.075
1024,2048,32,2048,535.39
1024,2048,32,4096,821.991
1024,2048,32,8192,1893.95
1024,2048,32,16384,3538.07
1024,2048,64,16,325.971
1024,2048,64,32,326.143
1024,2048,64,64,327.316
1024,2048,64,128,359.006
1024,2048,64,256,392.19
1024,2048,64,512,460.873
1024,2048,64,1024,597.266
1024,2048,64,2048,924.594
1024,2048,64,4096,2141.32
1024,2048,64,8192,4307.7
1024,2048,64,16384,8244.86
1024,4096,0,0,328.297
1024,4096,1,16,335.529
1024,4096,1,32,334.995
1024,4096,1,64,335.86
1024,4096,1,128,338.996
1024,4096,1,256,342.953
1024,4096,1,512,350.046
1024,4096,1,1024,367.113
1024,4096,1,2048,399.827
1024,4096,1,4096,445.086
1024,4096,1,8192,525.426
1024,4096,1,16384,799.687
1024,4096,2,16,340.233
1024,4096,2,32,340.084
1024,4096,2,64,340.051
1024,4096,2,128,344.713
1024,4096,2,256,348.627
1024,4096,2,512,360.819
1024,4096,2,1024,392.788
1024,4096,2,2048,434.75
1024,4096,2,4096,448.947
1024,4096,2,8192,549.49
1024,4096,2,16384,812.38
1024,4096,4,16,342.367
1024,4096,4,32,341.46
1024,4096,4,64,342.281
1024,4096,4,128,348.766
1024,4096,4,256,357.139
1024,4096,4,512,374.249
1024,4096,4,1024,411.209
1024,4096,4,2048,448.275
1024,4096,4,4096,456.958
1024,4096,4,8192,568.573
1024,4096,4,16384,843.111
1024,4096,8,16,349.47
1024,4096,8,32,350.75
1024,4096,8,64,350.59
1024,4096,8,128,361.929
1024,4096,8,256,375.657
1024,4096,8,512,402.868
1024,4096,8,1024,447.07
1024,4096,8,2048,465.246
1024,4096,8,4096,486.728
1024,4096,8,8192,702.568
1024,4096,8,16384,1131.17
1024,4096,16,16,369.161
1024,4096,16,32,369.267
1024,4096,16,64,369.492
1024,4096,16,128,391.614
1024,4096,16,256,415.358
1024,4096,16,512,453.203
1024,4096,16,1024,483.091
1024,4096,16,2048,540.414
1024,4096,16,4096,655.795
1024,4096,16,8192,968.071
1024,4096,16,16384,1667.57
1024,4096,32,16,411.432
1024,4096,32,32,413.087
1024,4096,32,64,412.862
1024,4096,32,128,450.056
1024,4096,32,256,481.875
1024,4096,32,512,509.726
1024,4096,32,1024,571.762
1024,4096,32,2048,699.059
1024,4096,32,4096,929.095
1024,4096,32,8192,1862.85
1024,4096,32,16384,3960.29
1024,4096,64,16,489.779
1024,4096,64,32,489.939
1024,4096,64,64,490.686
1024,4096,64,128,522.835
1024,4096,64,256,554.152
1024,4096,64,512,625.139
1024,4096,64,1024,766.737
1024,4096,64,2048,1030.69
1024,4096,64,4096,1786.54
1024,4096,64,8192,4382.07
1024,4096,64,16384,8592.71
1024,8192,0,0,585.609
1024,8192,1,16,589.971
1024,8192,1,32,588.168
1024,8192,1,64,589.692
1024,8192,1,128,592.541
1024,8192,1,256,595.719
1024,8192,1,512,603.976
1024,8192,1,1024,620.253
1024,8192,1,2048,652.423
1024,8192,1,4096,718.493
1024,8192,1,8192,826.204
1024,8192,1,16384,1038.1
1024,8192,2,16,593.193
1024,8192,2,32,593.204
1024,8192,2,64,592.68
1024,8192,2,128,598.269
1024,8192,2,256,602.354
1024,8192,2,512,613.704
1024,8192,2,1024,645.768
1024,8192,2,2048,709.021
1024,8192,2,4096,815.302
1024,8192,2,8192,830.396
1024,8192,2,16384,1058.45
1024,8192,4,16,595.069
1024,8192,4,32,594.984
1024,8192,4,64,595.507
1024,8192,4,128,602.525
1024,8192,4,256,610.279
1024,8192,4,512,626.749
1024,8192,4,1024,664.734
1024,8192,4,2048,729.863
1024,8192,4,4096,829.308
1024,8192,4,8192,837.98
1024,8192,4,16384,1078.01
1024,8192,8,16,605.81
1024,8192,8,32,604.253
1024,8192,8,64,603.944
1024,8192,8,128,616.253
1024,8192,8,256,629.949
1024,8192,8,512,656.786
1024,8192,8,1024,718.737
1024,8192,8,2048,819.964
1024,8192,8,4096,846.588
1024,8192,8,8192,867.303
1024,8192,8,16384,1346.85
1024,8192,16,16,622.803
1024,8192,16,32,623.667
1024,8192,16,64,623.89
1024,8192,16,128,645.811
1024,8192,16,256,668.936
1024,8192,16,512,715.858
1024,8192,16,1024,801.532
1024,8192,16,2048,867.922
1024,8192,16,4096,986.523
1024,8192,16,8192,1161.58
1024,8192,16,16384,1894.74
1024,8192,32,16,664.925
1024,8192,32,32,665.384
1024,8192,32,64,666.269
1024,8192,32,128,703.25
1024,8192,32,256,742.343
1024,8192,32,512,820.988
1024,8192,32,1024,899.783
1024,8192,32,2048,1018.97
1024,8192,32,4096,1301.18
1024,8192,32,8192,1731.53
1024,8192,32,16384,3993.74
1024,8192,64,16,757.404
1024,8192,64,32,756.882
1024,8192,64,64,758.141
1024,8192,64,128,827.41
1024,8192,64,256,885.542
1024,8192,64,512,953.307
1024,8192,64,1024,1097.96
1024,8192,64,2048,1372.79
1024,8192,64,4096,2119.53
1024,8192,64,8192,3944.82
1024,8192,64,16384,8688.52
1024,16384,0,0,1089.08
1024,16384,1,16,1096.99
1024,16384,1,32,1096.8
1024,16384,1,64,1096.18
1024,16384,1,128,1099.97
1024,16384,1,256,1104.5
1024,16384,1,512,1112.85
1024,16384,1,1024,1130
1024,16384,1,2048,1161.47
1024,16384,1,4096,1226.07
1024,16384,1,8192,1355.71
1024,16384,1,16384,1587.19
1024,16384,2,16,1101.65
1024,16384,2,32,1101.28
1024,16384,2,64,1104.65
1024,16384,2,128,1106.43
1024,16384,2,256,1109.73
1024,16384,2,512,1121.9
1024,16384,2,1024,1153.43
1024,16384,2,2048,1216.87
1024,16384,2,4096,1347.08
1024,16384,2,8192,1581.13
1024,16384,2,16384,1593.88
1024,16384,4,16,1103.06
1024,16384,4,32,1102.57
1024,16384,4,64,1103.33
1024,16384,4,128,1111.3
1024,16384,4,256,1119.3
1024,16384,4,512,1135.89
1024,16384,4,1024,1172.68
1024,16384,4,2048,1236.29
1024,16384,4,4096,1365.93
1024,16384,4,8192,1593.9
1024,16384,4,16384,1609.56
1024,16384,8,16,1111.54
1024,16384,8,32,1112.29
1024,16384,8,64,1111.95
1024,16384,8,128,1123.75
1024,16384,8,256,1137.18
1024,16384,8,512,1165.29
1024,16384,8,1024,1223.01
1024,16384,8,2048,1328.54
1024,16384,8,4096,1519.85
1024,16384,8,8192,1613.73
1024,16384,8,16384,1631.86
1024,16384,16,16,1130.1
1024,16384,16,32,1129.33
1024,16384,16,64,1134.42
1024,16384,16,128,1154.9
1024,16384,16,256,1176.48
1024,16384,16,512,1224.51
1024,16384,16,1024,1314.71
1024,16384,16,2048,1477.26
1024,16384,16,4096,1638.28
1024,16384,16,8192,1888.56
1024,16384,16,16384,2179.57
1024,16384,32,16,1176.22
1024,16384,32,32,1175.61
1024,16384,32,64,1175.78
1024,16384,32,128,1214.88
1024,16384,32,256,1254.43
1024,16384,32,512,1333.24
1024,16384,32,1024,1486.94
1024,16384,32,2048,1690.87
1024,16384,32,4096,1940.06
1024,16384,32,8192,2526.37
1024,16384,32,16384,3391.22
1024,16384,64,16,1264.56
1024,16384,64,32,1265.16
1024,16384,64,64,1266.3
1024,16384,64,128,1335.47
1024,16384,64,256,1407.91
1024,16384,64,512,1560.11
1024,16384,64,1024,1758.67
1024,16384,64,2048,2028.91
1024,16384,64,4096,2774.15
1024,16384,64,8192,4566.21
1024,16384,64,16384,8611.31
2048,0,0,0,196.842
2048,0,1,16,198.954
2048,0,1,32,198.591
2048,0,1,64,198.911
2048,0,1,128,199.679
2048,0,1,256,200.372
2048,0,1,512,201.067
2048,0,1,1024,203.721
2048,0,1,2048,206.154
2048,0,1,4096,269.055
2048,0,1,8192,396.809
2048,0,1,16384,653.277
2048,0,2,16,201.973
2048,0,2,32,201.514
2048,0,2,64,201.856
2048,0,2,128,202.805
2048,0,2,256,203.946
2048,0,2,512,205.994
2048,0,2,1024,209.481
2048,0,2,2048,216.148
2048,0,2,4096,285.109
2048,0,2,8192,416.265
2048,0,2,16384,671.517
2048,0,4,16,204.938
2048,0,4,32,205.13
2048,0,4,64,206.186
2048,0,4,128,207.37
2048,0,4,256,209.61
2048,0,4,512,213.866
2048,0,4,1024,222.154
2048,0,4,2048,235.455
2048,0,4,4096,316.158
2048,0,4,8192,459.497
2048,0,4,16384,715.443
2048,0,8,16,214.548
2048,0,8,32,213.898
2048,0,8,64,214.335
2048,0,8,128,218.537
2048,0,8,256,222.58
2048,0,8,512,230.815
2048,0,8,1024,245.503
2048,0,8,2048,274.729
2048,0,8,4096,383.082
2048,0,8,8192,598.515
2048,0,8,16384,1077.45
2048,0,16,16,232.308
2048,0,16,32,231.765
2048,0,16,64,231.775
2048,0,16,128,240.266
2048,0,16,256,248.501
2048,0,16,512,264.969
2048,0,16,1024,296.318
2048,0,16,2048,355.231
2048,0,16,4096,520.03
2048,0,16,8192,863.057
2048,0,16,16384,1543.93
2048,0,32,16,267.978
2048,0,32,32,268.34
2048,0,32,64,268.394
2048,0,32,128,283.753
2048,0,32,256,300.095
2048,0,32,512,332.297
2048,0,32,1024,395.166
2048,0,32,2048,515.08
2048,0,32,4096,808.466
2048,0,32,8192,1692.37
2048,0,32,16384,3072.98
2048,0,64,16,339.134
2048,0,64,32,339.699
2048,0,64,64,340.137
2048,0,64,128,371.294
2048,0,64,256,404.02
2048,0,64,512,470.644
2048,0,64,1024,606.248
2048,0,64,2048,897.116
2048,0,64,4096,1852.61
2048,0,64,8192,3246.41
2048,0,64,16384,5227.27
2048,16,0,0,208.757
2048,16,1,16,209.695
2048,16,1,32,209.61
2048,16,1,64,209.685
2048,16,1,128,210.026
2048,16,1,256,210.441
2048,16,1,512,211.744
2048,16,1,1024,214.185
2048,16,1,2048,216.778
2048,16,1,4096,276.745
2048,16,1,8192,403.87
2048,16,1,16384,659.506
2048,16,2,16,211.625
2048,16,2,32,212.425
2048,16,2,64,212.042
2048,16,2,128,213.471
2048,16,2,256,214.708
2048,16,2,512,216.81
2048,16,2,1024,219.732
2048,16,2,2048,227.199
2048,16,2,4096,292.426
2048,16,2,8192,424.03
2048,16,2,16384,679.347
2048,16,4,16,215.178
2048,16,4,32,215.754
2048,16,4,64,215.348
2048,16,4,128,217.823
2048,16,4,256,219.754
2048,16,4,512,224.319
2048,16,4,1024,232.329
2048,16,4,2048,245.887
2048,16,4,4096,324.127
2048,16,4,8192,469.394
2048,16,4,16384,725.596
2048,16,8,16,227.146
2048,16,8,32,224.788
2048,16,8,64,224.362
2048,16,8,128,229.14
2048,16,8,256,232.65
2048,16,8,512,240.628
2048,16,8,1024,258.227
2048,16,8,2048,285.727
2048,16,8,4096,390.409
2048,16,8,8192,606.739
2048,16,8,16384,1076.31
2048,16,16,16,242.345
2048,16,16,32,242.516
2048,16,16,64,242.644
2048,16,16,128,251.231
2048,16,16,256,258.378
2048,16,16,512,275.722
2048,16,16,1024,307.198
2048,16,16,2048,365.812
2048,16,16,4096,527.742
2048,16,16,8192,870.855
2048,16,16,16384,1562.01
2048,16,32,16,277.919
2048,16,32,32,278.857
2048,16,32,64,278.324
2048,16,32,128,293.961
2048,16,32,256,311.294
2048,16,32,512,342.228
2048,16,32,1024,406.291
2048,16,32,2048,526.152
2048,16,32,4096,817.032
2048,16,32,8192,1726.81
2048,16,32,16384,3208.3
2048,16,64,16,349.759
2048,16,64,32,350.079
2048,16,64,64,351.476
2048,16,64,128,381.63
2048,16,64,256,415.176
2048,16,64,512,481.373
2048,16,64,1024,617.31
2048,16,64,2048,909.009
2048,16,64,4096,1894.93
2048,16,64,8192,3296.14
2048,16,64,16384,5283.76
2048,32,0,0,208.799
2048,32,1,16,209.579
2048,32,1,32,209.631
2048,32,1,64,209.898
2048,32,1,128,210.783
2048,32,1,256,210.527
2048,32,1,512,211.498
2048,32,1,1024,214.367
2048,32,1,2048,216.543
2048,32,1,4096,276.372
2048,32,1,8192,404.243
2048,32,1,16384,659.603
2048,32,2,16,211.519
2048,32,2,32,211.764
2048,32,2,64,212.18
2048,32,2,128,213.173
2048,32,2,256,214.452
2048,32,2,512,217.61
2048,32,2,1024,219.391
2048,32,2,2048,227.529
2048,32,2,4096,291.764
2048,32,2,8192,424.008
2048,32,2,16384,679.315
2048,32,4,16,215.188
2048,32,4,32,215.317
2048,32,4,64,215.636
2048,32,4,128,217.887
2048,32,4,256,219.21
2048,32,4,512,224.97
2048,32,4,1024,231.636
2048,32,4,2048,246.143
2048,32,4,4096,324.265
2048,32,4,8192,469.768
2048,32,4,16384,726.322
2048,32,8,16,224.404
2048,32,8,32,225.151
2048,32,8,64,225.279
2048,32,8,128,228.842
2048,32,8,256,232.426
2048,32,8,512,242.879
2048,32,8,1024,258.047
2048,32,8,2048,285.737
2048,32,8,4096,390.665
2048,32,8,8192,606.067
2048,32,8,16384,1077.17
2048,32,16,16,241.556
2048,32,16,32,242.09
2048,32,16,64,242.495
2048,32,16,128,251.231
2048,32,16,256,257.983
2048,32,16,512,275.743
2048,32,16,1024,306.889
2048,32,16,2048,365.684
2048,32,16,4096,527.017
2048,32,16,8192,871.869
2048,32,16,16384,1567.69
2048,32,32,16,277.993
2048,32,32,32,278.026
2048,32,32,64,278.57
2048,32,32,128,293.77
2048,32,32,256,310.527
2048,32,32,512,342.078
2048,32,32,1024,405.662
2048,32,32,2048,525.715
2048,32,32,4096,818.482
2048,32,32,8192,1740.41
2048,32,32,16384,3189.34
2048,32,64,16,349.653
2048,32,64,32,350.527
2048,32,64,64,350.942
2048,32,64,128,382.302
2048,32,64,256,414.889
2048,32,64,512,480.627
2048,32,64,1024,617.907
2048,32,64,2048,908.263
2048,32,64,4096,1888.58
2048,32,64,8192,3360.37
2048,32,64,16384,5302.01
2048,64,0,0,209.684
2048,64,1,16,209.866
2048,64,1,32,209.898
2048,64,1,64,209.973
2048,64,1,128,210.314
2048,64,1,256,211.199
2048,64,1,512,211.594
2048,64,1,1024,214.581
2048,64,1,2048,216.458
2048,64,1,4096,276.372
2048,64,1,8192,403.955
2048,64,1,16384,660.445
2048,64,2,16,212.105
2048,64,2,32,212.02
2048,64,2,64,212.714
2048,64,2,128,213.055
2048,64,2,256,214.687
2048,64,2,512,216.948
2048,64,2,1024,219.423
2048,64,2,2048,227.092
2048,64,2,4096,292.286
2048,64,2,8192,423.582
2048,64,2,16384,679.923
2048,64,4,16,215.156
2048,64,4,32,215.295
2048,64,4,64,215.658
2048,64,4,128,216.959
2048,64,4,256,219.669
2048,64,4,512,225.396
2048,64,4,1024,231.466
2048,64,4,2048,246.154
2048,64,4,4096,323.572
2048,64,4,8192,470.525
2048,64,4,16384,725.629
2048,64,8,16,224.383
2048,64,8,32,224.276
2048,64,8,64,224.565
2048,64,8,128,228.969
2048,64,8,256,232.522
2048,64,8,512,241.183
2048,64,8,1024,257.673
2048,64,8,2048,285.535
2048,64,8,4096,390.921
2048,64,8,8192,605.982
2048,64,8,16384,1078.36
2048,64,16,16,242.602
2048,64,16,32,242.634
2048,64,16,64,243.327
2048,64,16,128,251.668
2048,64,16,256,258.943
2048,64,16,512,275.444
2048,64,16,1024,306.548
2048,64,16,2048,365.097
2048,64,16,4096,527.166
2048,64,16,8192,870.984
2048,64,16,16384,1567.27
2048,64,32,16,278.004
2048,64,32,32,278.804
2048,64,32,64,278.345
2048,64,32,128,294.185
2048,64,32,256,310.623
2048,64,32,512,342.719
2048,64,32,1024,405.449
2048,64,32,2048,526.376
2048,64,32,4096,815.388
2048,64,32,8192,1714.59
2048,64,32,16384,3210.25
2048,64,64,16,349.801
2048,64,64,32,349.769
2048,64,64,64,351.465
2048,64,64,128,382.259
2048,64,64,256,415.337
2048,64,64,512,481.822
2048,64,64,1024,617.459
2048,64,64,2048,907.858
2048,64,64,4096,1888.95
2048,64,64,8192,3200.56
2048,64,64,16384,5327.19
2048,128,0,0,215.306
2048,128,1,16,216.927
2048,128,1,32,216.959
2048,128,1,64,216.362
2048,128,1,128,217.62
2048,128,1,256,218.665
2048,128,1,512,219.444
2048,128,1,1024,221.429
2048,128,1,2048,225.108
2048,128,1,4096,282.015
2048,128,1,8192,411.316
2048,128,1,16384,666.845
2048,128,2,16,219.519
2048,128,2,32,219.327
2048,128,2,64,219.903
2048,128,2,128,220.596
2048,128,2,256,222.666
2048,128,2,512,224.479
2048,128,2,1024,227.86
2048,128,2,2048,235.412
2048,128,2,4096,299.839
2048,128,2,8192,431.816
2048,128,2,16384,692.403
2048,128,4,16,223.135
2048,128,4,32,223.253
2048,128,4,64,222.815
2048,128,4,128,225.919
2048,128,4,256,227.284
2048,128,4,512,231.615
2048,128,4,1024,239.199
2048,128,4,2048,253.62
2048,128,4,4096,332.255
2048,128,4,8192,479.731
2048,128,4,16384,735.751
2048,128,8,16,232.276
2048,128,8,32,232.138
2048,128,8,64,231.903
2048,128,8,128,237.098
2048,128,8,256,240.799
2048,128,8,512,249.321
2048,128,8,1024,264.511
2048,128,8,2048,293.076
2048,128,8,4096,398.207
2048,128,8,8192,612.872
2048,128,8,16384,1076.99
2048,128,16,16,250.687
2048,128,16,32,250.015
2048,128,16,64,250.591
2048,128,16,128,258.175
2048,128,16,256,266.58
2048,128,16,512,282.74
2048,128,16,1024,315.231
2048,128,16,2048,372.745
2048,128,16,4096,536.019
2048,128,16,8192,880.979
2048,128,16,16384,1583.75
2048,128,32,16,285.365
2048,128,32,32,285.621
2048,128,32,64,285.93
2048,128,32,128,301.94
2048,128,32,256,317.832
2048,128,32,512,350.292
2048,128,32,1024,412.617
2048,128,32,2048,534.067
2048,128,32,4096,825.799
2048,128,32,8192,1755.73
2048,128,32,16384,3282.73
2048,128,64,16,357.172
2048,128,64,32,357.524
2048,128,64,64,358.655
2048,128,64,128,389.727
2048,128,64,256,422.921
2048,128,64,512,489.385
2048,128,64,1024,624.85
2048,128,64,2048,915.516
2048,128,64,4096,1910.14
2048,128,64,8192,3630.98
2048,128,64,16384,5487.76
2048,256,0,0,234.207
2048,256,1,16,235.466
2048,256,1,32,235.199
2048,256,1,64,235.722
2048,256,1,128,235.967
2048,256,1,256,237.364
2048,256,1,512,238.175
2048,256,1,1024,240.287
2048,256,1,2048,243.242
2048,256,1,4096,294.378
2048,256,1,8192,426.174
2048,256,1,16384,681.981
2048,256,2,16,236.874
2048,256,2,32,238.09
2048,256,2,64,238.143
2048,256,2,128,239.764
2048,256,2,256,239.519
2048,256,2,512,242.687
2048,256,2,1024,246.378
2048,256,2,2048,253.119
2048,256,2,4096,314.303
2048,256,2,8192,447.347
2048,256,2,16384,704.126
2048,256,4,16,240.842
2048,256,4,32,240.063
2048,256,4,64,241.226
2048,256,4,128,244.682
2048,256,4,256,245.993
2048,256,4,512,250.602
2048,256,4,1024,258.004
2048,256,4,2048,272.543
2048,256,4,4096,346.068
2048,256,4,8192,500.243
2048,256,4,16384,756.413
2048,256,8,16,250.1
2048,256,8,32,249.535
2048,256,8,64,249.812
2048,256,8,128,254.346
2048,256,8,256,258.985
2048,256,8,512,266.676
2048,256,8,1024,283.092
2048,256,8,2048,310.868
2048,256,8,4096,413.833
2048,256,8,8192,623.997
2048,256,8,16384,1075.43
2048,256,16,16,267.902
2048,256,16,32,267.7
2048,256,16,64,267.786
2048,256,16,128,277.108
2048,256,16,256,284.404
2048,256,16,512,301.204
2048,256,16,1024,332.052
2048,256,16,2048,391.273
2048,256,16,4096,552.157
2048,256,16,8192,894.258
2048,256,16,16384,1622.44
2048,256,32,16,303.113
2048,256,32,32,304.116
2048,256,32,64,304.34
2048,256,32,128,319.231
2048,256,32,256,335.476
2048,256,32,512,367.817
2048,256,32,1024,433.044
2048,256,32,2048,551.87
2048,256,32,4096,845.565
2048,256,32,8192,1815.21
2048,256,32,16384,3374.1
2048,256,64,16,375.071
2048,256,64,32,375.519
2048,256,64,64,375.998
2048,256,64,128,407.71
2048,256,64,256,441.256
2048,256,64,512,508.126
2048,256,64,1024,644.669
2048,256,64,2048,933.959
2048,256,64,4096,1973.16
2048,256,64,8192,3716.1
2048,256,64,16384,6668.69
2048,512,0,0,271.167
2048,512,1,16,272.831
2048,512,1,32,270.623
2048,512,1,64,271.605
2048,512,1,128,272.66
2048,512,1,256,272.959
2048,512,1,512,273.748
2048,512,1,1024,275.37
2048,512,1,2048,280.628
2048,512,1,4096,323.092
2048,512,1,8192,454.153
2048,512,1,16384,709.022
2048,512,2,16,274.74
2048,512,2,32,274.623
2048,512,2,64,274.675
2048,512,2,128,274.815
2048,512,2,256,276.468
2048,512,2,512,278.143
2048,512,2,1024,281.994
2048,512,2,2048,290.058
2048,512,2,4096,341.737
2048,512,2,8192,480.084
2048,512,2,16384,735.848
2048,512,4,16,278.09
2048,512,4,32,275.796
2048,512,4,64,277.695
2048,512,4,128,279.988
2048,512,4,256,282.122
2048,512,4,512,285.141
2048,512,4,1024,293.919
2048,512,4,2048,307.743
2048,512,4,4096,373.812
2048,512,4,8192,540.51
2048,512,4,16384,796.444
2048,512,8,16,285.034
2048,512,8,32,286.036
2048,512,8,64,285.418
2048,512,8,128,290.569
2048,512,8,256,293.887
2048,512,8,512,303.935
2048,512,8,1024,319.06
2048,512,8,2048,349.268
2048,512,8,4096,442.675
2048,512,8,8192,658.514
2048,512,8,16384,1107.27
2048,512,16,16,303.935
2048,512,16,32,304.393
2048,512,16,64,303.86
2048,512,16,128,312.927
2048,512,16,256,321.77
2048,512,16,512,336.617
2048,512,16,1024,369.716
2048,512,16,2048,429.396
2048,512,16,4096,583.155
2048,512,16,8192,920.156
2048,512,16,16384,1699.55
2048,512,32,16,338.239
2048,512,32,32,338.559
2048,512,32,64,338.58
2048,512,32,128,354.74
2048,512,32,256,371.38
2048,512,32,512,403.39
2048,512,32,1024,468.51
2048,512,32,2048,590.11
2048,512,32,4096,886.749
2048,512,32,8192,1966.28
2048,512,32,16384,3635.29
2048,512,64,16,410.473
2048,512,64,32,411.199
2048,512,64,64,411.583
2048,512,64,128,443.092
2048,512,64,256,476.916
2048,512,64,512,543.475
2048,512,64,1024,680.702
2048,512,64,2048,966.226
2048,512,64,4096,2203.35
2048,512,64,8192,4200.15
2048,512,64,16384,8014.66
2048,1024,0,0,342.494
2048,1024,1,16,342.91
2048,1024,1,32,343.038
2048,1024,1,64,343.316
2048,1024,1,128,344.18
2048,1024,1,256,343.86
2048,1024,1,512,345.535
2048,1024,1,1024,348.788
2048,1024,1,2048,351.124
2048,1024,1,4096,377.801
2048,1024,1,8192,512.168
2048,1024,1,16384,767.464
2048,1024,2,16,345.524
2048,1024,2,32,345.524
2048,1024,2,64,345.577
2048,1024,2,128,346.655
2048,1024,2,256,348.328
2048,1024,2,512,351.519
2048,1024,2,1024,354.559
2048,1024,2,2048,360.521
2048,1024,2,4096,397.449
2048,1024,2,8192,543.358
2048,1024,2,16384,798.759
2048,1024,4,16,347.722
2048,1024,4,32,348.554
2048,1024,4,64,347.561
2048,1024,4,128,349.428
2048,1024,4,256,352.628
2048,1024,4,512,356.948
2048,1024,4,1024,366.399
2048,1024,4,2048,381.674
2048,1024,4,4096,431.241
2048,1024,4,8192,598.771
2048,1024,4,16384,877.448
2048,1024,8,16,357.055
2048,1024,8,32,356.66
2048,1024,8,64,356.575
2048,1024,8,128,361.311
2048,1024,8,256,365.609
2048,1024,8,512,375.476
2048,1024,8,1024,391.839
2048,1024,8,2048,423.358
2048,1024,8,4096,501.267
2048,1024,8,8192,716.136
2048,1024,8,16384,1151.4
2048,1024,16,16,374.292
2048,1024,16,32,374.772
2048,1024,16,64,374.601
2048,1024,16,128,383.274
2048,1024,16,256,391.06
2048,1024,16,512,409.267
2048,1024,16,1024,442.419
2048,1024,16,2048,503.187
2048,1024,16,4096,642.557
2048,1024,16,8192,976.722
2048,1024,16,16384,1841.86
2048,1024,32,16,408.35
2048,1024,32,32,408.307
2048,1024,32,64,408.692
2048,1024,32,128,425.107
2048,1024,32,256,442.675
2048,1024,32,512,476.361
2048,1024,32,1024,540.531
2048,1024,32,2048,671.144
2048,1024,32,4096,952.711
2048,1024,32,8192,2096.1
2048,1024,32,16384,3908.86
2048,1024,64,16,480.808
2048,1024,64,32,482.697
2048,1024,64,64,482.516
2048,1024,64,128,514.355
2048,1024,64,256,551.753
2048,1024,64,512,615.699
2048,1024,64,1024,756.445
2048,1024,64,2048,1024.44
2048,1024,64,4096,2297.88
2048,1024,64,8192,4420.04
2048,1024,64,16384,8443.41
2048,2048,0,0,484.478
2048,2048,1,16,484.36
2048,2048,1,32,485.087
2048,2048,1,64,485.225
2048,2048,1,128,485.161
2048,2048,1,256,486.505
2048,2048,1,512,486.91
2048,2048,1,1024,489.875
2048,2048,1,2048,494.985
2048,2048,1,4096,502.505
2048,2048,1,8192,618.515
2048,2048,1,16384,880.348
2048,2048,2,16,487.592
2048,2048,2,32,487.549
2048,2048,2,64,485.268
2048,2048,2,128,489.683
2048,2048,2,256,490.195
2048,2048,2,512,493.385
2048,2048,2,1024,498.014
2048,2048,2,2048,506.655
2048,2048,2,4096,521.758
2048,2048,2,8192,653.533
2048,2048,2,16384,927.613
2048,2048,4,16,489.79
2048,2048,4,32,489.566
2048,2048,4,64,488.553
2048,2048,4,128,490.793
2048,2048,4,256,493.428
2048,2048,4,512,498.302
2048,2048,4,1024,508.734
2048,2048,4,2048,525.075
2048,2048,4,4096,551.721
2048,2048,4,8192,713.064
2048,2048,4,16384,1035.17
2048,2048,8,16,494.707
2048,2048,8,32,495.529
2048,2048,8,64,494.717
2048,2048,8,128,499.326
2048,2048,8,256,504.616
2048,2048,8,512,517.588
2048,2048,8,1024,533.534
2048,2048,8,2048,565.875
2048,2048,8,4096,625.544
2048,2048,8,8192,838.227
2048,2048,8,16384,1271.45
2048,2048,16,16,512.435
2048,2048,16,32,511.934
2048,2048,16,64,513.769
2048,2048,16,128,523.166
2048,2048,16,256,533.203
2048,2048,16,512,553.107
2048,2048,16,1024,584.179
2048,2048,16,2048,650.728
2048,2048,16,4096,767.698
2048,2048,16,8192,1105.39
2048,2048,16,16384,2128.87
2048,2048,32,16,547.795
2048,2048,32,32,547.689
2048,2048,32,64,547.646
2048,2048,32,128,566.334
2048,2048,32,256,584.446
2048,2048,32,512,619.518
2048,2048,32,1024,681.651
2048,2048,32,2048,811.922
2048,2048,32,4096,1057.27
2048,2048,32,8192,2260.37
2048,2048,32,16384,4397.96
2048,2048,64,16,621.598
2048,2048,64,32,621.897
2048,2048,64,64,622.985
2048,2048,64,128,654.472
2048,2048,64,256,691.688
2048,2048,64,512,759.613
2048,2048,64,1024,907.73
2048,2048,64,2048,1170.72
2048,2048,64,4096,2298.42
2048,2048,64,8192,4549.16
2048,2048,64,16384,8871.75
2048,4096,0,0,766.055
2048,4096,1,16,762.344
2048,4096,1,32,763.164
2048,4096,1,64,762.888
2048,4096,1,128,764.307
2048,4096,1,256,764.072
2048,4096,1,512,766.952
2048,4096,1,1024,773.533
2048,4096,1,2048,792.679
2048,4096,1,4096,808.978
2048,4096,1,8192,821.064
2048,4096,1,16384,1115.84
2048,4096,2,16,768.68
2048,4096,2,32,769.01
2048,4096,2,64,768.733
2048,4096,2,128,768.669
2048,4096,2,256,770.931
2048,4096,2,512,777.426
2048,4096,2,1024,787.091
2048,4096,2,2048,803.122
2048,4096,2,4096,827.005
2048,4096,2,8192,879.166
2048,4096,2,16384,1172.75
2048,4096,4,16,773.266
2048,4096,4,32,772.754
2048,4096,4,64,774.28
2048,4096,4,128,777.736
2048,4096,4,256,776.562
2048,4096,4,512,782.056
2048,4096,4,1024,793.672
2048,4096,4,2048,815.783
2048,4096,4,4096,840.36
2048,4096,4,8192,927.538
2048,4096,4,16384,1254.31
2048,4096,8,16,786.088
2048,4096,8,32,785.928
2048,4096,8,64,787.037
2048,4096,8,128,789.906
2048,4096,8,256,793.106
2048,4096,8,512,801.128
2048,4096,8,1024,819.101
2048,4096,8,2048,850.45
2048,4096,8,4096,917.543
2048,4096,8,8192,1065.41
2048,4096,8,16384,1530.5
2048,4096,16,16,803.612
2048,4096,16,32,803.485
2048,4096,16,64,803.006
2048,4096,16,128,810.184
2048,4096,16,256,819.89
2048,4096,16,512,832.552
2048,4096,16,1024,872.54
2048,4096,16,2048,933.17
2048,4096,16,4096,1060.72
2048,4096,16,8192,1347.72
2048,4096,16,16384,2146.23
2048,4096,32,16,818.526
2048,4096,32,32,819.228
2048,4096,32,64,819.218
2048,4096,32,128,837.533
2048,4096,32,256,859.708
2048,4096,32,512,901.34
2048,4096,32,1024,972.359
2048,4096,32,2048,1101.31
2048,4096,32,4096,1377.78
2048,4096,32,8192,2333.78
2048,4096,32,16384,4506.38
2048,4096,64,16,893.735
2048,4096,64,32,894.728
2048,4096,64,64,895.538
2048,4096,64,128,936.7
2048,4096,64,256,972.69
2048,4096,64,512,1044.34
2048,4096,64,1024,1182.91
2048,4096,64,2048,1485.37
2048,4096,64,4096,2151.77
2048,4096,64,8192,4570.69
2048,4096,64,16384,8940.08
2048,8192,0,0,1288.83
2048,8192,1,16,1296.91
2048,8192,1,32,1297.69
2048,8192,1,64,1297.2
2048,8192,1,128,1301.2
2048,8192,1,256,1252.62
2048,8192,1,512,1261.01
2048,8192,1,1024,1276.05
2048,8192,1,2048,1308.73
2048,8192,1,4096,1341.75
2048,8192,1,8192,1386.68
2048,8192,1,16384,1398.65
2048,8192,2,16,1245.38
2048,8192,2,32,1249.26
2048,8192,2,64,1251.43
2048,8192,2,128,1252.66
2048,8192,2,256,1308.35
2048,8192,2,512,1316.56
2048,8192,2,1024,1331.96
2048,8192,2,2048,1367.3
2048,8192,2,4096,1406.01
2048,8192,2,8192,1460.71
2048,8192,2,16384,1646.44
2048,8192,4,16,1293.82
2048,8192,4,32,1296.4
2048,8192,4,64,1295.29
2048,8192,4,128,1302.97
2048,8192,4,256,1306.1
2048,8192,4,512,1312.23
2048,8192,4,1024,1323.03
2048,8192,4,2048,1369.02
2048,8192,4,4096,1430.98
2048,8192,4,8192,1474.85
2048,8192,4,16384,1685.17
2048,8192,8,16,1295.48
2048,8192,8,32,1295.66
2048,8192,8,64,1297.57
2048,8192,8,128,1301.77
2048,8192,8,256,1311.08
2048,8192,8,512,1333
2048,8192,8,1024,1357.67
2048,8192,8,2048,1413.82
2048,8192,8,4096,1485.23
2048,8192,8,8192,1552.3
2048,8192,8,16384,1966.06
2048,8192,16,16,1309.77
2048,8192,16,32,1312.69
2048,8192,16,64,1311.41
2048,8192,16,128,1317.81
2048,8192,16,256,1326.54
2048,8192,16,512,1347.54
2048,8192,16,1024,1400.21
2048,8192,16,2048,1510.36
2048,8192,16,4096,1633.82
2048,8192,16,8192,1842.96
2048,8192,16,16384,2525.61
2048,8192,32,16,1328.39
2048,8192,32,32,1325.79
2048,8192,32,64,1332.97
2048,8192,32,128,1343.62
2048,8192,32,256,1366.37
2048,8192,32,512,1420.94
2048,8192,32,1024,1537.56
2048,8192,32,2048,1673.68
2048,8192,32,4096,1940.11
2048,8192,32,8192,2522.72
2048,8192,32,16384,4664.6
2048,8192,64,16,1402.06
2048,8192,64,32,1402.18
2048,8192,64,64,1405.54
2048,8192,64,128,1450.42
2048,8192,64,256,1500.84
2048,8192,64,512,1603.64
2048,8192,64,1024,1751.62
2048,8192,64,2048,2039.66
2048,8192,64,4096,2696.74
2048,8192,64,8192,3780.31
2048,8192,64,16384,9007.09
2048,16384,0,0,2303.23
2048,16384,1,16,2315.82
2048,16384,1,32,2314.72
2048,16384,1,64,2316.18
2048,16384,1,128,2324.98
2048,16384,1,256,2325.02
2048,16384,1,512,2329.04
2048,16384,1,1024,2347.99
2048,16384,1,2048,2382.97
2048,16384,1,4096,2447.07
2048,16384,1,8192,2578.82
2048,16384,1,16384,2503.68
2048,16384,2,16,2132.72
2048,16384,2,32,2133.26
2048,16384,2,64,2134.89
2048,16384,2,128,2138.82
2048,16384,2,256,2142.04
2048,16384,2,512,2146.87
2048,16384,2,1024,2160.95
2048,16384,2,2048,2195.75
2048,16384,2,4096,2255.36
2048,16384,2,8192,2376.57
2048,16384,2,16384,2732.67
2048,16384,4,16,2315.16
2048,16384,4,32,2311.17
2048,16384,4,64,2315.51
2048,16384,4,128,2319.79
2048,16384,4,256,2324.88
2048,16384,4,512,2330.89
2048,16384,4,1024,2346.93
2048,16384,4,2048,2397.35
2048,16384,4,4096,2523.44
2048,16384,4,8192,2708.19
2048,16384,4,16384,2752.94
2048,16384,8,16,2321.14
2048,16384,8,32,2325.88
2048,16384,8,64,2325.56
2048,16384,8,128,2364.39
2048,16384,8,256,2336.65
2048,16384,8,512,2351.64
2048,16384,8,1024,2375.6
2048,16384,8,2048,2429.91
2048,16384,8,4096,2617.37
2048,16384,8,8192,2755.51
2048,16384,8,16384,2823.42
2048,16384,16,16,2326.74
2048,16384,16,32,2322.89
2048,16384,16,64,2325.08
2048,16384,16,128,2333.7
2048,16384,16,256,2344.5
2048,16384,16,512,2362.38
2048,16384,16,1024,2416.15
2048,16384,16,2048,2550.69
2048,16384,16,4096,2783.22
2048,16384,16,8192,3046.22
2048,16384,16,16384,3371.08
2048,16384,32,16,2340.49
2048,16384,32,32,2339.49
2048,16384,32,64,2341.95
2048,16384,32,128,2357.85
2048,16384,32,256,2383.23
2048,16384,32,512,2433.52
2048,16384,32,1024,2549.74
2048,16384,32,2048,2765.96
2048,16384,32,4096,3079.64
2048,16384,32,8192,3661.68
2048,16384,32,16384,4593.03
2048,16384,64,16,2415.67
2048,16384,64,32,2417.84
2048,16384,64,64,2419.64
2048,16384,64,128,2467.44
2048,16384,64,256,2518.51
2048,16384,64,512,2621.47
2048,16384,64,1024,2823.4
2048,16384,64,2048,3174.7
2048,16384,64,4096,3802.86
2048,16384,64,8192,5012.16
2048,16384,64,16384,8808.91
