prefill_chunk,kv_prefill,n_decode,kv_decode,time_us
0,0,1,16,6.27167
0,0,1,32,6.292
0,0,1,64,8.01067
0,0,1,128,10.7513
0,0,1,256,11.041
0,0,1,512,11.4343
0,0,1,1024,12.1287
0,0,1,2048,13.5467
0,0,1,4096,20.8003
0,0,1,8192,27.9787
0,0,1,16384,42.1123
0,0,2,16,10.0583
0,0,2,32,9.98333
0,0,2,64,11.52
0,0,2,128,13.6213
0,0,2,256,14.0057
0,0,2,512,14.9223
0,0,2,1024,17.76
0,0,2,2048,24.8847
0,0,2,4096,34.944
0,0,2,8192,54.9123
0,0,2,16384,96.4053
0,0,4,16,10.133
0,0,4,32,10.293
0,0,4,64,11.606
0,0,4,128,13.888
0,0,4,256,14.72
0,0,4,512,17.088
0,0,4,1024,24.181
0,0,4,2048,34.0057
0,0,4,4096,53.9733
0,0,4,8192,95.7333
0,0,4,16384,177.558
0,0,8,16,10.5603
0,0,8,32,10.6567
0,0,8,64,12.32
0,0,8,128,14.5927
0,0,8,256,18.8483
0,0,8,512,23.3387
0,0,8,1024,33.739
0,0,8,2048,53.781
0,0,8,4096,94.9763
0,0,8,8192,176.246
0,0,8,16384,333.633
0,0,16,16,10.5597
0,0,16,32,10.8907
0,0,16,64,12.97
0,0,16,128,19.1257
0,0,16,256,23.7977
0,0,16,512,33.5997
0,0,16,1024,54.8583
0,0,16,2048,97.483
0,0,16,4096,178.987
0,0,16,8192,334.827
0,0,16,16384,651.479
0,0,32,16,12.48
0,0,32,32,13.5147
0,0,32,64,16.1387
0,0,32,128,21.6217
0,0,32,256,31.755
0,0,32,512,55.1997
0,0,32,1024,97.003
0,0,32,2048,178.656
0,0,32,4096,342.763
0,0,32,8192,659.138
0,0,32,16384,1290.71
0,0,64,16,16.8853
0,0,64,32,18.261
0,0,64,64,23.841
0,0,64,128,34.3253
0,0,64,256,54.6773
0,0,64,512,96.139
0,0,64,1024,179.253
0,0,64,2048,343.105
0,0,64,4096,666.54
0,0,64,8192,1306.41
0,0,64,16384,2584.57
0,0,128,16,22.2613
0,0,128,32,24.576
0,0,128,64,34.3887
0,0,128,128,55.382
0,0,128,256,98.9877
0,0,128,512,186.166
0,0,128,1024,358.252
0,0,128,2048,712.322
0,0,128,4096,1399
0,0,128,8192,2746.29
0,0,128,16384,5449.11
16,0,0,0,8.16
16,0,1,16,8.09567
16,0,1,32,8.04267
16,0,1,64,8.08533
16,0,1,128,10.7733
16,0,1,256,14.293
16,0,1,512,21.1417
16,0,1,1024,35.2113
16,0,1,2048,63.2537
16,0,1,4096,119.499
16,0,1,8192,231.457
16,0,1,16384,460.683
16,0,2,16,7.947
16,0,2,32,7.979
16,0,2,64,7.936
16,0,2,128,10.7943
16,0,2,256,14.1867
16,0,2,512,21.1627
16,0,2,1024,35.1893
16,0,2,2048,63.3067
16,0,2,4096,119.445
16,0,2,8192,233.45
16,0,2,16384,474.977
16,0,4,16,8.00033
16,0,4,32,8.04267
16,0,4,64,8.09633
16,0,4,128,10.8053
16,0,4,256,14.261
16,0,4,512,21.1947
16,0,4,1024,35.3067
16,0,4,2048,64.0963
16,0,4,4096,121.27
16,0,4,8192,240.683
16,0,4,16384,479.393
16,0,8,16,12.9067
16,0,8,32,12.96
16,0,8,64,13.1417
16,0,8,128,19.04
16,0,8,256,26.101
16,0,8,512,40.2987
16,0,8,1024,68.8
16,0,8,2048,126.251
16,0,8,4096,241.546
16,0,8,8192,480.161
16,0,8,16384,952.215
16,0,16,16,22.0267
16,0,16,32,22.3357
16,0,16,64,22.5603
16,0,16,128,35.168
16,0,16,256,49.0667
16,0,16,512,77.3327
16,0,16,1024,133.995
16,0,16,2048,245.995
16,0,16,4096,471.755
16,0,16,8192,932.674
16,0,16,16384,1859.37
16,0,32,16,36.0637
16,0,32,32,36.2987
16,0,32,64,37.0347
16,0,32,128,59.7013
16,0,32,256,84.7573
16,0,32,512,133.899
16,0,32,1024,232.235
16,0,32,2048,428.203
16,0,32,4096,834.53
16,0,32,8192,1642.95
16,0,32,16384,3251.93
16,0,64,16,64.1173
16,0,64,32,64.7143
16,0,64,64,65.92
16,0,64,128,109.035
16,0,64,256,155.243
16,0,64,512,247.211
16,0,64,1024,429.761
16,0,64,2048,812.343
16,0,64,4096,1699.59
16,0,64,8192,3372.76
16,0,64,16384,6758.55
16,16,0,0,8.416
16,16,1,16,8.36333
16,16,1,32,8.33
16,16,1,64,8.39467
16,16,1,128,10.795
16,16,1,256,14.251
16,16,1,512,21.1943
16,16,1,1024,35.0827
16,16,1,2048,63.0933
16,16,1,4096,119.381
16,16,1,8192,231.712
16,16,1,16384,460.908
16,16,2,16,8.224
16,16,2,32,8.17067
16,16,2,64,8.30933
16,16,2,128,10.7523
16,16,2,256,14.187
16,16,2,512,21.1203
16,16,2,1024,35.1787
16,16,2,2048,63.1677
16,16,2,4096,119.531
16,16,2,8192,234.155
16,16,2,16384,474.272
16,16,4,16,8.23467
16,16,4,32,8.27767
16,16,4,64,8.42667
16,16,4,128,10.8803
16,16,4,256,14.2293
16,16,4,512,21.2263
16,16,4,1024,35.2423
16,16,4,2048,64.1493
16,16,4,4096,121.696
16,16,4,8192,241.43
16,16,4,16384,477.686
16,16,8,16,13.109
16,16,8,32,13.2587
16,16,8,64,13.5143
16,16,8,128,19.0933
16,16,8,256,26.101
16,16,8,512,40.2667
16,16,8,1024,68.854
16,16,8,2048,126.208
16,16,8,4096,241.44
16,16,8,8192,480.171
16,16,8,16384,952.054
16,16,16,16,22.4533
16,16,16,32,22.4323
16,16,16,64,22.891
16,16,16,128,35.1147
16,16,16,256,49.184
16,16,16,512,77.3977
16,16,16,1024,133.974
16,16,16,2048,246.218
16,16,16,4096,471.445
16,16,16,8192,938.754
16,16,16,16384,1867.98
16,16,32,16,36.1067
16,16,32,32,36.5013
16,16,32,64,37.088
16,16,32,128,59.6903
16,16,32,256,84.7043
16,16,32,512,134.165
16,16,32,1024,232.565
16,16,32,2048,428.331
16,16,32,4096,833.58
16,16,32,8192,1640.69
16,16,32,16384,3262.45
16,16,64,16,64.3417
16,16,64,32,64.854
16,16,64,64,66.3363
16,16,64,128,108.885
16,16,64,256,155.222
16,16,64,512,247.158
16,16,64,1024,429.804
16,16,64,2048,813.473
16,16,64,4096,1699.75
16,16,64,8192,3371.15
16,16,64,16384,6782.25
16,32,0,0,8.43667
16,32,1,16,8.42667
16,32,1,32,8.352
16,32,1,64,8.38333
16,32,1,128,10.7413
16,32,1,256,14.2293
16,32,1,512,21.2057
16,32,1,1024,35.115
16,32,1,2048,63.222
16,32,1,4096,119.435
16,32,1,8192,231.328
16,32,1,16384,460.353
16,32,2,16,8.192
16,32,2,32,8.256
16,32,2,64,8.256
16,32,2,128,10.7943
16,32,2,256,14.176
16,32,2,512,21.0877
16,32,2,1024,35.072
16,32,2,2048,63.3493
16,32,2,4096,119.552
16,32,2,8192,235.008
16,32,2,16384,473.355
16,32,4,16,8.30933
16,32,4,32,8.27733
16,32,4,64,8.448
16,32,4,128,10.7947
16,32,4,256,14.2397
16,32,4,512,21.1843
16,32,4,1024,35.2857
16,32,4,2048,64.1923
16,32,4,4096,122.261
16,32,4,8192,241.259
16,32,4,16384,480.46
16,32,8,16,13.141
16,32,8,32,13.2903
16,32,8,64,13.3867
16,32,8,128,19.0617
16,32,8,256,25.984
16,32,8,512,40.2453
16,32,8,1024,68.992
16,32,8,2048,126.315
16,32,8,4096,241.536
16,32,8,8192,480.129
16,32,8,16384,950.411
16,32,16,16,22.358
16,32,16,32,22.5383
16,32,16,64,22.8803
16,32,16,128,35.1363
16,32,16,256,49.2587
16,32,16,512,76.8313
16,32,16,1024,134.101
16,32,16,2048,245.888
16,32,16,4096,471.286
16,32,16,8192,940.257
16,32,16,16384,1868.08
16,32,32,16,36.2347
16,32,32,32,36.5333
16,32,32,64,37.312
16,32,32,128,59.6907
16,32,32,256,84.6297
16,32,32,512,134.208
16,32,32,1024,232.011
16,32,32,2048,428.939
16,32,32,4096,833.687
16,32,32,8192,1644.32
16,32,32,16384,3261.79
16,32,64,16,64.4373
16,32,64,32,65.0343
16,32,64,64,66.3577
16,32,64,128,108.982
16,32,64,256,155.456
16,32,64,512,247.382
16,32,64,1024,429.889
16,32,64,2048,811.095
16,32,64,4096,1697.64
16,32,64,8192,3373.22
16,32,64,16384,6746.39
16,64,0,0,8.54367
16,64,1,16,8.37333
16,64,1,32,8.38367
16,64,1,64,8.57633
16,64,1,128,10.7847
16,64,1,256,14.25
16,64,1,512,21.1307
16,64,1,1024,35.1253
16,64,1,2048,63.168
16,64,1,4096,119.392
16,64,1,8192,231.658
16,64,1,16384,463.222
16,64,2,16,8.363
16,64,2,32,8.245
16,64,2,64,8.448
16,64,2,128,10.752
16,64,2,256,14.176
16,64,2,512,21.12
16,64,2,1024,35.2533
16,64,2,2048,63.4033
16,64,2,4096,119.466
16,64,2,8192,235.307
16,64,2,16384,475.596
16,64,4,16,8.25533
16,64,4,32,8.36267
16,64,4,64,8.59767
16,64,4,128,10.7947
16,64,4,256,14.1973
16,64,4,512,21.184
16,64,4,1024,35.4987
16,64,4,2048,64.128
16,64,4,4096,121.92
16,64,4,8192,242.646
16,64,4,16384,478.55
16,64,8,16,13.206
16,64,8,32,13.2693
16,64,8,64,13.5257
16,64,8,128,19.0827
16,64,8,256,26.1333
16,64,8,512,40.16
16,64,8,1024,68.896
16,64,8,2048,126.336
16,64,8,4096,241.632
16,64,8,8192,480.47
16,64,8,16384,953.698
16,64,16,16,22.4533
16,64,16,32,22.6237
16,64,16,64,22.9653
16,64,16,128,34.976
16,64,16,256,49.152
16,64,16,512,77.2267
16,64,16,1024,133.909
16,64,16,2048,245.675
16,64,16,4096,471.52
16,64,16,8192,939.138
16,64,16,16384,1854.65
16,64,32,16,36.224
16,64,32,32,36.4907
16,64,32,64,37.2803
16,64,32,128,59.7547
16,64,32,256,84.6613
16,64,32,512,134.326
16,64,32,1024,232.171
16,64,32,2048,428.193
16,64,32,4096,833.485
16,64,32,8192,1646.49
16,64,32,16384,3260.37
16,64,64,16,64.427
16,64,64,32,65.046
16,64,64,64,66.5173
16,64,64,128,109.162
16,64,64,256,155.456
16,64,64,512,247.233
16,64,64,1024,429.952
16,64,64,2048,810.177
16,64,64,4096,1700.86
16,64,64,8192,3369.54
16,64,64,16384,6780.32
16,128,0,0,11.7333
16,128,1,16,10.816
16,128,1,32,10.8483
16,128,1,64,10.8903
16,128,1,128,11.5843
16,128,1,256,14.272
16,128,1,512,21.1413
16,128,1,1024,35.1893
16,128,1,2048,63.072
16,128,1,4096,119.307
16,128,1,8192,231.531
16,128,1,16384,461.004
16,128,2,16,10.72
16,128,2,32,10.752
16,128,2,64,10.7517
16,128,2,128,11.4983
16,128,2,256,14.2503
16,128,2,512,21.1737
16,128,2,1024,35.0933
16,128,2,2048,63.2643
16,128,2,4096,119.51
16,128,2,8192,235.232
16,128,2,16384,476.267
16,128,4,16,10.848
16,128,4,32,10.7627
16,128,4,64,10.8587
16,128,4,128,11.4883
16,128,4,256,14.2823
16,128,4,512,21.1947
16,128,4,1024,35.264
16,128,4,2048,64.0107
16,128,4,4096,122.347
16,128,4,8192,242.368
16,128,4,16384,482.166
16,128,8,16,16.6723
16,128,8,32,16.768
16,128,8,64,17.0237
16,128,8,128,19.9677
16,128,8,256,25.994
16,128,8,512,40.342
16,128,8,1024,68.7677
16,128,8,2048,126.347
16,128,8,4096,241.376
16,128,8,8192,479.68
16,128,8,16384,950.327
16,128,16,16,25.8877
16,128,16,32,26.0483
16,128,16,64,26.336
16,128,16,128,36.1707
16,128,16,256,49.088
16,128,16,512,77.5677
16,128,16,1024,134.102
16,128,16,2048,245.654
16,128,16,4096,470.475
16,128,16,8192,939.041
16,128,16,16384,1865.97
16,128,32,16,39.7333
16,128,32,32,39.8297
16,128,32,64,40.6293
16,128,32,128,60.8637
16,128,32,256,84.8217
16,128,32,512,134.474
16,128,32,1024,232.566
16,128,32,2048,427.937
16,128,32,4096,834.102
16,128,32,8192,1648.11
16,128,32,16384,3242.85
16,128,64,16,67.9573
16,128,64,32,68.5017
16,128,64,64,70.0483
16,128,64,128,110.304
16,128,64,256,155.457
16,128,64,512,247.457
16,128,64,1024,430.017
16,128,64,2048,812.684
16,128,64,4096,1700.62
16,128,64,8192,3371.66
16,128,64,16384,6749.54
16,256,0,0,14.9547
16,256,1,16,14.2837
16,256,1,32,14.2933
16,256,1,64,14.272
16,256,1,128,14.3147
16,256,1,256,14.9333
16,256,1,512,21.194
16,256,1,1024,35.1043
16,256,1,2048,63.402
16,256,1,4096,119.445
16,256,1,8192,231.317
16,256,1,16384,461.771
16,256,2,16,14.208
16,256,2,32,14.208
16,256,2,64,14.2187
16,256,2,128,14.24
16,256,2,256,14.6987
16,256,2,512,21.12
16,256,2,1024,35.1043
16,256,2,2048,63.296
16,256,2,4096,119.382
16,256,2,8192,234.912
16,256,2,16384,474.134
16,256,4,16,14.1973
16,256,4,32,14.2827
16,256,4,64,14.4213
16,256,4,128,14.2927
16,256,4,256,14.7203
16,256,4,512,21.184
16,256,4,1024,35.2533
16,256,4,2048,64.0317
16,256,4,4096,121.419
16,256,4,8192,241.611
16,256,4,16384,482.379
16,256,8,16,20.1813
16,256,8,32,20.192
16,256,8,64,20.3627
16,256,8,128,23.371
16,256,8,256,26.8907
16,256,8,512,40.32
16,256,8,1024,68.9177
16,256,8,2048,126.229
16,256,8,4096,241.227
16,256,8,8192,479.658
16,256,8,16384,950.241
16,256,16,16,29.3547
16,256,16,32,29.5783
16,256,16,64,29.9413
16,256,16,128,39.776
16,256,16,256,50.2617
16,256,16,512,77.536
16,256,16,1024,133.717
16,256,16,2048,245.44
16,256,16,4096,472.172
16,256,16,8192,933.174
16,256,16,16384,1866.95
16,256,32,16,43.3173
16,256,32,32,43.6587
16,256,32,64,44.2663
16,256,32,128,64.4803
16,256,32,256,85.9417
16,256,32,512,134.635
16,256,32,1024,232.502
16,256,32,2048,428.405
16,256,32,4096,834.913
16,256,32,8192,1646.02
16,256,32,16384,3274.31
16,256,64,16,71.925
16,256,64,32,72.2983
16,256,64,64,73.835
16,256,64,128,114.069
16,256,64,256,156.789
16,256,64,512,247.36
16,256,64,1024,429.505
16,256,64,2048,811.201
16,256,64,4096,1700.62
16,256,64,8192,3372.49
16,256,64,16384,6759.01
16,512,0,0,21.888
16,512,1,16,21.173
16,512,1,32,21.173
16,512,1,64,21.184
16,512,1,128,21.1627
16,512,1,256,21.259
16,512,1,512,21.6853
16,512,1,1024,35.1253
16,512,1,2048,63.211
16,512,1,4096,119.435
16,512,1,8192,231.596
16,512,1,16384,461.632
16,512,2,16,21.1947
16,512,2,32,21.12
16,512,2,64,21.1733
16,512,2,128,21.1837
16,512,2,256,21.099
16,512,2,512,21.568
16,512,2,1024,35.072
16,512,2,2048,63.4137
16,512,2,4096,119.691
16,512,2,8192,233.952
16,512,2,16384,475.604
16,512,4,16,21.237
16,512,4,32,21.1733
16,512,4,64,21.1943
16,512,4,128,21.1623
16,512,4,256,21.152
16,512,4,512,21.568
16,512,4,1024,35.3603
16,512,4,2048,64.096
16,512,4,4096,122.816
16,512,4,8192,242.475
16,512,4,16384,479.093
16,512,8,16,27.168
16,512,8,32,27.0827
16,512,8,64,27.3177
16,512,8,128,30.5703
16,512,8,256,33.931
16,512,8,512,41.0137
16,512,8,1024,68.917
16,512,8,2048,126.102
16,512,8,4096,241.771
16,512,8,8192,479.745
16,512,8,16384,950.465
16,512,16,16,36.5547
16,512,16,32,36.6187
16,512,16,64,37.045
16,512,16,128,46.8903
16,512,16,256,57.5257
16,512,16,512,78.7097
16,512,16,1024,134.208
16,512,16,2048,246.486
16,512,16,4096,472.373
16,512,16,8192,937.985
16,512,16,16384,1855.92
16,512,32,16,50.4217
16,512,32,32,50.8903
16,512,32,64,51.4557
16,512,32,128,71.6053
16,512,32,256,93.0773
16,512,32,512,135.723
16,512,32,1024,232.822
16,512,32,2048,429.099
16,512,32,4096,834.231
16,512,32,8192,1643.32
16,512,32,16384,3262.92
16,512,64,16,78.9867
16,512,64,32,79.829
16,512,64,64,81.2903
16,512,64,128,121.472
16,512,64,256,164.128
16,512,64,512,248.651
16,512,64,1024,430.485
16,512,64,2048,811.702
16,512,64,4096,1698.99
16,512,64,8192,3368.44
16,512,64,16384,6748.14
16,1024,0,0,35.6373
16,1024,1,16,35.2103
16,1024,1,32,35.2533
16,1024,1,64,35.1993
16,1024,1,128,35.136
16,1024,1,256,35.1893
16,1024,1,512,35.2
16,1024,1,1024,35.6693
16,1024,1,2048,63.456
16,1024,1,4096,119.2
16,1024,1,8192,231.563
16,1024,1,16384,459.744
16,1024,2,16,35.1143
16,1024,2,32,35.0827
16,1024,2,64,35.1577
16,1024,2,128,35.1467
16,1024,2,256,35.2003
16,1024,2,512,35.1677
16,1024,2,1024,35.4767
16,1024,2,2048,63.4983
16,1024,2,4096,119.478
16,1024,2,8192,232.821
16,1024,2,16384,472.416
16,1024,4,16,35.0297
16,1024,4,32,35.1147
16,1024,4,64,35.147
16,1024,4,128,35.1683
16,1024,4,256,35.1787
16,1024,4,512,35.349
16,1024,4,1024,35.9573
16,1024,4,2048,64.4167
16,1024,4,4096,121.834
16,1024,4,8192,241.024
16,1024,4,16384,480.757
16,1024,8,16,41.056
16,1024,8,32,41.035
16,1024,8,64,41.259
16,1024,8,128,44.427
16,1024,8,256,48.011
16,1024,8,512,55.2107
16,1024,8,1024,69.5893
16,1024,8,2048,126.368
16,1024,8,4096,241.173
16,1024,8,8192,478.762
16,1024,8,16384,949.313
16,1024,16,16,50.3257
16,1024,16,32,50.6237
16,1024,16,64,50.9227
16,1024,16,128,61.045
16,1024,16,256,71.691
16,1024,16,512,92.992
16,1024,16,1024,135.733
16,1024,16,2048,246.635
16,1024,16,4096,470.955
16,1024,16,8192,932.673
16,1024,16,16384,1867.16
16,1024,32,16,64.8217
16,1024,32,32,64.8747
16,1024,32,64,65.696
16,1024,32,128,85.8667
16,1024,32,256,107.584
16,1024,32,512,149.909
16,1024,32,1024,234.273
16,1024,32,2048,428.897
16,1024,32,4096,833.121
16,1024,32,8192,1650.02
16,1024,32,16384,3262.98
16,1024,64,16,96.5867
16,1024,64,32,97.4507
16,1024,64,64,98.1867
16,1024,64,128,135.947
16,1024,64,256,178.39
16,1024,64,512,263.03
16,1024,64,1024,431.67
16,1024,64,2048,808.673
16,1024,64,4096,1701.84
16,1024,64,8192,3374.99
16,1024,64,16384,6762.04
16,2048,0,0,63.509
16,2048,1,16,63.0717
16,2048,1,32,63.104
16,2048,1,64,63.3063
16,2048,1,128,63.2103
16,2048,1,256,63.19
16,2048,1,512,63.167
16,2048,1,1024,63.0507
16,2048,1,2048,63.3387
16,2048,1,4096,119.627
16,2048,1,8192,231.573
16,2048,1,16384,464.417
16,2048,2,16,63.1253
16,2048,2,32,63.2107
16,2048,2,64,63.2533
16,2048,2,128,63.445
16,2048,2,256,63.0073
16,2048,2,512,63.307
16,2048,2,1024,63.3707
16,2048,2,2048,63.5413
16,2048,2,4096,119.701
16,2048,2,8192,237.281
16,2048,2,16384,475.392
16,2048,4,16,63.1577
16,2048,4,32,63.136
16,2048,4,64,63.3707
16,2048,4,128,63.1683
16,2048,4,256,63.168
16,2048,4,512,63.2853
16,2048,4,1024,63.6797
16,2048,4,2048,64.672
16,2048,4,4096,122.613
16,2048,4,8192,242.87
16,2048,4,16384,481.751
16,2048,8,16,68.9277
16,2048,8,32,69.0347
16,2048,8,64,68.96
16,2048,8,128,72.2777
16,2048,8,256,75.5947
16,2048,8,512,82.944
16,2048,8,1024,97.696
16,2048,8,2048,126.859
16,2048,8,4096,241.248
16,2048,8,8192,476.992
16,2048,8,16384,949.996
16,2048,16,16,78.3467
16,2048,16,32,78.7947
16,2048,16,64,78.8797
16,2048,16,128,88.8643
16,2048,16,256,99.7327
16,2048,16,512,121.227
16,2048,16,1024,163.776
16,2048,16,2048,248.321
16,2048,16,4096,471.691
16,2048,16,8192,938.081
16,2048,16,16384,1867.48
16,2048,32,16,92.5973
16,2048,32,32,92.8853
16,2048,32,64,93.5897
16,2048,32,128,113.846
16,2048,32,256,135.616
16,2048,32,512,178.219
16,2048,32,1024,262.208
16,2048,32,2048,431.265
16,2048,32,4096,831.116
16,2048,32,8192,1648
16,2048,32,16384,3264.89
16,2048,64,16,125.334
16,2048,64,32,125.834
16,2048,64,64,127.488
16,2048,64,128,170.443
16,2048,64,256,208.021
16,2048,64,512,292.192
16,2048,64,1024,459.628
16,2048,64,2048,814.155
16,2048,64,4096,1731.93
16,2048,64,8192,3441.3
16,2048,64,16384,6926.26
16,4096,0,0,119.158
16,4096,1,16,119.392
16,4096,1,32,119.179
16,4096,1,64,119.285
16,4096,1,128,119.136
16,4096,1,256,119.285
16,4096,1,512,119.253
16,4096,1,1024,119.146
16,4096,1,2048,119.648
16,4096,1,4096,119.541
16,4096,1,8192,231.499
16,4096,1,16384,469.025
16,4096,2,16,118.965
16,4096,2,32,119.062
16,4096,2,64,119.2
16,4096,2,128,119.104
16,4096,2,256,119.317
16,4096,2,512,118.954
16,4096,2,1024,119.264
16,4096,2,2048,119.36
16,4096,2,4096,119.553
16,4096,2,8192,238.507
16,4096,2,16384,477.44
16,4096,4,16,119.317
16,4096,4,32,119.061
16,4096,4,64,119.04
16,4096,4,128,119.263
16,4096,4,256,119.403
16,4096,4,512,119.285
16,4096,4,1024,119.744
16,4096,4,2048,121.068
16,4096,4,4096,123.008
16,4096,4,8192,242.592
16,4096,4,16384,483.02
16,4096,8,16,124.778
16,4096,8,32,124.757
16,4096,8,64,125.035
16,4096,8,128,127.946
16,4096,8,256,131.605
16,4096,8,512,138.613
16,4096,8,1024,153.397
16,4096,8,2048,182.314
16,4096,8,4096,241.483
16,4096,8,8192,473.056
16,4096,8,16384,948.406
16,4096,16,16,133.952
16,4096,16,32,134.475
16,4096,16,64,134.731
16,4096,16,128,144.341
16,4096,16,256,155.584
16,4096,16,512,176.896
16,4096,16,1024,219.765
16,4096,16,2048,304.331
16,4096,16,4096,476.16
16,4096,16,8192,928.322
16,4096,16,16384,1844.61
16,4096,32,16,148.032
16,4096,32,32,148.565
16,4096,32,64,148.917
16,4096,32,128,169.302
16,4096,32,256,191.359
16,4096,32,512,234.102
16,4096,32,1024,318.816
16,4096,32,2048,485.932
16,4096,32,4096,843.318
16,4096,32,8192,1654.82
16,4096,32,16384,3266.7
16,4096,64,16,180.992
16,4096,64,32,181.547
16,4096,64,64,182.987
16,4096,64,128,227.083
16,4096,64,256,273.217
16,4096,64,512,348.854
16,4096,64,1024,517.899
16,4096,64,2048,865.612
16,4096,64,4096,1705.69
16,4096,64,8192,3488.76
16,4096,64,16384,7098.13
16,8192,0,0,231.2
16,8192,1,16,231.136
16,8192,1,32,231.115
16,8192,1,64,231.019
16,8192,1,128,231.2
16,8192,1,256,231.2
16,8192,1,512,231.168
16,8192,1,1024,231.082
16,8192,1,2048,231.435
16,8192,1,4096,231.115
16,8192,1,8192,232.416
16,8192,1,16384,474.582
16,8192,2,16,231.061
16,8192,2,32,231.329
16,8192,2,64,230.923
16,8192,2,128,231.413
16,8192,2,256,230.976
16,8192,2,512,230.837
16,8192,2,1024,230.848
16,8192,2,2048,231.115
16,8192,2,4096,235.733
16,8192,2,8192,235.787
16,8192,2,16384,478.326
16,8192,4,16,230.912
16,8192,4,32,230.763
16,8192,4,64,230.805
16,8192,4,128,231.007
16,8192,4,256,230.741
16,8192,4,512,231.328
16,8192,4,1024,231.926
16,8192,4,2048,239.243
16,8192,4,4096,240.811
16,8192,4,8192,242.304
16,8192,4,16384,481.996
16,8192,8,16,236.267
16,8192,8,32,236.181
16,8192,8,64,236.747
16,8192,8,128,239.616
16,8192,8,256,243.105
16,8192,8,512,250.411
16,8192,8,1024,265.525
16,8192,8,2048,293.771
16,8192,8,4096,352.917
16,8192,8,8192,482.507
16,8192,8,16384,948.332
16,8192,16,16,246.026
16,8192,16,32,246.357
16,8192,16,64,247.179
16,8192,16,128,255.925
16,8192,16,256,267.232
16,8192,16,512,288.608
16,8192,16,1024,331.253
16,8192,16,2048,416.885
16,8192,16,4096,590.016
16,8192,16,8192,943.585
16,8192,16,16384,1855.99
16,8192,32,16,259.595
16,8192,32,32,259.424
16,8192,32,64,260.278
16,8192,32,128,280.618
16,8192,32,256,302.08
16,8192,32,512,345.035
16,8192,32,1024,430.901
16,8192,32,2048,599.414
16,8192,32,4096,954.806
16,8192,32,8192,1657.63
16,8192,32,16384,3280.87
16,8192,64,16,292.8
16,8192,64,32,293.451
16,8192,64,64,294.08
16,8192,64,128,338.881
16,8192,64,256,385.046
16,8192,64,512,477.248
16,8192,64,1024,658.327
16,8192,64,2048,984.097
16,8192,64,4096,1796.49
16,8192,64,8192,3374.63
16,8192,64,16384,7124.49
16,16384,0,0,459.126
16,16384,1,16,457.322
16,16384,1,32,459.36
16,16384,1,64,462.613
16,16384,1,128,461.728
16,16384,1,256,461.441
16,16384,1,512,461.974
16,16384,1,1024,461.686
16,16384,1,2048,464.192
16,16384,1,4096,468.192
16,16384,1,8192,470.187
16,16384,1,16384,474.186
16,16384,2,16,457.216
16,16384,2,32,461.162
16,16384,2,64,460.427
16,16384,2,128,461.994
16,16384,2,256,462.272
16,16384,2,512,459.926
16,16384,2,1024,464.522
16,16384,2,2048,466.134
16,16384,2,4096,474.272
16,16384,2,8192,471.53
16,16384,2,16384,477.301
16,16384,4,16,457.216
16,16384,4,32,460.279
16,16384,4,64,460.096
16,16384,4,128,460.502
16,16384,4,256,460.715
16,16384,4,512,463.381
16,16384,4,1024,467.125
16,16384,4,2048,477.205
16,16384,4,4096,480.374
16,16384,4,8192,480.266
16,16384,4,16384,479.627
16,16384,8,16,462.773
16,16384,8,32,462.656
16,16384,8,64,463.83
16,16384,8,128,463.68
16,16384,8,256,466.71
16,16384,8,512,474.273
16,16384,8,1024,489.152
16,16384,8,2048,517.621
16,16384,8,4096,576.993
16,16384,8,8192,710.966
16,16384,8,16384,951.36
16,16384,16,16,468.694
16,16384,16,32,468.202
16,16384,16,64,469.622
16,16384,16,128,479.019
16,16384,16,256,490.09
16,16384,16,512,511.34
16,16384,16,1024,554.027
16,16384,16,2048,639.316
16,16384,16,4096,813.985
16,16384,16,8192,1164.98
16,16384,16,16384,1867.51
16,16384,32,16,483.468
16,16384,32,32,483.147
16,16384,32,64,483.765
16,16384,32,128,503.98
16,16384,32,256,525.377
16,16384,32,512,568.662
16,16384,32,1024,654.262
16,16384,32,2048,824.502
16,16384,32,4096,1176.24
16,16384,32,8192,1883.62
16,16384,32,16384,3282.97
16,16384,64,16,514.316
16,16384,64,32,516.107
16,16384,64,64,517.014
16,16384,64,128,562.112
16,16384,64,256,607.958
16,16384,64,512,701.239
16,16384,64,1024,882.657
16,16384,64,2048,1264.3
16,16384,64,4096,2046.22
16,16384,64,8192,3548.89
16,16384,64,16384,6738.95
32,0,0,0,8.48033
32,0,1,16,8.40467
32,0,1,32,8.405
32,0,1,64,8.352
32,0,1,128,11.0403
32,0,1,256,14.5063
32,0,1,512,21.365
32,0,1,1024,35.3923
32,0,1,2048,63.616
32,0,1,4096,119.743
32,0,1,8192,232.053
32,0,1,16384,463.776
32,0,2,16,8.33033
32,0,2,32,8.25567
32,0,2,64,8.22367
32,0,2,128,11.0293
32,0,2,256,14.4213
32,0,2,512,21.3967
32,0,2,1024,35.3707
32,0,2,2048,63.6907
32,0,2,4096,119.947
32,0,2,8192,234.08
32,0,2,16384,474.112
32,0,4,16,8.256
32,0,4,32,8.33067
32,0,4,64,8.29867
32,0,4,128,11.0507
32,0,4,256,14.453
32,0,4,512,21.3863
32,0,4,1024,35.4667
32,0,4,2048,64.5973
32,0,4,4096,123.648
32,0,4,8192,242.485
32,0,4,16384,482.304
32,0,8,16,13.184
32,0,8,32,13.3223
32,0,8,64,13.408
32,0,8,128,19.1897
32,0,8,256,26.3367
32,0,8,512,40.4907
32,0,8,1024,69.045
32,0,8,2048,127.029
32,0,8,4096,242.208
32,0,8,8192,480.331
32,0,8,16384,953.76
32,0,16,16,22.251
32,0,16,32,22.4637
32,0,16,64,22.7627
32,0,16,128,34.8907
32,0,16,256,49.12
32,0,16,512,77.0667
32,0,16,1024,133.622
32,0,16,2048,246.016
32,0,16,4096,472.822
32,0,16,8192,941.004
32,0,16,16384,1869.77
32,0,32,16,36.2343
32,0,32,32,36.4157
32,0,32,64,37.1947
32,0,32,128,59.6373
32,0,32,256,84.6823
32,0,32,512,134.325
32,0,32,1024,232.939
32,0,32,2048,428.683
32,0,32,4096,833.707
32,0,32,8192,1647.05
32,0,32,16384,3262.2
32,0,64,16,64.3417
32,0,64,32,64.9277
32,0,64,64,66.304
32,0,64,128,109.003
32,0,64,256,155.605
32,0,64,512,247.488
32,0,64,1024,430.07
32,0,64,2048,812.065
32,0,64,4096,1699.58
32,0,64,8192,3371.5
32,0,64,16384,6757.88
32,16,0,0,8.64033
32,16,1,16,8.43767
32,16,1,32,8.565
32,16,1,64,8.544
32,16,1,128,11.008
32,16,1,256,14.4323
32,16,1,512,21.3977
32,16,1,1024,35.371
32,16,1,2048,63.4133
32,16,1,4096,119.573
32,16,1,8192,232.299
32,16,1,16384,463.819
32,16,2,16,8.41633
32,16,2,32,8.50167
32,16,2,64,8.416
32,16,2,128,10.9653
32,16,2,256,14.4103
32,16,2,512,21.334
32,16,2,1024,35.2853
32,16,2,2048,63.5627
32,16,2,4096,120.159
32,16,2,8192,235.392
32,16,2,16384,475.755
32,16,4,16,8.43767
32,16,4,32,8.50133
32,16,4,64,8.448
32,16,4,128,10.9547
32,16,4,256,14.4533
32,16,4,512,21.4187
32,16,4,1024,35.819
32,16,4,2048,64.469
32,16,4,4096,124.864
32,16,4,8192,242.869
32,16,4,16384,481.696
32,16,8,16,13.302
32,16,8,32,13.4713
32,16,8,64,13.7493
32,16,8,128,19.35
32,16,8,256,26.3577
32,16,8,512,40.448
32,16,8,1024,69.056
32,16,8,2048,127.125
32,16,8,4096,242.218
32,16,8,8192,481.537
32,16,8,16384,952.683
32,16,16,16,22.6557
32,16,16,32,22.6457
32,16,16,64,22.9337
32,16,16,128,35.072
32,16,16,256,49.2377
32,16,16,512,77.3333
32,16,16,1024,134.07
32,16,16,2048,246.347
32,16,16,4096,471.52
32,16,16,8192,935.253
32,16,16,16384,1866.36
32,16,32,16,36.181
32,16,32,32,36.469
32,16,32,64,37.1093
32,16,32,128,59.5307
32,16,32,256,84.6933
32,16,32,512,134.453
32,16,32,1024,232.715
32,16,32,2048,428.96
32,16,32,4096,832.928
32,16,32,8192,1641.62
32,16,32,16384,3268.24
32,16,64,16,64.5547
32,16,64,32,65.045
32,16,64,64,66.3147
32,16,64,128,109.034
32,16,64,256,155.541
32,16,64,512,247.381
32,16,64,1024,429.941
32,16,64,2048,813.888
32,16,64,4096,1698.51
32,16,64,8192,3370.82
32,16,64,16384,6749.03
32,32,0,0,8.62967
32,32,1,16,8.62933
32,32,1,32,8.501
32,32,1,64,8.608
32,32,1,128,10.9973
32,32,1,256,14.475
32,32,1,512,21.3543
32,32,1,1024,35.4133
32,32,1,2048,63.317
32,32,1,4096,119.733
32,32,1,8192,232.053
32,32,1,16384,463.957
32,32,2,16,8.405
32,32,2,32,8.37367
32,32,2,64,8.576
32,32,2,128,10.9653
32,32,2,256,14.379
32,32,2,512,21.4077
32,32,2,1024,35.4663
32,32,2,2048,63.7333
32,32,2,4096,119.754
32,32,2,8192,238.593
32,32,2,16384,475.893
32,32,4,16,8.384
32,32,4,32,8.37367
32,32,4,64,8.57567
32,32,4,128,11.0077
32,32,4,256,14.5813
32,32,4,512,21.3547
32,32,4,1024,35.84
32,32,4,2048,64.4697
32,32,4,4096,124.139
32,32,4,8192,243.179
32,32,4,16384,480.875
32,32,8,16,13.2903
32,32,8,32,13.579
32,32,8,64,13.6967
32,32,8,128,19.2753
32,32,8,256,26.3253
32,32,8,512,40.533
32,32,8,1024,69.152
32,32,8,2048,126.976
32,32,8,4096,242.358
32,32,8,8192,482.197
32,32,8,16384,954.272
32,32,16,16,22.6453
32,32,16,32,22.741
32,32,16,64,23.1573
32,32,16,128,34.9123
32,32,16,256,49.0137
32,32,16,512,76.9173
32,32,16,1024,133.547
32,32,16,2048,246.079
32,32,16,4096,472.576
32,32,16,8192,934.838
32,32,16,16384,1867.95
32,32,32,16,36.1817
32,32,32,32,36.6077
32,32,32,64,37.2373
32,32,32,128,59.5947
32,32,32,256,84.5547
32,32,32,512,134.453
32,32,32,1024,233.312
32,32,32,2048,428.438
32,32,32,4096,832.844
32,32,32,8192,1645.24
32,32,32,16384,3256.72
32,32,64,16,64.3737
32,32,64,32,65.1627
32,32,64,64,66.4853
32,32,64,128,109.099
32,32,64,256,155.691
32,32,64,512,247.669
32,32,64,1024,430.145
32,32,64,2048,810.475
32,32,64,4096,1699.73
32,32,64,8192,3370.96
32,32,64,16384,6749.82
32,64,0,0,8.77867
32,64,1,16,8.57567
32,64,1,32,8.56533
32,64,1,64,8.68267
32,64,1,128,10.976
32,64,1,256,14.4853
32,64,1,512,21.333
32,64,1,1024,35.36
32,64,1,2048,63.509
32,64,1,4096,119.733
32,64,1,8192,231.734
32,64,1,16384,464.779
32,64,2,16,8.384
32,64,2,32,8.50167
32,64,2,64,8.56533
32,64,2,128,10.9863
32,64,2,256,14.3787
32,64,2,512,21.3967
32,64,2,1024,35.4347
32,64,2,2048,63.4453
32,64,2,4096,119.723
32,64,2,8192,237.877
32,64,2,16384,476.481
32,64,4,16,8.384
32,64,4,32,8.41633
32,64,4,64,8.672
32,64,4,128,10.9437
32,64,4,256,14.443
32,64,4,512,21.418
32,64,4,1024,35.552
32,64,4,2048,64.5867
32,64,4,4096,124.405
32,64,4,8192,242.506
32,64,4,16384,482.464
32,64,8,16,13.5363
32,64,8,32,13.6107
32,64,8,64,13.7493
32,64,8,128,19.296
32,64,8,256,26.4957
32,64,8,512,40.459
32,64,8,1024,69.0773
32,64,8,2048,126.699
32,64,8,4096,242.421
32,64,8,8192,480.982
32,64,8,16384,951.936
32,64,16,16,22.656
32,64,16,32,22.9863
32,64,16,64,23.0933
32,64,16,128,34.9333
32,64,16,256,49.0137
32,64,16,512,77.195
32,64,16,1024,134.005
32,64,16,2048,246.432
32,64,16,4096,471.798
32,64,16,8192,937.75
32,64,16,16384,1871.06
32,64,32,16,36.416
32,64,32,32,36.4797
32,64,32,64,37.28
32,64,32,128,59.68
32,64,32,256,84.8427
32,64,32,512,134.262
32,64,32,1024,233.099
32,64,32,2048,429.003
32,64,32,4096,834.102
32,64,32,8192,1645.72
32,64,32,16384,3258.51
32,64,64,16,64.6077
32,64,64,32,65.0343
32,64,64,64,66.613
32,64,64,128,108.843
32,64,64,256,155.573
32,64,64,512,247.413
32,64,64,1024,430.391
32,64,64,2048,812.14
32,64,64,4096,1700.65
32,64,64,8192,3374.91
32,64,64,16384,6754.87
32,128,0,0,11.9147
32,128,1,16,11.1677
32,128,1,32,11.1257
32,128,1,64,11.104
32,128,1,128,11.765
32,128,1,256,14.5063
32,128,1,512,21.3763
32,128,1,1024,35.424
32,128,1,2048,63.584
32,128,1,4096,119.616
32,128,1,8192,231.894
32,128,1,16384,466.539
32,128,2,16,11.0617
32,128,2,32,11.061
32,128,2,64,11.0083
32,128,2,128,11.6583
32,128,2,256,14.453
32,128,2,512,21.322
32,128,2,1024,35.381
32,128,2,2048,63.5627
32,128,2,4096,119.904
32,128,2,8192,238.432
32,128,2,16384,476.832
32,128,4,16,11.0397
32,128,4,32,11.0727
32,128,4,64,11.062
32,128,4,128,11.68
32,128,4,256,14.4213
32,128,4,512,21.3863
32,128,4,1024,35.52
32,128,4,2048,64.6723
32,128,4,4096,123.978
32,128,4,8192,243.275
32,128,4,16384,484.171
32,128,8,16,16.9283
32,128,8,32,16.971
32,128,8,64,17.3013
32,128,8,128,20.1277
32,128,8,256,26.3467
32,128,8,512,40.4693
32,128,8,1024,69.056
32,128,8,2048,126.602
32,128,8,4096,241.952
32,128,8,8192,480.469
32,128,8,16384,950.56
32,128,16,16,25.9943
32,128,16,32,26.272
32,128,16,64,26.6773
32,128,16,128,36.2023
32,128,16,256,49.205
32,128,16,512,77.5047
32,128,16,1024,133.739
32,128,16,2048,245.941
32,128,16,4096,472.426
32,128,16,8192,929.035
32,128,16,16384,1830.32
32,128,32,16,39.7123
32,128,32,32,40.1703
32,128,32,64,40.8217
32,128,32,128,61.013
32,128,32,256,84.64
32,128,32,512,134.751
32,128,32,1024,232.96
32,128,32,2048,428.246
32,128,32,4096,834.892
32,128,32,8192,1649.37
32,128,32,16384,3263.17
32,128,64,16,68.106
32,128,64,32,68.5547
32,128,64,64,69.9947
32,128,64,128,110.432
32,128,64,256,155.69
32,128,64,512,247.787
32,128,64,1024,430.016
32,128,64,2048,813.557
32,128,64,4096,1699.83
32,128,64,8192,3372.23
32,128,64,16384,6749.16
32,256,0,0,15.2533
32,256,1,16,14.6343
32,256,1,32,14.6243
32,256,1,64,14.5387
32,256,1,128,14.592
32,256,1,256,15.0293
32,256,1,512,21.323
32,256,1,1024,35.3707
32,256,1,2048,63.307
32,256,1,4096,119.243
32,256,1,8192,231.552
32,256,1,16384,464.362
32,256,2,16,14.5493
32,256,2,32,14.6137
32,256,2,64,14.528
32,256,2,128,14.5067
32,256,2,256,14.869
32,256,2,512,21.3547
32,256,2,1024,35.328
32,256,2,2048,63.616
32,256,2,4096,119.883
32,256,2,8192,238.208
32,256,2,16384,475.551
32,256,4,16,14.517
32,256,4,32,14.5387
32,256,4,64,14.5713
32,256,4,128,14.5067
32,256,4,256,14.8367
32,256,4,512,21.4297
32,256,4,1024,35.4987
32,256,4,2048,64.3623
32,256,4,4096,123.477
32,256,4,8192,242.411
32,256,4,16384,481.739
32,256,8,16,20.3737
32,256,8,32,20.5863
32,256,8,64,20.7463
32,256,8,128,23.9037
32,256,8,256,27.189
32,256,8,512,40.5013
32,256,8,1024,69.206
32,256,8,2048,126.581
32,256,8,4096,241.856
32,256,8,8192,481.375
32,256,8,16384,950.539
32,256,16,16,29.611
32,256,16,32,29.9733
32,256,16,64,30.0903
32,256,16,128,40.075
32,256,16,256,50.1973
32,256,16,512,77.376
32,256,16,1024,134.101
32,256,16,2048,246.058
32,256,16,4096,472.715
32,256,16,8192,933.397
32,256,16,16384,1865.94
32,256,32,16,43.3607
32,256,32,32,43.638
32,256,32,64,44.331
32,256,32,128,64.4267
32,256,32,256,85.8667
32,256,32,512,134.613
32,256,32,1024,232.8
32,256,32,2048,428.907
32,256,32,4096,834.88
32,256,32,8192,1646.68
32,256,32,16384,3265.2
32,256,64,16,72.1387
32,256,64,32,72.3943
32,256,64,64,73.9413
32,256,64,128,114.229
32,256,64,256,156.971
32,256,64,512,247.808
32,256,64,1024,429.578
32,256,64,2048,812.608
32,256,64,4096,1702.69
32,256,64,8192,3371.37
32,256,64,16384,6764.22
32,512,0,0,22.144
32,512,1,16,21.6
32,512,1,32,21.536
32,512,1,64,21.5043
32,512,1,128,21.525
32,512,1,256,21.4933
32,512,1,512,21.9197
32,512,1,1024,35.4027
32,512,1,2048,63.296
32,512,1,4096,119.829
32,512,1,8192,231.434
32,512,1,16384,465.557
32,512,2,16,21.5147
32,512,2,32,21.504
32,512,2,64,21.4507
32,512,2,128,21.461
32,512,2,256,21.4823
32,512,2,512,21.8347
32,512,2,1024,35.4453
32,512,2,2048,63.4663
32,512,2,4096,119.851
32,512,2,8192,235.424
32,512,2,16384,475.041
32,512,4,16,21.4933
32,512,4,32,21.4503
32,512,4,64,21.4827
32,512,4,128,21.568
32,512,4,256,21.6743
32,512,4,512,22.0693
32,512,4,1024,35.584
32,512,4,2048,64.4057
32,512,4,4096,123.307
32,512,4,8192,242.816
32,512,4,16384,482.869
32,512,8,16,27.189
32,512,8,32,27.424
32,512,8,64,27.5837
32,512,8,128,30.8263
32,512,8,256,34.2083
32,512,8,512,41.3657
32,512,8,1024,69.1197
32,512,8,2048,126.634
32,512,8,4096,242.475
32,512,8,8192,480.246
32,512,8,16384,951.914
32,512,16,16,36.6613
32,512,16,32,36.9173
32,512,16,64,37.1737
32,512,16,128,47.1367
32,512,16,256,57.1947
32,512,16,512,78.698
32,512,16,1024,133.91
32,512,16,2048,245.899
32,512,16,4096,471.851
32,512,16,8192,935.637
32,512,16,16384,1862.78
32,512,32,16,50.5817
32,512,32,32,50.8267
32,512,32,64,51.5093
32,512,32,128,71.7
32,512,32,256,93.0873
32,512,32,512,135.787
32,512,32,1024,232.95
32,512,32,2048,428.309
32,512,32,4096,835.223
32,512,32,8192,1642.61
32,512,32,16384,3270.14
32,512,64,16,79.4457
32,512,64,32,79.915
32,512,64,64,80.896
32,512,64,128,121.568
32,512,64,256,164.353
32,512,64,512,249.109
32,512,64,1024,430.709
32,512,64,2048,812.043
32,512,64,4096,1701.44
32,512,64,8192,3386.38
32,512,64,16384,6765.07
32,1024,0,0,36.1173
32,1024,1,16,35.552
32,1024,1,32,35.5203
32,1024,1,64,35.5093
32,1024,1,128,35.5627
32,1024,1,256,35.7127
32,1024,1,512,35.53
32,1024,1,1024,35.851
32,1024,1,2048,63.5733
32,1024,1,4096,119.776
32,1024,1,8192,232.224
32,1024,1,16384,462.848
32,1024,2,16,35.5207
32,1024,2,32,35.456
32,1024,2,64,35.3603
32,1024,2,128,35.584
32,1024,2,256,35.4663
32,1024,2,512,35.4133
32,1024,2,1024,35.787
32,1024,2,2048,63.6693
32,1024,2,4096,119.872
32,1024,2,8192,234.955
32,1024,2,16384,476.181
32,1024,4,16,35.5413
32,1024,4,32,35.4773
32,1024,4,64,35.5943
32,1024,4,128,35.488
32,1024,4,256,35.467
32,1024,4,512,36.1387
32,1024,4,1024,36.3627
32,1024,4,2048,64.512
32,1024,4,4096,122.987
32,1024,4,8192,241.579
32,1024,4,16384,481.461
32,1024,8,16,41.12
32,1024,8,32,41.3233
32,1024,8,64,41.547
32,1024,8,128,44.7037
32,1024,8,256,48.234
32,1024,8,512,55.552
32,1024,8,1024,69.803
32,1024,8,2048,126.581
32,1024,8,4096,242.112
32,1024,8,8192,479.893
32,1024,8,16384,950.848
32,1024,16,16,50.4643
32,1024,16,32,50.816
32,1024,16,64,51.168
32,1024,16,128,61.0777
32,1024,16,256,71.5523
32,1024,16,512,92.832
32,1024,16,1024,135.605
32,1024,16,2048,246.603
32,1024,16,4096,471.883
32,1024,16,8192,934.1
32,1024,16,16384,1857.69
32,1024,32,16,64.6723
32,1024,32,32,64.8743
32,1024,32,64,65.867
32,1024,32,128,86.208
32,1024,32,256,107.477
32,1024,32,512,149.984
32,1024,32,1024,234.4
32,1024,32,2048,429.301
32,1024,32,4096,832.576
32,1024,32,8192,1644.92
32,1024,32,16384,3265.23
32,1024,64,16,96.896
32,1024,64,32,97.3973
32,1024,64,64,98.3257
32,1024,64,128,136.127
32,1024,64,256,178.763
32,1024,64,512,263.136
32,1024,64,1024,432.437
32,1024,64,2048,809.802
32,1024,64,4096,1705.69
32,1024,64,8192,3382.13
32,1024,64,16384,6774.5
32,2048,0,0,63.925
32,2048,1,16,63.4563
32,2048,1,32,63.6373
32,2048,1,64,63.5097
32,2048,1,128,63.7333
32,2048,1,256,63.4243
32,2048,1,512,63.381
32,2048,1,1024,63.499
32,2048,1,2048,63.8393
32,2048,1,4096,119.53
32,2048,1,8192,231.648
32,2048,1,16384,469.013
32,2048,2,16,63.4883
32,2048,2,32,63.392
32,2048,2,64,63.5627
32,2048,2,128,63.7653
32,2048,2,256,63.2747
32,2048,2,512,63.5733
32,2048,2,1024,63.4667
32,2048,2,2048,63.6803
32,2048,2,4096,119.765
32,2048,2,8192,239.04
32,2048,2,16384,476.106
32,2048,4,16,63.4877
32,2048,4,32,63.5627
32,2048,4,64,63.541
32,2048,4,128,63.4987
32,2048,4,256,63.4133
32,2048,4,512,63.7447
32,2048,4,1024,64.4483
32,2048,4,2048,65.1623
32,2048,4,4096,123.872
32,2048,4,8192,244.736
32,2048,4,16384,484.588
32,2048,8,16,69.099
32,2048,8,32,69.365
32,2048,8,64,69.419
32,2048,8,128,72.6717
32,2048,8,256,76.0207
32,2048,8,512,83.3703
32,2048,8,1024,97.995
32,2048,8,2048,127.189
32,2048,8,4096,242.166
32,2048,8,8192,478.581
32,2048,8,16384,950.752
32,2048,16,16,78.336
32,2048,16,32,78.7307
32,2048,16,64,78.9433
32,2048,16,128,89.0347
32,2048,16,256,99.36
32,2048,16,512,120.96
32,2048,16,1024,163.84
32,2048,16,2048,248.534
32,2048,16,4096,471.765
32,2048,16,8192,936.96
32,2048,16,16384,1853.76
32,2048,32,16,92.672
32,2048,32,32,92.9387
32,2048,32,64,93.5997
32,2048,32,128,114.069
32,2048,32,256,135.723
32,2048,32,512,178.208
32,2048,32,1024,262.368
32,2048,32,2048,431.51
32,2048,32,4096,830.656
32,2048,32,8192,1645.98
32,2048,32,16384,3260.78
32,2048,64,16,125.269
32,2048,64,32,125.942
32,2048,64,64,127.36
32,2048,64,128,170.645
32,2048,64,256,208.171
32,2048,64,512,292.469
32,2048,64,1024,460.203
32,2048,64,2048,815.339
32,2048,64,4096,1727.17
32,2048,64,8192,3453.09
32,2048,64,16384,6913.64
32,4096,0,0,119.691
32,4096,1,16,119.669
32,4096,1,32,119.371
32,4096,1,64,119.669
32,4096,1,128,119.647
32,4096,1,256,119.754
32,4096,1,512,119.829
32,4096,1,1024,119.658
32,4096,1,2048,119.488
32,4096,1,4096,120.33
32,4096,1,8192,235.263
32,4096,1,16384,474.987
32,4096,2,16,119.722
32,4096,2,32,119.488
32,4096,2,64,119.84
32,4096,2,128,119.637
32,4096,2,256,119.52
32,4096,2,512,119.648
32,4096,2,1024,119.36
32,4096,2,2048,120.213
32,4096,2,4096,121.354
32,4096,2,8192,239.691
32,4096,2,16384,482.421
32,4096,4,16,119.435
32,4096,4,32,119.413
32,4096,4,64,119.509
32,4096,4,128,119.584
32,4096,4,256,119.424
32,4096,4,512,120.096
32,4096,4,1024,120.779
32,4096,4,2048,123.829
32,4096,4,4096,125.067
32,4096,4,8192,244.864
32,4096,4,16384,482.154
32,4096,8,16,124.949
32,4096,8,32,124.907
32,4096,8,64,125.185
32,4096,8,128,128.278
32,4096,8,256,131.861
32,4096,8,512,139.35
32,4096,8,1024,153.675
32,4096,8,2048,182.784
32,4096,8,4096,242.591
32,4096,8,8192,474.261
32,4096,8,16384,950.698
32,4096,16,16,134.24
32,4096,16,32,134.773
32,4096,16,64,135.264
32,4096,16,128,144.458
32,4096,16,256,154.997
32,4096,16,512,176.917
32,4096,16,1024,219.627
32,4096,16,2048,304.746
32,4096,16,4096,477.759
32,4096,16,8192,931.094
32,4096,16,16384,1858.87
32,4096,32,16,148.181
32,4096,32,32,148.469
32,4096,32,64,149.216
32,4096,32,128,169.365
32,4096,32,256,191.381
32,4096,32,512,234.603
32,4096,32,1024,318.827
32,4096,32,2048,487.488
32,4096,32,4096,845.568
32,4096,32,8192,1653.44
32,4096,32,16384,3295.88
32,4096,64,16,180.875
32,4096,64,32,181.354
32,4096,64,64,183.136
32,4096,64,128,227.435
32,4096,64,256,272.96
32,4096,64,512,349.878
32,4096,64,1024,517.621
32,4096,64,2048,868.726
32,4096,64,4096,1709.84
32,4096,64,8192,3489.37
32,4096,64,16384,7106.68
32,8192,0,0,232.139
32,8192,1,16,231.84
32,8192,1,32,232.106
32,8192,1,64,231.797
32,8192,1,128,231.883
32,8192,1,256,231.872
32,8192,1,512,231.402
32,8192,1,1024,231.349
32,8192,1,2048,231.466
32,8192,1,4096,235.818
32,8192,1,8192,236
32,8192,1,16384,474.485
32,8192,2,16,231.403
32,8192,2,32,231.647
32,8192,2,64,231.434
32,8192,2,128,231.711
32,8192,2,256,231.104
32,8192,2,512,231.211
32,8192,2,1024,234.453
32,8192,2,2048,236.17
32,8192,2,4096,237.002
32,8192,2,8192,239.509
32,8192,2,16384,480.086
32,8192,4,16,231.637
32,8192,4,32,230.805
32,8192,4,64,231.574
32,8192,4,128,231.786
32,8192,4,256,231.114
32,8192,4,512,234.229
32,8192,4,1024,236.992
32,8192,4,2048,242.453
32,8192,4,4096,243.604
32,8192,4,8192,243.424
32,8192,4,16384,481.323
32,8192,8,16,236.65
32,8192,8,32,237.291
32,8192,8,64,237.003
32,8192,8,128,239.958
32,8192,8,256,244.074
32,8192,8,512,251.135
32,8192,8,1024,265.664
32,8192,8,2048,294.08
32,8192,8,4096,354.037
32,8192,8,8192,482.955
32,8192,8,16384,951.136
32,8192,16,16,246.218
32,8192,16,32,246.336
32,8192,16,64,246.848
32,8192,16,128,256.224
32,8192,16,256,267.104
32,8192,16,512,288.618
32,8192,16,1024,331.115
32,8192,16,2048,416.907
32,8192,16,4096,590.442
32,8192,16,8192,945.429
32,8192,16,16384,1857.76
32,8192,32,16,259.979
32,8192,32,32,259.872
32,8192,32,64,260.256
32,8192,32,128,280.906
32,8192,32,256,302.858
32,8192,32,512,346.144
32,8192,32,1024,430.56
32,8192,32,2048,599.296
32,8192,32,4096,956.597
32,8192,32,8192,1658.04
32,8192,32,16384,3285.16
32,8192,64,16,292.181
32,8192,64,32,292.982
32,8192,64,64,294.901
32,8192,64,128,338.656
32,8192,64,256,385.589
32,8192,64,512,477.749
32,8192,64,1024,658.614
32,8192,64,2048,986.059
32,8192,64,4096,1797.88
32,8192,64,8192,3375.56
32,8192,64,16384,7160.61
32,16384,0,0,466.112
32,16384,1,16,464.437
32,16384,1,32,465.43
32,16384,1,64,465.077
32,16384,1,128,465.834
32,16384,1,256,464.832
32,16384,1,512,464.128
32,16384,1,1024,465.376
32,16384,1,2048,469.727
32,16384,1,4096,471.818
32,16384,1,8192,472.48
32,16384,1,16384,476.053
32,16384,2,16,466.016
32,16384,2,32,466.943
32,16384,2,64,465.205
32,16384,2,128,468.17
32,16384,2,256,463.542
32,16384,2,512,465.514
32,16384,2,1024,468.469
32,16384,2,2048,475.808
32,16384,2,4096,477.056
32,16384,2,8192,473.791
32,16384,2,16384,477.237
32,16384,4,16,468.513
32,16384,4,32,463.989
32,16384,4,64,467.125
32,16384,4,128,466.901
32,16384,4,256,467.243
32,16384,4,512,470.804
32,16384,4,1024,475.787
32,16384,4,2048,481.13
32,16384,4,4096,481.823
32,16384,4,8192,480.074
32,16384,4,16384,484.597
32,16384,8,16,467.615
32,16384,8,32,465.344
32,16384,8,64,466.368
32,16384,8,128,466.795
32,16384,8,256,468.895
32,16384,8,512,474.933
32,16384,8,1024,488.192
32,16384,8,2048,518.358
32,16384,8,4096,578.378
32,16384,8,8192,713.153
32,16384,8,16384,954.998
32,16384,16,16,469.451
32,16384,16,32,468.49
32,16384,16,64,469.269
32,16384,16,128,478.752
32,16384,16,256,490.293
32,16384,16,512,510.848
32,16384,16,1024,553.663
32,16384,16,2048,639.296
32,16384,16,4096,814.517
32,16384,16,8192,1164.75
32,16384,16,16384,1871.67
32,16384,32,16,483.615
32,16384,32,32,482.667
32,16384,32,64,484.682
32,16384,32,128,504.193
32,16384,32,256,526.293
32,16384,32,512,569.707
32,16384,32,1024,653.867
32,16384,32,2048,823.349
32,16384,32,4096,1178.37
32,16384,32,8192,1889.64
32,16384,32,16384,3292.64
32,16384,64,16,514.923
32,16384,64,32,515.425
32,16384,64,64,518.432
32,16384,64,128,564.213
32,16384,64,256,611.455
32,16384,64,512,701.749
32,16384,64,1024,888.383
32,16384,64,2048,1275.94
32,16384,64,4096,2053.38
32,16384,64,8192,3566.92
32,16384,64,16384,6771.23
64,0,0,0,8.71367
64,0,1,16,8.704
64,0,1,32,8.65067
64,0,1,64,8.62967
64,0,1,128,11.0397
64,0,1,256,14.4747
64,0,1,512,21.4717
64,0,1,1024,35.4777
64,0,1,2048,63.5633
64,0,1,4096,119.872
64,0,1,8192,231.947
64,0,1,16384,460.042
64,0,2,16,8.48
64,0,2,32,8.534
64,0,2,64,8.555
64,0,2,128,11.0293
64,0,2,256,14.6137
64,0,2,512,21.5147
64,0,2,1024,35.467
64,0,2,2048,63.6587
64,0,2,4096,120.021
64,0,2,8192,234.891
64,0,2,16384,473.941
64,0,4,16,8.37367
64,0,4,32,8.45867
64,0,4,64,8.54433
64,0,4,128,11.0507
64,0,4,256,14.8903
64,0,4,512,21.8987
64,0,4,1024,36.0963
64,0,4,2048,64.5867
64,0,4,4096,122.187
64,0,4,8192,242.891
64,0,4,16384,479.626
64,0,8,16,13.568
64,0,8,32,13.7277
64,0,8,64,13.7707
64,0,8,128,19.254
64,0,8,256,26.603
64,0,8,512,40.384
64,0,8,1024,69.024
64,0,8,2048,126.528
64,0,8,4096,241.579
64,0,8,8192,482.88
64,0,8,16384,956.821
64,0,16,16,22.5813
64,0,16,32,22.7947
64,0,16,64,23.061
64,0,16,128,34.8697
64,0,16,256,49.1517
64,0,16,512,76.8537
64,0,16,1024,133.632
64,0,16,2048,246.784
64,0,16,4096,473.302
64,0,16,8192,936.193
64,0,16,16384,1863.07
64,0,32,16,36.6183
64,0,32,32,36.9057
64,0,32,64,37.3973
64,0,32,128,59.4773
64,0,32,256,84.8423
64,0,32,512,134.539
64,0,32,1024,233.034
64,0,32,2048,429.205
64,0,32,4096,833.578
64,0,32,8192,1644.32
64,0,32,16384,3266.84
64,0,64,16,64.3517
64,0,64,32,64.9907
64,0,64,64,66.581
64,0,64,128,109.322
64,0,64,256,156.011
64,0,64,512,248.512
64,0,64,1024,432.022
64,0,64,2048,814.315
64,0,64,4096,1702.27
64,0,64,8192,3383.81
64,0,64,16384,6765.11
64,16,0,0,8.78967
64,16,1,16,8.65133
64,16,1,32,8.69333
64,16,1,64,8.757
64,16,1,128,11.0827
64,16,1,256,14.56
64,16,1,512,21.4507
64,16,1,1024,35.3923
64,16,1,2048,63.5953
64,16,1,4096,120.16
64,16,1,8192,231.786
64,16,1,16384,464.309
64,16,2,16,8.576
64,16,2,32,8.59733
64,16,2,64,8.71433
64,16,2,128,11.0613
64,16,2,256,14.6987
64,16,2,512,21.568
64,16,2,1024,35.413
64,16,2,2048,63.6697
64,16,2,4096,120.171
64,16,2,8192,234.912
64,16,2,16384,473.44
64,16,4,16,8.49033
64,16,4,32,8.50133
64,16,4,64,8.66133
64,16,4,128,11.1353
64,16,4,256,14.656
64,16,4,512,21.7283
64,16,4,1024,36.064
64,16,4,2048,64.4693
64,16,4,4096,122.688
64,16,4,8192,243.146
64,16,4,16384,481.29
64,16,8,16,13.5573
64,16,8,32,13.696
64,16,8,64,14.048
64,16,8,128,19.2963
64,16,8,256,26.5387
64,16,8,512,40.6927
64,16,8,1024,69.2373
64,16,8,2048,126.901
64,16,8,4096,242.635
64,16,8,8192,482.25
64,16,8,16384,954.848
64,16,16,16,22.8057
64,16,16,32,22.8917
64,16,16,64,23.1787
64,16,16,128,35.0723
64,16,16,256,49.2053
64,16,16,512,77.5253
64,16,16,1024,134.368
64,16,16,2048,247.093
64,16,16,4096,472.811
64,16,16,8192,942.187
64,16,16,16384,1865.52
64,16,32,16,36.6827
64,16,32,32,37.013
64,16,32,64,37.685
64,16,32,128,59.797
64,16,32,256,85.1523
64,16,32,512,134.943
64,16,32,1024,233.909
64,16,32,2048,430.08
64,16,32,4096,836.715
64,16,32,8192,1647.49
64,16,32,16384,3276.9
64,16,64,16,64.7147
64,16,64,32,65.2803
64,16,64,64,66.8267
64,16,64,128,109.355
64,16,64,256,156.021
64,16,64,512,248.351
64,16,64,1024,432.256
64,16,64,2048,814.368
64,16,64,4096,1706.28
64,16,64,8192,3381.29
64,16,64,16384,6774.68
64,32,0,0,8.75733
64,32,1,16,8.61867
64,32,1,32,8.608
64,32,1,64,8.81133
64,32,1,128,11.0827
64,32,1,256,14.624
64,32,1,512,21.5357
64,32,1,1024,35.5627
64,32,1,2048,63.669
64,32,1,4096,119.968
64,32,1,8192,233.055
64,32,1,16384,463.786
64,32,2,16,8.53333
64,32,2,32,8.61833
64,32,2,64,8.75767
64,32,2,128,11.168
64,32,2,256,14.6667
64,32,2,512,21.6003
64,32,2,1024,35.573
64,32,2,2048,64.0107
64,32,2,4096,120.394
64,32,2,8192,236.522
64,32,2,16384,475.498
64,32,4,16,8.437
64,32,4,32,8.66133
64,32,4,64,8.68267
64,32,4,128,11.232
64,32,4,256,14.6563
64,32,4,512,21.8987
64,32,4,1024,36.16
64,32,4,2048,64.6293
64,32,4,4096,122.741
64,32,4,8192,242.613
64,32,4,16384,482.666
64,32,8,16,13.6427
64,32,8,32,13.8453
64,32,8,64,13.8667
64,32,8,128,19.3173
64,32,8,256,26.4853
64,32,8,512,40.7043
64,32,8,1024,69.269
64,32,8,2048,127.136
64,32,8,4096,242.389
64,32,8,8192,482.026
64,32,8,16384,955.733
64,32,16,16,22.8053
64,32,16,32,22.9337
64,32,16,64,23.2427
64,32,16,128,34.9227
64,32,16,256,49.1947
64,32,16,512,77.504
64,32,16,1024,133.962
64,32,16,2048,245.866
64,32,16,4096,469.29
64,32,16,8192,941.195
64,32,16,16384,1874.29
64,32,32,16,36.5973
64,32,32,32,36.9913
64,32,32,64,37.589
64,32,32,128,59.925
64,32,32,256,85.1837
64,32,32,512,135.062
64,32,32,1024,233.771
64,32,32,2048,430.026
64,32,32,4096,837.685
64,32,32,8192,1651.16
64,32,32,16384,3280.06
64,32,64,16,64.7463
64,32,64,32,65.3657
64,32,64,64,66.5173
64,32,64,128,109.418
64,32,64,256,156.107
64,32,64,512,248.203
64,32,64,1024,431.2
64,32,64,2048,813.525
64,32,64,4096,1705.83
64,32,64,8192,3376.75
64,32,64,16384,6761.75
64,64,0,0,8.683
64,64,1,16,8.61867
64,64,1,32,8.66133
64,64,1,64,8.72533
64,64,1,128,11.072
64,64,1,256,14.6347
64,64,1,512,21.5893
64,64,1,1024,35.627
64,64,1,2048,63.925
64,64,1,4096,120.255
64,64,1,8192,232.362
64,64,1,16384,462.687
64,64,2,16,8.51233
64,64,2,32,8.56567
64,64,2,64,8.683
64,64,2,128,11.083
64,64,2,256,14.7303
64,64,2,512,21.7177
64,64,2,1024,35.7227
64,64,2,2048,63.7973
64,64,2,4096,120.064
64,64,2,8192,235.222
64,64,2,16384,474.816
64,64,4,16,8.42667
64,64,4,32,8.60767
64,64,4,64,8.641
64,64,4,128,11.307
64,64,4,256,14.891
64,64,4,512,22.08
64,64,4,1024,36.405
64,64,4,2048,64.8427
64,64,4,4096,122.634
64,64,4,8192,243.349
64,64,4,16384,481.897
64,64,8,16,13.7173
64,64,8,32,13.7813
64,64,8,64,13.9097
64,64,8,128,19.3063
64,64,8,256,26.5597
64,64,8,512,40.6827
64,64,8,1024,69.376
64,64,8,2048,126.902
64,64,8,4096,242.485
64,64,8,8192,482.784
64,64,8,16384,953.013
64,64,16,16,22.9117
64,64,16,32,23.1573
64,64,16,64,23.2107
64,64,16,128,35.0607
64,64,16,256,49.3013
64,64,16,512,77.557
64,64,16,1024,134.303
64,64,16,2048,246.272
64,64,16,4096,473.428
64,64,16,8192,942.207
64,64,16,16384,1860
64,64,32,16,36.864
64,64,32,32,37.0023
64,64,32,64,37.792
64,64,32,128,59.733
64,64,32,256,85.11
64,64,32,512,134.997
64,64,32,1024,233.696
64,64,32,2048,430.005
64,64,32,4096,837.184
64,64,32,8192,1654.52
64,64,32,16384,3281.09
64,64,64,16,65.0563
64,64,64,32,65.589
64,64,64,64,67.0507
64,64,64,128,109.419
64,64,64,256,156.266
64,64,64,512,247.541
64,64,64,1024,431.679
64,64,64,2048,814.73
64,64,64,4096,1701.54
64,64,64,8192,3377.49
64,64,64,16384,6774.87
64,128,0,0,12.3627
64,128,1,16,11.4883
64,128,1,32,11.52
64,128,1,64,11.477
64,128,1,128,11.9467
64,128,1,256,14.6027
64,128,1,512,21.5257
64,128,1,1024,35.499
64,128,1,2048,63.7863
64,128,1,4096,120.191
64,128,1,8192,232.298
64,128,1,16384,462.944
64,128,2,16,11.4453
64,128,2,32,11.435
64,128,2,64,11.403
64,128,2,128,11.9253
64,128,2,256,14.6453
64,128,2,512,21.5353
64,128,2,1024,35.5843
64,128,2,2048,64.032
64,128,2,4096,120.299
64,128,2,8192,235.52
64,128,2,16384,474.592
64,128,4,16,11.4773
64,128,4,32,11.4987
64,128,4,64,11.413
64,128,4,128,11.765
64,128,4,256,14.6457
64,128,4,512,22.0267
64,128,4,1024,36.3307
64,128,4,2048,64.6613
64,128,4,4096,122.859
64,128,4,8192,243.37
64,128,4,16384,482.219
64,128,8,16,17.269
64,128,8,32,17.3117
64,128,8,64,17.3973
64,128,8,128,20.5653
64,128,8,256,26.4107
64,128,8,512,40.661
64,128,8,1024,69.184
64,128,8,2048,126.677
64,128,8,4096,242.006
64,128,8,8192,480.65
64,128,8,16384,953.696
64,128,16,16,26.592
64,128,16,32,26.5383
64,128,16,64,26.7947
64,128,16,128,36.5223
64,128,16,256,49.248
64,128,16,512,77.8347
64,128,16,1024,134.678
64,128,16,2048,246.923
64,128,16,4096,472.885
64,128,16,8192,936.138
64,128,16,16384,1864.19
64,128,32,16,39.9573
64,128,32,32,40.544
64,128,32,64,41.0667
64,128,32,128,61.4297
64,128,32,256,85.1203
64,128,32,512,135.04
64,128,32,1024,233.717
64,128,32,2048,429.888
64,128,32,4096,837.621
64,128,32,8192,1649.66
64,128,32,16384,3276.77
64,128,64,16,68.384
64,128,64,32,69.3227
64,128,64,64,70.507
64,128,64,128,111.04
64,128,64,256,156.042
64,128,64,512,248.492
64,128,64,1024,430.954
64,128,64,2048,813.93
64,128,64,4096,1704.31
64,128,64,8192,3381
64,128,64,16384,6777.61
64,256,0,0,15.6587
64,256,1,16,14.9547
64,256,1,32,14.9227
64,256,1,64,14.9973
64,256,1,128,14.9227
64,256,1,256,15.296
64,256,1,512,21.5467
64,256,1,1024,35.6373
64,256,1,2048,63.7333
64,256,1,4096,120.085
64,256,1,8192,232.617
64,256,1,16384,463.168
64,256,2,16,14.8687
64,256,2,32,14.88
64,256,2,64,14.8907
64,256,2,128,14.9443
64,256,2,256,15.04
64,256,2,512,21.4827
64,256,2,1024,35.6053
64,256,2,2048,63.8933
64,256,2,4096,120.384
64,256,2,8192,235.391
64,256,2,16384,473.984
64,256,4,16,14.944
64,256,4,32,14.9547
64,256,4,64,15.093
64,256,4,128,15.125
64,256,4,256,15.253
64,256,4,512,22.0057
64,256,4,1024,36.096
64,256,4,2048,64.8107
64,256,4,4096,122.485
64,256,4,8192,241.888
64,256,4,16384,483.2
64,256,8,16,20.661
64,256,8,32,20.8323
64,256,8,64,21.1417
64,256,8,128,23.947
64,256,8,256,27.6053
64,256,8,512,40.565
64,256,8,1024,69.3333
64,256,8,2048,126.858
64,256,8,4096,242.069
64,256,8,8192,481.205
64,256,8,16384,954.122
64,256,16,16,29.9837
64,256,16,32,30.2293
64,256,16,64,30.571
64,256,16,128,40.0857
64,256,16,256,50.6773
64,256,16,512,77.5577
64,256,16,1024,134.55
64,256,16,2048,246.88
64,256,16,4096,472.395
64,256,16,8192,940.394
64,256,16,16384,1873.25
64,256,32,16,43.8507
64,256,32,32,44.2133
64,256,32,64,44.9383
64,256,32,128,65.0023
64,256,32,256,86.6667
64,256,32,512,135.05
64,256,32,1024,234.112
64,256,32,2048,430.474
64,256,32,4096,836.394
64,256,32,8192,1650.62
64,256,32,16384,3279.06
64,256,64,16,72.2873
64,256,64,32,72.768
64,256,64,64,74.1657
64,256,64,128,114.848
64,256,64,256,157.952
64,256,64,512,248.512
64,256,64,1024,432.203
64,256,64,2048,814.069
64,256,64,4096,1706.55
64,256,64,8192,3382.09
64,256,64,16384,6773.19
64,512,0,0,22.5597
64,512,1,16,21.9307
64,512,1,32,21.8883
64,512,1,64,21.888
64,512,1,128,21.9093
64,512,1,256,21.8983
64,512,1,512,22.0477
64,512,1,1024,35.584
64,512,1,2048,63.797
64,512,1,4096,120.139
64,512,1,8192,232.437
64,512,1,16384,462.816
64,512,2,16,21.8987
64,512,2,32,21.8027
64,512,2,64,21.7813
64,512,2,128,21.8453
64,512,2,256,21.8347
64,512,2,512,22.048
64,512,2,1024,35.6587
64,512,2,2048,63.914
64,512,2,4096,120.235
64,512,2,8192,234.101
64,512,2,16384,474.772
64,512,4,16,21.8557
64,512,4,32,21.9093
64,512,4,64,21.8777
64,512,4,128,22.0043
64,512,4,256,22.133
64,512,4,512,22.3147
64,512,4,1024,36.1063
64,512,4,2048,64.842
64,512,4,4096,122.325
64,512,4,8192,242.432
64,512,4,16384,481.749
64,512,8,16,27.5837
64,512,8,32,27.744
64,512,8,64,27.904
64,512,8,128,31.0287
64,512,8,256,34.7733
64,512,8,512,41.6857
64,512,8,1024,69.2053
64,512,8,2048,126.784
64,512,8,4096,242.186
64,512,8,8192,480.885
64,512,8,16384,951.787
64,512,16,16,36.8427
64,512,16,32,37.152
64,512,16,64,37.589
64,512,16,128,47.2747
64,512,16,256,57.7917
64,512,16,512,79.36
64,512,16,1024,134.678
64,512,16,2048,246.613
64,512,16,4096,473.056
64,512,16,8192,942.346
64,512,16,16384,1874.47
64,512,32,16,50.9867
64,512,32,32,51.3387
64,512,32,64,52.0107
64,512,32,128,72.2557
64,512,32,256,93.8987
64,512,32,512,136.811
64,512,32,1024,233.942
64,512,32,2048,429.877
64,512,32,4096,836.351
64,512,32,8192,1650.26
64,512,32,16384,3277.61
64,512,64,16,79.7113
64,512,64,32,80.1493
64,512,64,64,81.4293
64,512,64,128,122.272
64,512,64,256,164.864
64,512,64,512,250.304
64,512,64,1024,431.68
64,512,64,2048,814.635
64,512,64,4096,1704.72
64,512,64,8192,3380.34
64,512,64,16384,6769.51
64,1024,0,0,36.5763
64,1024,1,16,35.9997
64,1024,1,32,35.9577
64,1024,1,64,35.915
64,1024,1,128,35.968
64,1024,1,256,35.9683
64,1024,1,512,35.9467
64,1024,1,1024,36.064
64,1024,1,2048,63.7437
64,1024,1,4096,120.074
64,1024,1,8192,232.469
64,1024,1,16384,462.005
64,1024,2,16,35.9037
64,1024,2,32,35.893
64,1024,2,64,35.893
64,1024,2,128,35.8933
64,1024,2,256,35.979
64,1024,2,512,35.957
64,1024,2,1024,36.1813
64,1024,2,2048,63.968
64,1024,2,4096,120.277
64,1024,2,8192,233.269
64,1024,2,16384,473.876
64,1024,4,16,35.9037
64,1024,4,32,35.883
64,1024,4,64,35.915
64,1024,4,128,36.2023
64,1024,4,256,36.416
64,1024,4,512,36.3853
64,1024,4,1024,36.6183
64,1024,4,2048,64.7567
64,1024,4,4096,122.186
64,1024,4,8192,242.197
64,1024,4,16384,481.055
64,1024,8,16,41.6107
64,1024,8,32,41.6953
64,1024,8,64,41.973
64,1024,8,128,45.216
64,1024,8,256,48.725
64,1024,8,512,55.9577
64,1024,8,1024,70.326
64,1024,8,2048,126.869
64,1024,8,4096,241.92
64,1024,8,8192,480.17
64,1024,8,16384,954.987
64,1024,16,16,50.9863
64,1024,16,32,51.1783
64,1024,16,64,51.3813
64,1024,16,128,61.323
64,1024,16,256,72.3093
64,1024,16,512,93.728
64,1024,16,1024,136.566
64,1024,16,2048,247.403
64,1024,16,4096,471.403
64,1024,16,8192,935.242
64,1024,16,16384,1861.01
64,1024,32,16,65.2373
64,1024,32,32,65.3223
64,1024,32,64,66.4533
64,1024,32,128,86.6987
64,1024,32,256,108.363
64,1024,32,512,150.869
64,1024,32,1024,235.968
64,1024,32,2048,430.708
64,1024,32,4096,836.394
64,1024,32,8192,1656.28
64,1024,32,16384,3279.79
64,1024,64,16,97.2583
64,1024,64,32,97.919
64,1024,64,64,99.4133
64,1024,64,128,136.832
64,1024,64,256,179.584
64,1024,64,512,264.618
64,1024,64,1024,433.503
64,1024,64,2048,810.656
64,1024,64,4096,1709.25
64,1024,64,8192,3388.66
64,1024,64,16384,6787.83
64,2048,0,0,64.6187
64,2048,1,16,63.9787
64,2048,1,32,63.9783
64,2048,1,64,64.1817
64,2048,1,128,63.9783
64,2048,1,256,64.1703
64,2048,1,512,64.0533
64,2048,1,1024,64.256
64,2048,1,2048,64.2453
64,2048,1,4096,120.191
64,2048,1,8192,232.491
64,2048,1,16384,465.239
64,2048,2,16,63.9893
64,2048,2,32,64.0213
64,2048,2,64,64.0533
64,2048,2,128,63.936
64,2048,2,256,64.0317
64,2048,2,512,64.032
64,2048,2,1024,64.139
64,2048,2,2048,64.4263
64,2048,2,4096,120.555
64,2048,2,8192,237.045
64,2048,2,16384,474.773
64,2048,4,16,64.0853
64,2048,4,32,64.0747
64,2048,4,64,64.0963
64,2048,4,128,64.277
64,2048,4,256,64.255
64,2048,4,512,64.4587
64,2048,4,1024,65.035
64,2048,4,2048,65.3443
64,2048,4,4096,123.317
64,2048,4,8192,243.903
64,2048,4,16384,485.332
64,2048,8,16,69.7387
64,2048,8,32,69.5143
64,2048,8,64,69.8777
64,2048,8,128,73.2373
64,2048,8,256,76.5223
64,2048,8,512,83.7657
64,2048,8,1024,98.6353
64,2048,8,2048,127.658
64,2048,8,4096,242.591
64,2048,8,8192,478.517
64,2048,8,16384,953.727
64,2048,16,16,78.8797
64,2048,16,32,79.1253
64,2048,16,64,79.6057
64,2048,16,128,89.205
64,2048,16,256,100.256
64,2048,16,512,121.867
64,2048,16,1024,164.597
64,2048,16,2048,249.312
64,2048,16,4096,473.119
64,2048,16,8192,934.977
64,2048,16,16384,1872.11
64,2048,32,16,93.2687
64,2048,32,32,93.3437
64,2048,32,64,94.453
64,2048,32,128,114.646
64,2048,32,256,136.821
64,2048,32,512,179.413
64,2048,32,1024,263.754
64,2048,32,2048,433.45
64,2048,32,4096,834.708
64,2048,32,8192,1652.65
64,2048,32,16384,3271.58
64,2048,64,16,125.814
64,2048,64,32,126.613
64,2048,64,64,127.797
64,2048,64,128,170.4
64,2048,64,256,209.131
64,2048,64,512,293.791
64,2048,64,1024,460.245
64,2048,64,2048,816.672
64,2048,64,4096,1728.79
64,2048,64,8192,3460.17
64,2048,64,16384,6926.73
64,4096,0,0,120.693
64,4096,1,16,120.245
64,4096,1,32,120.459
64,4096,1,64,120.341
64,4096,1,128,120.341
64,4096,1,256,120.149
64,4096,1,512,120.374
64,4096,1,1024,120.309
64,4096,1,2048,120.49
64,4096,1,4096,120.618
64,4096,1,8192,232.821
64,4096,1,16384,470.976
64,4096,2,16,120.064
64,4096,2,32,120.16
64,4096,2,64,120.276
64,4096,2,128,120.16
64,4096,2,256,120.01
64,4096,2,512,120.255
64,4096,2,1024,120.128
64,4096,2,2048,120.758
64,4096,2,4096,121.621
64,4096,2,8192,237.813
64,4096,2,16384,476.778
64,4096,4,16,120.192
64,4096,4,32,120.181
64,4096,4,64,120.17
64,4096,4,128,120.405
64,4096,4,256,120.522
64,4096,4,512,120.683
64,4096,4,1024,121.194
64,4096,4,2048,122.24
64,4096,4,4096,124.619
64,4096,4,8192,243.787
64,4096,4,16384,482.997
64,4096,8,16,125.493
64,4096,8,32,125.461
64,4096,8,64,125.717
64,4096,8,128,128.618
64,4096,8,256,132.437
64,4096,8,512,139.935
64,4096,8,1024,154.56
64,4096,8,2048,183.647
64,4096,8,4096,242.666
64,4096,8,8192,474.986
64,4096,8,16384,953.429
64,4096,16,16,135.125
64,4096,16,32,135.338
64,4096,16,64,135.562
64,4096,16,128,145.131
64,4096,16,256,156.128
64,4096,16,512,177.76
64,4096,16,1024,220.832
64,4096,16,2048,305.963
64,4096,16,4096,478.88
64,4096,16,8192,929.087
64,4096,16,16384,1852.29
64,4096,32,16,149.184
64,4096,32,32,149.493
64,4096,32,64,150.197
64,4096,32,128,170.549
64,4096,32,256,192.661
64,4096,32,512,235.391
64,4096,32,1024,320.554
64,4096,32,2048,489.663
64,4096,32,4096,847.296
64,4096,32,8192,1659.25
64,4096,32,16384,3294.86
64,4096,64,16,181.547
64,4096,64,32,182.421
64,4096,64,64,184.021
64,4096,64,128,227.978
64,4096,64,256,274.517
64,4096,64,512,352.276
64,4096,64,1024,520.255
64,4096,64,2048,870.25
64,4096,64,4096,1714.05
64,4096,64,8192,3486.7
64,4096,64,16384,7130.6
64,8192,0,0,233.781
64,8192,1,16,232.533
64,8192,1,32,232.564
64,8192,1,64,232.383
64,8192,1,128,232.501
64,8192,1,256,232.448
64,8192,1,512,232.779
64,8192,1,1024,232.49
64,8192,1,2048,233.034
64,8192,1,4096,232.852
64,8192,1,8192,235.115
64,8192,1,16384,476.521
64,8192,2,16,232.704
64,8192,2,32,232.384
64,8192,2,64,232.256
64,8192,2,128,232.288
64,8192,2,256,232.651
64,8192,2,512,232.725
64,8192,2,1024,232.789
64,8192,2,2048,233.056
64,8192,2,4096,238.859
64,8192,2,8192,239.146
64,8192,2,16384,479.744
64,8192,4,16,232.362
64,8192,4,32,232.426
64,8192,4,64,232.448
64,8192,4,128,232.693
64,8192,4,256,232.799
64,8192,4,512,232.875
64,8192,4,1024,233.354
64,8192,4,2048,239.627
64,8192,4,4096,244.277
64,8192,4,8192,244.17
64,8192,4,16384,483.306
64,8192,8,16,237.269
64,8192,8,32,237.557
64,8192,8,64,237.973
64,8192,8,128,241.14
64,8192,8,256,244.874
64,8192,8,512,251.851
64,8192,8,1024,266.879
64,8192,8,2048,295.55
64,8192,8,4096,354.73
64,8192,8,8192,483.914
64,8192,8,16384,953.429
64,8192,16,16,247.263
64,8192,16,32,247.551
64,8192,16,64,247.775
64,8192,16,128,257.525
64,8192,16,256,268.277
64,8192,16,512,290.272
64,8192,16,1024,332.544
64,8192,16,2048,418.73
64,8192,16,4096,592.82
64,8192,16,8192,948.554
64,8192,16,16384,1860.7
64,8192,32,16,261.29
64,8192,32,32,260.938
64,8192,32,64,261.748
64,8192,32,128,282.314
64,8192,32,256,304.33
64,8192,32,512,347.615
64,8192,32,1024,433.13
64,8192,32,2048,602.122
64,8192,32,4096,959.199
64,8192,32,8192,1664.49
64,8192,32,16384,3295.83
64,8192,64,16,293.483
64,8192,64,32,294.154
64,8192,64,64,294.719
64,8192,64,128,340.107
64,8192,64,256,386.464
64,8192,64,512,479.348
64,8192,64,1024,659.925
64,8192,64,2048,990.219
64,8192,64,4096,1801.43
64,8192,64,8192,3377.33
64,8192,64,16384,7195.18
64,16384,0,0,468.693
64,16384,1,16,463.509
64,16384,1,32,463.188
64,16384,1,64,464.318
64,16384,1,128,464.095
64,16384,1,256,463.424
64,16384,1,512,463.957
64,16384,1,1024,462.805
64,16384,1,2048,466.207
64,16384,1,4096,469.94
64,16384,1,8192,472.138
64,16384,1,16384,475.817
64,16384,2,16,463.284
64,16384,2,32,463.764
64,16384,2,64,463.743
64,16384,2,128,462.667
64,16384,2,256,462.879
64,16384,2,512,463.923
64,16384,2,1024,466.857
64,16384,2,2048,471.146
64,16384,2,4096,480.543
64,16384,2,8192,480.852
64,16384,2,16384,480.447
64,16384,4,16,461.877
64,16384,4,32,463.316
64,16384,4,64,461.706
64,16384,4,128,462.9
64,16384,4,256,463.253
64,16384,4,512,464.798
64,16384,4,1024,469.865
64,16384,4,2048,480.905
64,16384,4,4096,483.348
64,16384,4,8192,481.855
64,16384,4,16384,481.983
64,16384,8,16,462.388
64,16384,8,32,461.909
64,16384,8,64,461.919
64,16384,8,128,464.959
64,16384,8,256,469.013
64,16384,8,512,476.511
64,16384,8,1024,490.282
64,16384,8,2048,520.607
64,16384,8,4096,580.618
64,16384,8,8192,712.201
64,16384,8,16384,956.873
64,16384,16,16,471.498
64,16384,16,32,471.477
64,16384,16,64,470.666
64,16384,16,128,481.44
64,16384,16,256,493.194
64,16384,16,512,512.842
64,16384,16,1024,556.458
64,16384,16,2048,641.844
64,16384,16,4096,816.031
64,16384,16,8192,1169.69
64,16384,16,16384,1884.7
64,16384,32,16,485.002
64,16384,32,32,486.059
64,16384,32,64,486.282
64,16384,32,128,506.601
64,16384,32,256,527.605
64,16384,32,512,571.466
64,16384,32,1024,657.407
64,16384,32,2048,826.538
64,16384,32,4096,1180.69
64,16384,32,8192,1891.81
64,16384,32,16384,3294.51
64,16384,64,16,515.594
64,16384,64,32,517.226
64,16384,64,64,518.687
64,16384,64,128,562.58
64,16384,64,256,609.642
64,16384,64,512,702.516
64,16384,64,1024,885.545
64,16384,64,2048,1275.79
64,16384,64,4096,2052.54
64,16384,64,8192,3561.56
64,16384,64,16384,6796.77
128,0,0,0,8.48
128,0,1,16,8.42667
128,0,1,32,8.459
128,0,1,64,8.45867
128,0,1,128,11.1363
128,0,1,256,14.528
128,0,1,512,21.3977
128,0,1,1024,35.4667
128,0,1,2048,63.6157
128,0,1,4096,119.925
128,0,1,8192,232.608
128,0,1,16384,467.188
128,0,2,16,8.30933
128,0,2,32,8.427
128,0,2,64,8.35167
128,0,2,128,11.061
128,0,2,256,14.4637
128,0,2,512,21.557
128,0,2,1024,35.744
128,0,2,2048,64.2237
128,0,2,4096,120.373
128,0,2,8192,236.565
128,0,2,16384,474.58
128,0,4,16,13.4507
128,0,4,32,13.4183
128,0,4,64,13.4723
128,0,4,128,17.0237
128,0,4,256,20.362
128,0,4,512,27.5833
128,0,4,1024,41.845
128,0,4,2048,70.261
128,0,4,4096,127.392
128,0,4,8192,242.356
128,0,4,16384,481.14
128,0,8,16,14.4533
128,0,8,32,14.613
128,0,8,64,14.6877
128,0,8,128,19.9893
128,0,8,256,26.933
128,0,8,512,41.0667
128,0,8,1024,69.9947
128,0,8,2048,127.637
128,0,8,4096,243.562
128,0,8,8192,482.399
128,0,8,16384,953.472
128,0,16,16,23.861
128,0,16,32,23.7867
128,0,16,64,23.968
128,0,16,128,35.6797
128,0,16,256,49.8883
128,0,16,512,78.0267
128,0,16,1024,135.157
128,0,16,2048,248.106
128,0,16,4096,474.666
128,0,16,8192,941.94
128,0,16,16384,1873.75
128,0,32,16,38.325
128,0,32,32,38.454
128,0,32,64,39.0617
128,0,32,128,61.077
128,0,32,256,86.1973
128,0,32,512,136.011
128,0,32,1024,235.445
128,0,32,2048,431.402
128,0,32,4096,839.423
128,0,32,8192,1656.08
128,0,32,16384,3275.71
128,0,64,16,68.8423
128,0,64,32,69.3223
128,0,64,64,70.442
128,0,64,128,112.747
128,0,64,256,159.083
128,0,64,512,251.392
128,0,64,1024,434.517
128,0,64,2048,819.262
128,0,64,4096,1711.81
128,0,64,8192,3378.22
128,0,64,16384,6770.91
128,16,0,0,11.2107
128,16,1,16,11.232
128,16,1,32,11.264
128,16,1,64,11.2637
128,16,1,128,11.2637
128,16,1,256,14.6457
128,16,1,512,21.5573
128,16,1,1024,35.6267
128,16,1,2048,63.8187
128,16,1,4096,120.224
128,16,1,8192,233.098
128,16,1,16384,465.833
128,16,2,16,11.4777
128,16,2,32,11.4023
128,16,2,64,11.5093
128,16,2,128,11.413
128,16,2,256,14.7947
128,16,2,512,21.813
128,16,2,1024,35.9897
128,16,2,2048,64.032
128,16,2,4096,120.256
128,16,2,8192,237.173
128,16,2,16384,476.127
128,16,4,16,16.7787
128,16,4,32,16.8323
128,16,4,64,16.8217
128,16,4,128,17.0987
128,16,4,256,20.6187
128,16,4,512,27.6587
128,16,4,1024,41.8023
128,16,4,2048,70.3573
128,16,4,4096,127.477
128,16,4,8192,242.389
128,16,4,16384,482.325
128,16,8,16,18.219
128,16,8,32,18.0267
128,16,8,64,18.123
128,16,8,128,20.3093
128,16,8,256,26.9017
128,16,8,512,41.1097
128,16,8,1024,69.781
128,16,8,2048,127.85
128,16,8,4096,243.797
128,16,8,8192,483.135
128,16,8,16384,954.484
128,16,16,16,26.7733
128,16,16,32,27.2533
128,16,16,64,27.3493
128,16,16,128,36.2133
128,16,16,256,49.952
128,16,16,512,78.4747
128,16,16,1024,135.328
128,16,16,2048,247.232
128,16,16,4096,474.986
128,16,16,8192,942.741
128,16,16,16384,1876.13
128,16,32,16,41.7707
128,16,32,32,41.7493
128,16,32,64,42.464
128,16,32,128,61.8353
128,16,32,256,86.336
128,16,32,512,136.459
128,16,32,1024,235.328
128,16,32,2048,432.052
128,16,32,4096,839.551
128,16,32,8192,1656.68
128,16,32,16384,3276.17
128,16,64,16,72.437
128,16,64,32,72.864
128,16,64,64,74.3147
128,16,64,128,113.674
128,16,64,256,159.371
128,16,64,512,251.839
128,16,64,1024,435.114
128,16,64,2048,820.116
128,16,64,4096,1708.49
128,16,64,8192,3385.48
128,16,64,16384,6763.92
128,32,0,0,11.2747
128,32,1,16,11.2427
128,32,1,32,11.2427
128,32,1,64,11.3277
128,32,1,128,11.2103
128,32,1,256,14.6453
128,32,1,512,21.5573
128,32,1,1024,35.6587
128,32,1,2048,63.797
128,32,1,4096,120.032
128,32,1,8192,232.277
128,32,1,16384,466.324
128,32,2,16,11.328
128,32,2,32,11.4347
128,32,2,64,11.435
128,32,2,128,11.403
128,32,2,256,14.6233
128,32,2,512,21.5997
128,32,2,1024,35.4883
128,32,2,2048,64.1067
128,32,2,4096,120.331
128,32,2,8192,236.245
128,32,2,16384,475.978
128,32,4,16,16.7677
128,32,4,32,16.8537
128,32,4,64,16.7683
128,32,4,128,17.0557
128,32,4,256,20.5973
128,32,4,512,27.7227
128,32,4,1024,41.7923
128,32,4,2048,70.1973
128,32,4,4096,127.446
128,32,4,8192,241.589
128,32,4,16384,481.93
128,32,8,16,18.0477
128,32,8,32,18.2397
128,32,8,64,18.2077
128,32,8,128,20.2137
128,32,8,256,26.858
128,32,8,512,40.97
128,32,8,1024,69.675
128,32,8,2048,127.627
128,32,8,4096,243.445
128,32,8,8192,481.962
128,32,8,16384,952.596
128,32,16,16,27.04
128,32,16,32,27.1467
128,32,16,64,27.552
128,32,16,128,36.3093
128,32,16,256,49.8777
128,32,16,512,78.4853
128,32,16,1024,135.402
128,32,16,2048,248.554
128,32,16,4096,474.314
128,32,16,8192,943.156
128,32,16,16384,1871.26
128,32,32,16,41.899
128,32,32,32,41.931
128,32,32,64,42.6347
128,32,32,128,61.92
128,32,32,256,86.4637
128,32,32,512,136.106
128,32,32,1024,235.05
128,32,32,2048,431.338
128,32,32,4096,837.866
128,32,32,8192,1653.78
128,32,32,16384,3277.3
128,32,64,16,72.5543
128,32,64,32,72.7467
128,32,64,64,74.1863
128,32,64,128,113.6
128,32,64,256,159.53
128,32,64,512,251.679
128,32,64,1024,434.324
128,32,64,2048,817.45
128,32,64,4096,1708.95
128,32,64,8192,3382.16
128,32,64,16384,6771.3
128,64,0,0,11.328
128,64,1,16,11.2743
128,64,1,32,11.264
128,64,1,64,11.2643
128,64,1,128,11.3177
128,64,1,256,14.5493
128,64,1,512,21.536
128,64,1,1024,35.456
128,64,1,2048,63.8077
128,64,1,4096,120.053
128,64,1,8192,232.373
128,64,1,16384,467.221
128,64,2,16,11.4773
128,64,2,32,11.4347
128,64,2,64,11.52
128,64,2,128,11.5837
128,64,2,256,14.4963
128,64,2,512,21.5577
128,64,2,1024,35.7013
128,64,2,2048,63.8507
128,64,2,4096,120.267
128,64,2,8192,236.17
128,64,2,16384,475.499
128,64,4,16,16.8953
128,64,4,32,16.8963
128,64,4,64,16.928
128,64,4,128,17.3757
128,64,4,256,20.6507
128,64,4,512,27.7977
128,64,4,1024,41.9093
128,64,4,2048,70.4637
128,64,4,4096,127.637
128,64,4,8192,241.642
128,64,4,16384,481.268
128,64,8,16,18.208
128,64,8,32,18.2823
128,64,8,64,18.4327
128,64,8,128,20.3733
128,64,8,256,26.9657
128,64,8,512,41.1413
128,64,8,1024,69.7063
128,64,8,2048,127.552
128,64,8,4096,243.434
128,64,8,8192,482.048
128,64,8,16384,951.934
128,64,16,16,27.1677
128,64,16,32,27.2533
128,64,16,64,27.5093
128,64,16,128,36.481
128,64,16,256,49.9513
128,64,16,512,78.3573
128,64,16,1024,135.211
128,64,16,2048,248.032
128,64,16,4096,474.037
128,64,16,8192,931.21
128,64,16,16384,1861.17
128,64,32,16,41.824
128,64,32,32,41.8023
128,64,32,64,42.6023
128,64,32,128,62.005
128,64,32,256,86.432
128,64,32,512,136.319
128,64,32,1024,235.253
128,64,32,2048,431.914
128,64,32,4096,838.356
128,64,32,8192,1650.78
128,64,32,16384,3279.08
128,64,64,16,72.373
128,64,64,32,73.0987
128,64,64,64,74.154
128,64,64,128,113.878
128,64,64,256,159.552
128,64,64,512,251.765
128,64,64,1024,434.996
128,64,64,2048,819.988
128,64,64,4096,1709.93
128,64,64,8192,3387.98
128,64,64,16384,6782.45
128,128,0,0,12.0857
128,128,1,16,11.531
128,128,1,32,11.5093
128,128,1,64,11.5627
128,128,1,128,11.776
128,128,1,256,14.5287
128,128,1,512,21.3863
128,128,1,1024,35.5203
128,128,1,2048,63.6263
128,128,1,4096,120.011
128,128,1,8192,232.331
128,128,1,16384,465.002
128,128,2,16,11.8187
128,128,2,32,11.7973
128,128,2,64,11.84
128,128,2,128,11.7757
128,128,2,256,14.4643
128,128,2,512,21.6003
128,128,2,1024,35.467
128,128,2,2048,64.032
128,128,2,4096,120.16
128,128,2,8192,236.297
128,128,2,16384,475.487
128,128,4,16,17.003
128,128,4,32,17.1093
128,128,4,64,17.2593
128,128,4,128,20.2773
128,128,4,256,23.9573
128,128,4,512,31.285
128,128,4,1024,45.4933
128,128,4,2048,74.08
128,128,4,4096,131.423
128,128,4,8192,243.658
128,128,4,16384,481.162
128,128,8,16,20.1603
128,128,8,32,20.1917
128,128,8,64,20.171
128,128,8,128,21.4507
128,128,8,256,26.9223
128,128,8,512,41.2797
128,128,8,1024,69.845
128,128,8,2048,127.637
128,128,8,4096,243.562
128,128,8,8192,481.973
128,128,8,16384,953.546
128,128,16,16,27.52
128,128,16,32,27.7647
128,128,16,64,27.9683
128,128,16,128,37.6107
128,128,16,256,50.0687
128,128,16,512,78.6663
128,128,16,1024,135.296
128,128,16,2048,248.213
128,128,16,4096,475.21
128,128,16,8192,942.004
128,128,16,16384,1876.05
128,128,32,16,42.528
128,128,32,32,42.645
128,128,32,64,43.306
128,128,32,128,63.1467
128,128,32,256,86.4533
128,128,32,512,136.715
128,128,32,1024,235.306
128,128,32,2048,432.084
128,128,32,4096,839.114
128,128,32,8192,1652.73
128,128,32,16384,3277.05
128,128,64,16,73.504
128,128,64,32,73.909
128,128,64,64,75.1253
128,128,64,128,115.04
128,128,64,256,159.786
128,128,64,512,251.989
128,128,64,1024,434.485
128,128,64,2048,820.97
128,128,64,4096,1711.44
128,128,64,8192,3382.48
128,128,64,16384,6760.72
128,256,0,0,15.4233
128,256,1,16,14.9333
128,256,1,32,14.976
128,256,1,64,14.9337
128,256,1,128,14.9753
128,256,1,256,15.072
128,256,1,512,21.4717
128,256,1,1024,35.4667
128,256,1,2048,63.6587
128,256,1,4096,120.043
128,256,1,8192,232.256
128,256,1,16384,465.93
128,256,2,16,15.2853
128,256,2,32,15.232
128,256,2,64,15.2213
128,256,2,128,15.2
128,256,2,256,15.3063
128,256,2,512,21.5893
128,256,2,1024,35.6367
128,256,2,2048,64.074
128,256,2,4096,120.128
128,256,2,8192,236.245
128,256,2,16384,474.921
128,256,4,16,20.64
128,256,4,32,20.64
128,256,4,64,20.8103
128,256,4,128,23.989
128,256,4,256,27.4773
128,256,4,512,34.581
128,256,4,1024,48.992
128,256,4,2048,77.429
128,256,4,4096,134.463
128,256,4,8192,247.157
128,256,4,16384,480.01
128,256,8,16,25.419
128,256,8,32,25.44
128,256,8,64,25.5897
128,256,8,128,27.3383
128,256,8,256,28.4907
128,256,8,512,41.3867
128,256,8,1024,69.92
128,256,8,2048,127.68
128,256,8,4096,243.359
128,256,8,8192,481.834
128,256,8,16384,953.087
128,256,16,16,31.68
128,256,16,32,31.8933
128,256,16,64,32.1177
128,256,16,128,41.1843
128,256,16,256,51.8717
128,256,16,512,78.7833
128,256,16,1024,135.455
128,256,16,2048,248.181
128,256,16,4096,474.783
128,256,16,8192,941.353
128,256,16,16384,1861.12
128,256,32,16,47.0927
128,256,32,32,47.3383
128,256,32,64,47.6907
128,256,32,128,67.2643
128,256,32,256,88.7247
128,256,32,512,136.703
128,256,32,1024,235.498
128,256,32,2048,432.052
128,256,32,4096,839.124
128,256,32,8192,1652.95
128,256,32,16384,3276.51
128,256,64,16,78.378
128,256,64,32,78.741
128,256,64,64,80.1917
128,256,64,128,119.499
128,256,64,256,162.165
128,256,64,512,252.223
128,256,64,1024,435.093
128,256,64,2048,818.836
128,256,64,4096,1710.23
128,256,64,8192,3380.16
128,256,64,16384,6768.83
128,512,0,0,22.3787
128,512,1,16,21.909
128,512,1,32,21.877
128,512,1,64,21.8883
128,512,1,128,22.1123
128,512,1,256,22.0477
128,512,1,512,22.1647
128,512,1,1024,35.584
128,512,1,2048,63.648
128,512,1,4096,119.861
128,512,1,8192,232.319
128,512,1,16384,464.693
128,512,2,16,22.2183
128,512,2,32,22.2077
128,512,2,64,22.2283
128,512,2,128,22.219
128,512,2,256,22.3147
128,512,2,512,22.4317
128,512,2,1024,35.4873
128,512,2,2048,64.0647
128,512,2,4096,120.255
128,512,2,8192,235.647
128,512,2,16384,473.332
128,512,4,16,27.552
128,512,4,32,27.7443
128,512,4,64,27.7867
128,512,4,128,30.784
128,512,4,256,34.4317
128,512,4,512,41.4827
128,512,4,1024,55.9997
128,512,4,2048,85.0127
128,512,4,4096,141.824
128,512,4,8192,254.282
128,512,4,16384,479.914
128,512,8,16,32.3733
128,512,8,32,32.4373
128,512,8,64,32.6717
128,512,8,128,39.0613
128,512,8,256,41.1627
128,512,8,512,42.5813
128,512,8,1024,70.1337
128,512,8,2048,127.605
128,512,8,4096,243.606
128,512,8,8192,481.002
128,512,8,16384,953.908
128,512,16,16,39.6593
128,512,16,32,39.808
128,512,16,64,40.1067
128,512,16,128,49.2257
128,512,16,256,59.4777
128,512,16,512,80.6827
128,512,16,1024,136.384
128,512,16,2048,248.714
128,512,16,4096,473.599
128,512,16,8192,942.42
128,512,16,16384,1871.49
128,512,32,16,56.6723
128,512,32,32,56.9923
128,512,32,64,57.067
128,512,32,128,75.9043
128,512,32,256,96.3203
128,512,32,512,139.158
128,512,32,1024,236.053
128,512,32,2048,432.085
128,512,32,4096,836.426
128,512,32,8192,1657.25
128,512,32,16384,3278.24
128,512,64,16,87.5307
128,512,64,32,88.2347
128,512,64,64,89.5143
128,512,64,128,128.363
128,512,64,256,169.941
128,512,64,512,254.827
128,512,64,1024,435.882
128,512,64,2048,816.49
128,512,64,4096,1708.87
128,512,64,8192,3385.25
128,512,64,16384,6767.44
128,1024,0,0,36.2557
128,1024,1,16,35.904
128,1024,1,32,36.0107
128,1024,1,64,35.9353
128,1024,1,128,36.1913
128,1024,1,256,36.0743
128,1024,1,512,36.234
128,1024,1,1024,36.2877
128,1024,1,2048,63.6487
128,1024,1,4096,119.851
128,1024,1,8192,232.331
128,1024,1,16384,463.562
128,1024,2,16,36.3517
128,1024,2,32,36.384
128,1024,2,64,36.3517
128,1024,2,128,36.405
128,1024,2,256,36.4583
128,1024,2,512,36.437
128,1024,2,1024,36.576
128,1024,2,2048,64.267
128,1024,2,4096,120.639
128,1024,2,8192,234.347
128,1024,2,16384,475.252
128,1024,4,16,41.579
128,1024,4,32,41.6747
128,1024,4,64,41.7383
128,1024,4,128,45.2587
128,1024,4,256,48.7997
128,1024,4,512,55.7653
128,1024,4,1024,69.9193
128,1024,4,2048,99.1893
128,1024,4,4096,156.149
128,1024,4,8192,269.087
128,1024,4,16384,495.359
128,1024,8,16,46.4
128,1024,8,32,46.3143
128,1024,8,64,46.6343
128,1024,8,128,53.1517
128,1024,8,256,60.3517
128,1024,8,512,69.408
128,1024,8,1024,71.552
128,1024,8,2048,128.223
128,1024,8,4096,243.701
128,1024,8,8192,481.46
128,1024,8,16384,953.363
128,1024,16,16,53.7273
128,1024,16,32,53.888
128,1024,16,64,54.2397
128,1024,16,128,64.267
128,1024,16,256,74.357
128,1024,16,512,95.5617
128,1024,16,1024,138.271
128,1024,16,2048,249.781
128,1024,16,4096,474.645
128,1024,16,8192,936.831
128,1024,16,16384,1874.96
128,1024,32,16,72.32
128,1024,32,32,72.6717
128,1024,32,64,73.5033
128,1024,32,128,95.9787
128,1024,32,256,112.906
128,1024,32,512,153.813
128,1024,32,1024,238.89
128,1024,32,2048,432.778
128,1024,32,4096,836.148
128,1024,32,8192,1655.45
128,1024,32,16384,3280.02
128,1024,64,16,105.333
128,1024,64,32,105.781
128,1024,64,64,107.178
128,1024,64,128,147.296
128,1024,64,256,191.605
128,1024,64,512,269.802
128,1024,64,1024,438.196
128,1024,64,2048,812.852
128,1024,64,4096,1719.13
128,1024,64,8192,3396.17
128,1024,64,16384,6784.46
128,2048,0,0,64.4797
128,2048,1,16,64.267
128,2048,1,32,64.1813
128,2048,1,64,64.2877
128,2048,1,128,64.2453
128,2048,1,256,64.2453
128,2048,1,512,64.256
128,2048,1,1024,64.4687
128,2048,1,2048,64.4263
128,2048,1,4096,120.544
128,2048,1,8192,232.661
128,2048,1,16384,468.927
128,2048,2,16,64.6293
128,2048,2,32,64.4587
128,2048,2,64,64.49
128,2048,2,128,64.662
128,2048,2,256,64.725
128,2048,2,512,64.7997
128,2048,2,1024,64.96
128,2048,2,2048,65.1413
128,2048,2,4096,121.098
128,2048,2,8192,238.901
128,2048,2,16384,477.29
128,2048,4,16,69.5893
128,2048,4,32,69.717
128,2048,4,64,69.5787
128,2048,4,128,73.014
128,2048,4,256,76.607
128,2048,4,512,83.9143
128,2048,4,1024,98.218
128,2048,4,2048,126.965
128,2048,4,4096,185.034
128,2048,4,8192,297.343
128,2048,4,16384,524.479
128,2048,8,16,74.1763
128,2048,8,32,74.123
128,2048,8,64,74.666
128,2048,8,128,81.0767
128,2048,8,256,88.4477
128,2048,8,512,102.751
128,2048,8,1024,125.706
128,2048,8,2048,129.216
128,2048,8,4096,243.808
128,2048,8,8192,479.572
128,2048,8,16384,955.891
128,2048,16,16,82.069
128,2048,16,32,82.0587
128,2048,16,64,82.2507
128,2048,16,128,92.8
128,2048,16,256,103.659
128,2048,16,512,125.643
128,2048,16,1024,167.168
128,2048,16,2048,251.999
128,2048,16,4096,475.573
128,2048,16,8192,939.699
128,2048,16,16384,1861.62
128,2048,32,16,100.725
128,2048,32,32,101.013
128,2048,32,64,101.674
128,2048,32,128,125.717
128,2048,32,256,150.464
128,2048,32,512,186.293
128,2048,32,1024,267.53
128,2048,32,2048,435.978
128,2048,32,4096,832.799
128,2048,32,8192,1657.09
128,2048,32,16384,3290.44
128,2048,64,16,137.579
128,2048,64,32,139.178
128,2048,64,64,140.223
128,2048,64,128,182.965
128,2048,64,256,224.117
128,2048,64,512,313.77
128,2048,64,1024,468.245
128,2048,64,2048,818.697
128,2048,64,4096,1714.81
128,2048,64,8192,3528.62
128,2048,64,16384,7069.37
128,4096,0,0,120.896
128,4096,1,16,120.427
128,4096,1,32,120.32
128,4096,1,64,120.224
128,4096,1,128,120.447
128,4096,1,256,120.543
128,4096,1,512,120.331
128,4096,1,1024,120.33
128,4096,1,2048,120.436
128,4096,1,4096,120.853
128,4096,1,8192,235.21
128,4096,1,16384,474.047
128,4096,2,16,120.543
128,4096,2,32,120.586
128,4096,2,64,120.564
128,4096,2,128,120.703
128,4096,2,256,120.704
128,4096,2,512,120.757
128,4096,2,1024,120.842
128,4096,2,2048,121.355
128,4096,2,4096,121.909
128,4096,2,8192,241.279
128,4096,2,16384,481.023
128,4096,4,16,125.579
128,4096,4,32,125.749
128,4096,4,64,125.865
128,4096,4,128,129.003
128,4096,4,256,132.545
128,4096,4,512,139.69
128,4096,4,1024,153.877
128,4096,4,2048,183.028
128,4096,4,4096,242.431
128,4096,4,8192,355.125
128,4096,4,16384,579.978
128,4096,8,16,130.208
128,4096,8,32,130.389
128,4096,8,64,130.422
128,4096,8,128,136.981
128,4096,8,256,143.85
128,4096,8,512,158.453
128,4096,8,1024,186.89
128,4096,8,2048,241.845
128,4096,8,4096,244.906
128,4096,8,8192,475.433
128,4096,8,16384,953.491
128,4096,16,16,137.727
128,4096,16,32,137.802
128,4096,16,64,138.047
128,4096,16,128,148.479
128,4096,16,256,159.936
128,4096,16,512,181.876
128,4096,16,1024,225.152
128,4096,16,2048,308.553
128,4096,16,4096,481.972
128,4096,16,8192,940.351
128,4096,16,16384,1876.77
128,4096,32,16,156.48
128,4096,32,32,156.608
128,4096,32,64,157.664
128,4096,32,128,181.247
128,4096,32,256,206.73
128,4096,32,512,256.874
128,4096,32,1024,340.362
128,4096,32,2048,492.725
128,4096,32,4096,848.98
128,4096,32,8192,1672.89
128,4096,32,16384,3404.25
128,4096,64,16,195.359
128,4096,64,32,195.796
128,4096,64,64,197.301
128,4096,64,128,247.691
128,4096,64,256,292.042
128,4096,64,512,375.199
128,4096,64,1024,554.132
128,4096,64,2048,881.108
128,4096,64,4096,1693.5
128,4096,64,8192,3498.87
128,4096,64,16384,7567.44
128,8192,0,0,233.226
128,8192,1,16,232.586
128,8192,1,32,232.703
128,8192,1,64,232.404
128,8192,1,128,232.735
128,8192,1,256,232.416
128,8192,1,512,232.682
128,8192,1,1024,232.756
128,8192,1,2048,233.205
128,8192,1,4096,235.434
128,8192,1,8192,237.695
128,8192,1,16384,478.622
128,8192,2,16,232.821
128,8192,2,32,232.671
128,8192,2,64,232.682
128,8192,2,128,232.971
128,8192,2,256,232.906
128,8192,2,512,232.778
128,8192,2,1024,233.013
128,8192,2,2048,236.095
128,8192,2,4096,241.621
128,8192,2,8192,241.856
128,8192,2,16384,481.972
128,8192,4,16,238.037
128,8192,4,32,237.995
128,8192,4,64,238.367
128,8192,4,128,241.108
128,8192,4,256,244.48
128,8192,4,512,251.712
128,8192,4,1024,266.154
128,8192,4,2048,295.956
128,8192,4,4096,353.802
128,8192,4,8192,478.24
128,8192,4,16384,718.25
128,8192,8,16,241.856
128,8192,8,32,241.867
128,8192,8,64,242.401
128,8192,8,128,248.447
128,8192,8,256,256.255
128,8192,8,512,270.271
128,8192,8,1024,299.561
128,8192,8,2048,355.829
128,8192,8,4096,470.655
128,8192,8,8192,485.492
128,8192,8,16384,951.369
128,8192,16,16,250.037
128,8192,16,32,249.93
128,8192,16,64,250.623
128,8192,16,128,261.439
128,8192,16,256,272.107
128,8192,16,512,293.749
128,8192,16,1024,337.301
128,8192,16,2048,423.284
128,8192,16,4096,595.518
128,8192,16,8192,953.652
128,8192,16,16384,1875.11
128,8192,32,16,268.426
128,8192,32,32,268.308
128,8192,32,64,269.29
128,8192,32,128,293.247
128,8192,32,256,319.53
128,8192,32,512,368.906
128,8192,32,1024,468.265
128,8192,32,2048,655.017
128,8192,32,4096,960.703
128,8192,32,8192,1670.58
128,8192,32,16384,3368.24
128,8192,64,16,307.039
128,8192,64,32,308.032
128,8192,64,64,309.77
128,8192,64,128,360.192
128,8192,64,256,413.61
128,8192,64,512,506.058
128,8192,64,1024,698.068
128,8192,64,2048,1050.13
128,8192,64,4096,1823.25
128,8192,64,8192,3338.9
128,8192,64,16384,7564.54
128,16384,0,0,469.364
128,16384,1,16,466.506
128,16384,1,32,466.26
128,16384,1,64,465.94
128,16384,1,128,466.207
128,16384,1,256,465.812
128,16384,1,512,466.155
128,16384,1,1024,466.122
128,16384,1,2048,469.696
128,16384,1,4096,470.996
128,16384,1,8192,474.579
128,16384,1,16384,477.866
128,16384,2,16,467.209
128,16384,2,32,467.827
128,16384,2,64,467.37
128,16384,2,128,467.21
128,16384,2,256,467.764
128,16384,2,512,467.285
128,16384,2,1024,471.028
128,16384,2,2048,475.06
128,16384,2,4096,481.429
128,16384,2,8192,480.704
128,16384,2,16384,481.268
128,16384,4,16,464.948
128,16384,4,32,465.791
128,16384,4,64,464.427
128,16384,4,128,465.812
128,16384,4,256,468.544
128,16384,4,512,475.753
128,16384,4,1024,490.505
128,16384,4,2048,519.231
128,16384,4,4096,578.613
128,16384,4,8192,703.294
128,16384,4,16384,953.693
128,16384,8,16,466.591
128,16384,8,32,466.399
128,16384,8,64,468.095
128,16384,8,128,473.385
128,16384,8,256,481.204
128,16384,8,512,495.253
128,16384,8,1024,523.573
128,16384,8,2048,580.575
128,16384,8,4096,693.662
128,16384,8,8192,927.486
128,16384,8,16384,957.524
128,16384,16,16,474.431
128,16384,16,32,474.997
128,16384,16,64,474.73
128,16384,16,128,483.966
128,16384,16,256,495.999
128,16384,16,512,517.866
128,16384,16,1024,560.874
128,16384,16,2048,648.084
128,16384,16,4096,821.919
128,16384,16,8192,1177.68
128,16384,16,16384,1885.46
128,16384,32,16,492.179
128,16384,32,32,492.223
128,16384,32,64,493.482
128,16384,32,128,516.745
128,16384,32,256,544.18
128,16384,32,512,593.226
128,16384,32,1024,694.761
128,16384,32,2048,891.21
128,16384,32,4096,1295.19
128,16384,32,8192,1887.19
128,16384,32,16384,3306.69
128,16384,64,16,531.551
128,16384,64,32,533.289
128,16384,64,64,532.884
128,16384,64,128,584.372
128,16384,64,256,638.708
128,16384,64,512,744.232
128,16384,64,1024,955.507
128,16384,64,2048,1340.37
128,16384,64,4096,2169.91
128,16384,64,8192,3602.85
128,16384,64,16384,6690.28
256,0,0,0,12.0637
256,0,1,16,12.5653
256,0,1,32,12.661
256,0,1,64,12.7787
256,0,1,128,12.661
256,0,1,256,15.5417
256,0,1,512,22.368
256,0,1,1024,36.1273
256,0,1,2048,64.3413
256,0,1,4096,120.469
256,0,1,8192,232.586
256,0,1,16384,469.546
256,0,2,16,17.2797
256,0,2,32,17.28
256,0,2,64,17.301
256,0,2,128,17.4293
256,0,2,256,20.4057
256,0,2,512,27.328
256,0,2,1024,41.557
256,0,2,2048,69.3863
256,0,2,4096,125.877
256,0,2,8192,238.112
256,0,2,16384,478.025
256,0,4,16,18.0907
256,0,4,32,17.9413
256,0,4,64,18.0797
256,0,4,128,20.373
256,0,4,256,25.4617
256,0,4,512,32.352
256,0,4,1024,46.7517
256,0,4,2048,75.52
256,0,4,4096,132.405
256,0,4,8192,244.981
256,0,4,16384,480.831
256,0,8,16,23.0503
256,0,8,32,23.125
256,0,8,64,23.285
256,0,8,128,27.829
256,0,8,256,33.6207
256,0,8,512,47.3813
256,0,8,1024,75.9247
256,0,8,2048,133.322
256,0,8,4096,247.829
256,0,8,8192,483.061
256,0,8,16384,955.965
256,0,16,16,31.8077
256,0,16,32,31.9463
256,0,16,64,31.9893
256,0,16,128,39.8933
256,0,16,256,52.5227
256,0,16,512,80.192
256,0,16,1024,136.799
256,0,16,2048,249.429
256,0,16,4096,477.332
256,0,16,8192,945.385
256,0,16,16384,1853.36
256,0,32,16,48.651
256,0,32,32,48.725
256,0,32,64,49.28
256,0,32,128,67.7973
256,0,32,256,90.9433
256,0,32,512,140.245
256,0,32,1024,238.186
256,0,32,2048,434.996
256,0,32,4096,844.596
256,0,32,8192,1657.82
256,0,32,16384,3288.76
256,0,64,16,82.4313
256,0,64,32,82.7303
256,0,64,64,84.0957
256,0,64,128,123.477
256,0,64,256,168.149
256,0,64,512,259.253
256,0,64,1024,440.522
256,0,64,2048,826.516
256,0,64,4096,1721.17
256,0,64,8192,3395.68
256,0,64,16384,6768.72
256,16,0,0,15.232
256,16,1,16,15.6267
256,16,1,32,15.6373
256,16,1,64,15.6907
256,16,1,128,15.659
256,16,1,256,15.6163
256,16,1,512,22.304
256,16,1,1024,36.256
256,16,1,2048,64.2457
256,16,1,4096,120.683
256,16,1,8192,232.864
256,16,1,16384,468.894
256,16,2,16,20.608
256,16,2,32,20.5867
256,16,2,64,20.6617
256,16,2,128,21.045
256,16,2,256,21.1093
256,16,2,512,27.808
256,16,2,1024,41.781
256,16,2,2048,69.824
256,16,2,4096,125.931
256,16,2,8192,238.932
256,16,2,16384,477.088
256,16,4,16,21.3547
256,16,4,32,21.4507
256,16,4,64,21.589
256,16,4,128,23.936
256,16,4,256,26.7623
256,16,4,512,34.9333
256,16,4,1024,49.2803
256,16,4,2048,77.856
256,16,4,4096,135.029
256,16,4,8192,247.519
256,16,4,16384,481.972
256,16,8,16,26.6133
256,16,8,32,26.528
256,16,8,64,26.613
256,16,8,128,31.9467
256,16,8,256,36.2347
256,16,8,512,49.4397
256,16,8,1024,77.312
256,16,8,2048,134.101
256,16,8,4096,248.991
256,16,8,8192,483.295
256,16,8,16384,955.337
256,16,16,16,35.52
256,16,16,32,35.8933
256,16,16,64,36.1807
256,16,16,128,44.096
256,16,16,256,53.2583
256,16,16,512,80.6613
256,16,16,1024,137.195
256,16,16,2048,250.048
256,16,16,4096,477.301
256,16,16,8192,939.466
256,16,16,16384,1874.71
256,16,32,16,52.6397
256,16,32,32,53.0347
256,16,32,64,53.5463
256,16,32,128,72.0957
256,16,32,256,92.2877
256,16,32,512,140.661
256,16,32,1024,238.602
256,16,32,2048,434.612
256,16,32,4096,842.932
256,16,32,8192,1658.89
256,16,32,16384,3293.99
256,16,64,16,86.709
256,16,64,32,87.4663
256,16,64,64,88.6293
256,16,64,128,128.202
256,16,64,256,169.717
256,16,64,512,259.573
256,16,64,1024,441.343
256,16,64,2048,823.807
256,16,64,4096,1718.58
256,16,64,8192,3394.6
256,16,64,16384,6767.18
256,32,0,0,15.3057
256,32,1,16,15.6693
256,32,1,32,15.712
256,32,1,64,15.702
256,32,1,128,15.6913
256,32,1,256,15.691
256,32,1,512,22.2507
256,32,1,1024,36.2453
256,32,1,2048,64.3513
256,32,1,4096,120.577
256,32,1,8192,232.277
256,32,1,16384,468.362
256,32,2,16,20.6083
256,32,2,32,20.7147
256,32,2,64,20.693
256,32,2,128,21.12
256,32,2,256,21.1203
256,32,2,512,27.9243
256,32,2,1024,41.7063
256,32,2,2048,69.813
256,32,2,4096,125.962
256,32,2,8192,238.602
256,32,2,16384,476.831
256,32,4,16,21.419
256,32,4,32,21.504
256,32,4,64,21.568
256,32,4,128,23.8933
256,32,4,256,26.6667
256,32,4,512,35.0617
256,32,4,1024,49.28
256,32,4,2048,77.9203
256,32,4,4096,135.007
256,32,4,8192,247.306
256,32,4,16384,480.724
256,32,8,16,26.3997
256,32,8,32,26.5817
256,32,8,64,26.5707
256,32,8,128,32.0427
256,32,8,256,36.0853
256,32,8,512,49.4183
256,32,8,1024,77.483
256,32,8,2048,134.015
256,32,8,4096,249.259
256,32,8,8192,482.484
256,32,8,16384,954.515
256,32,16,16,35.8513
256,32,16,32,35.9247
256,32,16,64,36.2663
256,32,16,128,44.2447
256,32,16,256,53.269
256,32,16,512,80.6077
256,32,16,1024,137.205
256,32,16,2048,249.749
256,32,16,4096,477.086
256,32,16,8192,943.934
256,32,16,16384,1851.13
256,32,32,16,52.693
256,32,32,32,52.9917
256,32,32,64,53.3337
256,32,32,128,72.0423
256,32,32,256,92.1383
256,32,32,512,140.885
256,32,32,1024,238.549
256,32,32,2048,435.21
256,32,32,4096,844.339
256,32,32,8192,1657.44
256,32,32,16384,3285.53
256,32,64,16,86.6987
256,32,64,32,87.189
256,32,64,64,88.5547
256,32,64,128,127.893
256,32,64,256,169.333
256,32,64,512,259.658
256,32,64,1024,441.93
256,32,64,2048,824.979
256,32,64,4096,1720.62
256,32,64,8192,3397.23
256,32,64,16384,6770.69
256,64,0,0,15.4347
256,64,1,16,15.7973
256,64,1,32,15.7443
256,64,1,64,15.862
256,64,1,128,15.9043
256,64,1,256,15.7863
256,64,1,512,22.4853
256,64,1,1024,36.4053
256,64,1,2048,64.17
256,64,1,4096,120.266
256,64,1,8192,232.661
256,64,1,16384,469.758
256,64,2,16,20.7353
256,64,2,32,20.7257
256,64,2,64,20.704
256,64,2,128,21.1303
256,64,2,256,21.1093
256,64,2,512,27.733
256,64,2,1024,41.792
256,64,2,2048,69.834
256,64,2,4096,125.994
256,64,2,8192,238.474
256,64,2,16384,476.49
256,64,4,16,21.4083
256,64,4,32,21.4937
256,64,4,64,21.579
256,64,4,128,23.9467
256,64,4,256,26.773
256,64,4,512,34.9443
256,64,4,1024,49.12
256,64,4,2048,77.802
256,64,4,4096,135.252
256,64,4,8192,247.445
256,64,4,16384,480.223
256,64,8,16,26.7203
256,64,8,32,26.816
256,64,8,64,26.88
256,64,8,128,32.0853
256,64,8,256,36.16
256,64,8,512,49.3017
256,64,8,1024,77.3443
256,64,8,2048,134.208
256,64,8,4096,249.215
256,64,8,8192,482.335
256,64,8,16384,955.284
256,64,16,16,35.5947
256,64,16,32,35.968
256,64,16,64,36.288
256,64,16,128,44.1387
256,64,16,256,53.2373
256,64,16,512,80.629
256,64,16,1024,137.152
256,64,16,2048,249.216
256,64,16,4096,476.415
256,64,16,8192,938.974
256,64,16,16384,1872.54
256,64,32,16,52.9387
256,64,32,32,53.2697
256,64,32,64,53.6853
256,64,32,128,72.255
256,64,32,256,92.1913
256,64,32,512,140.629
256,64,32,1024,238.325
256,64,32,2048,434.89
256,64,32,4096,841.235
256,64,32,8192,1657.51
256,64,32,16384,3289.08
256,64,64,16,86.859
256,64,64,32,87.5307
256,64,64,64,88.554
256,64,64,128,128.352
256,64,64,256,169.364
256,64,64,512,259.509
256,64,64,1024,441.642
256,64,64,2048,824.553
256,64,64,4096,1717.3
256,64,64,8192,3394.54
256,64,64,16384,6764.44
256,128,0,0,15.4987
256,128,1,16,16.096
256,128,1,32,16.096
256,128,1,64,16.224
256,128,1,128,16.0747
256,128,1,256,15.968
256,128,1,512,22.432
256,128,1,1024,36.3947
256,128,1,2048,64.2773
256,128,1,4096,120.629
256,128,1,8192,232.81
256,128,1,16384,467.252
256,128,2,16,21.0023
256,128,2,32,20.8313
256,128,2,64,21.077
256,128,2,128,24.213
256,128,2,256,24.4797
256,128,2,512,31.029
256,128,2,1024,44.992
256,128,2,2048,72.9917
256,128,2,4096,129.173
256,128,2,8192,241.664
256,128,2,16384,477.311
256,128,4,16,22.9973
256,128,4,32,23.0723
256,128,4,64,23.0937
256,128,4,128,24.8533
256,128,4,256,27.4773
256,128,4,512,36.1067
256,128,4,1024,50.518
256,128,4,2048,79.2747
256,128,4,4096,135.979
256,128,4,8192,248.33
256,128,4,16384,480.073
256,128,8,16,27.7867
256,128,8,32,27.7333
256,128,8,64,27.9467
256,128,8,128,33.3873
256,128,8,256,38.6133
256,128,8,512,51.2643
256,128,8,1024,79.7117
256,128,8,2048,136.757
256,128,8,4096,252.149
256,128,8,8192,482.324
256,128,8,16384,954.633
256,128,16,16,37.0553
256,128,16,32,37.0883
256,128,16,64,37.4613
256,128,16,128,46.037
256,128,16,256,54.304
256,128,16,512,81.2163
256,128,16,1024,137.61
256,128,16,2048,250.111
256,128,16,4096,476.575
256,128,16,8192,944.702
256,128,16,16384,1875.09
256,128,32,16,54.3783
256,128,32,32,54.6663
256,128,32,64,55.2
256,128,32,128,74.5383
256,128,32,256,93.322
256,128,32,512,141.269
256,128,32,1024,239.284
256,128,32,2048,434.996
256,128,32,4096,843.187
256,128,32,8192,1657.81
256,128,32,16384,3281.88
256,128,64,16,88.4693
256,128,64,32,89.1197
256,128,64,64,90.0907
256,128,64,128,130.09
256,128,64,256,171.189
256,128,64,512,260.607
256,128,64,1024,441.45
256,128,64,2048,825.098
256,128,64,4096,1718.74
256,128,64,8192,3389.32
256,128,64,16384,6771.05
256,256,0,0,19.029
256,256,1,16,19.5303
256,256,1,32,19.509
256,256,1,64,19.6057
256,256,1,128,19.509
256,256,1,256,19.541
256,256,1,512,22.4963
256,256,1,1024,36.4587
256,256,1,2048,64.4477
256,256,1,4096,120.597
256,256,1,8192,232.5
256,256,1,16384,470.452
256,256,2,16,24.554
256,256,2,32,24.5017
256,256,2,64,24.619
256,256,2,128,27.712
256,256,2,256,31.1463
256,256,2,512,34.741
256,256,2,1024,48.7573
256,256,2,2048,76.8637
256,256,2,4096,133.13
256,256,2,8192,245.588
256,256,2,16384,475.711
256,256,4,16,26.486
256,256,4,32,26.56
256,256,4,64,26.6883
256,256,4,128,29.8453
256,256,4,256,31.7443
256,256,4,512,39.6803
256,256,4,1024,53.9517
256,256,4,2048,82.6663
256,256,4,4096,140.32
256,256,4,8192,252.682
256,256,4,16384,479.486
256,256,8,16,33.12
256,256,8,32,32.7893
256,256,8,64,32.9487
256,256,8,128,37.2797
256,256,8,256,43.978
256,256,8,512,55.1463
256,256,8,1024,83.647
256,256,8,2048,140.81
256,256,8,4096,255.253
256,256,8,8192,481.898
256,256,8,16384,953.972
256,256,16,16,42.122
256,256,16,32,42.101
256,256,16,64,42.3787
256,256,16,128,52.8207
256,256,16,256,60.459
256,256,16,512,81.3653
256,256,16,1024,138.091
256,256,16,2048,249.535
256,256,16,4096,474.74
256,256,16,8192,943.347
256,256,16,16384,1875.94
256,256,32,16,59.8297
256,256,32,32,60.1063
256,256,32,64,60.864
256,256,32,128,80.2987
256,256,32,256,99.808
256,256,32,512,142.133
256,256,32,1024,240.032
256,256,32,2048,434.772
256,256,32,4096,842.516
256,256,32,8192,1656.69
256,256,32,16384,3276.44
256,256,64,16,94.2293
256,256,64,32,94.709
256,256,64,64,95.9997
256,256,64,128,136.17
256,256,64,256,177.706
256,256,64,512,261.652
256,256,64,1024,443.114
256,256,64,2048,820.692
256,256,64,4096,1722.33
256,256,64,8192,3392.57
256,256,64,16384,6773.15
256,512,0,0,26.144
256,512,1,16,26.6127
256,512,1,32,26.72
256,512,1,64,26.741
256,512,1,128,26.5387
256,512,1,256,26.56
256,512,1,512,26.7517
256,512,1,1024,36.608
256,512,1,2048,64.7463
256,512,1,4096,120.555
256,512,1,8192,233.183
256,512,1,16384,468.159
256,512,2,16,31.456
256,512,2,32,31.4877
256,512,2,64,31.6587
256,512,2,128,34.9433
256,512,2,256,38.5173
256,512,2,512,45.2797
256,512,2,1024,55.8507
256,512,2,2048,84.2663
256,512,2,4096,140.437
256,512,2,8192,252.767
256,512,2,16384,477.812
256,512,4,16,33.5577
256,512,4,32,33.568
256,512,4,64,33.717
256,512,4,128,37.152
256,512,4,256,40.693
256,512,4,512,46.2187
256,512,4,1024,61.343
256,512,4,2048,90.325
256,512,4,4096,147.189
256,512,4,8192,259.978
256,512,4,16384,485.642
256,512,8,16,42.4213
256,512,8,32,42.442
256,512,8,64,42.7203
256,512,8,128,46.6987
256,512,8,256,51.6903
256,512,8,512,65.5573
256,512,8,1024,91.2317
256,512,8,2048,148.266
256,512,8,4096,262.378
256,512,8,8192,488.66
256,512,8,16384,955.081
256,512,16,16,52.0107
256,512,16,32,52.543
256,512,16,64,52.7997
256,512,16,128,63.018
256,512,16,256,74.4527
256,512,16,512,89.6747
256,512,16,1024,139.114
256,512,16,2048,251.689
256,512,16,4096,475.54
256,512,16,8192,944.691
256,512,16,16384,1867.62
256,512,32,16,70.421
256,512,32,32,70.8367
256,512,32,64,70.8267
256,512,32,128,91.2853
256,512,32,256,112.959
256,512,32,512,150.283
256,512,32,1024,241.812
256,512,32,2048,436.138
256,512,32,4096,841.14
256,512,32,8192,1661.87
256,512,32,16384,3287.35
256,512,64,16,105.525
256,512,64,32,106.325
256,512,64,64,107.413
256,512,64,128,147.637
256,512,64,256,190.026
256,512,64,512,271.007
256,512,64,1024,444.553
256,512,64,2048,818.303
256,512,64,4096,1724.84
256,512,64,8192,3393.4
256,512,64,16384,6781.03
256,1024,0,0,40.6607
256,1024,1,16,40.8107
256,1024,1,32,40.7677
256,1024,1,64,40.7893
256,1024,1,128,40.7787
256,1024,1,256,40.821
256,1024,1,512,40.8107
256,1024,1,1024,40.8423
256,1024,1,2048,65.3117
256,1024,1,4096,121.386
256,1024,1,8192,233.503
256,1024,1,16384,467.785
256,1024,2,16,45.7817
256,1024,2,32,45.8453
256,1024,2,64,46.005
256,1024,2,128,49.1943
256,1024,2,256,52.8957
256,1024,2,512,59.9787
256,1024,2,1024,73.9947
256,1024,2,2048,98.7727
256,1024,2,4096,155.178
256,1024,2,8192,267.689
256,1024,2,16384,492.575
256,1024,4,16,47.9567
256,1024,4,32,47.691
256,1024,4,64,48
256,1024,4,128,51.3603
256,1024,4,256,55.1033
256,1024,4,512,62.389
256,1024,4,1024,74.7513
256,1024,4,2048,104.736
256,1024,4,4096,161.931
256,1024,4,8192,274.687
256,1024,4,16384,499.903
256,1024,8,16,56.3733
256,1024,8,32,56.629
256,1024,8,64,56.7577
256,1024,8,128,67.1037
256,1024,8,256,74.5067
256,1024,8,512,80.2663
256,1024,8,1024,108.671
256,1024,8,2048,162.965
256,1024,8,4096,276.426
256,1024,8,8192,502.675
256,1024,8,16384,952.733
256,1024,16,16,71.786
256,1024,16,32,72.085
256,1024,16,64,72.32
256,1024,16,128,84.6073
256,1024,16,256,92.885
256,1024,16,512,118.005
256,1024,16,1024,146.762
256,1024,16,2048,253.579
256,1024,16,4096,476.639
256,1024,16,8192,943.444
256,1024,16,16384,1877.61
256,1024,32,16,91.541
256,1024,32,32,91.8717
256,1024,32,64,92.1807
256,1024,32,128,113.044
256,1024,32,256,135.21
256,1024,32,512,177.482
256,1024,32,1024,249.813
256,1024,32,2048,439.519
256,1024,32,4096,838.942
256,1024,32,8192,1658.23
256,1024,32,16384,3282.91
256,1024,64,16,127.21
256,1024,64,32,127.691
256,1024,64,64,129.13
256,1024,64,128,170.155
256,1024,64,256,213.12
256,1024,64,512,296.863
256,1024,64,1024,454.655
256,1024,64,2048,818.655
256,1024,64,4096,1736.9
256,1024,64,8192,3423.55
256,1024,64,16384,6809.42
256,2048,0,0,69.0877
256,2048,1,16,69.3543
256,2048,1,32,69.4717
256,2048,1,64,69.4607
256,2048,1,128,69.5467
256,2048,1,256,69.4077
256,2048,1,512,69.536
256,2048,1,1024,69.6957
256,2048,1,2048,69.9407
256,2048,1,4096,122.795
256,2048,1,8192,235.21
256,2048,1,16384,474.292
256,2048,2,16,74.3783
256,2048,2,32,74.335
256,2048,2,64,74.507
256,2048,2,128,77.919
256,2048,2,256,81.7273
256,2048,2,512,88.4907
256,2048,2,1024,103.211
256,2048,2,2048,131.061
256,2048,2,4096,184.352
256,2048,2,8192,297.108
256,2048,2,16384,520.969
256,2048,4,16,76.341
256,2048,4,32,76.33
256,2048,4,64,76.533
256,2048,4,128,80.0533
256,2048,4,256,83.9143
256,2048,4,512,91.1997
256,2048,4,1024,105.856
256,2048,4,2048,132.757
256,2048,4,4096,191.199
256,2048,4,8192,303.775
256,2048,4,16384,529.972
256,2048,8,16,85.109
256,2048,8,32,85.269
256,2048,8,64,85.6423
256,2048,8,128,95.5303
256,2048,8,256,106.41
256,2048,8,512,127.606
256,2048,8,1024,137.973
256,2048,8,2048,194.474
256,2048,8,4096,305.876
256,2048,8,8192,530.399
256,2048,8,16384,982.697
256,2048,16,16,100.415
256,2048,16,32,100.394
256,2048,16,64,101.471
256,2048,16,128,121.472
256,2048,16,256,134.538
256,2048,16,512,153.354
256,2048,16,1024,203.178
256,2048,16,2048,259.988
256,2048,16,4096,481.364
256,2048,16,8192,937.726
256,2048,16,16384,1862.09
256,2048,32,16,130.303
256,2048,32,32,130.357
256,2048,32,64,131.572
256,2048,32,128,154.24
256,2048,32,256,176.416
256,2048,32,512,219.423
256,2048,32,1024,305.482
256,2048,32,2048,446.942
256,2048,32,4096,838.099
256,2048,32,8192,1674.07
256,2048,32,16384,3326.44
256,2048,64,16,168.619
256,2048,64,32,169.323
256,2048,64,64,171.167
256,2048,64,128,214.005
256,2048,64,256,257.524
256,2048,64,512,344.373
256,2048,64,1024,508.671
256,2048,64,2048,841.598
256,2048,64,4096,1728.58
256,2048,64,8192,3683.81
256,2048,64,16384,7481.44
256,4096,0,0,125.545
256,4096,1,16,125.696
256,4096,1,32,125.834
256,4096,1,64,126.186
256,4096,1,128,125.738
256,4096,1,256,125.727
256,4096,1,512,126.006
256,4096,1,1024,126.122
256,4096,1,2048,126.666
256,4096,1,4096,127.413
256,4096,1,8192,237.321
256,4096,1,16384,476.414
256,4096,2,16,130.794
256,4096,2,32,130.645
256,4096,2,64,130.816
256,4096,2,128,134.176
256,4096,2,256,138.133
256,4096,2,512,144.747
256,4096,2,1024,159.093
256,4096,2,2048,187.925
256,4096,2,4096,244.831
256,4096,2,8192,353.225
256,4096,2,16384,577.919
256,4096,4,16,132.64
256,4096,4,32,132.511
256,4096,4,64,132.608
256,4096,4,128,136.821
256,4096,4,256,140.031
256,4096,4,512,147.221
256,4096,4,1024,161.909
256,4096,4,2048,191.519
256,4096,4,4096,247.103
256,4096,4,8192,363.487
256,4096,4,16384,586.378
256,4096,8,16,141.055
256,4096,8,32,141.215
256,4096,8,64,141.664
256,4096,8,128,151.637
256,4096,8,256,162.464
256,4096,8,512,183.658
256,4096,8,1024,226.591
256,4096,8,2048,250.932
256,4096,8,4096,364.564
256,4096,8,8192,594.761
256,4096,8,16384,1055.9
256,4096,16,16,156.64
256,4096,16,32,156.437
256,4096,16,64,157.44
256,4096,16,128,177.13
256,4096,16,256,198.421
256,4096,16,512,241.354
256,4096,16,1024,279.285
256,4096,16,2048,373.065
256,4096,16,4096,490.314
256,4096,16,8192,949.609
256,4096,16,16384,1863.22
256,4096,32,16,186.08
256,4096,32,32,186.485
256,4096,32,64,187.402
256,4096,32,128,224.864
256,4096,32,256,256.447
256,4096,32,512,304.096
256,4096,32,1024,392.287
256,4096,32,2048,558.452
256,4096,32,4096,855.987
256,4096,32,8192,1693.93
256,4096,32,16384,3496.39
256,4096,64,16,246.559
256,4096,64,32,247.274
256,4096,64,64,248.703
256,4096,64,128,295.381
256,4096,64,256,341.098
256,4096,64,512,426.313
256,4096,64,1024,600.585
256,4096,64,2048,943.561
256,4096,64,4096,1725.72
256,4096,64,8192,3743.09
256,4096,64,16384,8870.12
256,8192,0,0,237.972
256,8192,1,16,237.855
256,8192,1,32,238.293
256,8192,1,64,237.867
256,8192,1,128,238.09
256,8192,1,256,237.888
256,8192,1,512,238.324
256,8192,1,1024,238.485
256,8192,1,2048,239.242
256,8192,1,4096,240.085
256,8192,1,8192,240.874
256,8192,1,16384,479.55
256,8192,2,16,242.708
256,8192,2,32,242.911
256,8192,2,64,243.636
256,8192,2,128,246.399
256,8192,2,256,250.335
256,8192,2,512,256.991
256,8192,2,1024,271.349
256,8192,2,2048,300.351
256,8192,2,4096,357.706
256,8192,2,8192,473.78
256,8192,2,16384,698.674
256,8192,4,16,244.223
256,8192,4,32,244.596
256,8192,4,64,244.831
256,8192,4,128,248.874
256,8192,4,256,252.33
256,8192,4,512,259.701
256,8192,4,1024,274.42
256,8192,4,2048,304.703
256,8192,4,4096,360.617
256,8192,4,8192,478.655
256,8192,4,16384,722.846
256,8192,8,16,253.386
256,8192,8,32,253.077
256,8192,8,64,253.791
256,8192,8,128,263.529
256,8192,8,256,274.303
256,8192,8,512,296.159
256,8192,8,1024,338.879
256,8192,8,2048,423.806
256,8192,8,4096,477.78
256,8192,8,8192,716.83
256,8192,8,16384,1181.75
256,8192,16,16,268.949
256,8192,16,32,268.66
256,8192,16,64,270.101
256,8192,16,128,289.428
256,8192,16,256,310.847
256,8192,16,512,353.631
256,8192,16,1024,437.343
256,8192,16,2048,530.015
256,8192,16,4096,713.598
256,8192,16,8192,956.734
256,8192,16,16384,1897.17
256,8192,32,16,297.866
256,8192,32,32,298.431
256,8192,32,64,298.954
256,8192,32,128,336.65
256,8192,32,256,375.881
256,8192,32,512,453.993
256,8192,32,1024,546.089
256,8192,32,2048,728.659
256,8192,32,4096,1080.71
256,8192,32,8192,1678.47
256,8192,32,16384,3375.73
256,8192,64,16,358.857
256,8192,64,32,359.625
256,8192,64,64,362.068
256,8192,64,128,436.351
256,8192,64,256,500.757
256,8192,64,512,592.809
256,8192,64,1024,777.31
256,8192,64,2048,1119.12
256,8192,64,4096,1930.84
256,8192,64,8192,3393.79
256,8192,64,16384,8679.48
256,16384,0,0,469.385
256,16384,1,16,468.382
256,16384,1,32,467.859
256,16384,1,64,467.561
256,16384,1,128,467.679
256,16384,1,256,467.518
256,16384,1,512,468.714
256,16384,1,1024,469.087
256,16384,1,2048,471.402
256,16384,1,4096,474.196
256,16384,1,8192,476.681
256,16384,1,16384,480.01
256,16384,2,16,470.729
256,16384,2,32,470.89
256,16384,2,64,471.348
256,16384,2,128,473.844
256,16384,2,256,477.214
256,16384,2,512,484.532
256,16384,2,1024,500.148
256,16384,2,2048,527.721
256,16384,2,4096,587.145
256,16384,2,8192,706.1
256,16384,2,16384,950.514
256,16384,4,16,470.697
256,16384,4,32,470.122
256,16384,4,64,470.25
256,16384,4,128,473.631
256,16384,4,256,478.367
256,16384,4,512,485.214
256,16384,4,1024,500.787
256,16384,4,2048,531.208
256,16384,4,4096,586.355
256,16384,4,8192,704.702
256,16384,4,16384,960.019
256,16384,8,16,479.06
256,16384,8,32,478.43
256,16384,8,64,479.465
256,16384,8,128,489.066
256,16384,8,256,500.436
256,16384,8,512,521.236
256,16384,8,1024,563.721
256,16384,8,2048,647.433
256,16384,8,4096,817.981
256,16384,8,8192,944.158
256,16384,8,16384,1412.31
256,16384,16,16,493.065
256,16384,16,32,494.399
256,16384,16,64,494.75
256,16384,16,128,514.494
256,16384,16,256,535.433
256,16384,16,512,578.228
256,16384,16,1024,664.157
256,16384,16,2048,831.154
256,16384,16,4096,1050.45
256,16384,16,8192,1410.34
256,16384,16,16384,1886.51
256,16384,32,16,523.22
256,16384,32,32,523.55
256,16384,32,64,524.33
256,16384,32,128,562.196
256,16384,32,256,600.99
256,16384,32,512,680.905
256,16384,32,1024,833.597
256,16384,32,2048,1048.11
256,16384,32,4096,1416.8
256,16384,32,8192,2122.63
256,16384,32,16384,3308.55
256,16384,64,16,583.497
256,16384,64,32,584.948
256,16384,64,64,586.377
256,16384,64,128,661.77
256,16384,64,256,740.67
256,16384,64,512,896.297
256,16384,64,1024,1102.62
256,16384,64,2048,1476.07
256,16384,64,4096,2253.11
256,16384,64,8192,3796.87
256,16384,64,16384,6745.52
512,0,0,0,29.3443
512,0,1,16,31.7117
512,0,1,32,31.8183
512,0,1,64,31.7543
512,0,1,128,32.064
512,0,1,256,32.1493
512,0,1,512,35.5627
512,0,1,1024,49.781
512,0,1,2048,77.7487
512,0,1,4096,133.823
512,0,1,8192,246.207
512,0,1,16384,474.004
512,0,2,16,32.608
512,0,2,32,32.6507
512,0,2,64,32.7147
512,0,2,128,34.133
512,0,2,256,34.7313
512,0,2,512,39.317
512,0,2,1024,53.5787
512,0,2,2048,81.8447
512,0,2,4096,137.93
512,0,2,8192,249.973
512,0,2,16384,478.548
512,0,4,16,35.6587
512,0,4,32,35.4453
512,0,4,64,35.563
512,0,4,128,37.4077
512,0,4,256,39.776
512,0,4,512,45.4933
512,0,4,1024,69.7707
512,0,4,2048,98.9647
512,0,4,4096,155.477
512,0,4,8192,268.468
512,0,4,16384,494.868
512,0,8,16,41.0027
512,0,8,32,41.3437
512,0,8,64,41.5143
512,0,8,128,46.272
512,0,8,256,50.1333
512,0,8,512,62.336
512,0,8,1024,91.3063
512,0,8,2048,147.722
512,0,8,4096,262.346
512,0,8,8192,489.897
512,0,8,16384,955.592
512,0,16,16,52.0853
512,0,16,32,52.2773
512,0,16,64,52.7147
512,0,16,128,62.3573
512,0,16,256,72.576
512,0,16,512,94.1543
512,0,16,1024,145.343
512,0,16,2048,254.57
512,0,16,4096,479.839
512,0,16,8192,949.353
512,0,16,16384,1867.68
512,0,32,16,73.4503
512,0,32,32,73.6637
512,0,32,64,74.2507
512,0,32,128,93.642
512,0,32,256,114.954
512,0,32,512,158.218
512,0,32,1024,251.701
512,0,32,2048,441.588
512,0,32,4096,850.772
512,0,32,8192,1669.65
512,0,32,16384,3283.03
512,0,64,16,114.805
512,0,64,32,115.498
512,0,64,64,116.682
512,0,64,128,156.288
512,0,64,256,198.528
512,0,64,512,284.874
512,0,64,1024,462.74
512,0,64,2048,833.908
512,0,64,4096,1737.06
512,0,64,8192,3412.16
512,0,64,16384,6785.49
512,16,0,0,35.424
512,16,1,16,35.7653
512,16,1,32,35.904
512,16,1,64,36.032
512,16,1,128,36.3623
512,16,1,256,36.9813
512,16,1,512,38.3253
512,16,1,1024,52.2453
512,16,1,2048,80.5437
512,16,1,4096,136.416
512,16,1,8192,248.308
512,16,1,16384,473.503
512,16,2,16,38.1013
512,16,2,32,37.802
512,16,2,64,37.7493
512,16,2,128,38.6773
512,16,2,256,39.125
512,16,2,512,41.9193
512,16,2,1024,56.3303
512,16,2,2048,84.5117
512,16,2,4096,140.725
512,16,2,8192,252.693
512,16,2,16384,477.449
512,16,4,16,40.213
512,16,4,32,40.3947
512,16,4,64,40.405
512,16,4,128,42.346
512,16,4,256,45.3763
512,16,4,512,48.7357
512,16,4,1024,70.5917
512,16,4,2048,104.064
512,16,4,4096,161.109
512,16,4,8192,273.514
512,16,4,16384,499.902
512,16,8,16,46.1867
512,16,8,32,45.9937
512,16,8,64,46.3253
512,16,8,128,51.2737
512,16,8,256,55.5197
512,16,8,512,64.0637
512,16,8,1024,94.826
512,16,8,2048,150.101
512,16,8,4096,264.426
512,16,8,8192,492.532
512,16,8,16384,957.865
512,16,16,16,57.098
512,16,16,32,57.5147
512,16,16,64,57.7707
512,16,16,128,67.3913
512,16,16,256,77.386
512,16,16,512,97.397
512,16,16,1024,147.626
512,16,16,2048,255.637
512,16,16,4096,479.668
512,16,16,8192,945.021
512,16,16,16384,1881.41
512,16,32,16,78.5383
512,16,32,32,78.3997
512,16,32,64,79.1677
512,16,32,128,99.2317
512,16,32,256,119.968
512,16,32,512,161.258
512,16,32,1024,253.845
512,16,32,2048,443.167
512,16,32,4096,849.608
512,16,32,8192,1671.62
512,16,32,16384,3298.14
512,16,64,16,120.171
512,16,64,32,120.49
512,16,64,64,121.952
512,16,64,128,161.717
512,16,64,256,204.234
512,16,64,512,287.765
512,16,64,1024,465.301
512,16,64,2048,833.204
512,16,64,4096,1738.85
512,16,64,8192,3418.2
512,16,64,16384,6793.99
512,32,0,0,35.6263
512,32,1,16,36.0213
512,32,1,32,36.2453
512,32,1,64,35.957
512,32,1,128,36.5117
512,32,1,256,36.9917
512,32,1,512,38.4747
512,32,1,1024,52.3413
512,32,1,2048,80.202
512,32,1,4096,136.692
512,32,1,8192,249.492
512,32,1,16384,472.766
512,32,2,16,37.9307
512,32,2,32,38.08
512,32,2,64,37.9307
512,32,2,128,38.9653
512,32,2,256,39.136
512,32,2,512,41.909
512,32,2,1024,56.3307
512,32,2,2048,84.6507
512,32,2,4096,140.469
512,32,2,8192,252.959
512,32,2,16384,477.374
512,32,4,16,40.1813
512,32,4,32,40.3303
512,32,4,64,40.2453
512,32,4,128,42.1013
512,32,4,256,45.3647
512,32,4,512,48.661
512,32,4,1024,70.6667
512,32,4,2048,104.042
512,32,4,4096,161.27
512,32,4,8192,273.546
512,32,4,16384,501.002
512,32,8,16,46.112
512,32,8,32,46.4533
512,32,8,64,46.5277
512,32,8,128,51.2
512,32,8,256,55.7437
512,32,8,512,64.4263
512,32,8,1024,95.04
512,32,8,2048,150.176
512,32,8,4096,264.48
512,32,8,8192,492.586
512,32,8,16384,958.697
512,32,16,16,56.896
512,32,16,32,57.44
512,32,16,64,57.8237
512,32,16,128,67.4557
512,32,16,256,77.3977
512,32,16,512,97.504
512,32,16,1024,147.306
512,32,16,2048,255.466
512,32,16,4096,480.126
512,32,16,8192,944.851
512,32,16,16384,1868.86
512,32,32,16,78.2497
512,32,32,32,78.709
512,32,32,64,79.4347
512,32,32,128,99.3913
512,32,32,256,120.159
512,32,32,512,161.62
512,32,32,1024,253.663
512,32,32,2048,443.007
512,32,32,4096,849.15
512,32,32,8192,1668.68
512,32,32,16384,3298.32
512,32,64,16,120.128
512,32,64,32,120.554
512,32,64,64,122.304
512,32,64,128,162.143
512,32,64,256,204.02
512,32,64,512,287.967
512,32,64,1024,464.809
512,32,64,2048,832.82
512,32,64,4096,1737.65
512,32,64,8192,3412.67
512,32,64,16384,6791.24
512,64,0,0,35.5407
512,64,1,16,36.0213
512,64,1,32,36.2027
512,64,1,64,35.9997
512,64,1,128,36.6613
512,64,1,256,36.8313
512,64,1,512,38.453
512,64,1,1024,52.3623
512,64,1,2048,80.437
512,64,1,4096,136.469
512,64,1,8192,248.575
512,64,1,16384,473.215
512,64,2,16,38.048
512,64,2,32,37.898
512,64,2,64,38.0907
512,64,2,128,38.773
512,64,2,256,39.1893
512,64,2,512,42.0267
512,64,2,1024,56.48
512,64,2,2048,84.6403
512,64,2,4096,140.682
512,64,2,8192,253.312
512,64,2,16384,477.385
512,64,4,16,40.256
512,64,4,32,40.3627
512,64,4,64,40.821
512,64,4,128,42.528
512,64,4,256,45.4393
512,64,4,512,48.96
512,64,4,1024,70.88
512,64,4,2048,104.085
512,64,4,4096,161.12
512,64,4,8192,273.941
512,64,4,16384,500.351
512,64,8,16,46.3463
512,64,8,32,46.2397
512,64,8,64,46.4747
512,64,8,128,51.104
512,64,8,256,56.1913
512,64,8,512,64.4797
512,64,8,1024,94.7623
512,64,8,2048,150.251
512,64,8,4096,264.778
512,64,8,8192,492.169
512,64,8,16384,955.315
512,64,16,16,57.3437
512,64,16,32,57.472
512,64,16,64,57.9203
512,64,16,128,67.4557
512,64,16,256,77.557
512,64,16,512,97.7063
512,64,16,1024,147.434
512,64,16,2048,255.338
512,64,16,4096,480.052
512,64,16,8192,949.139
512,64,16,16384,1879.86
512,64,32,16,78.6873
512,64,32,32,79.1033
512,64,32,64,79.5413
512,64,32,128,99.2107
512,64,32,256,120.139
512,64,32,512,161.258
512,64,32,1024,253.866
512,64,32,2048,443.337
512,64,32,4096,850.11
512,64,32,8192,1669.49
512,64,32,16384,3293.54
512,64,64,16,120.085
512,64,64,32,120.874
512,64,64,64,122.464
512,64,64,128,162.069
512,64,64,256,204.362
512,64,64,512,287.968
512,64,64,1024,465.311
512,64,64,2048,832.266
512,64,64,4096,1737.07
512,64,64,8192,3414.76
512,64,64,16384,6806.09
512,128,0,0,36.5867
512,128,1,16,38.7627
512,128,1,32,38.72
512,128,1,64,38.7837
512,128,1,128,39.1993
512,128,1,256,39.1467
512,128,1,512,41.3227
512,128,1,1024,53.7283
512,128,1,2048,81.8563
512,128,1,4096,138.1
512,128,1,8192,249.557
512,128,1,16384,474.355
512,128,2,16,39.9143
512,128,2,32,39.904
512,128,2,64,39.872
512,128,2,128,41.3653
512,128,2,256,42.4003
512,128,2,512,43.3387
512,128,2,1024,58.6453
512,128,2,2048,86.837
512,128,2,4096,142.922
512,128,2,8192,255.594
512,128,2,16384,479.327
512,128,4,16,42.7413
512,128,4,32,42.7523
512,128,4,64,42.6663
512,128,4,128,44.5227
512,128,4,256,48.021
512,128,4,512,52.2663
512,128,4,1024,71.648
512,128,4,2048,109.504
512,128,4,4096,166.421
512,128,4,8192,279.2
512,128,4,16384,505.236
512,128,8,16,48.3207
512,128,8,32,48.5333
512,128,8,64,48.7143
512,128,8,128,53.5673
512,128,8,256,59.0293
512,128,8,512,66.0047
512,128,8,1024,98.9
512,128,8,2048,153.151
512,128,8,4096,266.975
512,128,8,8192,495.423
512,128,8,16384,956.478
512,128,16,16,60.0423
512,128,16,32,59.9247
512,128,16,64,60.309
512,128,16,128,70.56
512,128,16,256,80.2127
512,128,16,512,100.917
512,128,16,1024,150.464
512,128,16,2048,256.138
512,128,16,4096,480.51
512,128,16,8192,948.307
512,128,16,16384,1881.13
512,128,32,16,81.1517
512,128,32,32,81.621
512,128,32,64,82.2503
512,128,32,128,102.24
512,128,32,256,123.189
512,128,32,512,164.341
512,128,32,1024,256.938
512,128,32,2048,444.671
512,128,32,4096,849.502
512,128,32,8192,1670.42
512,128,32,16384,3295.33
512,128,64,16,123.147
512,128,64,32,123.36
512,128,64,64,124.811
512,128,64,128,165.035
512,128,64,256,207.242
512,128,64,512,290.944
512,128,64,1024,467.295
512,128,64,2048,834.1
512,128,64,4096,1738.11
512,128,64,8192,3413.32
512,128,64,16384,6805.05
512,256,0,0,43.5943
512,256,1,16,45.7603
512,256,1,32,45.8233
512,256,1,64,45.8233
512,256,1,128,46.1653
512,256,1,256,46.2717
512,256,1,512,46.3037
512,256,1,1024,57.3013
512,256,1,2048,85.6423
512,256,1,4096,141.418
512,256,1,8192,253.546
512,256,1,16384,478.58
512,256,2,16,46.9433
512,256,2,32,46.784
512,256,2,64,46.7307
512,256,2,128,47.9893
512,256,2,256,49.5037
512,256,2,512,49.5147
512,256,2,1024,64.843
512,256,2,2048,93.461
512,256,2,4096,149.599
512,256,2,8192,260.906
512,256,2,16384,486.154
512,256,4,16,49.5783
512,256,4,32,49.8027
512,256,4,64,49.696
512,256,4,128,51.9893
512,256,4,256,54.8263
512,256,4,512,61.205
512,256,4,1024,74.6027
512,256,4,2048,120.255
512,256,4,4096,177.172
512,256,4,8192,289.599
512,256,4,16384,515.145
512,256,8,16,55.7227
512,256,8,32,55.9573
512,256,8,64,55.9143
512,256,8,128,61.0027
512,256,8,256,66.5173
512,256,8,512,74.4963
512,256,8,1024,105.098
512,256,8,2048,160.831
512,256,8,4096,271.53
512,256,8,8192,501.108
512,256,8,16384,958.771
512,256,16,16,67.6907
512,256,16,32,67.4453
512,256,16,64,67.9353
512,256,16,128,78.357
512,256,16,256,88.4903
512,256,16,512,108.833
512,256,16,1024,156.747
512,256,16,2048,258.228
512,256,16,4096,479.605
512,256,16,8192,947.603
512,256,16,16384,1881.19
512,256,32,16,89.227
512,256,32,32,89.3757
512,256,32,64,90.1867
512,256,32,128,110.411
512,256,32,256,132.021
512,256,32,512,172.757
512,256,32,1024,262.121
512,256,32,2048,448.383
512,256,32,4096,847.891
512,256,32,8192,1674.44
512,256,32,16384,3298.42
512,256,64,16,131.253
512,256,64,32,131.626
512,256,64,64,132.885
512,256,64,128,173.152
512,256,64,256,215.594
512,256,64,512,299.22
512,256,64,1024,473.375
512,256,64,2048,836.884
512,256,64,4096,1743.7
512,256,64,8192,3415.47
512,256,64,16384,6796.76
512,512,0,0,57.7067
512,512,1,16,59.9677
512,512,1,32,59.9787
512,512,1,64,59.9463
512,512,1,128,60.3517
512,512,1,256,60.256
512,512,1,512,60.394
512,512,1,1024,64.8103
512,512,1,2048,93.2587
512,512,1,4096,149.461
512,512,1,8192,261.279
512,512,1,16384,485.822
512,512,2,16,60.9383
512,512,2,32,60.906
512,512,2,64,60.8427
512,512,2,128,61.92
512,512,2,256,63.189
512,512,2,512,63.723
512,512,2,1024,70.027
512,512,2,2048,107.585
512,512,2,4096,164.277
512,512,2,8192,276.052
512,512,2,16384,499.273
512,512,4,16,63.8397
512,512,4,32,63.7863
512,512,4,64,63.9467
512,512,4,128,65.8027
512,512,4,256,69.5247
512,512,4,512,76.3407
512,512,4,1024,88.779
512,512,4,2048,128.97
512,512,4,4096,198.09
512,512,4,8192,310.794
512,512,4,16384,535.007
512,512,8,16,69.557
512,512,8,32,69.5997
512,512,8,64,69.8343
512,512,8,128,75.5837
512,512,8,256,81.61
512,512,8,512,93.3443
512,512,8,1024,108.938
512,512,8,2048,176.822
512,512,8,4096,280.405
512,512,8,8192,509.354
512,512,8,16384,968.863
512,512,16,16,81.9623
512,512,16,32,82.0263
512,512,16,64,82.4743
512,512,16,128,93.5997
512,512,16,256,104.533
512,512,16,512,124.394
512,512,16,1024,167.615
512,512,16,2048,265.557
512,512,16,4096,483.348
512,512,16,8192,945.469
512,512,16,16384,1879.68
512,512,32,16,103.999
512,512,32,32,104.704
512,512,32,64,104.98
512,512,32,128,125.941
512,512,32,256,147.829
512,512,32,512,188.565
512,512,32,1024,273.514
512,512,32,2048,456.725
512,512,32,4096,844.713
512,512,32,8192,1672.4
512,512,32,16384,3305.81
512,512,64,16,147.189
512,512,64,32,147.946
512,512,64,64,149.301
512,512,64,128,189.344
512,512,64,256,232.106
512,512,64,512,316.458
512,512,64,1024,483.925
512,512,64,2048,840.34
512,512,64,4096,1763.67
512,512,64,8192,3446.72
512,512,64,16384,6840.77
512,1024,0,0,86.2497
512,1024,1,16,88.4267
512,1024,1,32,88.2877
512,1024,1,64,88.5007
512,1024,1,128,88.7677
512,1024,1,256,88.7677
512,1024,1,512,88.8957
512,1024,1,1024,89.023
512,1024,1,2048,108.17
512,1024,1,4096,164.32
512,1024,1,8192,276.564
512,1024,1,16384,500.735
512,1024,2,16,89.3337
512,1024,2,32,89.376
512,1024,2,64,89.344
512,1024,2,128,90.4323
512,1024,2,256,91.4447
512,1024,2,512,91.744
512,1024,2,1024,92.309
512,1024,2,2048,127.627
512,1024,2,4096,192.575
512,1024,2,8192,304.49
512,1024,2,16384,527.902
512,1024,4,16,92.1273
512,1024,4,32,92.117
512,1024,4,64,92.2663
512,1024,4,128,94.0157
512,1024,4,256,96.778
512,1024,4,512,105.557
512,1024,4,1024,119.466
512,1024,4,2048,146.485
512,1024,4,4096,239.903
512,1024,4,8192,352.405
512,1024,4,16384,579.178
512,1024,8,16,97.5997
512,1024,8,32,97.8663
512,1024,8,64,98.1113
512,1024,8,128,103.157
512,1024,8,256,110.133
512,1024,8,512,124.277
512,1024,8,1024,150.154
512,1024,8,2048,193.503
512,1024,8,4096,316.81
512,1024,8,8192,525.567
512,1024,8,16384,985.043
512,1024,16,16,109.589
512,1024,16,32,109.589
512,1024,16,64,110.133
512,1024,16,128,122.816
512,1024,16,256,134.859
512,1024,16,512,154.847
512,1024,16,1024,196.341
512,1024,16,2048,292.351
512,1024,16,4096,487.679
512,1024,16,8192,948.211
512,1024,16,16384,1877.47
512,1024,32,16,134.144
512,1024,32,32,133.706
512,1024,32,64,135.188
512,1024,32,128,156.629
512,1024,32,256,179.36
512,1024,32,512,220.159
512,1024,32,1024,301.951
512,1024,32,2048,481.194
512,1024,32,4096,849.673
512,1024,32,8192,1681.05
512,1024,32,16384,3316.85
512,1024,64,16,177.76
512,1024,64,32,178.271
512,1024,64,64,180.17
512,1024,64,128,221.631
512,1024,64,256,264.917
512,1024,64,512,349.023
512,1024,64,1024,513.695
512,1024,64,2048,866.003
512,1024,64,4096,1744.92
512,1024,64,8192,3611.21
512,1024,64,16384,7145.12
512,2048,0,0,143.199
512,2048,1,16,144.907
512,2048,1,32,144.949
512,2048,1,64,144.875
512,2048,1,128,145.215
512,2048,1,256,145.439
512,2048,1,512,145.312
512,2048,1,1024,145.568
512,2048,1,2048,145.919
512,2048,1,4096,193.844
512,2048,1,8192,306.259
512,2048,1,16384,529.364
512,2048,2,16,146.005
512,2048,2,32,146.047
512,2048,2,64,145.941
512,2048,2,128,146.986
512,2048,2,256,147.605
512,2048,2,512,147.946
512,2048,2,1024,148.383
512,2048,2,2048,149.642
512,2048,2,4096,240.959
512,2048,2,8192,361.545
512,2048,2,16384,585.278
512,2048,4,16,148.736
512,2048,4,32,148.714
512,2048,4,64,148.767
512,2048,4,128,150.282
512,2048,4,256,152.619
512,2048,4,512,160.064
512,2048,4,1024,176.287
512,2048,4,2048,204.778
512,2048,4,4096,259.134
512,2048,4,8192,435.946
512,2048,4,16384,661.523
512,2048,8,16,154.069
512,2048,8,32,154.208
512,2048,8,64,154.261
512,2048,8,128,159.861
512,2048,8,256,165.098
512,2048,8,512,178.378
512,2048,8,1024,209.056
512,2048,8,2048,263.231
512,2048,8,4096,364.436
512,2048,8,8192,597.364
512,2048,8,16384,1012.98
512,2048,16,16,165.909
512,2048,16,32,165.418
512,2048,16,64,165.685
512,2048,16,128,178.037
512,2048,16,256,190.186
512,2048,16,512,216.202
512,2048,16,1024,255.359
512,2048,16,2048,336.916
512,2048,16,4096,545.395
512,2048,16,8192,946.109
512,2048,16,16384,1874.73
512,2048,32,16,188.352
512,2048,32,32,188.512
512,2048,32,64,189.781
512,2048,32,128,215.392
512,2048,32,256,239.242
512,2048,32,512,283.755
512,2048,32,1024,362.538
512,2048,32,2048,528.448
512,2048,32,4096,906.888
512,2048,32,8192,1739.11
512,2048,32,16384,3642.38
512,2048,64,16,237.706
512,2048,64,32,237.994
512,2048,64,64,239.839
512,2048,64,128,283.21
512,2048,64,256,326.805
512,2048,64,512,413.898
512,2048,64,1024,579.018
512,2048,64,2048,919.817
512,2048,64,4096,1840.11
512,2048,64,8192,4102.94
512,2048,64,16384,8586.26
512,4096,0,0,254.613
512,4096,1,16,255.733
512,4096,1,32,255.839
512,4096,1,64,255.52
512,4096,1,128,256.436
512,4096,1,256,256.042
512,4096,1,512,256.511
512,4096,1,1024,256.448
512,4096,1,2048,256.661
512,4096,1,4096,256.671
512,4096,1,8192,363.295
512,4096,1,16384,586.676
512,4096,2,16,256.693
512,4096,2,32,256.693
512,4096,2,64,256.928
512,4096,2,128,257.632
512,4096,2,256,258.528
512,4096,2,512,258.827
512,4096,2,1024,259.071
512,4096,2,2048,260.224
512,4096,2,4096,260.149
512,4096,2,8192,470.687
512,4096,2,16384,697.076
512,4096,4,16,259.36
512,4096,4,32,259.359
512,4096,4,64,259.466
512,4096,4,128,261.087
512,4096,4,256,262.57
512,4096,4,512,270.484
512,4096,4,1024,285.13
512,4096,4,2048,316.799
512,4096,4,4096,375.285
512,4096,4,8192,482.11
512,4096,4,16384,827.103
512,4096,8,16,264.511
512,4096,8,32,264.544
512,4096,8,64,264.949
512,4096,8,128,269.685
512,4096,8,256,274.602
512,4096,8,512,285.376
512,4096,8,1024,318.207
512,4096,8,2048,376.265
512,4096,8,4096,487.476
512,4096,8,8192,706.74
512,4096,8,16384,1167.87
512,4096,16,16,275.54
512,4096,16,32,275.978
512,4096,16,64,276.522
512,4096,16,128,287.21
512,4096,16,256,298.559
512,4096,16,512,323.242
512,4096,16,1024,373.813
512,4096,16,2048,448.916
512,4096,16,4096,618.303
512,4096,16,8192,1068.59
512,4096,16,16384,1907.75
512,4096,32,16,297.312
512,4096,32,32,298.698
512,4096,32,64,300.383
512,4096,32,128,322.303
512,4096,32,256,349.738
512,4096,32,512,399.028
512,4096,32,1024,490.1
512,4096,32,2048,643.209
512,4096,32,4096,986.782
512,4096,32,8192,1820.87
512,4096,32,16384,3830.73
512,4096,64,16,347.466
512,4096,64,32,348.01
512,4096,64,64,349.119
512,4096,64,128,399.636
512,4096,64,256,447.306
512,4096,64,512,537.503
512,4096,64,1024,711.049
512,4096,64,2048,1040.52
512,4096,64,4096,1838.32
512,4096,64,8192,4399.32
512,4096,64,16384,9274.93
512,8192,0,0,474.953
512,8192,1,16,476.767
512,8192,1,32,476.542
512,8192,1,64,476.626
512,8192,1,128,476.127
512,8192,1,256,476.638
512,8192,1,512,476.617
512,8192,1,1024,476.318
512,8192,1,2048,476.809
512,8192,1,4096,478.026
512,8192,1,8192,486.206
512,8192,1,16384,700.084
512,8192,2,16,477.961
512,8192,2,32,477.107
512,8192,2,64,478.056
512,8192,2,128,478.249
512,8192,2,256,479.166
512,8192,2,512,478.431
512,8192,2,1024,478.601
512,8192,2,2048,480.767
512,8192,2,4096,483.881
512,8192,2,8192,487.635
512,8192,2,16384,923.005
512,8192,4,16,479.411
512,8192,4,32,479.476
512,8192,4,64,480.255
512,8192,4,128,481.001
512,8192,4,256,482.804
512,8192,4,512,492.842
512,8192,4,1024,507.017
512,8192,4,2048,537.331
512,8192,4,4096,598.975
512,8192,4,8192,711.102
512,8192,4,16384,936.659
512,8192,8,16,484.255
512,8192,8,32,484.99
512,8192,8,64,485.076
512,8192,8,128,490.174
512,8192,8,256,495.189
512,8192,8,512,502.718
512,8192,8,1024,518.612
512,8192,8,2048,595.635
512,8192,8,4096,714.74
512,8192,8,8192,937.31
512,8192,8,16384,1412.72
512,8192,16,16,495.37
512,8192,16,32,496.052
512,8192,16,64,496.405
512,8192,16,128,506.762
512,8192,16,256,518.175
512,8192,16,512,540.298
512,8192,16,1024,588.713
512,8192,16,2048,684.276
512,8192,16,4096,845.662
512,8192,16,8192,1196.65
512,8192,16,16384,2123.27
512,8192,32,16,518.964
512,8192,32,32,519.359
512,8192,32,64,519.838
512,8192,32,128,541.524
512,8192,32,256,566.09
512,8192,32,512,618.751
512,8192,32,1024,724.425
512,8192,32,2048,907.24
512,8192,32,4096,1212.38
512,8192,32,8192,1919.25
512,8192,32,16384,3621.34
512,8192,64,16,567.198
512,8192,64,32,566.665
512,8192,64,64,567.913
512,8192,64,128,615.945
512,8192,64,256,669.364
512,8192,64,512,773.897
512,8192,64,1024,953.513
512,8192,64,2048,1304.84
512,8192,64,4096,2078.95
512,8192,64,8192,3587.26
512,8192,64,16384,9153.15
512,16384,0,0,930.833
512,16384,1,16,929.351
512,16384,1,32,930.013
512,16384,1,64,928.712
512,16384,1,128,928.498
512,16384,1,256,928.434
512,16384,1,512,928.925
512,16384,1,1024,932.307
512,16384,1,2048,931.25
512,16384,1,4096,931.208
512,16384,1,8192,931.763
512,16384,1,16384,938.771
512,16384,2,16,925.778
512,16384,2,32,926.323
512,16384,2,64,926.11
512,16384,2,128,924.242
512,16384,2,256,924.617
512,16384,2,512,927.561
512,16384,2,1024,926.526
512,16384,2,2048,932.136
512,16384,2,4096,931.443
512,16384,2,8192,937.107
512,16384,2,16384,953.15
512,16384,4,16,927.218
512,16384,4,32,928.178
512,16384,4,64,927.229
512,16384,4,128,926.952
512,16384,4,256,929.842
512,16384,4,512,938.834
512,16384,4,1024,952.445
512,16384,4,2048,980.37
512,16384,4,4096,1045.13
512,16384,4,8192,1167.31
512,16384,4,16384,1398.45
512,16384,8,16,932.563
512,16384,8,32,931.527
512,16384,8,64,931.443
512,16384,8,128,938.109
512,16384,8,256,943.359
512,16384,8,512,951.304
512,16384,8,1024,967.944
512,16384,8,2048,999.368
512,16384,8,4096,1160.35
512,16384,8,8192,1390.07
512,16384,8,16384,1845.37
512,16384,16,16,940.808
512,16384,16,32,941.81
512,16384,16,64,941.885
512,16384,16,128,952.882
512,16384,16,256,963.315
512,16384,16,512,987.55
512,16384,16,1024,1031.27
512,16384,16,2048,1117.02
512,16384,16,4096,1303.86
512,16384,16,8192,1658.31
512,16384,16,16384,2348.45
512,16384,32,16,964.359
512,16384,32,32,965.748
512,16384,32,64,964.116
512,16384,32,128,986.598
512,16384,32,256,1008.82
512,16384,32,512,1059.55
512,16384,32,1024,1164.72
512,16384,32,2048,1368.19
512,16384,32,4096,1755.62
512,16384,32,8192,2369.41
512,16384,32,16384,3765.99
512,16384,64,16,1009.04
512,16384,64,32,1011.19
512,16384,64,64,1014.75
512,16384,64,128,1059.87
512,16384,64,256,1109.19
512,16384,64,512,1209.57
512,16384,64,1024,1423.8
512,16384,64,2048,1791.4
512,16384,64,4096,2587.74
512,16384,64,8192,4086.3
512,16384,64,16384,7132.64
1024,0,0,0,79.082
1024,0,1,16,80.5437
1024,0,1,32,80.4263
1024,0,1,64,80.5543
1024,0,1,128,80.9283
1024,0,1,256,81.407
1024,0,1,512,83.072
1024,0,1,1024,86.411
1024,0,1,2048,116.821
1024,0,1,4096,172.939
1024,0,1,8192,285.013
1024,0,1,16384,510.206
1024,0,2,16,82.24
1024,0,2,32,82.496
1024,0,2,64,82.2187
1024,0,2,128,83.6157
1024,0,2,256,85.2797
1024,0,2,512,86.933
1024,0,2,1024,93.3123
1024,0,2,2048,128.821
1024,0,2,4096,185.087
1024,0,2,8192,298.346
1024,0,2,16384,524.265
1024,0,4,16,86.0697
1024,0,4,32,86.187
1024,0,4,64,86.2073
1024,0,4,128,88.3523
1024,0,4,256,90.8267
1024,0,4,512,96.2877
1024,0,4,1024,106.794
1024,0,4,2048,151.231
1024,0,4,4096,230.741
1024,0,4,8192,343.561
1024,0,4,16384,569.876
1024,0,8,16,93.4827
1024,0,8,32,93.696
1024,0,8,64,93.8657
1024,0,8,128,98.6557
1024,0,8,256,104.597
1024,0,8,512,114.144
1024,0,8,1024,136.758
1024,0,8,2048,198.41
1024,0,8,4096,311.082
1024,0,8,8192,535.518
1024,0,8,16384,987.848
1024,0,16,16,108.394
1024,0,16,32,109.034
1024,0,16,64,109.098
1024,0,16,128,120.032
1024,0,16,256,130.527
1024,0,16,512,151.253
1024,0,16,1024,193.898
1024,0,16,2048,295.146
1024,0,16,4096,502.271
1024,0,16,8192,955.028
1024,0,16,16384,1880.12
1024,0,32,16,138.304
1024,0,32,32,138.901
1024,0,32,64,139.178
1024,0,32,128,159.391
1024,0,32,256,180.906
1024,0,32,512,223.135
1024,0,32,1024,306.602
1024,0,32,2048,492.393
1024,0,32,4096,869.502
1024,0,32,8192,1700.27
1024,0,32,16384,3340.28
1024,0,64,16,195.242
1024,0,64,32,196.213
1024,0,64,64,197.291
1024,0,64,128,237.856
1024,0,64,256,280.181
1024,0,64,512,364.191
1024,0,64,1024,533.481
1024,0,64,2048,893.8
1024,0,64,4096,1812.46
1024,0,64,8192,3522.07
1024,0,64,16384,6887.06
1024,16,0,0,85.7917
1024,16,1,16,87.8613
1024,16,1,32,88.2027
1024,16,1,64,87.754
1024,16,1,128,88.2347
1024,16,1,256,89.611
1024,16,1,512,90.9543
1024,16,1,1024,92.65
1024,16,1,2048,121.888
1024,16,1,4096,178.069
1024,16,1,8192,290.859
1024,16,1,16384,514.227
1024,16,2,16,90.261
1024,16,2,32,90.0263
1024,16,2,64,89.8777
1024,16,2,128,91.2213
1024,16,2,256,92.362
1024,16,2,512,95.3273
1024,16,2,1024,99.8397
1024,16,2,2048,131.701
1024,16,2,4096,191.765
1024,16,2,8192,304.874
1024,16,2,16384,529.236
1024,16,4,16,93.493
1024,16,4,32,92.7463
1024,16,4,64,93.908
1024,16,4,128,95.637
1024,16,4,256,98.7303
1024,16,4,512,103.466
1024,16,4,1024,112.415
1024,16,4,2048,155.509
1024,16,4,4096,240.245
1024,16,4,8192,353.364
1024,16,4,16384,579.519
1024,16,8,16,100.629
1024,16,8,32,101.184
1024,16,8,64,101.034
1024,16,8,128,106.528
1024,16,8,256,111.499
1024,16,8,512,122.165
1024,16,8,1024,141.28
1024,16,8,2048,203.572
1024,16,8,4096,316.405
1024,16,8,8192,541.108
1024,16,8,16384,995.443
1024,16,16,16,116.448
1024,16,16,32,115.957
1024,16,16,64,116.65
1024,16,16,128,127.125
1024,16,16,256,138.464
1024,16,16,512,159.637
1024,16,16,1024,199.243
1024,16,16,2048,301.343
1024,16,16,4096,506.719
1024,16,16,8192,955.988
1024,16,16,16384,1888.9
1024,16,32,16,145.877
1024,16,32,32,145.994
1024,16,32,64,146.325
1024,16,32,128,166.762
1024,16,32,256,188.907
1024,16,32,512,230.729
1024,16,32,1024,312.191
1024,16,32,2048,497.108
1024,16,32,4096,873.95
1024,16,32,8192,1702.97
1024,16,32,16384,3345.97
1024,16,64,16,203.136
1024,16,64,32,202.923
1024,16,64,64,204.639
1024,16,64,128,245.674
1024,16,64,256,287.594
1024,16,64,512,371.924
1024,16,64,1024,538.164
1024,16,64,2048,897.758
1024,16,64,4096,1815.78
1024,16,64,8192,3546.9
1024,16,64,16384,6956.6
1024,32,0,0,86.2077
1024,32,1,16,88.5433
1024,32,1,32,88.0953
1024,32,1,64,88.1697
1024,32,1,128,88.5433
1024,32,1,256,89.173
1024,32,1,512,91.0287
1024,32,1,1024,92.383
1024,32,1,2048,121.76
1024,32,1,4096,178.037
1024,32,1,8192,290.633
1024,32,1,16384,514.356
1024,32,2,16,89.589
1024,32,2,32,89.8553
1024,32,2,64,89.6957
1024,32,2,128,91.0817
1024,32,2,256,92.2017
1024,32,2,512,95.0393
1024,32,2,1024,99.4763
1024,32,2,2048,131.765
1024,32,2,4096,191.52
1024,32,2,8192,305.183
1024,32,2,16384,528.596
1024,32,4,16,92.9067
1024,32,4,32,93.1943
1024,32,4,64,92.9057
1024,32,4,128,95.8923
1024,32,4,256,98.335
1024,32,4,512,104.437
1024,32,4,1024,112.619
1024,32,4,2048,154.656
1024,32,4,4096,240.501
1024,32,4,8192,353.098
1024,32,4,16384,578.559
1024,32,8,16,101.088
1024,32,8,32,101.429
1024,32,8,64,101.195
1024,32,8,128,106.005
1024,32,8,256,111.936
1024,32,8,512,122.079
1024,32,8,1024,142.922
1024,32,8,2048,203.647
1024,32,8,4096,316.021
1024,32,8,8192,541.236
1024,32,8,16384,993.705
1024,32,16,16,116.363
1024,32,16,32,116.607
1024,32,16,64,116.341
1024,32,16,128,127.104
1024,32,16,256,137.727
1024,32,16,512,159.147
1024,32,16,1024,198.975
1024,32,16,2048,300.97
1024,32,16,4096,506.803
1024,32,16,8192,958.878
1024,32,16,16384,1888.99
1024,32,32,16,146.112
1024,32,32,32,145.984
1024,32,32,64,147.04
1024,32,32,128,167.285
1024,32,32,256,188.821
1024,32,32,512,230.731
1024,32,32,1024,311.743
1024,32,32,2048,497.354
1024,32,32,4096,872.104
1024,32,32,8192,1699.9
1024,32,32,16384,3339.49
1024,32,64,16,203.018
1024,32,64,32,203.552
1024,32,64,64,204.618
1024,32,64,128,245.673
1024,32,64,256,288.084
1024,32,64,512,372.159
1024,32,64,1024,539.072
1024,32,64,2048,898.26
1024,32,64,4096,1814.56
1024,32,64,8192,3553.23
1024,32,64,16384,6930.55
1024,64,0,0,86.197
1024,64,1,16,88.6077
1024,64,1,32,88.181
1024,64,1,64,88.6293
1024,64,1,128,88.3413
1024,64,1,256,88.6827
1024,64,1,512,90.5063
1024,64,1,1024,92.298
1024,64,1,2048,121.568
1024,64,1,4096,178.197
1024,64,1,8192,290.186
1024,64,1,16384,514.132
1024,64,2,16,90.175
1024,64,2,32,89.7593
1024,64,2,64,90.133
1024,64,2,128,91.8393
1024,64,2,256,92.1703
1024,64,2,512,95.584
1024,64,2,1024,99.2747
1024,64,2,2048,131.317
1024,64,2,4096,191.775
1024,64,2,8192,305.097
1024,64,2,16384,531.114
1024,64,4,16,93.3223
1024,64,4,32,93.5893
1024,64,4,64,93.5677
1024,64,4,128,96.373
1024,64,4,256,98.7413
1024,64,4,512,103.957
1024,64,4,1024,112.565
1024,64,4,2048,155.647
1024,64,4,4096,240.415
1024,64,4,8192,352.575
1024,64,4,16384,578.526
1024,64,8,16,100.885
1024,64,8,32,100.853
1024,64,8,64,101.066
1024,64,8,128,106.603
1024,64,8,256,112.191
1024,64,8,512,122.1
1024,64,8,1024,142.603
1024,64,8,2048,203.85
1024,64,8,4096,317.194
1024,64,8,8192,540.201
1024,64,8,16384,995.528
1024,64,16,16,116.544
1024,64,16,32,116.757
1024,64,16,64,117.781
1024,64,16,128,127.061
1024,64,16,256,138.858
1024,64,16,512,160.267
1024,64,16,1024,199.167
1024,64,16,2048,301.258
1024,64,16,4096,506.133
1024,64,16,8192,955.624
1024,64,16,16384,1889.66
1024,64,32,16,146.293
1024,64,32,32,146.272
1024,64,32,64,146.709
1024,64,32,128,167.797
1024,64,32,256,188.639
1024,64,32,512,230.88
1024,64,32,1024,311.807
1024,64,32,2048,497.769
1024,64,32,4096,872.777
1024,64,32,8192,1705.49
1024,64,32,16384,3339.59
1024,64,64,16,202.954
1024,64,64,32,203.455
1024,64,64,64,205.12
1024,64,64,128,245.429
1024,64,64,256,288.277
1024,64,64,512,372.01
1024,64,64,1024,538.559
1024,64,64,2048,896.542
1024,64,64,4096,1816.5
1024,64,64,8192,3549.15
1024,64,64,16384,6953.77
1024,128,0,0,92.0423
1024,128,1,16,93.0877
1024,128,1,32,92.5653
1024,128,1,64,92.949
1024,128,1,128,93.216
1024,128,1,256,94.6137
1024,128,1,512,95.6043
1024,128,1,1024,97.823
1024,128,1,2048,127.05
1024,128,1,4096,183.797
1024,128,1,8192,295.755
1024,128,1,16384,520.393
1024,128,2,16,95.115
1024,128,2,32,95.029
1024,128,2,64,94.5383
1024,128,2,128,95.8937
1024,128,2,256,97.4177
1024,128,2,512,100.426
1024,128,2,1024,104.693
1024,128,2,2048,137.599
1024,128,2,4096,197.792
1024,128,2,8192,311.84
1024,128,2,16384,537.043
1024,128,4,16,98.2293
1024,128,4,32,98.6023
1024,128,4,64,98.3997
1024,128,4,128,100.618
1024,128,4,256,103.946
1024,128,4,512,108.544
1024,128,4,1024,118.048
1024,128,4,2048,159.659
1024,128,4,4096,247.786
1024,128,4,8192,362.377
1024,128,4,16384,588.34
1024,128,8,16,105.995
1024,128,8,32,105.706
1024,128,8,64,106.218
1024,128,8,128,112.469
1024,128,8,256,116.853
1024,128,8,512,127.616
1024,128,8,1024,147.691
1024,128,8,2048,209.451
1024,128,8,4096,323.37
1024,128,8,8192,546.495
1024,128,8,16384,1001.38
1024,128,16,16,121.547
1024,128,16,32,122.197
1024,128,16,64,121.994
1024,128,16,128,133.056
1024,128,16,256,143.136
1024,128,16,512,165.194
1024,128,16,1024,204.767
1024,128,16,2048,306.816
1024,128,16,4096,511.028
1024,128,16,8192,960.926
1024,128,16,16384,1892.1
1024,128,32,16,151.359
1024,128,32,32,151.477
1024,128,32,64,152.426
1024,128,32,128,172.927
1024,128,32,256,194.751
1024,128,32,512,236.074
1024,128,32,1024,317.813
1024,128,32,2048,503.828
1024,128,32,4096,879.465
1024,128,32,8192,1694.75
1024,128,32,16384,3340.78
1024,128,64,16,208.33
1024,128,64,32,209.141
1024,128,64,64,210.517
1024,128,64,128,251.189
1024,128,64,256,293.471
1024,128,64,512,378.271
1024,128,64,1024,545.043
1024,128,64,2048,902.836
1024,128,64,4096,1807.59
1024,128,64,8192,3573.16
1024,128,64,16384,7018.95
1024,256,0,0,104.042
1024,256,1,16,106.005
1024,256,1,32,105.504
1024,256,1,64,106.037
1024,256,1,128,106.24
1024,256,1,256,106.805
1024,256,1,512,107.786
1024,256,1,1024,110.282
1024,256,1,2048,135.039
1024,256,1,4096,192.543
1024,256,1,8192,305.961
1024,256,1,16384,529.108
1024,256,2,16,107.221
1024,256,2,32,106.848
1024,256,2,64,107.381
1024,256,2,128,108.544
1024,256,2,256,109.973
1024,256,2,512,112.49
1024,256,2,1024,116.981
1024,256,2,2048,147.444
1024,256,2,4096,209.791
1024,256,2,8192,324.052
1024,256,2,16384,547.711
1024,256,4,16,110.592
1024,256,4,32,110.208
1024,256,4,64,110.751
1024,256,4,128,113.141
1024,256,4,256,116.49
1024,256,4,512,121.654
1024,256,4,1024,131.445
1024,256,4,2048,168.96
1024,256,4,4096,252.511
1024,256,4,8192,382.495
1024,256,4,16384,606.601
1024,256,8,16,118.272
1024,256,8,32,118.442
1024,256,8,64,118.367
1024,256,8,128,123.989
1024,256,8,256,129.407
1024,256,8,512,140.384
1024,256,8,1024,160.565
1024,256,8,2048,220.085
1024,256,8,4096,336.276
1024,256,8,8192,557.609
1024,256,8,16384,1008.75
1024,256,16,16,134.048
1024,256,16,32,134.303
1024,256,16,64,134.368
1024,256,16,128,145.311
1024,256,16,256,156.928
1024,256,16,512,177.941
1024,256,16,1024,217.813
1024,256,16,2048,318.164
1024,256,16,4096,521.503
1024,256,16,8192,963.678
1024,256,16,16384,1890.61
1024,256,32,16,163.967
1024,256,32,32,164.341
1024,256,32,64,165.077
1024,256,32,128,185.887
1024,256,32,256,207.551
1024,256,32,512,249.151
1024,256,32,1024,331.573
1024,256,32,2048,513.951
1024,256,32,4096,886.931
1024,256,32,8192,1709.7
1024,256,32,16384,3353.02
1024,256,64,16,220.832
1024,256,64,32,221.983
1024,256,64,64,223.252
1024,256,64,128,264.084
1024,256,64,256,306.57
1024,256,64,512,391.306
1024,256,64,1024,557.854
1024,256,64,2048,911.508
1024,256,64,4096,1802.04
1024,256,64,8192,3624.62
1024,256,64,16384,7139.44
1024,512,0,0,129.098
1024,512,1,16,130.292
1024,512,1,32,130.442
1024,512,1,64,130.635
1024,512,1,128,131.21
1024,512,1,256,131.765
1024,512,1,512,133.482
1024,512,1,1024,136.181
1024,512,1,2048,153.44
1024,512,1,4096,213.823
1024,512,1,8192,326.441
1024,512,1,16384,548.531
1024,512,2,16,131.679
1024,512,2,32,132.725
1024,512,2,64,132.277
1024,512,2,128,134.251
1024,512,2,256,135.007
1024,512,2,512,137.546
1024,512,2,1024,144.011
1024,512,2,2048,166.644
1024,512,2,4096,233.717
1024,512,2,8192,348.831
1024,512,2,16384,572.756
1024,512,4,16,134.847
1024,512,4,32,134.388
1024,512,4,64,135.167
1024,512,4,128,137.525
1024,512,4,256,140.671
1024,512,4,512,146.57
1024,512,4,1024,156.682
1024,512,4,2048,191.893
1024,512,4,4096,276.831
1024,512,4,8192,421.662
1024,512,4,16384,646.046
1024,512,8,16,142.464
1024,512,8,32,143.039
1024,512,8,64,142.677
1024,512,8,128,148.81
1024,512,8,256,154.41
1024,512,8,512,165.258
1024,512,8,1024,187.232
1024,512,8,2048,240.458
1024,512,8,4096,364.052
1024,512,8,8192,580.756
1024,512,8,16384,1032.92
1024,512,16,16,159.722
1024,512,16,32,158.73
1024,512,16,64,159.562
1024,512,16,128,169.824
1024,512,16,256,182.709
1024,512,16,512,203.381
1024,512,16,1024,243.775
1024,512,16,2048,337.236
1024,512,16,4096,539.274
1024,512,16,8192,963.411
1024,512,16,16384,1889.33
1024,512,32,16,189.365
1024,512,32,32,189.599
1024,512,32,64,190.463
1024,512,32,128,211.37
1024,512,32,256,233.098
1024,512,32,512,275.69
1024,512,32,1024,358.377
1024,512,32,2048,533.14
1024,512,32,4096,905.672
1024,512,32,8192,1735.4
1024,512,32,16384,3534.04
1024,512,64,16,247.039
1024,512,64,32,247.744
1024,512,64,64,249.279
1024,512,64,128,290.261
1024,512,64,256,333.247
1024,512,64,512,418.207
1024,512,64,1024,583.946
1024,512,64,2048,929.79
1024,512,64,4096,1843.58
1024,512,64,8192,3728.5
1024,512,64,16384,7455.66
1024,1024,0,0,177.194
1024,1024,1,16,177.525
1024,1024,1,32,178.42
1024,1024,1,64,177.738
1024,1024,1,128,179.594
1024,1024,1,256,178.538
1024,1024,1,512,182.432
1024,1024,1,1024,187.743
1024,1024,1,2048,191.253
1024,1024,1,4096,253.247
1024,1024,1,8192,367.797
1024,1024,1,16384,592.084
1024,1024,2,16,178.496
1024,1024,2,32,179.637
1024,1024,2,64,180.074
1024,1024,2,128,181.663
1024,1024,2,256,184.767
1024,1024,2,512,187.583
1024,1024,2,1024,194.101
1024,1024,2,2048,204.415
1024,1024,2,4096,271.413
1024,1024,2,8192,394.314
1024,1024,2,16384,617.193
1024,1024,4,16,182.73
1024,1024,4,32,183.189
1024,1024,4,64,183.178
1024,1024,4,128,186.239
1024,1024,4,256,190.101
1024,1024,4,512,197.205
1024,1024,4,1024,206.389
1024,1024,4,2048,225.599
1024,1024,4,4096,313.492
1024,1024,4,8192,481.748
1024,1024,4,16384,723.528
1024,1024,8,16,190.399
1024,1024,8,32,190.336
1024,1024,8,64,190.292
1024,1024,8,128,197.066
1024,1024,8,256,203.498
1024,1024,8,512,215.455
1024,1024,8,1024,237.94
1024,1024,8,2048,279.348
1024,1024,8,4096,403.093
1024,1024,8,8192,628.702
1024,1024,8,16384,1073.17
1024,1024,16,16,208.149
1024,1024,16,32,207.37
1024,1024,16,64,207.829
1024,1024,16,128,219.061
1024,1024,16,256,231.935
1024,1024,16,512,253.076
1024,1024,16,1024,296.084
1024,1024,16,2048,375.881
1024,1024,16,4096,583.124
1024,1024,16,8192,994.494
1024,1024,16,16384,1893.31
1024,1024,32,16,238.4
1024,1024,32,32,238.612
1024,1024,32,64,239.721
1024,1024,32,128,260.639
1024,1024,32,256,282.794
1024,1024,32,512,326.793
1024,1024,32,1024,410.442
1024,1024,32,2048,573.001
1024,1024,32,4096,951.4
1024,1024,32,8192,1735.91
1024,1024,32,16384,3577.85
1024,1024,64,16,296.693
1024,1024,64,32,297.386
1024,1024,64,64,299.05
1024,1024,64,128,341.172
1024,1024,64,256,384.511
1024,1024,64,512,470.452
1024,1024,64,1024,637.886
1024,1024,64,2048,971.667
1024,1024,64,4096,1934.85
1024,1024,64,8192,4106.97
1024,1024,64,16384,8252.05
1024,2048,0,0,281.823
1024,2048,1,16,285.716
1024,2048,1,32,285.855
1024,2048,1,64,285.172
1024,2048,1,128,287.551
1024,2048,1,256,286.015
1024,2048,1,512,286.559
1024,2048,1,1024,290.101
1024,2048,1,2048,298.463
1024,2048,1,4096,331.05
1024,2048,1,8192,452.169
1024,2048,1,16384,677.726
1024,2048,2,16,288.074
1024,2048,2,32,287.018
1024,2048,2,64,286.709
1024,2048,2,128,287.381
1024,2048,2,256,285.951
1024,2048,2,512,290.239
1024,2048,2,1024,296.842
1024,2048,2,2048,305.215
1024,2048,2,4096,344.884
1024,2048,2,8192,477.054
1024,2048,2,16384,704.765
1024,2048,4,16,288.148
1024,2048,4,32,288.501
1024,2048,4,64,287.305
1024,2048,4,128,286.111
1024,2048,4,256,289.877
1024,2048,4,512,297.941
1024,2048,4,1024,308.767
1024,2048,4,2048,320.457
1024,2048,4,4096,395.454
1024,2048,4,8192,555.241
1024,2048,4,16384,881.704
1024,2048,8,16,288.458
1024,2048,8,32,288.451
1024,2048,8,64,287.978
1024,2048,8,128,296.052
1024,2048,8,256,303.22
1024,2048,8,512,313.684
1024,2048,8,1024,334.9
1024,2048,8,2048,378.697
1024,2048,8,4096,481.609
1024,2048,8,8192,714.825
1024,2048,8,16384,1163.98
1024,2048,16,16,304.202
1024,2048,16,32,303.999
1024,2048,16,64,305.354
1024,2048,16,128,318.27
1024,2048,16,256,329.92
1024,2048,16,512,352.042
1024,2048,16,1024,396.084
1024,2048,16,2048,481.47
1024,2048,16,4096,661.256
1024,2048,16,8192,1073.15
1024,2048,16,16384,1936.09
1024,2048,32,16,337.738
1024,2048,32,32,337.769
1024,2048,32,64,339.007
1024,2048,32,128,358.975
1024,2048,32,256,382.014
1024,2048,32,512,425.556
1024,2048,32,1024,512.531
1024,2048,32,2048,679.902
1024,2048,32,4096,1022.05
1024,2048,32,8192,1882.12
1024,2048,32,16384,4024.1
1024,2048,64,16,395.774
1024,2048,64,32,396.213
1024,2048,64,64,398.089
1024,2048,64,128,440.137
1024,2048,64,256,484.639
1024,2048,64,512,573.695
1024,2048,64,1024,743.103
1024,2048,64,2048,1079.16
1024,2048,64,4096,1979.84
1024,2048,64,8192,4844.35
1024,2048,64,16384,9473.89
1024,4096,0,0,505.523
1024,4096,1,16,508.81
1024,4096,1,32,509.001
1024,4096,1,64,508.106
1024,4096,1,128,507.807
1024,4096,1,256,508.393
1024,4096,1,512,508.126
1024,4096,1,1024,508.446
1024,4096,1,2048,510.974
1024,4096,1,4096,519.945
1024,4096,1,8192,611.539
1024,4096,1,16384,842.505
1024,4096,2,16,506.419
1024,4096,2,32,507.828
1024,4096,2,64,509.523
1024,4096,2,128,509.598
1024,4096,2,256,508.99
1024,4096,2,512,508.137
1024,4096,2,1024,508.617
1024,4096,2,2048,519.71
1024,4096,2,4096,528.509
1024,4096,2,8192,627.796
1024,4096,2,16384,871.048
1024,4096,4,16,509.214
1024,4096,4,32,510.079
1024,4096,4,64,510.015
1024,4096,4,128,509.523
1024,4096,4,256,509.79
1024,4096,4,512,509.663
1024,4096,4,1024,517.62
1024,4096,4,2048,532.223
1024,4096,4,4096,544.403
1024,4096,4,8192,731.924
1024,4096,4,16384,1062.52
1024,4096,8,16,509.513
1024,4096,8,32,511.818
1024,4096,8,64,510.099
1024,4096,8,128,508.372
1024,4096,8,256,512.275
1024,4096,8,512,514.953
1024,4096,8,1024,537.268
1024,4096,8,2048,580.553
1024,4096,8,4096,657.386
1024,4096,8,8192,874.057
1024,4096,8,16384,1361.7
1024,4096,16,16,516.213
1024,4096,16,32,516.083
1024,4096,16,64,514.473
1024,4096,16,128,518.112
1024,4096,16,256,529.769
1024,4096,16,512,549.844
1024,4096,16,1024,591.294
1024,4096,16,2048,676.105
1024,4096,16,4096,875.178
1024,4096,16,8192,1225.58
1024,4096,16,16384,2048.74
1024,4096,32,16,535.306
1024,4096,32,32,535.029
1024,4096,32,64,537.129
1024,4096,32,128,560.787
1024,4096,32,256,581.748
1024,4096,32,512,624.307
1024,4096,32,1024,715.87
1024,4096,32,2048,880.521
1024,4096,32,4096,1253.05
1024,4096,32,8192,1965.01
1024,4096,32,16384,4270.59
1024,4096,64,16,597.226
1024,4096,64,32,597.77
1024,4096,64,64,599.167
1024,4096,64,128,638.537
1024,4096,64,256,684.297
1024,4096,64,512,772.809
1024,4096,64,1024,948.435
1024,4096,64,2048,1288.06
1024,4096,64,4096,2129.22
1024,4096,64,8192,4842.97
1024,4096,64,16384,9777.91
1024,8192,0,0,956.765
1024,8192,1,16,957.703
1024,8192,1,32,957.405
1024,8192,1,64,958.321
1024,8192,1,128,960.018
1024,8192,1,256,959.23
1024,8192,1,512,957.299
1024,8192,1,1024,958.708
1024,8192,1,2048,959.293
1024,8192,1,4096,958.878
1024,8192,1,8192,971.058
1024,8192,1,16384,1177.37
1024,8192,2,16,958.9
1024,8192,2,32,959.326
1024,8192,2,64,961.012
1024,8192,2,128,960.585
1024,8192,2,256,960.179
1024,8192,2,512,963.122
1024,8192,2,1024,958.536
1024,8192,2,2048,960.083
1024,8192,2,4096,966.067
1024,8192,2,8192,977.779
1024,8192,2,16384,1191.09
1024,8192,4,16,959.23
1024,8192,4,32,962.365
1024,8192,4,64,961.789
1024,8192,4,128,961.255
1024,8192,4,256,960.935
1024,8192,4,512,958.749
1024,8192,4,1024,960.37
1024,8192,4,2048,962.856
1024,8192,4,4096,977.172
1024,8192,4,8192,992.745
1024,8192,4,16384,1412.14
1024,8192,8,16,963.495
1024,8192,8,32,959.036
1024,8192,8,64,961.287
1024,8192,8,128,959.624
1024,8192,8,256,962.034
1024,8192,8,512,960.381
1024,8192,8,1024,962.6
1024,8192,8,2048,983.4
1024,8192,8,4096,1086.18
1024,8192,8,8192,1221.21
1024,8192,8,16384,1666
1024,8192,16,16,956.125
1024,8192,16,32,960.082
1024,8192,16,64,956.915
1024,8192,16,128,959.432
1024,8192,16,256,960.989
1024,8192,16,512,962.302
1024,8192,16,1024,999.538
1024,8192,16,2048,1065.82
1024,8192,16,4096,1234.61
1024,8192,16,8192,1678.04
1024,8192,16,16384,2398.49
1024,8192,32,16,965.534
1024,8192,32,32,965.659
1024,8192,32,64,968.541
1024,8192,32,128,967.858
1024,8192,32,256,980.925
1024,8192,32,512,1024.32
1024,8192,32,1024,1109.02
1024,8192,32,2048,1287.19
1024,8192,32,4096,1616.72
1024,8192,32,8192,2419.27
1024,8192,32,16384,3857.11
1024,8192,64,16,995.208
1024,8192,64,32,994.984
1024,8192,64,64,996.595
1024,8192,64,128,1042.62
1024,8192,64,256,1085.2
1024,8192,64,512,1170.5
1024,8192,64,1024,1354.86
1024,8192,64,2048,1702.68
1024,8192,64,4096,2447.48
1024,8192,64,8192,4120.23
1024,8192,64,16384,9731.37
1024,16384,0,0,1849.32
1024,16384,1,16,1858.8
1024,16384,1,32,1859.11
1024,16384,1,64,1860.57
1024,16384,1,128,1859.63
1024,16384,1,256,1857.01
1024,16384,1,512,1858.98
1024,16384,1,1024,1858.9
1024,16384,1,2048,1860.13
1024,16384,1,4096,1857.44
1024,16384,1,8192,1863.12
1024,16384,1,16384,1871.45
1024,16384,2,16,1859.96
1024,16384,2,32,1860.2
1024,16384,2,64,1859.37
1024,16384,2,128,1862.63
1024,16384,2,256,1864.26
1024,16384,2,512,1858.74
1024,16384,2,1024,1859.74
1024,16384,2,2048,1862.91
1024,16384,2,4096,1861.63
1024,16384,2,8192,1867.54
1024,16384,2,16384,1879.53
1024,16384,4,16,1860.95
1024,16384,4,32,1860.24
1024,16384,4,64,1864.2
1024,16384,4,128,1859.75
1024,16384,4,256,1859.74
1024,16384,4,512,1861.69
1024,16384,4,1024,1859.46
1024,16384,4,2048,1861.37
1024,16384,4,4096,1861.08
1024,16384,4,8192,1876.1
1024,16384,4,16384,1899.37
1024,16384,8,16,1865.03
1024,16384,8,32,1862.8
1024,16384,8,64,1865.09
1024,16384,8,128,1861.81
1024,16384,8,256,1861.43
1024,16384,8,512,1866.67
1024,16384,8,1024,1861.97
1024,16384,8,2048,1856.89
1024,16384,8,4096,1879.6
1024,16384,8,8192,2094.48
1024,16384,8,16384,2368.07
1024,16384,16,16,1850.11
1024,16384,16,32,1852.37
1024,16384,16,64,1853.97
1024,16384,16,128,1852.42
1024,16384,16,256,1855.16
1024,16384,16,512,1857.85
1024,16384,16,1024,1858.8
1024,16384,16,2048,1889.28
1024,16384,16,4096,2020.12
1024,16384,16,8192,2368.26
1024,16384,16,16384,3273.53
1024,16384,32,16,1861.9
1024,16384,32,32,1861.15
1024,16384,32,64,1865.89
1024,16384,32,128,1866.54
1024,16384,32,256,1865.61
1024,16384,32,512,1866.79
1024,16384,32,1024,1931.19
1024,16384,32,2048,2083.13
1024,16384,32,4096,2421.19
1024,16384,32,8192,3116.72
1024,16384,32,16384,4704.12
1024,16384,64,16,1880.82
1024,16384,64,32,1871.26
1024,16384,64,64,1875.92
1024,16384,64,128,1883.35
1024,16384,64,256,1899.91
1024,16384,64,512,1985.53
1024,16384,64,1024,2142.6
1024,16384,64,2048,2513.95
1024,16384,64,4096,3257.34
1024,16384,64,8192,4758.96
1024,16384,64,16384,8180.09
2048,0,0,0,239.466
2048,0,1,16,242.058
2048,0,1,32,241.856
2048,0,1,64,242.346
2048,0,1,128,243.605
2048,0,1,256,243.85
2048,0,1,512,244.693
2048,0,1,1024,247.669
2048,0,1,2048,252.01
2048,0,1,4096,313.652
2048,0,1,8192,431.957
2048,0,1,16384,657.012
2048,0,2,16,244.405
2048,0,2,32,245.173
2048,0,2,64,244.8
2048,0,2,128,247.38
2048,0,2,256,247.989
2048,0,2,512,250.548
2048,0,2,1024,254.624
2048,0,2,2048,265.845
2048,0,2,4096,334.656
2048,0,2,8192,468.469
2048,0,2,16384,692.521
2048,0,4,16,249.685
2048,0,4,32,249.642
2048,0,4,64,250.143
2048,0,4,128,252.203
2048,0,4,256,255.072
2048,0,4,512,261.397
2048,0,4,1024,270.517
2048,0,4,2048,290.207
2048,0,4,4096,378.132
2048,0,4,8192,544.841
2048,0,4,16384,825.651
2048,0,8,16,260.49
2048,0,8,32,260.288
2048,0,8,64,259.732
2048,0,8,128,265.226
2048,0,8,256,271.562
2048,0,8,512,281.524
2048,0,8,1024,304.362
2048,0,8,2048,342.89
2048,0,8,4096,468.362
2048,0,8,8192,708.318
2048,0,8,16384,1143.09
2048,0,16,16,282.431
2048,0,16,32,282.591
2048,0,16,64,282.741
2048,0,16,128,293.951
2048,0,16,256,304.18
2048,0,16,512,325.557
2048,0,16,1024,368.436
2048,0,16,2048,448.191
2048,0,16,4096,653.812
2048,0,16,8192,1057.41
2048,0,16,16384,1940.05
2048,0,32,16,328.991
2048,0,32,32,329.054
2048,0,32,64,328.959
2048,0,32,128,349.845
2048,0,32,256,372.425
2048,0,32,512,415.562
2048,0,32,1024,499.562
2048,0,32,2048,661.108
2048,0,32,4096,1033.85
2048,0,32,8192,1836.52
2048,0,32,16384,3877.23
2048,0,64,16,416.896
2048,0,64,32,418.047
2048,0,64,64,418.196
2048,0,64,128,459.913
2048,0,64,256,503.199
2048,0,64,512,590.739
2048,0,64,1024,756.927
2048,0,64,2048,1087.54
2048,0,64,4096,2051.23
2048,0,64,8192,4564.29
2048,0,64,16384,8922.76
2048,16,0,0,253.002
2048,16,1,16,254.623
2048,16,1,32,254.987
2048,16,1,64,254.357
2048,16,1,128,255.252
2048,16,1,256,255.744
2048,16,1,512,257.023
2048,16,1,1024,259.327
2048,16,1,2048,264.522
2048,16,1,4096,322.132
2048,16,1,8192,441.663
2048,16,1,16384,667.785
2048,16,2,16,257.098
2048,16,2,32,256.65
2048,16,2,64,258.303
2048,16,2,128,258.922
2048,16,2,256,259.925
2048,16,2,512,263.168
2048,16,2,1024,267.509
2048,16,2,2048,279.028
2048,16,2,4096,344.713
2048,16,2,8192,478.953
2048,16,2,16384,705.502
2048,16,4,16,262.687
2048,16,4,32,261.94
2048,16,4,64,262.219
2048,16,4,128,264.437
2048,16,4,256,268.554
2048,16,4,512,272.927
2048,16,4,1024,282.591
2048,16,4,2048,303.967
2048,16,4,4096,389.151
2048,16,4,8192,555.689
2048,16,4,16384,845.194
2048,16,8,16,272.949
2048,16,8,32,273.44
2048,16,8,64,273.269
2048,16,8,128,278.026
2048,16,8,256,282.975
2048,16,8,512,294.644
2048,16,8,1024,315.391
2048,16,8,2048,353.94
2048,16,8,4096,478.762
2048,16,8,8192,719.881
2048,16,8,16384,1153.45
2048,16,16,16,295.412
2048,16,16,32,295.946
2048,16,16,64,296.756
2048,16,16,128,306.922
2048,16,16,256,316.212
2048,16,16,512,339.135
2048,16,16,1024,381.418
2048,16,16,2048,461.15
2048,16,16,4096,665.395
2048,16,16,8192,1067.62
2048,16,16,16384,1957.77
2048,16,32,16,341.332
2048,16,32,32,341.77
2048,16,32,64,341.599
2048,16,32,128,362.506
2048,16,32,256,384.682
2048,16,32,512,427.146
2048,16,32,1024,511.295
2048,16,32,2048,670.803
2048,16,32,4096,1039.49
2048,16,32,8192,1852.4
2048,16,32,16384,3945.24
2048,16,64,16,429.791
2048,16,64,32,429.791
2048,16,64,64,430.804
2048,16,64,128,471.252
2048,16,64,256,516.949
2048,16,64,512,603.284
2048,16,64,1024,768.286
2048,16,64,2048,1101.44
2048,16,64,4096,2055.27
2048,16,64,8192,4672.19
2048,16,64,16384,9014.22
2048,32,0,0,252.799
2048,32,1,16,253.269
2048,32,1,32,254.217
2048,32,1,64,254.794
2048,32,1,128,254.1
2048,32,1,256,255.529
2048,32,1,512,257.887
2048,32,1,1024,260.33
2048,32,1,2048,264.831
2048,32,1,4096,323.306
2048,32,1,8192,442.452
2048,32,1,16384,665.055
2048,32,2,16,256.639
2048,32,2,32,258.527
2048,32,2,64,258.111
2048,32,2,128,259.797
2048,32,2,256,259.839
2048,32,2,512,262.911
2048,32,2,1024,267.775
2048,32,2,2048,277.663
2048,32,2,4096,345.525
2048,32,2,8192,480.297
2048,32,2,16384,704.158
2048,32,4,16,262.346
2048,32,4,32,262.165
2048,32,4,64,261.29
2048,32,4,128,265.461
2048,32,4,256,267.402
2048,32,4,512,272.671
2048,32,4,1024,282.975
2048,32,4,2048,303.359
2048,32,4,4096,388.169
2048,32,4,8192,556.318
2048,32,4,16384,844.563
2048,32,8,16,272.063
2048,32,8,32,273.14
2048,32,8,64,272.66
2048,32,8,128,277.941
2048,32,8,256,284.234
2048,32,8,512,294.548
2048,32,8,1024,314.88
2048,32,8,2048,354.793
2048,32,8,4096,477.097
2048,32,8,8192,717.886
2048,32,8,16384,1155.92
2048,32,16,16,296.351
2048,32,16,32,295.776
2048,32,16,64,295.818
2048,32,16,128,306.282
2048,32,16,256,318.26
2048,32,16,512,339.337
2048,32,16,1024,381.098
2048,32,16,2048,461.865
2048,32,16,4096,664.468
2048,32,16,8192,1066.34
2048,32,16,16384,1949.29
2048,32,32,16,341.343
2048,32,32,32,341.61
2048,32,32,64,342.197
2048,32,32,128,362.367
2048,32,32,256,384.298
2048,32,32,512,428.233
2048,32,32,1024,510.357
2048,32,32,2048,671.433
2048,32,32,4096,1038.81
2048,32,32,8192,1852.25
2048,32,32,16384,3920.69
2048,32,64,16,430.004
2048,32,64,32,429.118
2048,32,64,64,431.391
2048,32,64,128,473.013
2048,32,64,256,516.489
2048,32,64,512,603.603
2048,32,64,1024,767.316
2048,32,64,2048,1101.97
2048,32,64,4096,2051.38
2048,32,64,8192,4684.76
2048,32,64,16384,8996.01
2048,64,0,0,253.279
2048,64,1,16,254.196
2048,64,1,32,254.101
2048,64,1,64,254.581
2048,64,1,128,255.796
2048,64,1,256,256.447
2048,64,1,512,257.151
2048,64,1,1024,258.815
2048,64,1,2048,265.535
2048,64,1,4096,322.548
2048,64,1,8192,442.505
2048,64,1,16384,665.46
2048,64,2,16,258.25
2048,64,2,32,258.015
2048,64,2,64,257.332
2048,64,2,128,259.562
2048,64,2,256,260.373
2048,64,2,512,262.165
2048,64,2,1024,267.114
2048,64,2,2048,277.951
2048,64,2,4096,345.492
2048,64,2,8192,479.145
2048,64,2,16384,703.443
2048,64,4,16,262.037
2048,64,4,32,260.98
2048,64,4,64,262.73
2048,64,4,128,265.024
2048,64,4,256,267.402
2048,64,4,512,273.546
2048,64,4,1024,283.764
2048,64,4,2048,303.509
2048,64,4,4096,387.86
2048,64,4,8192,555.444
2048,64,4,16384,844.222
2048,64,8,16,273.248
2048,64,8,32,273.3
2048,64,8,64,272.65
2048,64,8,128,277.652
2048,64,8,256,283.787
2048,64,8,512,295.135
2048,64,8,1024,315.647
2048,64,8,2048,354.516
2048,64,8,4096,478.665
2048,64,8,8192,718.217
2048,64,8,16384,1157.11
2048,64,16,16,295.776
2048,64,16,32,294.932
2048,64,16,64,295.786
2048,64,16,128,306.58
2048,64,16,256,316.127
2048,64,16,512,338.911
2048,64,16,1024,381.076
2048,64,16,2048,460.297
2048,64,16,4096,663.358
2048,64,16,8192,1066.27
2048,64,16,16384,1949.05
2048,64,32,16,341.503
2048,64,32,32,341.919
2048,64,32,64,341.663
2048,64,32,128,362.955
2048,64,32,256,384.074
2048,64,32,512,427.563
2048,64,32,1024,511.455
2048,64,32,2048,672.852
2048,64,32,4096,1041.43
2048,64,32,8192,1849.38
2048,64,32,16384,3962.25
2048,64,64,16,429.685
2048,64,64,32,429.524
2048,64,64,64,432.181
2048,64,64,128,471.817
2048,64,64,256,517.332
2048,64,64,512,603.081
2048,64,64,1024,770.451
2048,64,64,2048,1098.98
2048,64,64,4096,2051.78
2048,64,64,8192,4670.03
2048,64,64,16384,9058.68
2048,128,0,0,263.125
2048,128,1,16,265.194
2048,128,1,32,265.108
2048,128,1,64,265.312
2048,128,1,128,265.792
2048,128,1,256,266.421
2048,128,1,512,268.106
2048,128,1,1024,270.783
2048,128,1,2048,275.754
2048,128,1,4096,331.21
2048,128,1,8192,453.759
2048,128,1,16384,677.993
2048,128,2,16,268.031
2048,128,2,32,268.053
2048,128,2,64,267.541
2048,128,2,128,268.733
2048,128,2,256,271.088
2048,128,2,512,274.182
2048,128,2,1024,277.947
2048,128,2,2048,288.059
2048,128,2,4096,354.692
2048,128,2,8192,487.906
2048,128,2,16384,718.33
2048,128,4,16,272.442
2048,128,4,32,272.751
2048,128,4,64,272.241
2048,128,4,128,275.098
2048,128,4,256,277.359
2048,128,4,512,283.684
2048,128,4,1024,294.596
2048,128,4,2048,313.142
2048,128,4,4096,399.513
2048,128,4,8192,566.739
2048,128,4,16384,861.388
2048,128,8,16,282.831
2048,128,8,32,281.892
2048,128,8,64,282.554
2048,128,8,128,288.142
2048,128,8,256,294.051
2048,128,8,512,304.226
2048,128,8,1024,325.324
2048,128,8,2048,364.957
2048,128,8,4096,488.593
2048,128,8,8192,729.23
2048,128,8,16384,1168.76
2048,128,16,16,304.77
2048,128,16,32,305.367
2048,128,16,64,305.474
2048,128,16,128,316.801
2048,128,16,256,327.861
2048,128,16,512,348.84
2048,128,16,1024,390.533
2048,128,16,2048,470.983
2048,128,16,4096,674.825
2048,128,16,8192,1076.56
2048,128,16,16384,1951.64
2048,128,32,16,351.688
2048,128,32,32,351.752
2048,128,32,64,351.635
2048,128,32,128,372.85
2048,128,32,256,394.832
2048,128,32,512,437.675
2048,128,32,1024,521.187
2048,128,32,2048,682.142
2048,128,32,4096,1049.85
2048,128,32,8192,1867.43
2048,128,32,16384,3996.07
2048,128,64,16,440.64
2048,128,64,32,440.874
2048,128,64,64,440.821
2048,128,64,128,483.079
2048,128,64,256,527.245
2048,128,64,512,612.719
2048,128,64,1024,780.202
2048,128,64,2048,1113.73
2048,128,64,4096,2047.86
2048,128,64,8192,4726.15
2048,128,64,16384,9081.07
2048,256,0,0,285.935
2048,256,1,16,287.322
2048,256,1,32,288.484
2048,256,1,64,287.418
2048,256,1,128,288.516
2048,256,1,256,288.345
2048,256,1,512,290.788
2048,256,1,1024,292.345
2048,256,1,2048,298.243
2048,256,1,4096,350.675
2048,256,1,8192,474.12
2048,256,1,16384,700.37
2048,256,2,16,290.937
2048,256,2,32,291.087
2048,256,2,64,290.799
2048,256,2,128,291.844
2048,256,2,256,293.22
2048,256,2,512,296.014
2048,256,2,1024,302.381
2048,256,2,2048,311.436
2048,256,2,4096,373.98
2048,256,2,8192,509.989
2048,256,2,16384,740.303
2048,256,4,16,295.279
2048,256,4,32,295.31
2048,256,4,64,294.851
2048,256,4,128,297.7
2048,256,4,256,301.294
2048,256,4,512,305.848
2048,256,4,1024,317.218
2048,256,4,2048,337.301
2048,256,4,4096,418.009
2048,256,4,8192,587.282
2048,256,4,16384,897.984
2048,256,8,16,305.187
2048,256,8,32,305.602
2048,256,8,64,305.251
2048,256,8,128,311.298
2048,256,8,256,316.546
2048,256,8,512,326.881
2048,256,8,1024,349.908
2048,256,8,2048,388.229
2048,256,8,4096,509.253
2048,256,8,8192,750.361
2048,256,8,16384,1192.44
2048,256,16,16,327.606
2048,256,16,32,327.478
2048,256,16,64,328.577
2048,256,16,128,338.123
2048,256,16,256,349.897
2048,256,16,512,372.221
2048,256,16,1024,413.87
2048,256,16,2048,494.012
2048,256,16,4096,695.113
2048,256,16,8192,1097.76
2048,256,16,16384,1965.81
2048,256,32,16,374.386
2048,256,32,32,374.951
2048,256,32,64,374.193
2048,256,32,128,395.802
2048,256,32,256,417.561
2048,256,32,512,460.533
2048,256,32,1024,544.909
2048,256,32,2048,703.849
2048,256,32,4096,1072.24
2048,256,32,8192,1924.3
2048,256,32,16384,4055.06
2048,256,64,16,463.007
2048,256,64,32,463.433
2048,256,64,64,463.807
2048,256,64,128,506.608
2048,256,64,256,549.537
2048,256,64,512,636.932
2048,256,64,1024,803.657
2048,256,64,2048,1137.02
2048,256,64,4096,2099.45
2048,256,64,8192,4767.58
2048,256,64,16384,9308.78
2048,512,0,0,331.148
2048,512,1,16,333.174
2048,512,1,32,333.697
2048,512,1,64,334.646
2048,512,1,128,334.955
2048,512,1,256,335.115
2048,512,1,512,337.301
2048,512,1,1024,339.211
2048,512,1,2048,344.543
2048,512,1,4096,389.083
2048,512,1,8192,514.181
2048,512,1,16384,740.869
2048,512,2,16,337.014
2048,512,2,32,337.526
2048,512,2,64,336.149
2048,512,2,128,338.209
2048,512,2,256,340.246
2048,512,2,512,342.358
2048,512,2,1024,347.232
2048,512,2,2048,357.598
2048,512,2,4096,413.231
2048,512,2,8192,550.808
2048,512,2,16384,791.104
2048,512,4,16,340.651
2048,512,4,32,340.842
2048,512,4,64,340.352
2048,512,4,128,343.37
2048,512,4,256,345.973
2048,512,4,512,351.583
2048,512,4,1024,362.9
2048,512,4,2048,382.706
2048,512,4,4096,458.389
2048,512,4,8192,627.398
2048,512,4,16384,951.633
2048,512,8,16,350.517
2048,512,8,32,350.239
2048,512,8,64,351.359
2048,512,8,128,355.497
2048,512,8,256,361.012
2048,512,8,512,373.341
2048,512,8,1024,393.084
2048,512,8,2048,434.637
2048,512,8,4096,548.717
2048,512,8,8192,793.718
2048,512,8,16384,1240.44
2048,512,16,16,373.608
2048,512,16,32,372.936
2048,512,16,64,373.139
2048,512,16,128,384.38
2048,512,16,256,395.472
2048,512,16,512,417.434
2048,512,16,1024,459.637
2048,512,16,2048,542.349
2048,512,16,4096,734.909
2048,512,16,8192,1143.22
2048,512,16,16384,2001.8
2048,512,32,16,418.948
2048,512,32,32,418.831
2048,512,32,64,419.545
2048,512,32,128,440.631
2048,512,32,256,462.336
2048,512,32,512,506.919
2048,512,32,1024,590.675
2048,512,32,2048,755.227
2048,512,32,4096,1117.04
2048,512,32,8192,2007.39
2048,512,32,16384,4155.29
2048,512,64,16,508.465
2048,512,64,32,508.326
2048,512,64,64,511.068
2048,512,64,128,551.639
2048,512,64,256,594.943
2048,512,64,512,682.209
2048,512,64,1024,849.991
2048,512,64,2048,1180.81
2048,512,64,4096,2222.18
2048,512,64,8192,4889.65
2048,512,64,16384,9631.16
2048,1024,0,0,423.204
2048,1024,1,16,424.281
2048,1024,1,32,425.785
2048,1024,1,64,425.721
2048,1024,1,128,426.126
2048,1024,1,256,425.69
2048,1024,1,512,427.375
2048,1024,1,1024,430.926
2048,1024,1,2048,437.123
2048,1024,1,4096,465.131
2048,1024,1,8192,590.912
2048,1024,1,16384,825.973
2048,1024,2,16,427.193
2048,1024,2,32,426.436
2048,1024,2,64,428.259
2048,1024,2,128,427.193
2048,1024,2,256,429.956
2048,1024,2,512,432.75
2048,1024,2,1024,438.818
2048,1024,2,2048,448.791
2048,1024,2,4096,489.864
2048,1024,2,8192,630.887
2048,1024,2,16384,889.838
2048,1024,4,16,431.599
2048,1024,4,32,431.108
2048,1024,4,64,430.841
2048,1024,4,128,433.251
2048,1024,4,256,437.731
2048,1024,4,512,443.148
2048,1024,4,1024,454.967
2048,1024,4,2048,476.084
2048,1024,4,4096,535.013
2048,1024,4,8192,710.633
2048,1024,4,16384,1042.72
2048,1024,8,16,440.792
2048,1024,8,32,441.347
2048,1024,8,64,441.486
2048,1024,8,128,447.266
2048,1024,8,256,451.703
2048,1024,8,512,462.656
2048,1024,8,1024,484.447
2048,1024,8,2048,524.848
2048,1024,8,4096,628.604
2048,1024,8,8192,877.318
2048,1024,8,16384,1347.65
2048,1024,16,16,464.758
2048,1024,16,32,463.894
2048,1024,16,64,463.361
2048,1024,16,128,475.072
2048,1024,16,256,486.911
2048,1024,16,512,508.68
2048,1024,16,1024,551.748
2048,1024,16,2048,634.269
2048,1024,16,4096,816.598
2048,1024,16,8192,1224.34
2048,1024,16,16384,2084.39
2048,1024,32,16,508.925
2048,1024,32,32,509.064
2048,1024,32,64,509.362
2048,1024,32,128,530.256
2048,1024,32,256,553.732
2048,1024,32,512,597.279
2048,1024,32,1024,683.64
2048,1024,32,2048,848.244
2048,1024,32,4096,1196.98
2048,1024,32,8192,2112.22
2048,1024,32,16384,4447.18
2048,1024,64,16,600.064
2048,1024,64,32,599.638
2048,1024,64,64,601.301
2048,1024,64,128,642.557
2048,1024,64,256,687.384
2048,1024,64,512,772.603
2048,1024,64,1024,943.489
2048,1024,64,2048,1276.14
2048,1024,64,4096,2052.24
2048,1024,64,8192,4990.2
2048,1024,64,16384,9876.72
2048,2048,0,0,606.432
2048,2048,1,16,606.889
2048,2048,1,32,606.868
2048,2048,1,64,606.485
2048,2048,1,128,606.688
2048,2048,1,256,608.821
2048,2048,1,512,610.24
2048,2048,1,1024,612.021
2048,2048,1,2048,617.769
2048,2048,1,4096,628.905
2048,2048,1,8192,745.236
2048,2048,1,16384,992.584
2048,2048,2,16,608.437
2048,2048,2,32,609.675
2048,2048,2,64,610.228
2048,2048,2,128,610.911
2048,2048,2,256,613.14
2048,2048,2,512,614.335
2048,2048,2,1024,622.069
2048,2048,2,2048,631.476
2048,2048,2,4096,652.145
2048,2048,2,8192,787.578
2048,2048,2,16384,1063.81
2048,2048,4,16,614.185
2048,2048,4,32,612.426
2048,2048,4,64,613.396
2048,2048,4,128,616.596
2048,2048,4,256,617.289
2048,2048,4,512,626.366
2048,2048,4,1024,636.765
2048,2048,4,2048,659.227
2048,2048,4,4096,698.818
2048,2048,4,8192,870.996
2048,2048,4,16384,1209.25
2048,2048,8,16,621.343
2048,2048,8,32,620.851
2048,2048,8,64,620.543
2048,2048,8,128,626.473
2048,2048,8,256,633.438
2048,2048,8,512,644.946
2048,2048,8,1024,668.069
2048,2048,8,2048,710.658
2048,2048,8,4096,790.735
2048,2048,8,8192,1039.4
2048,2048,8,16384,1527.67
2048,2048,16,16,642.781
2048,2048,16,32,643.539
2048,2048,16,64,643.881
2048,2048,16,128,654.482
2048,2048,16,256,667.365
2048,2048,16,512,689.709
2048,2048,16,1024,734.912
2048,2048,16,2048,819.811
2048,2048,16,4096,979.978
2048,2048,16,8192,1390.92
2048,2048,16,16384,2249.92
2048,2048,32,16,689.177
2048,2048,32,32,688.345
2048,2048,32,64,688.398
2048,2048,32,128,712.29
2048,2048,32,256,734.795
2048,2048,32,512,779.814
2048,2048,32,1024,866.527
2048,2048,32,2048,1032.74
2048,2048,32,4096,1368.04
2048,2048,32,8192,2168.69
2048,2048,32,16384,4849.86
2048,2048,64,16,779.74
2048,2048,64,32,779.623
2048,2048,64,64,780.273
2048,2048,64,128,821.998
2048,2048,64,256,869.301
2048,2048,64,512,956.759
2048,2048,64,1024,1127.22
2048,2048,64,2048,1465.92
2048,2048,64,4096,2209.11
2048,2048,64,8192,5004.02
2048,2048,64,16384,9917.23
2048,4096,0,0,969.357
2048,4096,1,16,972.002
2048,4096,1,32,975.478
2048,4096,1,64,971.916
2048,4096,1,128,971.907
2048,4096,1,256,974.317
2048,4096,1,512,971.81
2048,4096,1,1024,977.164
2048,4096,1,2048,984.021
2048,4096,1,4096,1005.68
2048,4096,1,8192,1050.64
2048,4096,1,16384,1307.88
2048,4096,2,16,975.414
2048,4096,2,32,973.516
2048,4096,2,64,975.436
2048,4096,2,128,975.565
2048,4096,2,256,976.94
2048,4096,2,512,978.231
2048,4096,2,1024,983.776
2048,4096,2,2048,999.125
2048,4096,2,4096,1022.01
2048,4096,2,8192,1094.24
2048,4096,2,16384,1369.02
2048,4096,4,16,983.639
2048,4096,4,32,983.755
2048,4096,4,64,981.782
2048,4096,4,128,984.428
2048,4096,4,256,984.46
2048,4096,4,512,990.539
2048,4096,4,1024,1002.46
2048,4096,4,2048,1024.86
2048,4096,4,4096,1057.57
2048,4096,4,8192,1181.7
2048,4096,4,16384,1530.3
2048,4096,8,16,989.997
2048,4096,8,32,992.267
2048,4096,8,64,990.976
2048,4096,8,128,991.317
2048,4096,8,256,995.936
2048,4096,8,512,1007.34
2048,4096,8,1024,1032.97
2048,4096,8,2048,1076.19
2048,4096,8,4096,1158.84
2048,4096,8,8192,1354.76
2048,4096,8,16384,1847.28
2048,4096,16,16,1007.16
2048,4096,16,32,1009.29
2048,4096,16,64,1007.06
2048,4096,16,128,1014.37
2048,4096,16,256,1029.01
2048,4096,16,512,1052.78
2048,4096,16,1024,1097.96
2048,4096,16,2048,1186.09
2048,4096,16,4096,1353.31
2048,4096,16,8192,1710.63
2048,4096,16,16384,2593.22
2048,4096,32,16,1048.68
2048,4096,32,32,1050.07
2048,4096,32,64,1049.09
2048,4096,32,128,1072.46
2048,4096,32,256,1096.19
2048,4096,32,512,1143.23
2048,4096,32,1024,1231.7
2048,4096,32,2048,1401.77
2048,4096,32,4096,1742.16
2048,4096,32,8192,2495.57
2048,4096,32,16384,4981.65
2048,4096,64,16,1140.14
2048,4096,64,32,1139.82
2048,4096,64,64,1142.28
2048,4096,64,128,1183.52
2048,4096,64,256,1230.66
2048,4096,64,512,1320.77
2048,4096,64,1024,1497.74
2048,4096,64,2048,1836.35
2048,4096,64,4096,2598.13
2048,4096,64,8192,4967.75
2048,4096,64,16384,9950.88
2048,8192,0,0,1746.34
2048,8192,1,16,1753.7
2048,8192,1,32,1752.36
2048,8192,1,64,1751.4
2048,8192,1,128,1750.91
2048,8192,1,256,1750.78
2048,8192,1,512,1752.93
2048,8192,1,1024,1752
2048,8192,1,2048,1751.33
2048,8192,1,4096,1761.8
2048,8192,1,8192,1786.78
2048,8192,1,16384,1944.18
2048,8192,2,16,1751.55
2048,8192,2,32,1756.84
2048,8192,2,64,1759.5
2048,8192,2,128,1754.48
2048,8192,2,256,1755.25
2048,8192,2,512,1756.96
2048,8192,2,1024,1759.46
2048,8192,2,2048,1760.34
2048,8192,2,4096,1774.86
2048,8192,2,8192,1802.35
2048,8192,2,16384,1990.01
2048,8192,4,16,1763.68
2048,8192,4,32,1766.48
2048,8192,4,64,1762.69
2048,8192,4,128,1763.07
2048,8192,4,256,1768.27
2048,8192,4,512,1766.16
2048,8192,4,1024,1771.5
2048,8192,4,2048,1771.65
2048,8192,4,4096,1807.02
2048,8192,4,8192,1839.07
2048,8192,4,16384,2187.87
2048,8192,8,16,1770.83
2048,8192,8,32,1769.28
2048,8192,8,64,1768
2048,8192,8,128,1770.75
2048,8192,8,256,1775.23
2048,8192,8,512,1775.5
2048,8192,8,1024,1778.3
2048,8192,8,2048,1816.72
2048,8192,8,4096,1886.37
2048,8192,8,8192,2048.23
2048,8192,8,16384,2479.31
2048,8192,16,16,1782.31
2048,8192,16,32,1787.44
2048,8192,16,64,1785.98
2048,8192,16,128,1791.37
2048,8192,16,256,1790.82
2048,8192,16,512,1793.95
2048,8192,16,1024,1826.4
2048,8192,16,2048,1913.98
2048,8192,16,4096,2086.15
2048,8192,16,8192,2477.23
2048,8192,16,16384,3191.28
2048,8192,32,16,1812.73
2048,8192,32,32,1810.92
2048,8192,32,64,1813.57
2048,8192,32,128,1816.31
2048,8192,32,256,1827.58
2048,8192,32,512,1867.85
2048,8192,32,1024,1952.74
2048,8192,32,2048,2134.19
2048,8192,32,4096,2471.21
2048,8192,32,8192,3249.11
2048,8192,32,16384,4714.11
2048,8192,64,16,1850.92
2048,8192,64,32,1855.08
2048,8192,64,64,1856.32
2048,8192,64,128,1909.34
2048,8192,64,256,1959.94
2048,8192,64,512,2044.13
2048,8192,64,1024,2220.12
2048,8192,64,2048,2577.92
2048,8192,64,4096,3303.92
2048,8192,64,8192,4900.73
2048,8192,64,16384,9870.17
2048,16384,0,0,3316.88
2048,16384,1,16,3313.88
2048,16384,1,32,3320.48
2048,16384,1,64,3312.98
2048,16384,1,128,3320.85
2048,16384,1,256,3317.25
2048,16384,1,512,3316.93
2048,16384,1,1024,3317.56
2048,16384,1,2048,3319.51
2048,16384,1,4096,3312.11
2048,16384,1,8192,3325.85
2048,16384,1,16384,3353.09
2048,16384,2,16,3318.39
2048,16384,2,32,3318.2
2048,16384,2,64,3316.22
2048,16384,2,128,3317.65
2048,16384,2,256,3316.36
2048,16384,2,512,3320.25
2048,16384,2,1024,3325.84
2048,16384,2,2048,3316.82
2048,16384,2,4096,3321.01
2048,16384,2,8192,3340.86
2048,16384,2,16384,3365.73
2048,16384,4,16,3322.96
2048,16384,4,32,3320.64
2048,16384,4,64,3326.68
2048,16384,4,128,3331.1
2048,16384,4,256,3329.42
2048,16384,4,512,3334.78
2048,16384,4,1024,3324.95
2048,16384,4,2048,3334.41
2048,16384,4,4096,3330.12
2048,16384,4,8192,3367.16
2048,16384,4,16384,3401.76
2048,16384,8,16,3335.24
2048,16384,8,32,3335.91
2048,16384,8,64,3340.45
2048,16384,8,128,3338.18
2048,16384,8,256,3337.46
2048,16384,8,512,3337.14
2048,16384,8,1024,3345.76
2048,16384,8,2048,3345.54
2048,16384,8,4096,3380.12
2048,16384,8,8192,3564.11
2048,16384,8,16384,3846.25
2048,16384,16,16,3345.14
2048,16384,16,32,3344.24
2048,16384,16,64,3343.17
2048,16384,16,128,3346.67
2048,16384,16,256,3351.81
2048,16384,16,512,3351.94
2048,16384,16,1024,3355.96
2048,16384,16,2048,3363.76
2048,16384,16,4096,3528.52
2048,16384,16,8192,3873.71
2048,16384,16,16384,4760.9
2048,16384,32,16,3381.16
2048,16384,32,32,3378.48
2048,16384,32,64,3381.36
2048,16384,32,128,3381.32
2048,16384,32,256,3381.54
2048,16384,32,512,3405.32
2048,16384,32,1024,3412.75
2048,16384,32,2048,3591.32
2048,16384,32,4096,3944.01
2048,16384,32,8192,4640.07
2048,16384,32,16384,6227.35
2048,16384,64,16,3403.92
2048,16384,64,32,3407.59
2048,16384,64,64,3404.78
2048,16384,64,128,3417.06
2048,16384,64,256,3431.18
2048,16384,64,512,3494.07
2048,16384,64,1024,3682.37
2048,16384,64,2048,4026.28
2048,16384,64,4096,4803.8
2048,16384,64,8192,6207.59
2048,16384,64,16384,9759.12
